<?xml version="1.0" encoding="UTF-8" standalone="no" ?>
<COLLADA xmlns="http://www.collada.org/2005/11/COLLADASchema" version="1.4.1">
    <asset>
        <contributor>
            <authoring_tool>SketchUp 6.4.112</authoring_tool>
        </contributor>
        <created>2019-12-07T03:57:27Z</created>
        <modified>2019-12-07T03:57:27Z</modified>
        <unit meter="0.0254" name="inch" />
        <up_axis>Z_UP</up_axis>
    </asset>
    <library_cameras>
        <camera id="ID1" name="skp_camera_Last_Saved_SketchUp_View">
            <optics>
                <technique_common>
                    <perspective>
                        <yfov>35</yfov>
                        <aspect_ratio>0</aspect_ratio>
                        <znear>1</znear>
                        <zfar>1000</zfar>
                    </perspective>
                </technique_common>
            </optics>
        </camera>
    </library_cameras>
    <library_visual_scenes>
        <visual_scene id="ID2">
            <node name="SketchUp">
                <instance_geometry url="#ID3">
                    <bind_material>
                        <technique_common>
                            <instance_material symbol="Material2" target="#ID5">
                                <bind_vertex_input semantic="UVSET0" input_semantic="TEXCOORD" input_set="0" />
                            </instance_material>
                            <instance_material symbol="Material3" target="#ID11">
                                <bind_vertex_input semantic="UVSET0" input_semantic="TEXCOORD" input_set="0" />
                            </instance_material>
                            <instance_material symbol="Material4" target="#ID12">
                                <bind_vertex_input semantic="UVSET0" input_semantic="TEXCOORD" input_set="0" />
                            </instance_material>
                        </technique_common>
                    </bind_material>
                </instance_geometry>
                <instance_geometry url="#ID17">
                    <bind_material>
                        <technique_common>
                            <instance_material symbol="Material2" target="#ID5">
                                <bind_vertex_input semantic="UVSET0" input_semantic="TEXCOORD" input_set="0" />
                            </instance_material>
                            <instance_material symbol="Material3" target="#ID22">
                                <bind_vertex_input semantic="UVSET0" input_semantic="TEXCOORD" input_set="0" />
                            </instance_material>
                            <instance_material symbol="Material4" target="#ID12">
                                <bind_vertex_input semantic="UVSET0" input_semantic="TEXCOORD" input_set="0" />
                            </instance_material>
                        </technique_common>
                    </bind_material>
                </instance_geometry>
                <instance_geometry url="#ID27">
                    <bind_material>
                        <technique_common>
                            <instance_material symbol="Material2" target="#ID5">
                                <bind_vertex_input semantic="UVSET0" input_semantic="TEXCOORD" input_set="0" />
                            </instance_material>
                            <instance_material symbol="Material3" target="#ID11">
                                <bind_vertex_input semantic="UVSET0" input_semantic="TEXCOORD" input_set="0" />
                            </instance_material>
                            <instance_material symbol="Material4" target="#ID12">
                                <bind_vertex_input semantic="UVSET0" input_semantic="TEXCOORD" input_set="0" />
                            </instance_material>
                        </technique_common>
                    </bind_material>
                </instance_geometry>
                <instance_geometry url="#ID35">
                    <bind_material>
                        <technique_common>
                            <instance_material symbol="Material2" target="#ID5">
                                <bind_vertex_input semantic="UVSET0" input_semantic="TEXCOORD" input_set="0" />
                            </instance_material>
                            <instance_material symbol="Material3" target="#ID40">
                                <bind_vertex_input semantic="UVSET0" input_semantic="TEXCOORD" input_set="0" />
                            </instance_material>
                            <instance_material symbol="Material4" target="#ID12">
                                <bind_vertex_input semantic="UVSET0" input_semantic="TEXCOORD" input_set="0" />
                            </instance_material>
                        </technique_common>
                    </bind_material>
                </instance_geometry>
                <instance_geometry url="#ID45">
                    <bind_material>
                        <technique_common>
                            <instance_material symbol="Material2" target="#ID5">
                                <bind_vertex_input semantic="UVSET0" input_semantic="TEXCOORD" input_set="0" />
                            </instance_material>
                            <instance_material symbol="Material3" target="#ID40">
                                <bind_vertex_input semantic="UVSET0" input_semantic="TEXCOORD" input_set="0" />
                            </instance_material>
                            <instance_material symbol="Material4" target="#ID12">
                                <bind_vertex_input semantic="UVSET0" input_semantic="TEXCOORD" input_set="0" />
                            </instance_material>
                        </technique_common>
                    </bind_material>
                </instance_geometry>
                <instance_geometry url="#ID53">
                    <bind_material>
                        <technique_common>
                            <instance_material symbol="Material2" target="#ID5">
                                <bind_vertex_input semantic="UVSET0" input_semantic="TEXCOORD" input_set="0" />
                            </instance_material>
                            <instance_material symbol="Material3" target="#ID58">
                                <bind_vertex_input semantic="UVSET0" input_semantic="TEXCOORD" input_set="0" />
                            </instance_material>
                            <instance_material symbol="Material4" target="#ID12">
                                <bind_vertex_input semantic="UVSET0" input_semantic="TEXCOORD" input_set="0" />
                            </instance_material>
                            <instance_material symbol="Material5" target="#ID60">
                                <bind_vertex_input semantic="UVSET0" input_semantic="TEXCOORD" input_set="0" />
                            </instance_material>
                        </technique_common>
                    </bind_material>
                </instance_geometry>
                <instance_geometry url="#ID65">
                    <bind_material>
                        <technique_common>
                            <instance_material symbol="Material2" target="#ID5">
                                <bind_vertex_input semantic="UVSET0" input_semantic="TEXCOORD" input_set="0" />
                            </instance_material>
                            <instance_material symbol="Material3" target="#ID11">
                                <bind_vertex_input semantic="UVSET0" input_semantic="TEXCOORD" input_set="0" />
                            </instance_material>
                            <instance_material symbol="Material4" target="#ID12">
                                <bind_vertex_input semantic="UVSET0" input_semantic="TEXCOORD" input_set="0" />
                            </instance_material>
                        </technique_common>
                    </bind_material>
                </instance_geometry>
                <instance_geometry url="#ID73">
                    <bind_material>
                        <technique_common>
                            <instance_material symbol="Material2" target="#ID11">
                                <bind_vertex_input semantic="UVSET0" input_semantic="TEXCOORD" input_set="0" />
                            </instance_material>
                            <instance_material symbol="Material3" target="#ID22">
                                <bind_vertex_input semantic="UVSET0" input_semantic="TEXCOORD" input_set="0" />
                            </instance_material>
                            <instance_material symbol="Material4" target="#ID12">
                                <bind_vertex_input semantic="UVSET0" input_semantic="TEXCOORD" input_set="0" />
                            </instance_material>
                        </technique_common>
                    </bind_material>
                </instance_geometry>
                <instance_geometry url="#ID81">
                    <bind_material>
                        <technique_common>
                            <instance_material symbol="Material2" target="#ID5">
                                <bind_vertex_input semantic="UVSET0" input_semantic="TEXCOORD" input_set="0" />
                            </instance_material>
                            <instance_material symbol="Material3" target="#ID11">
                                <bind_vertex_input semantic="UVSET0" input_semantic="TEXCOORD" input_set="0" />
                            </instance_material>
                            <instance_material symbol="Material4" target="#ID12">
                                <bind_vertex_input semantic="UVSET0" input_semantic="TEXCOORD" input_set="0" />
                            </instance_material>
                        </technique_common>
                    </bind_material>
                </instance_geometry>
                <instance_geometry url="#ID89">
                    <bind_material>
                        <technique_common>
                            <instance_material symbol="Material2" target="#ID11">
                                <bind_vertex_input semantic="UVSET0" input_semantic="TEXCOORD" input_set="0" />
                            </instance_material>
                            <instance_material symbol="Material3" target="#ID22">
                                <bind_vertex_input semantic="UVSET0" input_semantic="TEXCOORD" input_set="0" />
                            </instance_material>
                            <instance_material symbol="Material4" target="#ID12">
                                <bind_vertex_input semantic="UVSET0" input_semantic="TEXCOORD" input_set="0" />
                            </instance_material>
                        </technique_common>
                    </bind_material>
                </instance_geometry>
                <instance_geometry url="#ID97">
                    <bind_material>
                        <technique_common>
                            <instance_material symbol="Material2" target="#ID5">
                                <bind_vertex_input semantic="UVSET0" input_semantic="TEXCOORD" input_set="0" />
                            </instance_material>
                            <instance_material symbol="Material3" target="#ID11">
                                <bind_vertex_input semantic="UVSET0" input_semantic="TEXCOORD" input_set="0" />
                            </instance_material>
                            <instance_material symbol="Material4" target="#ID12">
                                <bind_vertex_input semantic="UVSET0" input_semantic="TEXCOORD" input_set="0" />
                            </instance_material>
                        </technique_common>
                    </bind_material>
                </instance_geometry>
                <instance_geometry url="#ID105">
                    <bind_material>
                        <technique_common>
                            <instance_material symbol="Material2" target="#ID5">
                                <bind_vertex_input semantic="UVSET0" input_semantic="TEXCOORD" input_set="0" />
                            </instance_material>
                            <instance_material symbol="Material3" target="#ID58">
                                <bind_vertex_input semantic="UVSET0" input_semantic="TEXCOORD" input_set="0" />
                            </instance_material>
                            <instance_material symbol="Material4" target="#ID12">
                                <bind_vertex_input semantic="UVSET0" input_semantic="TEXCOORD" input_set="0" />
                            </instance_material>
                        </technique_common>
                    </bind_material>
                </instance_geometry>
                <instance_geometry url="#ID113">
                    <bind_material>
                        <technique_common>
                            <instance_material symbol="Material2" target="#ID5">
                                <bind_vertex_input semantic="UVSET0" input_semantic="TEXCOORD" input_set="0" />
                            </instance_material>
                            <instance_material symbol="Material3" target="#ID11">
                                <bind_vertex_input semantic="UVSET0" input_semantic="TEXCOORD" input_set="0" />
                            </instance_material>
                            <instance_material symbol="Material4" target="#ID12">
                                <bind_vertex_input semantic="UVSET0" input_semantic="TEXCOORD" input_set="0" />
                            </instance_material>
                        </technique_common>
                    </bind_material>
                </instance_geometry>
                <instance_geometry url="#ID121">
                    <bind_material>
                        <technique_common>
                            <instance_material symbol="Material2" target="#ID11">
                                <bind_vertex_input semantic="UVSET0" input_semantic="TEXCOORD" input_set="0" />
                            </instance_material>
                            <instance_material symbol="Material3" target="#ID22">
                                <bind_vertex_input semantic="UVSET0" input_semantic="TEXCOORD" input_set="0" />
                            </instance_material>
                            <instance_material symbol="Material4" target="#ID12">
                                <bind_vertex_input semantic="UVSET0" input_semantic="TEXCOORD" input_set="0" />
                            </instance_material>
                        </technique_common>
                    </bind_material>
                </instance_geometry>
                <instance_geometry url="#ID129">
                    <bind_material>
                        <technique_common>
                            <instance_material symbol="Material2" target="#ID5">
                                <bind_vertex_input semantic="UVSET0" input_semantic="TEXCOORD" input_set="0" />
                            </instance_material>
                            <instance_material symbol="Material3" target="#ID11">
                                <bind_vertex_input semantic="UVSET0" input_semantic="TEXCOORD" input_set="0" />
                            </instance_material>
                            <instance_material symbol="Material4" target="#ID12">
                                <bind_vertex_input semantic="UVSET0" input_semantic="TEXCOORD" input_set="0" />
                            </instance_material>
                        </technique_common>
                    </bind_material>
                </instance_geometry>
                <instance_geometry url="#ID137">
                    <bind_material>
                        <technique_common>
                            <instance_material symbol="Material2" target="#ID11">
                                <bind_vertex_input semantic="UVSET0" input_semantic="TEXCOORD" input_set="0" />
                            </instance_material>
                            <instance_material symbol="Material3" target="#ID22">
                                <bind_vertex_input semantic="UVSET0" input_semantic="TEXCOORD" input_set="0" />
                            </instance_material>
                            <instance_material symbol="Material4" target="#ID12">
                                <bind_vertex_input semantic="UVSET0" input_semantic="TEXCOORD" input_set="0" />
                            </instance_material>
                        </technique_common>
                    </bind_material>
                </instance_geometry>
                <instance_geometry url="#ID145">
                    <bind_material>
                        <technique_common>
                            <instance_material symbol="Material2" target="#ID5">
                                <bind_vertex_input semantic="UVSET0" input_semantic="TEXCOORD" input_set="0" />
                            </instance_material>
                            <instance_material symbol="Material3" target="#ID11">
                                <bind_vertex_input semantic="UVSET0" input_semantic="TEXCOORD" input_set="0" />
                            </instance_material>
                            <instance_material symbol="Material4" target="#ID12">
                                <bind_vertex_input semantic="UVSET0" input_semantic="TEXCOORD" input_set="0" />
                            </instance_material>
                        </technique_common>
                    </bind_material>
                </instance_geometry>
                <instance_geometry url="#ID153">
                    <bind_material>
                        <technique_common>
                            <instance_material symbol="Material2" target="#ID5">
                                <bind_vertex_input semantic="UVSET0" input_semantic="TEXCOORD" input_set="0" />
                            </instance_material>
                            <instance_material symbol="Material3" target="#ID58">
                                <bind_vertex_input semantic="UVSET0" input_semantic="TEXCOORD" input_set="0" />
                            </instance_material>
                            <instance_material symbol="Material4" target="#ID12">
                                <bind_vertex_input semantic="UVSET0" input_semantic="TEXCOORD" input_set="0" />
                            </instance_material>
                        </technique_common>
                    </bind_material>
                </instance_geometry>
                <instance_geometry url="#ID161">
                    <bind_material>
                        <technique_common>
                            <instance_material symbol="Material2" target="#ID5">
                                <bind_vertex_input semantic="UVSET0" input_semantic="TEXCOORD" input_set="0" />
                            </instance_material>
                            <instance_material symbol="Material3" target="#ID58">
                                <bind_vertex_input semantic="UVSET0" input_semantic="TEXCOORD" input_set="0" />
                            </instance_material>
                            <instance_material symbol="Material4" target="#ID12">
                                <bind_vertex_input semantic="UVSET0" input_semantic="TEXCOORD" input_set="0" />
                            </instance_material>
                        </technique_common>
                    </bind_material>
                </instance_geometry>
                <instance_geometry url="#ID169">
                    <bind_material>
                        <technique_common>
                            <instance_material symbol="Material2" target="#ID5">
                                <bind_vertex_input semantic="UVSET0" input_semantic="TEXCOORD" input_set="0" />
                            </instance_material>
                            <instance_material symbol="Material3" target="#ID40">
                                <bind_vertex_input semantic="UVSET0" input_semantic="TEXCOORD" input_set="0" />
                            </instance_material>
                            <instance_material symbol="Material4" target="#ID12">
                                <bind_vertex_input semantic="UVSET0" input_semantic="TEXCOORD" input_set="0" />
                            </instance_material>
                        </technique_common>
                    </bind_material>
                </instance_geometry>
                <instance_geometry url="#ID177">
                    <bind_material>
                        <technique_common>
                            <instance_material symbol="Material2" target="#ID5">
                                <bind_vertex_input semantic="UVSET0" input_semantic="TEXCOORD" input_set="0" />
                            </instance_material>
                            <instance_material symbol="Material3" target="#ID58">
                                <bind_vertex_input semantic="UVSET0" input_semantic="TEXCOORD" input_set="0" />
                            </instance_material>
                            <instance_material symbol="Material4" target="#ID12">
                                <bind_vertex_input semantic="UVSET0" input_semantic="TEXCOORD" input_set="0" />
                            </instance_material>
                        </technique_common>
                    </bind_material>
                </instance_geometry>
                <instance_geometry url="#ID185">
                    <bind_material>
                        <technique_common>
                            <instance_material symbol="Material2" target="#ID12">
                                <bind_vertex_input semantic="UVSET0" input_semantic="TEXCOORD" input_set="0" />
                            </instance_material>
                        </technique_common>
                    </bind_material>
                </instance_geometry>
                <node name="skp_camera_Last_Saved_SketchUp_View">
                    <matrix>0.7496554 -0.4168955 0.5140184 474.301 0.6618283 0.4722191 -0.5822305 -302.5092 1.110223e-16 0.7766641 0.6299149 267.8923 0 0 0 1</matrix>
                    <instance_camera url="#ID1" />
                </node>
            </node>
        </visual_scene>
    </library_visual_scenes>
    <library_geometries>
        <geometry id="ID3">
            <mesh>
                <source id="ID6">
                    <float_array id="ID14" count="66">0 0 0 0 -100.5 1.5 0 -100.5 0 0 0 1.5 0 0 1.5 0 0 0 0 -100.5 1.5 0 -100.5 0 0 0 0 0 -100.5 0 0 0 1.5 0 -100.5 1.5 0.4706141 6.24989e-18 1.333971 0 -100.5 0 0.4706141 -100.5 1.333971 0 0 0 0 0 0 0.4706141 6.24989e-18 1.333971 0 -100.5 0 0.4706141 -100.5 1.333971 0.4706141 -100.5 1.333971 0.4706141 6.24989e-18 1.333971</float_array>
                    <technique_common>
                        <accessor count="22" source="#ID14" stride="3">
                            <param name="X" type="float" />
                            <param name="Y" type="float" />
                            <param name="Z" type="float" />
                        </accessor>
                    </technique_common>
                </source>
                <source id="ID7">
                    <float_array id="ID15" count="66">1 -0 -0 1 -0 -0 1 -0 -0 1 -0 -0 -1 0 0 -1 0 0 -1 0 0 -1 0 0 0 0 0 0 0 0 0 0 0 0 0 0 -0.9430345 -0 0.3326948 -0.9430345 -0 0.3326948 -0.9430345 -0 0.3326948 -0.9430345 -0 0.3326948 0.9430345 0 -0.3326948 0.9430345 0 -0.3326948 0.9430345 0 -0.3326948 0.9430345 0 -0.3326948 0 0 0 0 0 0</float_array>
                    <technique_common>
                        <accessor count="22" source="#ID15" stride="3">
                            <param name="X" type="float" />
                            <param name="Y" type="float" />
                            <param name="Z" type="float" />
                        </accessor>
                    </technique_common>
                </source>
                <source id="ID8">
                    <Name_array id="ID16" count="0" />
                    <technique_common>
                        <accessor count="0" source="#ID16" stride="1">
                            <param name="skp_material" type="Name" />
                        </accessor>
                    </technique_common>
                </source>
                <vertices id="ID9">
                    <input semantic="POSITION" source="#ID6" />
                    <input semantic="NORMAL" source="#ID7" />
                </vertices>
                <triangles count="4" material="Material2">
                    <input offset="0" semantic="VERTEX" source="#ID9" />
                    <p>0 1 2 1 0 3 12 13 14 13 12 15</p>
                </triangles>
                <triangles count="4" material="Material3">
                    <input offset="0" semantic="VERTEX" source="#ID9" />
                    <p>4 5 6 7 6 5 16 17 18 19 18 17</p>
                </triangles>
            </mesh>
        </geometry>
        <geometry id="ID17">
            <mesh>
                <source id="ID18">
                    <float_array id="ID24" count="1236">32.23687 -3.51104 1.5 0 0 0 32.23687 -3.51104 0 0 0 1.5 0 0 1.5 32.23687 -3.51104 1.5 0 0 0 32.23687 -3.51104 0 32.23687 -3.51104 0 0 0 0 32.23687 -3.51104 1.5 0 0 1.5 32.23687 -96.98896 0 0 0 0 0 -100.5 0 32.23687 -3.51104 0 64.53672 -94.11443 0 64.53672 -6.385573 0 96.88699 -91.87752 0 96.88699 -8.622482 0 129.2751 -90.2791 0 129.2751 -10.2209 0 161.6884 -89.31981 0 161.6884 -11.18019 0 194.1143 -89 0 194.1143 -11.5 0 226.5403 -89.31981 0 226.5403 -11.18019 0 258.9536 -90.2791 0 258.9536 -10.2209 0 291.3417 -91.87752 0 291.3417 -8.622482 0 323.6919 -94.11443 0 323.6919 -6.385573 0 355.9918 -96.98896 0 355.9918 -3.51104 0 388.2287 -100.5 0 388.2287 0 0 388.2287 0 0 388.2287 -100.5 0 355.9918 -3.51104 0 355.9918 -96.98896 0 323.6919 -6.385573 0 323.6919 -94.11443 0 291.3417 -8.622482 0 291.3417 -91.87752 0 258.9536 -10.2209 0 258.9536 -90.2791 0 226.5403 -11.18019 0 226.5403 -89.31981 0 194.1143 -11.5 0 194.1143 -89 0 161.6884 -11.18019 0 161.6884 -89.31981 0 129.2751 -10.2209 0 129.2751 -90.2791 0 96.88699 -8.622482 0 96.88699 -91.87752 0 64.53672 -6.385573 0 64.53672 -94.11443 0 32.23687 -3.51104 0 32.23687 -96.98896 0 0 0 0 0 -100.5 0 0 -100.5 0 32.23687 -96.98896 0 64.53672 -94.11443 0 96.88699 -91.87752 0 129.2751 -90.2791 0 161.6884 -89.31981 0 194.1143 -89 0 226.5403 -89.31981 0 258.9536 -90.2791 0 291.3417 -91.87752 0 323.6919 -94.11443 0 355.9918 -96.98896 0 388.2287 -100.5 0 388.2287 0 0 355.9918 -3.51104 0 323.6919 -6.385573 0 291.3417 -8.622482 0 258.9536 -10.2209 0 226.5403 -11.18019 0 194.1143 -11.5 0 161.6884 -11.18019 0 129.2751 -10.2209 0 96.88699 -8.622482 0 64.53672 -6.385573 0 64.53672 -6.385573 1.5 64.53672 -6.385573 0 64.53672 -6.385573 1.5 64.53672 -6.385573 0 64.53672 -6.385573 1.5 -45.7728 -63.25566 16.14827 -45.7728 -37.24434 16.14827 -47.38749 -50.25 16.71792 -41.03877 -25.125 14.47814 -41.03877 -75.375 14.47814 -33.50801 -14.71788 11.82135 -33.50801 -85.78212 11.82135 -23.69374 -6.732223 8.358958 -23.69374 -93.76778 8.358958 -12.26478 -98.78777 4.326915 -12.26478 -1.712227 4.326915 0 -100.5 0 0 0 0 0 0 0 0 -100.5 0 -12.26478 -1.712227 4.326915 -12.26478 -98.78777 4.326915 -23.69374 -6.732223 8.358958 -23.69374 -93.76778 8.358958 -33.50801 -85.78212 11.82135 -33.50801 -14.71788 11.82135 -41.03877 -75.375 14.47814 -41.03877 -25.125 14.47814 -45.7728 -63.25566 16.14827 -45.7728 -37.24434 16.14827 -47.38749 -50.25 16.71792 -12.26478 -1.712227 4.326915 -23.69374 -6.732223 8.358958 -33.50801 -14.71788 11.82135 -41.03877 -25.125 14.47814 -45.7728 -37.24434 16.14827 -47.38749 -50.25 16.71792 -45.7728 -63.25566 16.14827 -41.03877 -75.375 14.47814 -33.50801 -85.78212 11.82135 -23.69374 -93.76778 8.358958 -12.26478 -98.78777 4.326915 0 -100.5 1.5 32.23687 -96.98896 0 0 -100.5 0 32.23687 -96.98896 1.5 32.23687 -96.98896 1.5 0 -100.5 1.5 32.23687 -96.98896 0 0 -100.5 0 0 -100.5 1.5 32.23687 -96.98896 1.5 64.53672 -94.11443 0 64.53672 -94.11443 1.5 64.53672 -94.11443 1.5 64.53672 -94.11443 0 64.53672 -94.11443 1.5 96.88699 -91.87752 0 96.88699 -91.87752 1.5 96.88699 -91.87752 1.5 96.88699 -91.87752 0 96.88699 -91.87752 1.5 129.2751 -90.2791 0 129.2751 -90.2791 1.5 129.2751 -90.2791 1.5 129.2751 -90.2791 0 129.2751 -90.2791 1.5 161.6884 -89.31981 0 161.6884 -89.31981 1.5 161.6884 -89.31981 1.5 161.6884 -89.31981 0 161.6884 -89.31981 1.5 194.1143 -89 0 194.1143 -89 1.5 194.1143 -89 1.5 194.1143 -89 0 194.1143 -89 1.5 226.5403 -89.31981 0 226.5403 -89.31981 1.5 226.5403 -89.31981 1.5 226.5403 -89.31981 0 226.5403 -89.31981 1.5 258.9536 -90.2791 0 258.9536 -90.2791 1.5 258.9536 -90.2791 1.5 258.9536 -90.2791 0 258.9536 -90.2791 1.5 291.3417 -91.87752 0 291.3417 -91.87752 1.5 291.3417 -91.87752 1.5 291.3417 -91.87752 0 291.3417 -91.87752 1.5 323.6919 -94.11443 0 323.6919 -94.11443 1.5 323.6919 -94.11443 1.5 323.6919 -94.11443 0 323.6919 -94.11443 1.5 355.9918 -96.98896 0 355.9918 -96.98896 1.5 355.9918 -96.98896 1.5 355.9918 -96.98896 0 355.9918 -96.98896 1.5 388.2287 -100.5 0 388.2287 -100.5 1.5 388.2287 -100.5 1.5 388.2287 -100.5 0 388.2287 -100.5 1.5 400.4934 -98.78777 4.326915 388.2287 0 0 388.2287 -100.5 0 400.4934 -1.712227 4.326915 411.9224 -6.732223 8.358958 411.9224 -93.76778 8.358958 421.7367 -85.78212 11.82135 421.7367 -14.71788 11.82135 429.2674 -75.375 14.47814 429.2674 -25.125 14.47814 434.0015 -63.25566 16.14827 434.0015 -37.24434 16.14827 435.6161 -50.25 16.71792 435.6161 -50.25 16.71792 434.0015 -63.25566 16.14827 434.0015 -37.24434 16.14827 429.2674 -25.125 14.47814 429.2674 -75.375 14.47814 421.7367 -14.71788 11.82135 421.7367 -85.78212 11.82135 411.9224 -6.732223 8.358958 411.9224 -93.76778 8.358958 400.4934 -98.78777 4.326915 400.4934 -1.712227 4.326915 388.2287 0 0 388.2287 -100.5 0 400.4934 -98.78777 4.326915 411.9224 -93.76778 8.358958 421.7367 -85.78212 11.82135 429.2674 -75.375 14.47814 434.0015 -63.25566 16.14827 435.6161 -50.25 16.71792 434.0015 -37.24434 16.14827 429.2674 -25.125 14.47814 421.7367 -14.71788 11.82135 411.9224 -6.732223 8.358958 400.4934 -1.712227 4.326915 388.2287 0 1.5 355.9918 -3.51104 0 388.2287 0 0 355.9918 -3.51104 1.5 355.9918 -3.51104 1.5 388.2287 0 1.5 355.9918 -3.51104 0 388.2287 0 0 388.2287 0 1.5 355.9918 -3.51104 1.5 323.6919 -6.385573 0 323.6919 -6.385573 1.5 323.6919 -6.385573 1.5 323.6919 -6.385573 0 323.6919 -6.385573 1.5 291.3417 -8.622482 0 291.3417 -8.622482 1.5 291.3417 -8.622482 1.5 291.3417 -8.622482 0 291.3417 -8.622482 1.5 258.9536 -10.2209 0 258.9536 -10.2209 1.5 258.9536 -10.2209 1.5 258.9536 -10.2209 0 258.9536 -10.2209 1.5 226.5403 -11.18019 0 226.5403 -11.18019 1.5 226.5403 -11.18019 1.5 226.5403 -11.18019 0 226.5403 -11.18019 1.5 194.1143 -11.5 0 194.1143 -11.5 1.5 194.1143 -11.5 1.5 194.1143 -11.5 0 194.1143 -11.5 1.5 161.6884 -11.18019 0 161.6884 -11.18019 1.5 161.6884 -11.18019 1.5 161.6884 -11.18019 0 161.6884 -11.18019 1.5 129.2751 -10.2209 0 129.2751 -10.2209 1.5 129.2751 -10.2209 1.5 129.2751 -10.2209 0 129.2751 -10.2209 1.5 96.88699 -8.622482 0 96.88699 -8.622482 1.5 96.88699 -8.622482 1.5 96.88699 -8.622482 0 96.88699 -8.622482 1.5 0.4706141 6.24989e-18 1.333971 -12.26478 -1.712227 4.326915 0 0 0 -11.79417 -1.712227 5.660886 -11.79417 -1.712227 5.660886 0.4706141 6.24989e-18 1.333971 -12.26478 -1.712227 4.326915 0 0 0 0.4706141 6.24989e-18 1.333971 -11.79417 -1.712227 5.660886 -23.69374 -6.732223 8.358958 -23.22313 -6.732223 9.692929 -23.22313 -6.732223 9.692929 -23.69374 -6.732223 8.358958 -23.22313 -6.732223 9.692929 -33.50801 -14.71788 11.82135 -33.0374 -14.71788 13.15532 -33.0374 -14.71788 13.15532 -33.50801 -14.71788 11.82135 -33.0374 -14.71788 13.15532 -40.56815 -25.125 15.81211 -41.03877 -25.125 14.47814 -40.56815 -25.125 15.81211 -41.03877 -25.125 14.47814 -40.56815 -25.125 15.81211 -45.30218 -37.24434 17.48224 -45.7728 -37.24434 16.14827 -45.30218 -37.24434 17.48224 -45.7728 -37.24434 16.14827 -45.30218 -37.24434 17.48224 -46.91687 -50.25 18.05189 -47.38749 -50.25 16.71792 -46.91687 -50.25 18.05189 -47.38749 -50.25 16.71792 -46.91687 -50.25 18.05189 -45.30218 -63.25566 17.48224 -45.7728 -63.25566 16.14827 -45.30218 -63.25566 17.48224 -45.7728 -63.25566 16.14827 -45.30218 -63.25566 17.48224 -40.56815 -75.375 15.81211 -41.03877 -75.375 14.47814 -40.56815 -75.375 15.81211 -41.03877 -75.375 14.47814 -40.56815 -75.375 15.81211 -33.0374 -85.78212 13.15532 -33.50801 -85.78212 11.82135 -33.0374 -85.78212 13.15532 -33.50801 -85.78212 11.82135 -33.0374 -85.78212 13.15532 -23.22313 -93.76778 9.692929 -23.69374 -93.76778 8.358958 -23.22313 -93.76778 9.692929 -23.69374 -93.76778 8.358958 -23.22313 -93.76778 9.692929 -11.79417 -98.78777 5.660886 -12.26478 -98.78777 4.326915 -11.79417 -98.78777 5.660886 -12.26478 -98.78777 4.326915 -11.79417 -98.78777 5.660886 0.4706141 -100.5 1.333971 0 -100.5 0 0.4706141 -100.5 1.333971 0 -100.5 0 0.4706141 -100.5 1.333971 387.758 -100.5 1.333971 400.4934 -98.78777 4.326915 388.2287 -100.5 0 400.0228 -98.78777 5.660886 400.0228 -98.78777 5.660886 387.758 -100.5 1.333971 400.4934 -98.78777 4.326915 388.2287 -100.5 0 387.758 -100.5 1.333971 400.0228 -98.78777 5.660886 411.9224 -93.76778 8.358958 411.4518 -93.76778 9.692929 411.4518 -93.76778 9.692929 411.9224 -93.76778 8.358958 411.4518 -93.76778 9.692929 421.7367 -85.78212 11.82135 421.2661 -85.78212 13.15532 421.2661 -85.78212 13.15532 421.7367 -85.78212 11.82135 421.2661 -85.78212 13.15532 428.7968 -75.375 15.81211 429.2674 -75.375 14.47814 429.2674 -75.375 14.47814 428.7968 -75.375 15.81211 428.7968 -75.375 15.81211 433.5308 -63.25566 17.48224 434.0015 -63.25566 16.14827 434.0015 -63.25566 16.14827 433.5308 -63.25566 17.48224 433.5308 -63.25566 17.48224 435.1455 -50.25 18.05189 435.6161 -50.25 16.71792 435.6161 -50.25 16.71792 435.1455 -50.25 18.05189 435.1455 -50.25 18.05189 433.5308 -37.24434 17.48224 434.0015 -37.24434 16.14827 434.0015 -37.24434 16.14827 433.5308 -37.24434 17.48224 433.5308 -37.24434 17.48224 428.7968 -25.125 15.81211 429.2674 -25.125 14.47814 429.2674 -25.125 14.47814 428.7968 -25.125 15.81211 428.7968 -25.125 15.81211 421.2661 -14.71788 13.15532 421.7367 -14.71788 11.82135 421.7367 -14.71788 11.82135 421.2661 -14.71788 13.15532 421.2661 -14.71788 13.15532 411.4518 -6.732223 9.692929 411.9224 -6.732223 8.358958 411.4518 -6.732223 9.692929 411.9224 -6.732223 8.358958 411.4518 -6.732223 9.692929 400.0228 -1.712227 5.660886 400.4934 -1.712227 4.326915 400.0228 -1.712227 5.660886 400.4934 -1.712227 4.326915 400.0228 -1.712227 5.660886 387.758 1.977179e-16 1.333971 388.2287 0 0 387.758 1.977179e-16 1.333971 388.2287 0 0 387.758 1.977179e-16 1.333971</float_array>
                    <technique_common>
                        <accessor count="412" source="#ID24" stride="3">
                            <param name="X" type="float" />
                            <param name="Y" type="float" />
                            <param name="Z" type="float" />
                        </accessor>
                    </technique_common>
                </source>
                <source id="ID19">
                    <float_array id="ID25" count="1236">-0.09846398 -0.9951406 0 -0.1082735 -0.9941211 0 -0.09846398 -0.9951406 0 -0.1082735 -0.9941211 0 0.1082735 0.9941211 -0 0.09846398 0.9951406 -0 0.1082735 0.9941211 -0 0.09846398 0.9951406 -0 0 0 0 0 0 0 0 0 0 0 0 0 -0 -0 1 -0 -0 1 -0 -0 1 -0 -0 1 -0 -0 1 -0 -0 1 -0 -0 1 -0 -0 1 -0 -0 1 -0 -0 1 -0 -0 1 -0 -0 1 -0 -0 1 -0 -0 1 -0 -0 1 -0 -0 1 -0 -0 1 -0 -0 1 -0 -0 1 -0 -0 1 -0 -0 1 -0 -0 1 -0 -0 1 -0 -0 1 -0 -0 1 -0 -0 1 0 0 -1 0 0 -1 0 0 -1 0 0 -1 0 0 -1 0 0 -1 0 0 -1 0 0 -1 0 0 -1 0 0 -1 0 0 -1 0 0 -1 0 0 -1 0 0 -1 0 0 -1 0 0 -1 0 0 -1 0 0 -1 0 0 -1 0 0 -1 0 0 -1 0 0 -1 0 0 -1 0 0 -1 0 0 -1 0 0 -1 0 0 0 0 0 0 0 0 0 0 0 0 0 0 0 0 0 0 0 0 0 0 0 0 0 0 0 0 0 0 0 0 0 0 0 0 0 0 0 0 0 0 0 0 0 0 0 0 0 0 0 0 0 0 0 0 0 0 0 0 0 0 0 0 0 0 0 0 0 0 0 0 -0.0788172 -0.9968891 0 -0.0788172 -0.9968891 0 0.0788172 0.9968891 -0 0.0788172 0.9968891 -0 0 0 0 0.3326948 -1.955123e-18 0.9430345 0.3326948 -1.955123e-18 0.9430345 0.3326948 -1.955123e-18 0.9430345 0.3326948 -1.955123e-18 0.9430345 0.3326948 -1.955123e-18 0.9430345 0.3326948 -1.955123e-18 0.9430345 0.3326948 -1.955123e-18 0.9430345 0.3326948 -1.955123e-18 0.9430345 0.3326948 -1.955123e-18 0.9430345 0.3326948 -1.955123e-18 0.9430345 0.3326948 -1.955123e-18 0.9430345 0.3326948 -1.955123e-18 0.9430345 0.3326948 -1.955123e-18 0.9430345 -0.3326948 1.955123e-18 -0.9430345 -0.3326948 1.955123e-18 -0.9430345 -0.3326948 1.955123e-18 -0.9430345 -0.3326948 1.955123e-18 -0.9430345 -0.3326948 1.955123e-18 -0.9430345 -0.3326948 1.955123e-18 -0.9430345 -0.3326948 1.955123e-18 -0.9430345 -0.3326948 1.955123e-18 -0.9430345 -0.3326948 1.955123e-18 -0.9430345 -0.3326948 1.955123e-18 -0.9430345 -0.3326948 1.955123e-18 -0.9430345 -0.3326948 1.955123e-18 -0.9430345 -0.3326948 1.955123e-18 -0.9430345 0 0 0 0 0 0 0 0 0 0 0 0 0 0 0 0 0 0 0 0 0 0 0 0 0 0 0 0 0 0 0 0 0 -0.1082735 0.9941211 -0 -0.09846398 0.9951406 0 -0.1082735 0.9941211 -0 -0.09846398 0.9951406 0 0.09846398 -0.9951406 -0 0.1082735 -0.9941211 0 0.09846398 -0.9951406 -0 0.1082735 -0.9941211 0 0 0 0 0 0 0 -0.0788172 0.9968891 0 -0.0788172 0.9968891 0 0.0788172 -0.9968891 -0 0.0788172 -0.9968891 -0 0 0 0 -0.05913974 0.9982497 0 -0.05913974 0.9982497 0 0.05913974 -0.9982497 -0 0.05913974 -0.9982497 -0 0 0 0 -0.03943928 0.999222 0 -0.03943928 0.999222 0 0.03943928 -0.999222 -0 0.03943928 -0.999222 -0 0 0 0 -0.01972348 0.9998055 0 -0.01972348 0.9998055 0 0.01972348 -0.9998055 -0 0.01972348 -0.9998055 -0 0 0 0 3.501541e-15 1 0 3.501541e-15 1 0 -3.501541e-15 -1 -0 -3.501541e-15 -1 -0 0 0 0 0.01972348 0.9998055 0 0.01972348 0.9998055 0 -0.01972348 -0.9998055 -0 -0.01972348 -0.9998055 -0 0 0 0 0.03943928 0.999222 0 0.03943928 0.999222 0 -0.03943928 -0.999222 -0 -0.03943928 -0.999222 -0 0 0 0 0.05913974 0.9982497 0 0.05913974 0.9982497 0 -0.05913974 -0.9982497 -0 -0.05913974 -0.9982497 -0 0 0 0 0.0788172 0.9968891 0 0.0788172 0.9968891 0 -0.0788172 -0.9968891 -0 -0.0788172 -0.9968891 -0 0 0 0 0.09846398 0.9951406 0 0.09846398 0.9951406 0 -0.09846398 -0.9951406 -0 -0.09846398 -0.9951406 -0 0 0 0 0.1082735 0.9941211 -0 0.1082735 0.9941211 -0 -0.1082735 -0.9941211 0 -0.1082735 -0.9941211 0 0 0 0 -0.3326948 1.41e-16 0.9430345 -0.3326948 1.41e-16 0.9430345 -0.3326948 1.41e-16 0.9430345 -0.3326948 1.41e-16 0.9430345 -0.3326948 1.41e-16 0.9430345 -0.3326948 1.41e-16 0.9430345 -0.3326948 1.41e-16 0.9430345 -0.3326948 1.41e-16 0.9430345 -0.3326948 1.41e-16 0.9430345 -0.3326948 1.41e-16 0.9430345 -0.3326948 1.41e-16 0.9430345 -0.3326948 1.41e-16 0.9430345 -0.3326948 1.41e-16 0.9430345 0.3326948 -1.41e-16 -0.9430345 0.3326948 -1.41e-16 -0.9430345 0.3326948 -1.41e-16 -0.9430345 0.3326948 -1.41e-16 -0.9430345 0.3326948 -1.41e-16 -0.9430345 0.3326948 -1.41e-16 -0.9430345 0.3326948 -1.41e-16 -0.9430345 0.3326948 -1.41e-16 -0.9430345 0.3326948 -1.41e-16 -0.9430345 0.3326948 -1.41e-16 -0.9430345 0.3326948 -1.41e-16 -0.9430345 0.3326948 -1.41e-16 -0.9430345 0.3326948 -1.41e-16 -0.9430345 0 0 0 0 0 0 0 0 0 0 0 0 0 0 0 0 0 0 0 0 0 0 0 0 0 0 0 0 0 0 0 0 0 0.1082735 -0.9941211 0 0.09846398 -0.9951406 0 0.1082735 -0.9941211 0 0.09846398 -0.9951406 0 -0.09846398 0.9951406 -0 -0.1082735 0.9941211 -0 -0.09846398 0.9951406 -0 -0.1082735 0.9941211 -0 0 0 0 0 0 0 0.0788172 -0.9968891 0 0.0788172 -0.9968891 0 -0.0788172 0.9968891 -0 -0.0788172 0.9968891 -0 0 0 0 0.05913974 -0.9982497 0 0.05913974 -0.9982497 0 -0.05913974 0.9982497 -0 -0.05913974 0.9982497 -0 0 0 0 0.03943928 -0.999222 0 0.03943928 -0.999222 0 -0.03943928 0.999222 -0 -0.03943928 0.999222 -0 0 0 0 0.01972348 -0.9998055 0 0.01972348 -0.9998055 0 -0.01972348 0.9998055 -0 -0.01972348 0.9998055 -0 0 0 0 -5.599374e-15 -1 0 -5.599374e-15 -1 0 5.599374e-15 1 -0 5.599374e-15 1 -0 0 0 0 -0.01972348 -0.9998055 0 -0.01972348 -0.9998055 0 0.01972348 0.9998055 -0 0.01972348 0.9998055 -0 0 0 0 -0.03943928 -0.999222 0 -0.03943928 -0.999222 0 0.03943928 0.999222 -0 0.03943928 0.999222 -0 0 0 0 -0.05913974 -0.9982497 0 -0.05913974 -0.9982497 0 0.05913974 0.9982497 -0 0.05913974 0.9982497 -0 0 0 0 0.1230907 -0.9914449 -0.04342539 0.2440753 -0.9659258 -0.08610776 0.1230907 -0.9914449 -0.04342539 0.2440753 -0.9659258 -0.08610776 -0.2440753 0.9659258 0.08610776 -0.1230907 0.9914449 0.04342539 -0.2440753 0.9659258 0.08610776 -0.1230907 0.9914449 0.04342539 0 0 0 0 0 0 0.4715173 -0.8660254 -0.1663474 0.4715173 -0.8660254 -0.1663474 -0.4715173 0.8660254 0.1663474 -0.4715173 0.8660254 0.1663474 0 0 0 0.6668261 -0.7071068 -0.2352508 0.6668261 -0.7071068 -0.2352508 -0.6668261 0.7071068 0.2352508 -0.6668261 0.7071068 0.2352508 0 0 0 0.8166919 -0.5 -0.2881222 0.8166919 -0.5 -0.2881222 -0.8166919 0.5 0.2881222 -0.8166919 0.5 0.2881222 0 0 0 0.9109014 -0.258819 -0.3213585 0.9109014 -0.258819 -0.3213585 -0.9109014 0.258819 0.3213585 -0.9109014 0.258819 0.3213585 0 0 0 0.9430345 2.495111e-16 -0.3326948 0.9430345 2.316889e-16 -0.3326948 -0.9430345 -2.495111e-16 0.3326948 -0.9430345 -2.316889e-16 0.3326948 0 0 0 0.9109014 0.258819 -0.3213585 0.9109014 0.258819 -0.3213585 -0.9109014 -0.258819 0.3213585 -0.9109014 -0.258819 0.3213585 0 0 0 0.8166919 0.5 -0.2881222 0.8166919 0.5 -0.2881222 -0.8166919 -0.5 0.2881222 -0.8166919 -0.5 0.2881222 0 0 0 0.6668261 0.7071068 -0.2352508 0.6668261 0.7071068 -0.2352508 -0.6668261 -0.7071068 0.2352508 -0.6668261 -0.7071068 0.2352508 0 0 0 0.4715173 0.8660254 -0.1663474 0.4715173 0.8660254 -0.1663474 -0.4715173 -0.8660254 0.1663474 -0.4715173 -0.8660254 0.1663474 0 0 0 0.2440753 0.9659258 -0.08610776 0.2440753 0.9659258 -0.08610776 -0.2440753 -0.9659258 0.08610776 -0.2440753 -0.9659258 0.08610776 0 0 0 0.1230907 0.9914449 -0.04342539 0.1230907 0.9914449 -0.04342539 -0.1230907 -0.9914449 0.04342539 -0.1230907 -0.9914449 0.04342539 0 0 0 -0.1230907 0.9914449 -0.04342539 -0.2440753 0.9659258 -0.08610776 -0.1230907 0.9914449 -0.04342539 -0.2440753 0.9659258 -0.08610776 0.2440753 -0.9659258 0.08610776 0.1230907 -0.9914449 0.04342539 0.2440753 -0.9659258 0.08610776 0.1230907 -0.9914449 0.04342539 0 0 0 0 0 0 -0.4715173 0.8660254 -0.1663474 -0.4715173 0.8660254 -0.1663474 0.4715173 -0.8660254 0.1663474 0.4715173 -0.8660254 0.1663474 0 0 0 -0.6668261 0.7071068 -0.2352508 -0.6668261 0.7071068 -0.2352508 0.6668261 -0.7071068 0.2352508 0.6668261 -0.7071068 0.2352508 0 0 0 -0.8166919 0.5 -0.2881222 -0.8166919 0.5 -0.2881222 0.8166919 -0.5 0.2881222 0.8166919 -0.5 0.2881222 0 0 0 -0.9109014 0.258819 -0.3213585 -0.9109014 0.258819 -0.3213585 0.9109014 -0.258819 0.3213585 0.9109014 -0.258819 0.3213585 0 0 0 -0.9430345 4.366444e-16 -0.3326948 -0.9430345 4.277333e-16 -0.3326948 0.9430345 -4.277333e-16 0.3326948 0.9430345 -4.366444e-16 0.3326948 0 0 0 -0.9109014 -0.258819 -0.3213585 -0.9109014 -0.258819 -0.3213585 0.9109014 0.258819 0.3213585 0.9109014 0.258819 0.3213585 0 0 0 -0.8166919 -0.5 -0.2881222 -0.8166919 -0.5 -0.2881222 0.8166919 0.5 0.2881222 0.8166919 0.5 0.2881222 0 0 0 -0.6668261 -0.7071068 -0.2352508 -0.6668261 -0.7071068 -0.2352508 0.6668261 0.7071068 0.2352508 0.6668261 0.7071068 0.2352508 0 0 0 -0.4715173 -0.8660254 -0.1663474 -0.4715173 -0.8660254 -0.1663474 0.4715173 0.8660254 0.1663474 0.4715173 0.8660254 0.1663474 0 0 0 -0.2440753 -0.9659258 -0.08610776 -0.2440753 -0.9659258 -0.08610776 0.2440753 0.9659258 0.08610776 0.2440753 0.9659258 0.08610776 0 0 0 -0.1230907 -0.9914449 -0.04342539 -0.1230907 -0.9914449 -0.04342539 0.1230907 0.9914449 0.04342539 0.1230907 0.9914449 0.04342539 0 0 0</float_array>
                    <technique_common>
                        <accessor count="412" source="#ID25" stride="3">
                            <param name="X" type="float" />
                            <param name="Y" type="float" />
                            <param name="Z" type="float" />
                        </accessor>
                    </technique_common>
                </source>
                <source id="ID20">
                    <Name_array id="ID26" count="0" />
                    <technique_common>
                        <accessor count="0" source="#ID26" stride="1">
                            <param name="skp_material" type="Name" />
                        </accessor>
                    </technique_common>
                </source>
                <vertices id="ID21">
                    <input semantic="POSITION" source="#ID18" />
                    <input semantic="NORMAL" source="#ID19" />
                </vertices>
                <triangles count="142" material="Material2">
                    <input offset="0" semantic="VERTEX" source="#ID21" />
                    <p>0 1 2 1 0 3 12 13 14 13 12 15 15 12 16 15 16 17 17 16 18 17 18 19 19 18 20 19 20 21 21 20 22 21 22 23 23 22 24 23 24 25 25 24 26 25 26 27 27 26 28 27 28 29 29 28 30 29 30 31 31 30 32 31 32 33 33 32 34 33 34 35 35 34 36 35 36 37 88 2 89 2 88 0 93 94 95 94 93 96 96 93 97 96 97 98 98 97 99 98 99 100 100 99 101 100 101 102 100 102 103 103 102 104 103 104 105 130 131 132 131 130 133 133 140 131 140 133 141 141 145 140 145 141 146 146 150 145 150 146 151 151 155 150 155 151 156 156 160 155 160 156 161 161 165 160 165 161 166 166 170 165 170 166 171 171 175 170 175 171 176 176 180 175 180 176 181 181 185 180 185 181 186 186 190 185 190 186 191 195 196 197 196 195 198 198 195 199 199 195 200 199 200 201 199 201 202 202 201 203 202 203 204 204 203 205 204 205 206 206 205 207 232 233 234 233 232 235 235 242 233 242 235 243 243 247 242 247 243 248 248 252 247 252 248 253 253 257 252 257 253 258 258 262 257 262 258 263 263 267 262 267 263 268 268 272 267 272 268 273 273 277 272 277 273 278 278 89 277 89 278 88 282 283 284 283 282 285 285 292 283 292 285 293 293 297 292 297 293 298 297 302 303 302 297 298 303 307 308 307 303 302 308 312 313 312 308 307 313 317 318 317 313 312 318 322 323 322 318 317 323 327 328 327 323 322 328 332 333 332 328 327 333 337 338 337 333 332 338 342 343 342 338 337 347 348 349 348 347 350 350 357 348 357 350 358 358 362 357 362 358 363 367 362 363 362 367 368 372 368 367 368 372 373 377 373 372 373 377 378 382 378 377 378 382 383 387 383 382 383 387 388 392 388 387 388 392 393 393 397 398 397 393 392 398 402 403 402 398 397 403 407 408 407 403 402</p>
                </triangles>
                <triangles count="142" material="Material3">
                    <input offset="0" semantic="VERTEX" source="#ID21" />
                    <p>4 5 6 7 6 5 38 39 40 39 41 40 40 41 42 41 43 42 42 43 44 43 45 44 44 45 46 45 47 46 46 47 48 47 49 48 48 49 50 49 51 50 50 51 52 51 53 52 52 53 54 53 55 54 54 55 56 55 57 56 56 57 58 57 59 58 58 59 60 59 61 60 60 61 62 63 62 61 5 90 7 91 7 90 106 107 108 107 109 108 108 109 110 109 111 110 111 112 110 110 112 113 112 114 113 113 114 115 114 116 115 115 116 117 118 117 116 134 135 136 137 136 135 142 134 143 136 143 134 147 142 148 143 148 142 152 147 153 148 153 147 157 152 158 153 158 152 162 157 163 158 163 157 167 162 168 163 168 162 172 167 173 168 173 167 177 172 178 173 178 172 182 177 183 178 183 177 187 182 188 183 188 182 192 187 193 188 193 187 208 209 210 210 209 211 209 212 211 211 212 213 212 214 213 213 214 215 214 216 215 216 217 215 215 217 218 218 217 219 220 219 217 236 237 238 239 238 237 244 236 245 238 245 236 249 244 250 245 250 244 254 249 255 250 255 249 259 254 260 255 260 254 264 259 265 260 265 259 269 264 270 265 270 264 274 269 275 270 275 269 279 274 280 275 280 274 90 279 91 280 91 279 286 287 288 289 288 287 294 286 295 288 295 286 299 294 300 295 300 294 299 300 304 305 304 300 304 305 309 310 309 305 309 310 314 315 314 310 314 315 319 320 319 315 319 320 324 325 324 320 324 325 329 330 329 325 329 330 334 335 334 330 334 335 339 340 339 335 339 340 344 345 344 340 351 352 353 354 353 352 359 351 360 353 360 351 364 359 365 360 365 359 369 370 365 364 365 370 374 375 369 370 369 375 379 380 374 375 374 380 384 385 379 380 379 385 389 390 384 385 384 390 394 395 389 390 389 395 395 394 399 400 399 394 399 400 404 405 404 400 404 405 409 410 409 405</p>
                </triangles>
            </mesh>
        </geometry>
        <geometry id="ID27">
            <mesh>
                <source id="ID28">
                    <float_array id="ID32" count="66">388.2287 0 1.5 388.2287 -100.5 0 388.2287 -100.5 1.5 388.2287 0 0 388.2287 0 0 388.2287 0 1.5 388.2287 -100.5 0 388.2287 -100.5 1.5 388.2287 0 0 388.2287 -100.5 0 388.2287 -100.5 1.5 388.2287 0 1.5 388.2287 0 0 387.758 -100.5 1.333971 388.2287 -100.5 0 387.758 1.977179e-16 1.333971 387.758 1.977179e-16 1.333971 388.2287 0 0 387.758 -100.5 1.333971 388.2287 -100.5 0 387.758 1.977179e-16 1.333971 387.758 -100.5 1.333971</float_array>
                    <technique_common>
                        <accessor count="22" source="#ID32" stride="3">
                            <param name="X" type="float" />
                            <param name="Y" type="float" />
                            <param name="Z" type="float" />
                        </accessor>
                    </technique_common>
                </source>
                <source id="ID29">
                    <float_array id="ID33" count="66">-1 0 0 -1 0 0 -1 0 0 -1 0 0 1 -0 -0 1 -0 -0 1 -0 -0 1 -0 -0 0 0 0 0 0 0 0 0 0 0 0 0 0.9430345 -0 0.3326948 0.9430345 -0 0.3326948 0.9430345 -0 0.3326948 0.9430345 -0 0.3326948 -0.9430345 0 -0.3326948 -0.9430345 0 -0.3326948 -0.9430345 0 -0.3326948 -0.9430345 0 -0.3326948 0 0 0 0 0 0</float_array>
                    <technique_common>
                        <accessor count="22" source="#ID33" stride="3">
                            <param name="X" type="float" />
                            <param name="Y" type="float" />
                            <param name="Z" type="float" />
                        </accessor>
                    </technique_common>
                </source>
                <source id="ID30">
                    <Name_array id="ID34" count="0" />
                    <technique_common>
                        <accessor count="0" source="#ID34" stride="1">
                            <param name="skp_material" type="Name" />
                        </accessor>
                    </technique_common>
                </source>
                <vertices id="ID31">
                    <input semantic="POSITION" source="#ID28" />
                    <input semantic="NORMAL" source="#ID29" />
                </vertices>
                <triangles count="4" material="Material2">
                    <input offset="0" semantic="VERTEX" source="#ID31" />
                    <p>0 1 2 1 0 3 12 13 14 13 12 15</p>
                </triangles>
                <triangles count="4" material="Material3">
                    <input offset="0" semantic="VERTEX" source="#ID31" />
                    <p>4 5 6 7 6 5 16 17 18 19 18 17</p>
                </triangles>
            </mesh>
        </geometry>
        <geometry id="ID35">
            <mesh>
                <source id="ID36">
                    <float_array id="ID42" count="117">-45.30218 -37.24434 17.48224 -45.30218 -63.25566 17.48224 -46.91687 -50.25 18.05189 -40.56815 -25.125 15.81211 -40.56815 -75.375 15.81211 -33.0374 -14.71788 13.15532 -33.0374 -85.78212 13.15532 -23.22313 -6.732223 9.692929 -23.22313 -93.76778 9.692929 -11.79417 -1.712227 5.660886 -11.79417 -98.78777 5.660886 0.4706141 -100.5 1.333971 0.4706141 6.24989e-18 1.333971 0.4706141 6.24989e-18 1.333971 -11.79417 -1.712227 5.660886 0.4706141 -100.5 1.333971 -11.79417 -98.78777 5.660886 -23.22313 -93.76778 9.692929 -23.22313 -6.732223 9.692929 -33.0374 -85.78212 13.15532 -33.0374 -14.71788 13.15532 -40.56815 -75.375 15.81211 -40.56815 -25.125 15.81211 -45.30218 -63.25566 17.48224 -45.30218 -37.24434 17.48224 -46.91687 -50.25 18.05189 -11.79417 -1.712227 5.660886 0.4706141 6.24989e-18 1.333971 0.4706141 -100.5 1.333971 -11.79417 -98.78777 5.660886 -23.22313 -93.76778 9.692929 -33.0374 -85.78212 13.15532 -40.56815 -75.375 15.81211 -45.30218 -63.25566 17.48224 -46.91687 -50.25 18.05189 -45.30218 -37.24434 17.48224 -40.56815 -25.125 15.81211 -33.0374 -14.71788 13.15532 -23.22313 -6.732223 9.692929</float_array>
                    <technique_common>
                        <accessor count="39" source="#ID42" stride="3">
                            <param name="X" type="float" />
                            <param name="Y" type="float" />
                            <param name="Z" type="float" />
                        </accessor>
                    </technique_common>
                </source>
                <source id="ID37">
                    <float_array id="ID43" count="117">-0.3326948 -4.418282e-18 -0.9430345 -0.3326948 -4.418282e-18 -0.9430345 -0.3326948 -4.418282e-18 -0.9430345 -0.3326948 -4.418282e-18 -0.9430345 -0.3326948 -4.418282e-18 -0.9430345 -0.3326948 -4.418282e-18 -0.9430345 -0.3326948 -4.418282e-18 -0.9430345 -0.3326948 -4.418282e-18 -0.9430345 -0.3326948 -4.418282e-18 -0.9430345 -0.3326948 -4.418282e-18 -0.9430345 -0.3326948 -4.418282e-18 -0.9430345 -0.3326948 -4.418282e-18 -0.9430345 -0.3326948 -4.418282e-18 -0.9430345 0.3326948 4.418282e-18 0.9430345 0.3326948 4.418282e-18 0.9430345 0.3326948 4.418282e-18 0.9430345 0.3326948 4.418282e-18 0.9430345 0.3326948 4.418282e-18 0.9430345 0.3326948 4.418282e-18 0.9430345 0.3326948 4.418282e-18 0.9430345 0.3326948 4.418282e-18 0.9430345 0.3326948 4.418282e-18 0.9430345 0.3326948 4.418282e-18 0.9430345 0.3326948 4.418282e-18 0.9430345 0.3326948 4.418282e-18 0.9430345 0.3326948 4.418282e-18 0.9430345 0 0 0 0 0 0 0 0 0 0 0 0 0 0 0 0 0 0 0 0 0 0 0 0 0 0 0 0 0 0 0 0 0 0 0 0 0 0 0</float_array>
                    <technique_common>
                        <accessor count="39" source="#ID43" stride="3">
                            <param name="X" type="float" />
                            <param name="Y" type="float" />
                            <param name="Z" type="float" />
                        </accessor>
                    </technique_common>
                </source>
                <source id="ID38">
                    <Name_array id="ID44" count="0" />
                    <technique_common>
                        <accessor count="0" source="#ID44" stride="1">
                            <param name="skp_material" type="Name" />
                        </accessor>
                    </technique_common>
                </source>
                <vertices id="ID39">
                    <input semantic="POSITION" source="#ID36" />
                    <input semantic="NORMAL" source="#ID37" />
                </vertices>
                <triangles count="11" material="Material2">
                    <input offset="0" semantic="VERTEX" source="#ID39" />
                    <p>0 1 2 1 0 3 1 3 4 4 3 5 4 5 6 6 5 7 6 7 8 8 7 9 8 9 10 10 9 11 11 9 12</p>
                </triangles>
                <triangles count="11" material="Material3">
                    <input offset="0" semantic="VERTEX" source="#ID39" />
                    <p>13 14 15 15 14 16 16 14 17 14 18 17 17 18 19 18 20 19 19 20 21 20 22 21 21 22 23 22 24 23 25 23 24</p>
                </triangles>
            </mesh>
        </geometry>
        <geometry id="ID45">
            <mesh>
                <source id="ID46">
                    <float_array id="ID50" count="117">400.0228 -1.712227 5.660886 387.758 -100.5 1.333971 387.758 1.977179e-16 1.333971 400.0228 -98.78777 5.660886 411.4518 -6.732223 9.692929 411.4518 -93.76778 9.692929 421.2661 -14.71788 13.15532 421.2661 -85.78212 13.15532 428.7968 -75.375 15.81211 428.7968 -25.125 15.81211 433.5308 -37.24434 17.48224 433.5308 -63.25566 17.48224 435.1455 -50.25 18.05189 435.1455 -50.25 18.05189 433.5308 -37.24434 17.48224 433.5308 -63.25566 17.48224 428.7968 -75.375 15.81211 428.7968 -25.125 15.81211 421.2661 -14.71788 13.15532 421.2661 -85.78212 13.15532 411.4518 -93.76778 9.692929 411.4518 -6.732223 9.692929 400.0228 -98.78777 5.660886 400.0228 -1.712227 5.660886 387.758 -100.5 1.333971 387.758 1.977179e-16 1.333971 400.0228 -98.78777 5.660886 387.758 -100.5 1.333971 387.758 1.977179e-16 1.333971 400.0228 -1.712227 5.660886 411.4518 -6.732223 9.692929 421.2661 -14.71788 13.15532 428.7968 -25.125 15.81211 433.5308 -37.24434 17.48224 435.1455 -50.25 18.05189 433.5308 -63.25566 17.48224 428.7968 -75.375 15.81211 421.2661 -85.78212 13.15532 411.4518 -93.76778 9.692929</float_array>
                    <technique_common>
                        <accessor count="39" source="#ID50" stride="3">
                            <param name="X" type="float" />
                            <param name="Y" type="float" />
                            <param name="Z" type="float" />
                        </accessor>
                    </technique_common>
                </source>
                <source id="ID47">
                    <float_array id="ID51" count="117">0.3326948 -1.397742e-16 -0.9430345 0.3326948 -1.397742e-16 -0.9430345 0.3326948 -1.397742e-16 -0.9430345 0.3326948 -1.397742e-16 -0.9430345 0.3326948 -1.397742e-16 -0.9430345 0.3326948 -1.397742e-16 -0.9430345 0.3326948 -1.397742e-16 -0.9430345 0.3326948 -1.397742e-16 -0.9430345 0.3326948 -1.397742e-16 -0.9430345 0.3326948 -1.397742e-16 -0.9430345 0.3326948 -1.397742e-16 -0.9430345 0.3326948 -1.397742e-16 -0.9430345 0.3326948 -1.397742e-16 -0.9430345 -0.3326948 1.397742e-16 0.9430345 -0.3326948 1.397742e-16 0.9430345 -0.3326948 1.397742e-16 0.9430345 -0.3326948 1.397742e-16 0.9430345 -0.3326948 1.397742e-16 0.9430345 -0.3326948 1.397742e-16 0.9430345 -0.3326948 1.397742e-16 0.9430345 -0.3326948 1.397742e-16 0.9430345 -0.3326948 1.397742e-16 0.9430345 -0.3326948 1.397742e-16 0.9430345 -0.3326948 1.397742e-16 0.9430345 -0.3326948 1.397742e-16 0.9430345 -0.3326948 1.397742e-16 0.9430345 0 0 0 0 0 0 0 0 0 0 0 0 0 0 0 0 0 0 0 0 0 0 0 0 0 0 0 0 0 0 0 0 0 0 0 0 0 0 0</float_array>
                    <technique_common>
                        <accessor count="39" source="#ID51" stride="3">
                            <param name="X" type="float" />
                            <param name="Y" type="float" />
                            <param name="Z" type="float" />
                        </accessor>
                    </technique_common>
                </source>
                <source id="ID48">
                    <Name_array id="ID52" count="0" />
                    <technique_common>
                        <accessor count="0" source="#ID52" stride="1">
                            <param name="skp_material" type="Name" />
                        </accessor>
                    </technique_common>
                </source>
                <vertices id="ID49">
                    <input semantic="POSITION" source="#ID46" />
                    <input semantic="NORMAL" source="#ID47" />
                </vertices>
                <triangles count="11" material="Material2">
                    <input offset="0" semantic="VERTEX" source="#ID49" />
                    <p>0 1 2 1 0 3 3 0 4 3 4 5 5 4 6 5 6 7 7 6 8 8 6 9 8 9 10 8 10 11 11 10 12</p>
                </triangles>
                <triangles count="11" material="Material3">
                    <input offset="0" semantic="VERTEX" source="#ID49" />
                    <p>13 14 15 15 14 16 14 17 16 17 18 16 16 18 19 19 18 20 18 21 20 20 21 22 21 23 22 22 23 24 25 24 23</p>
                </triangles>
            </mesh>
        </geometry>
        <geometry id="ID53">
            <mesh>
                <source id="ID54">
                    <float_array id="ID62" count="1332">272.6564 -34.58997 38.5 271.6547 -37.55078 38.5 270.6079 -36.28805 38.5 273.6236 -35.91865 38.5 274.9018 -33.16243 38.5 275.6946 -34.602 38.5 277.3087 -32.02801 38.5 277.9145 -33.55569 38.5 279.8389 -31.20464 38.5 280.2481 -32.79628 38.5 282.4524 -30.70536 38.5 282.6587 -32.33578 38.5 285.1079 -30.53805 38.5 285.1079 -32.18146 38.5 287.5572 -32.33578 38.5 287.7634 -30.70536 38.5 289.9677 -32.79628 38.5 290.377 -31.20464 38.5 292.3014 -33.55569 38.5 292.9072 -32.02801 38.5 294.5212 -34.602 38.5 295.314 -33.16243 38.5 296.5923 -35.91865 38.5 297.5594 -34.58997 38.5 298.5612 -37.55078 38.5 299.6079 -36.28805 38.5 299.6079 -36.28805 38.5 297.5594 -34.58997 38.5 298.5612 -37.55078 38.5 296.5923 -35.91865 38.5 295.314 -33.16243 38.5 294.5212 -34.602 38.5 292.9072 -32.02801 38.5 292.3014 -33.55569 38.5 290.377 -31.20464 38.5 289.9677 -32.79628 38.5 287.7634 -30.70536 38.5 287.5572 -32.33578 38.5 285.1079 -30.53805 38.5 285.1079 -32.18146 38.5 282.6587 -32.33578 38.5 282.4524 -30.70536 38.5 280.2481 -32.79628 38.5 279.8389 -31.20464 38.5 277.9145 -33.55569 38.5 277.3087 -32.02801 38.5 275.6946 -34.602 38.5 274.9018 -33.16243 38.5 273.6236 -35.91865 38.5 272.6564 -34.58997 38.5 271.6547 -37.55078 38.5 270.6079 -36.28805 38.5 274.9018 -33.16243 38.5 277.3087 -32.02801 38.5 279.8389 -31.20464 38.5 282.4524 -30.70536 38.5 285.1079 -30.53805 38.5 287.7634 -30.70536 38.5 290.377 -31.20464 38.5 292.9072 -32.02801 38.5 295.314 -33.16243 38.5 297.5594 -34.58997 38.5 299.6079 -36.28805 38.5 298.5612 -37.55078 38.5 296.5923 -35.91865 38.5 294.5212 -34.602 38.5 292.3014 -33.55569 38.5 289.9677 -32.79628 38.5 287.5572 -32.33578 38.5 285.1079 -32.18146 38.5 282.6587 -32.33578 38.5 280.2481 -32.79628 38.5 277.9145 -33.55569 38.5 275.6946 -34.602 38.5 273.6236 -35.91865 38.5 271.6547 -37.55078 38.5 270.6079 -36.28805 38.5 272.6564 -34.58997 38.5 277.3087 -32.02801 38.5 274.9018 -33.16243 1.5 277.3087 -32.02801 1.5 274.9018 -33.16243 38.5 274.9018 -33.16243 38.5 277.3087 -32.02801 38.5 274.9018 -33.16243 1.5 277.3087 -32.02801 1.5 274.9018 -33.16243 1.5 277.3087 -32.02801 1.5 279.8389 -31.20464 38.5 279.8389 -31.20464 1.5 279.8389 -31.20464 38.5 279.8389 -31.20464 1.5 279.8389 -31.20464 1.5 282.4524 -30.70536 38.5 282.4524 -30.70536 1.5 282.4524 -30.70536 38.5 282.4524 -30.70536 1.5 282.4524 -30.70536 1.5 285.1079 -30.53805 38.5 285.1079 -30.53805 1.5 285.1079 -30.53805 38.5 285.1079 -30.53805 1.5 285.1079 -30.53805 1.5 287.7634 -30.70536 38.5 287.7634 -30.70536 1.5 287.7634 -30.70536 38.5 287.7634 -30.70536 1.5 287.7634 -30.70536 1.5 290.377 -31.20464 38.5 290.377 -31.20464 1.5 290.377 -31.20464 38.5 290.377 -31.20464 1.5 290.377 -31.20464 1.5 292.9072 -32.02801 38.5 292.9072 -32.02801 1.5 292.9072 -32.02801 38.5 292.9072 -32.02801 1.5 292.9072 -32.02801 1.5 295.314 -33.16243 38.5 295.314 -33.16243 1.5 295.314 -33.16243 38.5 295.314 -33.16243 1.5 295.314 -33.16243 1.5 297.5594 -34.58997 38.5 297.5594 -34.58997 1.5 297.5594 -34.58997 38.5 297.5594 -34.58997 1.5 297.5594 -34.58997 1.5 299.6079 -36.28805 4.5 299.6079 -36.28805 1.5 299.6079 -36.28805 38.5 299.6079 -36.28805 38.5 299.6079 -36.28805 4.5 299.6079 -36.28805 1.5 299.6079 -36.28805 1.5 299.6079 -36.28805 4.5 299.6079 -36.28805 38.5 298.5612 -37.55078 4.5 298.5612 -37.55078 38.5 299.6079 -36.28805 4.5 299.6079 -36.28805 4.5 299.6079 -36.28805 38.5 298.5612 -37.55078 4.5 298.5612 -37.55078 38.5 298.5612 -37.55078 4.5 296.5923 -35.91865 38.5 298.5612 -37.55078 1.5 296.5923 -35.91865 1.5 298.5612 -37.55078 4.5 298.5612 -37.55078 38.5 298.5612 -37.55078 38.5 296.5923 -35.91865 38.5 298.5612 -37.55078 4.5 298.5612 -37.55078 1.5 296.5923 -35.91865 1.5 298.5612 -37.55078 1.5 296.5923 -35.91865 1.5 294.5212 -34.602 38.5 294.5212 -34.602 1.5 294.5212 -34.602 38.5 294.5212 -34.602 1.5 294.5212 -34.602 1.5 292.3014 -33.55569 38.5 292.3014 -33.55569 1.5 292.3014 -33.55569 38.5 292.3014 -33.55569 1.5 292.3014 -33.55569 1.5 289.9677 -32.79628 38.5 289.9677 -32.79628 1.5 289.9677 -32.79628 38.5 289.9677 -32.79628 1.5 289.9677 -32.79628 1.5 287.5572 -32.33578 38.5 287.5572 -32.33578 1.5 287.5572 -32.33578 38.5 287.5572 -32.33578 1.5 287.5572 -32.33578 1.5 285.1079 -32.18146 38.5 285.1079 -32.18146 1.5 285.1079 -32.18146 38.5 285.1079 -32.18146 1.5 285.1079 -32.18146 1.5 282.6587 -32.33578 38.5 282.6587 -32.33578 1.5 282.6587 -32.33578 38.5 282.6587 -32.33578 1.5 282.6587 -32.33578 1.5 280.2481 -32.79628 38.5 280.2481 -32.79628 1.5 280.2481 -32.79628 38.5 280.2481 -32.79628 1.5 280.2481 -32.79628 1.5 277.9145 -33.55569 38.5 277.9145 -33.55569 1.5 277.9145 -33.55569 38.5 277.9145 -33.55569 1.5 277.9145 -33.55569 1.5 275.6946 -34.602 38.5 275.6946 -34.602 1.5 275.6946 -34.602 38.5 275.6946 -34.602 1.5 275.6946 -34.602 1.5 273.6236 -35.91865 38.5 273.6236 -35.91865 1.5 273.6236 -35.91865 38.5 273.6236 -35.91865 1.5 273.6236 -35.91865 1.5 271.6547 -37.55078 4.5 271.6547 -37.55078 1.5 271.6547 -37.55078 38.5 271.6547 -37.55078 38.5 271.6547 -37.55078 4.5 271.6547 -37.55078 1.5 271.6547 -37.55078 1.5 271.6547 -37.55078 4.5 270.6079 -36.28805 4.5 271.6547 -37.55078 38.5 271.6547 -37.55078 4.5 270.6079 -36.28805 38.5 270.6079 -36.28805 38.5 270.6079 -36.28805 4.5 271.6547 -37.55078 38.5 271.6547 -37.55078 4.5 270.6079 -36.28805 4.5 272.6564 -34.58997 38.5 270.6079 -36.28805 1.5 272.6564 -34.58997 1.5 270.6079 -36.28805 4.5 270.6079 -36.28805 38.5 270.6079 -36.28805 38.5 272.6564 -34.58997 38.5 270.6079 -36.28805 4.5 270.6079 -36.28805 1.5 272.6564 -34.58997 1.5 270.6079 -36.28805 1.5 272.6564 -34.58997 1.5 299.6079 -71.49036 4.5 299.6079 -77.06352 1.5 299.6079 -77.06352 4.5 299.6079 -36.28805 1.5 299.6079 -70.19653 4.5 299.6079 -54.28902 4.5 299.6079 -52.19556 4.5 299.6079 -36.28805 4.5 299.6079 -36.28805 4.5 299.6079 -52.19556 4.5 299.6079 -36.28805 1.5 299.6079 -54.28902 4.5 299.6079 -70.19653 4.5 299.6079 -71.49036 4.5 299.6079 -77.06352 1.5 299.6079 -77.06352 4.5 299.6079 -77.06352 1.5 299.6079 -77.06352 4.5 299.6079 -71.49036 4.5 299.6079 -70.19653 4.5 299.6079 -54.28902 4.5 299.6079 -52.19556 4.5 299.6079 -36.28805 4.5 298.5612 -52.19556 4.5 298.5612 -37.55078 4.5 299.6079 -52.19556 4.5 299.6079 -52.19556 4.5 299.6079 -36.28805 4.5 298.5612 -52.19556 4.5 298.5612 -37.55078 4.5 298.5612 -52.19556 4.5 298.5612 -37.55078 1.5 298.5612 -77.06352 4.5 298.5612 -77.06352 1.5 298.5612 -71.49036 4.5 298.5612 -70.19653 4.5 298.5612 -54.28902 4.5 298.5612 -52.19556 4.5 298.5612 -37.55078 4.5 298.5612 -37.55078 4.5 298.5612 -37.55078 1.5 298.5612 -52.19556 4.5 298.5612 -54.28902 4.5 298.5612 -70.19653 4.5 298.5612 -71.49036 4.5 298.5612 -77.06352 4.5 298.5612 -77.06352 1.5 298.5612 -77.06352 1.5 298.5612 -54.28902 4.5 298.5612 -70.19653 4.5 298.5612 -71.49036 4.5 298.5612 -77.06352 4.5 271.6547 -37.55078 4.5 271.6547 -77.06352 1.5 271.6547 -77.06352 4.5 271.6547 -37.55078 1.5 271.6547 -37.55078 1.5 271.6547 -37.55078 4.5 271.6547 -77.06352 1.5 271.6547 -77.06352 4.5 271.6547 -77.06352 1.5 271.6547 -77.06352 4.5 271.6547 -37.55078 4.5 270.6079 -50.90234 4.5 270.6079 -36.28805 4.5 270.6079 -56.90234 4.5 270.6079 -69.9621 4.5 270.6079 -73.2121 4.5 270.6079 -77.06352 4.5 271.6547 -77.06352 4.5 267.3493 -73.2121 4.5 267.3493 -69.9621 4.5 265.1079 -56.90234 4.5 265.1079 -50.90234 4.5 270.6079 -56.90234 4.5 270.6079 -50.90234 4.5 265.1079 -56.90234 4.5 265.1079 -50.90234 4.5 270.6079 -73.2121 4.5 270.6079 -69.9621 4.5 267.3493 -73.2121 4.5 267.3493 -69.9621 4.5 271.6547 -77.06352 4.5 271.6547 -37.55078 4.5 270.6079 -77.06352 4.5 270.6079 -36.28805 4.5 270.6079 -56.90234 4.5 270.6079 -69.9621 4.5 265.1079 -56.90234 4.5 265.1079 -50.90234 4.5 270.6079 -50.90234 4.5 270.6079 -77.06352 4.5 270.6079 -73.2121 4.5 267.3493 -73.2121 4.5 267.3493 -69.9621 4.5 270.6079 -36.28805 1.5 270.6079 -50.90234 4.5 270.6079 -50.90234 1.5 270.6079 -36.28805 4.5 270.6079 -36.28805 4.5 270.6079 -36.28805 1.5 270.6079 -50.90234 4.5 270.6079 -50.90234 1.5 270.6079 -50.90234 1.5 298.5612 -77.06352 4.5 299.6079 -77.06352 1.5 298.5612 -77.06352 1.5 299.6079 -77.06352 4.5 299.6079 -77.06352 4.5 298.5612 -77.06352 4.5 299.6079 -77.06352 1.5 298.5612 -77.06352 1.5 299.6079 -71.49036 4.5 298.5612 -77.06352 4.5 298.5612 -71.49036 4.5 299.6079 -77.06352 4.5 299.6079 -77.06352 4.5 299.6079 -71.49036 4.5 298.5612 -77.06352 4.5 298.5612 -71.49036 4.5 299.6079 -54.28902 4.5 298.5612 -70.19653 4.5 298.5612 -54.28902 4.5 299.6079 -70.19653 4.5 299.6079 -70.19653 4.5 299.6079 -54.28902 4.5 298.5612 -70.19653 4.5 298.5612 -54.28902 4.5 270.6079 -77.06352 4.5 271.6547 -77.06352 1.5 270.6079 -77.06352 1.5 271.6547 -77.06352 4.5 271.6547 -77.06352 4.5 270.6079 -77.06352 4.5 271.6547 -77.06352 1.5 270.6079 -77.06352 1.5 270.6079 -77.06352 1.5 270.6079 -56.90234 1.5 270.6079 -69.9621 4.5 270.6079 -69.9621 1.5 270.6079 -56.90234 4.5 270.6079 -56.90234 4.5 270.6079 -56.90234 1.5 270.6079 -69.9621 4.5 270.6079 -69.9621 1.5 270.6079 -56.90234 1.5 270.6079 -69.9621 1.5 265.1079 -56.90234 4.5 270.6079 -56.90234 1.5 265.1079 -56.90234 1.5 270.6079 -56.90234 4.5 270.6079 -56.90234 4.5 265.1079 -56.90234 4.5 270.6079 -56.90234 1.5 265.1079 -56.90234 1.5 265.1079 -56.90234 1.5 265.1079 -50.90234 1.5 265.1079 -56.90234 4.5 265.1079 -56.90234 1.5 265.1079 -50.90234 4.5 265.1079 -50.90234 4.5 265.1079 -50.90234 1.5 265.1079 -56.90234 4.5 265.1079 -56.90234 1.5 265.1079 -50.90234 1.5 270.6079 -50.90234 4.5 265.1079 -50.90234 1.5 270.6079 -50.90234 1.5 265.1079 -50.90234 4.5 265.1079 -50.90234 4.5 270.6079 -50.90234 4.5 265.1079 -50.90234 1.5 270.6079 -50.90234 1.5 270.6079 -73.2121 1.5 270.6079 -77.06352 4.5 270.6079 -77.06352 1.5 270.6079 -73.2121 4.5 270.6079 -73.2121 4.5 270.6079 -73.2121 1.5 270.6079 -77.06352 4.5 270.6079 -77.06352 1.5 270.6079 -73.2121 1.5 267.3493 -73.2121 4.5 270.6079 -73.2121 1.5 267.3493 -73.2121 1.5 270.6079 -73.2121 4.5 270.6079 -73.2121 4.5 267.3493 -73.2121 4.5 270.6079 -73.2121 1.5 267.3493 -73.2121 1.5 267.3493 -73.2121 1.5 267.3493 -69.9621 1.5 267.3493 -73.2121 4.5 267.3493 -73.2121 1.5 267.3493 -69.9621 4.5 267.3493 -69.9621 4.5 267.3493 -69.9621 1.5 267.3493 -73.2121 4.5 267.3493 -73.2121 1.5 267.3493 -69.9621 1.5 270.6079 -69.9621 4.5 267.3493 -69.9621 1.5 270.6079 -69.9621 1.5 267.3493 -69.9621 4.5 267.3493 -69.9621 4.5 270.6079 -69.9621 4.5 267.3493 -69.9621 1.5 270.6079 -69.9621 1.5</float_array>
                    <technique_common>
                        <accessor count="444" source="#ID62" stride="3">
                            <param name="X" type="float" />
                            <param name="Y" type="float" />
                            <param name="Z" type="float" />
                        </accessor>
                    </technique_common>
                </source>
                <source id="ID55">
                    <float_array id="ID63" count="1332">1.013683e-46 -2.300058e-31 -1 1.013683e-46 -2.300058e-31 -1 1.013683e-46 -2.300058e-31 -1 1.013683e-46 -2.300058e-31 -1 1.013683e-46 -2.300058e-31 -1 1.013683e-46 -2.300058e-31 -1 1.013683e-46 -2.300058e-31 -1 1.013683e-46 -2.300058e-31 -1 1.013683e-46 -2.300058e-31 -1 1.013683e-46 -2.300058e-31 -1 1.013683e-46 -2.300058e-31 -1 1.013683e-46 -2.300058e-31 -1 1.013683e-46 -2.300058e-31 -1 1.013683e-46 -2.300058e-31 -1 1.013683e-46 -2.300058e-31 -1 1.013683e-46 -2.300058e-31 -1 1.013683e-46 -2.300058e-31 -1 1.013683e-46 -2.300058e-31 -1 1.013683e-46 -2.300058e-31 -1 1.013683e-46 -2.300058e-31 -1 1.013683e-46 -2.300058e-31 -1 1.013683e-46 -2.300058e-31 -1 1.013683e-46 -2.300058e-31 -1 1.013683e-46 -2.300058e-31 -1 1.013683e-46 -2.300058e-31 -1 1.013683e-46 -2.300058e-31 -1 -1.013683e-46 2.300058e-31 1 -1.013683e-46 2.300058e-31 1 -1.013683e-46 2.300058e-31 1 -1.013683e-46 2.300058e-31 1 -1.013683e-46 2.300058e-31 1 -1.013683e-46 2.300058e-31 1 -1.013683e-46 2.300058e-31 1 -1.013683e-46 2.300058e-31 1 -1.013683e-46 2.300058e-31 1 -1.013683e-46 2.300058e-31 1 -1.013683e-46 2.300058e-31 1 -1.013683e-46 2.300058e-31 1 -1.013683e-46 2.300058e-31 1 -1.013683e-46 2.300058e-31 1 -1.013683e-46 2.300058e-31 1 -1.013683e-46 2.300058e-31 1 -1.013683e-46 2.300058e-31 1 -1.013683e-46 2.300058e-31 1 -1.013683e-46 2.300058e-31 1 -1.013683e-46 2.300058e-31 1 -1.013683e-46 2.300058e-31 1 -1.013683e-46 2.300058e-31 1 -1.013683e-46 2.300058e-31 1 -1.013683e-46 2.300058e-31 1 -1.013683e-46 2.300058e-31 1 -1.013683e-46 2.300058e-31 1 0 0 0 0 0 0 0 0 0 0 0 0 0 0 0 0 0 0 0 0 0 0 0 0 0 0 0 0 0 0 0 0 0 0 0 0 0 0 0 0 0 0 0 0 0 0 0 0 0 0 0 0 0 0 0 0 0 0 0 0 0 0 0 0 0 0 0 0 0 0 0 0 0 0 0 0 0 0 0.3686257 -0.9295779 0 0.4823834 -0.8759602 0 0.3686257 -0.9295779 0 0.4823834 -0.8759602 0 -0.4823834 0.8759602 -0 -0.3686257 0.9295779 -0 -0.4823834 0.8759602 -0 -0.3686257 0.9295779 -0 0 0 0 0 0 0 0.249038 -0.9684937 0 0.249038 -0.9684937 0 -0.249038 0.9684937 -0 -0.249038 0.9684937 -0 0 0 0 0.1255115 -0.9920922 0 0.1255115 -0.9920922 0 -0.1255115 0.9920922 -0 -0.1255115 0.9920922 -0 0 0 0 0 -1 0 0 -1 0 -0 1 -0 -0 1 -0 0 0 0 -0.1255115 -0.9920922 0 -0.1255115 -0.9920922 0 0.1255115 0.9920922 -0 0.1255115 0.9920922 -0 0 0 0 -0.249038 -0.9684937 0 -0.249038 -0.9684937 0 0.249038 0.9684937 -0 0.249038 0.9684937 -0 0 0 0 -0.3686257 -0.9295779 0 -0.3686257 -0.9295779 0 0.3686257 0.9295779 -0 0.3686257 0.9295779 -0 0 0 0 -0.4823834 -0.8759602 0 -0.4823834 -0.8759602 0 0.4823834 0.8759602 -0 0.4823834 0.8759602 -0 0 0 0 -0.5885119 -0.8084886 0 -0.5885119 -0.8084886 0 0.5885119 0.8084886 -0 0.5885119 0.8084886 -0 0 0 0 -0.6381852 -0.7698829 0 -0.6381852 -0.7698829 0 -0.6381852 -0.7698829 0 0.6381852 0.7698829 -0 0.6381852 0.7698829 -0 0.6381852 0.7698829 -0 0 0 0 0 0 0 -0.7698829 0.6381852 0 -0.7698829 0.6381852 0 -0.7698829 0.6381852 0 -0.7698829 0.6381852 0 0.7698829 -0.6381852 -0 0.7698829 -0.6381852 -0 0.7698829 -0.6381852 -0 0.7698829 -0.6381852 -0 0 0 0 0.5885119 0.8084886 3.852524e-19 0.6381852 0.7698829 7.6898e-19 0.5885119 0.8084886 3.852524e-19 0.6381852 0.7698829 7.6898e-19 0.6381852 0.7698829 7.6898e-19 -0.6381852 -0.7698829 -7.6898e-19 -0.5885119 -0.8084886 -3.852524e-19 -0.6381852 -0.7698829 -7.6898e-19 -0.6381852 -0.7698829 -7.6898e-19 -0.5885119 -0.8084886 -3.852524e-19 0 0 0 0 0 0 0.4823834 0.8759602 0 0.4823834 0.8759602 0 -0.4823834 -0.8759602 -0 -0.4823834 -0.8759602 -0 0 0 0 0.3686257 0.9295779 0 0.3686257 0.9295779 0 -0.3686257 -0.9295779 -0 -0.3686257 -0.9295779 -0 0 0 0 0.249038 0.9684937 0 0.249038 0.9684937 0 -0.249038 -0.9684937 -0 -0.249038 -0.9684937 -0 0 0 0 0.1255115 0.9920922 0 0.1255115 0.9920922 0 -0.1255115 -0.9920922 -0 -0.1255115 -0.9920922 -0 0 0 0 -7.303224e-16 1 0 -7.303224e-16 1 0 7.303224e-16 -1 -0 7.303224e-16 -1 -0 0 0 0 -0.1255115 0.9920922 0 -0.1255115 0.9920922 0 0.1255115 -0.9920922 -0 0.1255115 -0.9920922 -0 0 0 0 -0.249038 0.9684937 0 -0.249038 0.9684937 0 0.249038 -0.9684937 -0 0.249038 -0.9684937 -0 0 0 0 -0.3686257 0.9295779 0 -0.3686257 0.9295779 0 0.3686257 -0.9295779 -0 0.3686257 -0.9295779 -0 0 0 0 -0.4823834 0.8759602 0 -0.4823834 0.8759602 0 0.4823834 -0.8759602 -0 0.4823834 -0.8759602 -0 0 0 0 -0.5885119 0.8084886 -7.705048e-19 -0.5885119 0.8084886 -7.705048e-19 0.5885119 -0.8084886 7.705048e-19 0.5885119 -0.8084886 7.705048e-19 0 0 0 -0.6381852 0.7698829 -1.53796e-18 -0.6381852 0.7698829 -1.53796e-18 -0.6381852 0.7698829 -1.53796e-18 0.6381852 -0.7698829 1.53796e-18 0.6381852 -0.7698829 1.53796e-18 0.6381852 -0.7698829 1.53796e-18 0 0 0 0 0 0 0.7698829 0.6381852 -0 0.7698829 0.6381852 -0 0.7698829 0.6381852 -0 0.7698829 0.6381852 -0 -0.7698829 -0.6381852 0 -0.7698829 -0.6381852 0 -0.7698829 -0.6381852 0 -0.7698829 -0.6381852 0 0 0 0 0.5885119 -0.8084886 1.423636e-18 0.6381852 -0.7698829 2.841637e-18 0.5885119 -0.8084886 1.423636e-18 0.6381852 -0.7698829 2.841637e-18 0.6381852 -0.7698829 2.841637e-18 -0.6381852 0.7698829 -2.841637e-18 -0.5885119 0.8084886 -1.423636e-18 -0.6381852 0.7698829 -2.841637e-18 -0.6381852 0.7698829 -2.841637e-18 -0.5885119 0.8084886 -1.423636e-18 0 0 0 0 0 0 -1 0 0 -1 0 0 -1 0 0 -1 0 0 -1 0 0 -1 0 0 -1 0 0 -1 0 0 1 -0 -0 1 -0 -0 1 -0 -0 1 -0 -0 1 -0 -0 1 -0 -0 1 -0 -0 1 -0 -0 0 0 0 0 0 0 0 0 0 0 0 0 0 0 0 0 0 0 2.31749e-15 -3.252304e-16 -1 2.31749e-15 -3.252304e-16 -1 2.31749e-15 -3.252304e-16 -1 2.31749e-15 -3.252304e-16 -1 -2.31749e-15 3.252304e-16 1 -2.31749e-15 3.252304e-16 1 -2.31749e-15 3.252304e-16 1 -2.31749e-15 3.252304e-16 1 0 0 0 1 -0 -0 1 -0 -0 1 -0 -0 1 -0 -0 1 -0 -0 1 -0 -0 1 -0 -0 1 -0 -0 -1 0 0 -1 0 0 -1 0 0 -1 0 0 -1 0 0 -1 0 0 -1 0 0 -1 0 0 0 0 0 0 0 0 0 0 0 0 0 0 0 0 0 -1 0 0 -1 0 0 -1 0 0 -1 0 0 1 -0 -0 1 -0 -0 1 -0 -0 1 -0 -0 0 0 0 0 0 0 0 0 -1 0 0 -1 0 0 -1 0 0 -1 0 0 -1 0 0 -1 0 0 -1 0 0 -1 0 0 -1 0 0 -1 0 0 -1 0 0 -1 -0 -0 1 -0 -0 1 -0 -0 1 -0 -0 1 -0 -0 1 -0 -0 1 -0 -0 1 -0 -0 1 -0 -0 1 -0 -0 1 -0 -0 1 -0 -0 1 0 0 0 0 0 0 0 0 0 0 0 0 0 0 0 0 0 0 0 0 0 0 0 0 0 0 0 1 -0 -0 1 -0 -0 1 -0 -0 1 -0 -0 -1 0 0 -1 0 0 -1 0 0 -1 0 0 0 0 0 -0 1 -0 -0 1 -0 -0 1 -0 -0 1 -0 0 -1 0 0 -1 0 0 -1 0 0 -1 0 -2.121317e-15 -8.765188e-16 -1 -2.121317e-15 -8.765188e-16 -1 -2.121317e-15 -8.765188e-16 -1 -2.121317e-15 -8.765188e-16 -1 2.121317e-15 8.765188e-16 1 2.121317e-15 8.765188e-16 1 2.121317e-15 8.765188e-16 1 2.121317e-15 8.765188e-16 1 0 6.700069e-16 -1 0 6.700069e-16 -1 0 6.700069e-16 -1 0 6.700069e-16 -1 -0 -6.700069e-16 1 -0 -6.700069e-16 1 -0 -6.700069e-16 1 -0 -6.700069e-16 1 -0 1 -0 -0 1 -0 -0 1 -0 -0 1 -0 0 -1 0 0 -1 0 0 -1 0 0 -1 0 0 0 0 1 -0 -0 1 -0 -0 1 -0 -0 1 -0 -0 -1 0 0 -1 0 0 -1 0 0 -1 0 0 0 0 0 0 0 0 -0 1 -0 -0 1 -0 -0 1 -0 -0 1 -0 0 -1 0 0 -1 0 0 -1 0 0 -1 0 0 0 0 1 -0 -0 1 -0 -0 1 -0 -0 1 -0 -0 -1 0 0 -1 0 0 -1 0 0 -1 0 0 0 0 0 0 -1 0 0 -1 0 0 -1 0 0 -1 0 -0 1 -0 -0 1 -0 -0 1 -0 -0 1 -0 1 -0 -0 1 -0 -0 1 -0 -0 1 -0 -0 -1 0 0 -1 0 0 -1 0 0 -1 0 0 0 0 0 -0 1 -0 -0 1 -0 -0 1 -0 -0 1 -0 0 -1 0 0 -1 0 0 -1 0 0 -1 0 0 0 0 1 -0 -0 1 -0 -0 1 -0 -0 1 -0 -0 -1 0 0 -1 0 0 -1 0 0 -1 0 0 0 0 0 0 -1 0 0 -1 0 0 -1 0 0 -1 0 -0 1 -0 -0 1 -0 -0 1 -0 -0 1 -0</float_array>
                    <technique_common>
                        <accessor count="444" source="#ID63" stride="3">
                            <param name="X" type="float" />
                            <param name="Y" type="float" />
                            <param name="Z" type="float" />
                        </accessor>
                    </technique_common>
                </source>
                <source id="ID56">
                    <Name_array id="ID64" count="0" />
                    <technique_common>
                        <accessor count="0" source="#ID64" stride="1">
                            <param name="skp_material" type="Name" />
                        </accessor>
                    </technique_common>
                </source>
                <vertices id="ID57">
                    <input semantic="POSITION" source="#ID54" />
                    <input semantic="NORMAL" source="#ID55" />
                </vertices>
                <triangles count="132" material="Material2">
                    <input offset="0" semantic="VERTEX" source="#ID57" />
                    <p>0 1 2 1 0 3 3 0 4 3 4 5 5 4 6 5 6 7 7 6 8 7 8 9 9 8 10 9 10 11 11 10 12 11 12 13 13 12 14 14 12 15 14 15 16 16 15 17 16 17 18 18 17 19 18 19 20 20 19 21 20 21 22 22 21 23 22 23 24 24 23 25 78 79 80 79 78 81 88 80 89 80 88 78 93 89 94 89 93 88 98 94 99 94 98 93 103 99 104 99 103 98 108 104 109 104 108 103 113 109 114 109 113 108 118 114 119 114 118 113 123 119 124 119 123 118 128 124 129 124 128 123 123 128 130 136 137 138 137 136 139 145 146 147 146 145 148 148 145 149 157 147 158 147 157 145 162 158 163 158 162 157 167 163 168 163 167 162 172 168 173 168 172 167 177 173 178 173 177 172 182 178 183 178 182 177 187 183 188 183 187 182 192 188 193 188 192 187 197 193 198 193 197 192 202 198 203 198 202 197 207 203 208 203 207 202 202 207 209 215 216 217 216 215 218 224 225 226 225 224 227 227 224 228 81 226 79 226 81 224 236 237 238 237 236 239 239 236 240 239 240 241 239 241 242 239 242 243 258 259 260 259 258 261 267 268 269 268 267 270 270 267 271 271 267 272 272 267 273 273 267 274 288 289 290 289 288 291 298 299 300 299 298 301 301 298 302 302 298 303 303 298 304 304 298 305 302 306 307 306 302 303 299 308 309 308 299 301 331 332 333 332 331 334 340 341 342 341 340 343 348 349 350 349 348 351 356 357 358 357 356 359 364 365 366 365 364 367 373 374 375 374 373 376 383 384 385 384 383 386 392 393 394 393 392 395 401 402 403 402 401 404 409 410 411 410 409 412 418 419 420 419 418 421 427 428 429 428 427 430 436 437 438 437 436 439</p>
                </triangles>
                <triangles count="132" material="Material3">
                    <input offset="0" semantic="VERTEX" source="#ID57" />
                    <p>26 27 28 28 27 29 27 30 29 29 30 31 30 32 31 31 32 33 32 34 33 33 34 35 34 36 35 35 36 37 36 38 37 37 38 39 39 38 40 38 41 40 40 41 42 41 43 42 42 43 44 43 45 44 44 45 46 45 47 46 46 47 48 47 49 48 48 49 50 51 50 49 82 83 84 85 84 83 83 90 85 91 85 90 90 95 91 96 91 95 95 100 96 101 96 100 100 105 101 106 101 105 105 110 106 111 106 110 110 115 111 116 111 115 115 120 116 121 116 120 120 125 121 126 121 125 131 132 125 125 132 126 133 126 132 140 141 142 143 142 141 150 151 152 152 151 153 154 153 151 151 159 154 160 154 159 159 164 160 165 160 164 164 169 165 170 165 169 169 174 170 175 170 174 174 179 175 180 175 179 179 184 180 185 180 184 184 189 185 190 185 189 189 194 190 195 190 194 194 199 195 200 195 199 199 204 200 205 200 204 210 211 204 204 211 205 212 205 211 219 220 221 222 221 220 229 230 231 231 230 232 233 232 230 230 82 233 84 233 82 244 245 246 245 247 246 247 248 246 248 249 246 246 249 250 251 250 249 262 263 264 265 264 263 275 276 277 277 276 278 278 276 279 279 276 280 280 276 281 282 281 276 292 293 294 295 294 293 310 311 312 313 312 311 314 315 316 317 316 315 318 319 320 320 319 314 314 319 315 315 319 310 310 319 311 321 311 319 335 336 337 338 337 336 344 345 346 347 346 345 352 353 354 355 354 353 360 361 362 363 362 361 368 369 370 371 370 369 377 378 379 380 379 378 387 388 389 390 389 388 396 397 398 399 398 397 405 406 407 408 407 406 413 414 415 416 415 414 422 423 424 425 424 423 431 432 433 434 433 432 440 441 442 443 442 441</p>
                </triangles>
            </mesh>
        </geometry>
        <geometry id="ID65">
            <mesh>
                <source id="ID66">
                    <float_array id="ID70" count="102">299.6079 -70.19653 4.5 298.734 -71.49036 4.111343 298.734 -70.19653 4.111343 299.6079 -71.49036 4.5 299.6079 -71.49036 4.5 299.6079 -70.19653 4.5 298.734 -71.49036 4.111343 298.734 -70.19653 4.111343 298.734 -70.19653 4.111343 299.6079 -70.19653 4.5 299.6079 -71.49036 4.5 298.734 -71.49036 4.111343 298.5612 -70.19653 4.5 299.6079 -70.19653 4.5 298.734 -70.19653 4.111343 298.734 -70.19653 4.111343 299.6079 -70.19653 4.5 298.5612 -70.19653 4.5 298.5612 -70.19653 4.5 298.5612 -71.49036 4.5 298.734 -71.49036 4.111343 299.6079 -71.49036 4.5 299.6079 -71.49036 4.5 298.734 -71.49036 4.111343 298.5612 -71.49036 4.5 298.5612 -71.49036 4.5 298.5612 -70.19653 4.5 298.734 -71.49036 4.111343 298.5612 -71.49036 4.5 298.734 -70.19653 4.111343 298.734 -70.19653 4.111343 298.5612 -70.19653 4.5 298.734 -71.49036 4.111343 298.5612 -71.49036 4.5</float_array>
                    <technique_common>
                        <accessor count="34" source="#ID70" stride="3">
                            <param name="X" type="float" />
                            <param name="Y" type="float" />
                            <param name="Z" type="float" />
                        </accessor>
                    </technique_common>
                </source>
                <source id="ID67">
                    <float_array id="ID71" count="102">0.4063728 -9.392796e-16 -0.9137074 0.4063728 -9.392796e-16 -0.9137074 0.4063728 -9.392796e-16 -0.9137074 0.4063728 -9.392796e-16 -0.9137074 -0.4063728 9.392796e-16 0.9137074 -0.4063728 9.392796e-16 0.9137074 -0.4063728 9.392796e-16 0.9137074 -0.4063728 9.392796e-16 0.9137074 0 0 0 0 0 0 0 0 0 0 0 0 -0 1 -0 -0 1 -0 -0 1 -0 0 -1 0 0 -1 0 0 -1 0 0 0 0 0 -1 0 0 -1 0 0 -1 0 -0 1 -0 -0 1 -0 -0 1 -0 0 0 0 -0.9137074 -5.592407e-16 -0.4063728 -0.9137074 -5.592407e-16 -0.4063728 -0.9137074 -5.592407e-16 -0.4063728 -0.9137074 -5.592407e-16 -0.4063728 0.9137074 5.592407e-16 0.4063728 0.9137074 5.592407e-16 0.4063728 0.9137074 5.592407e-16 0.4063728 0.9137074 5.592407e-16 0.4063728</float_array>
                    <technique_common>
                        <accessor count="34" source="#ID71" stride="3">
                            <param name="X" type="float" />
                            <param name="Y" type="float" />
                            <param name="Z" type="float" />
                        </accessor>
                    </technique_common>
                </source>
                <source id="ID68">
                    <Name_array id="ID72" count="0" />
                    <technique_common>
                        <accessor count="0" source="#ID72" stride="1">
                            <param name="skp_material" type="Name" />
                        </accessor>
                    </technique_common>
                </source>
                <vertices id="ID69">
                    <input semantic="POSITION" source="#ID66" />
                    <input semantic="NORMAL" source="#ID67" />
                </vertices>
                <triangles count="6" material="Material2">
                    <input offset="0" semantic="VERTEX" source="#ID69" />
                    <p>0 1 2 1 0 3 12 13 14 19 20 21 26 27 28 27 26 29</p>
                </triangles>
                <triangles count="6" material="Material3">
                    <input offset="0" semantic="VERTEX" source="#ID69" />
                    <p>4 5 6 7 6 5 15 16 17 22 23 24 30 31 32 33 32 31</p>
                </triangles>
            </mesh>
        </geometry>
        <geometry id="ID73">
            <mesh>
                <source id="ID74">
                    <float_array id="ID78" count="804">297.5803 -70.19653 6.705579 298.5612 -71.49036 4.5 297.5803 -71.49036 6.705579 298.5612 -70.19653 4.5 298.5612 -70.19653 4.5 297.5803 -70.19653 6.705579 298.5612 -71.49036 4.5 297.5803 -71.49036 6.705579 298.5612 -70.19653 4.5 297.5803 -70.19653 6.705579 298.5612 -71.49036 4.5 297.5803 -71.49036 6.705579 270.7848 -70.19653 13.68093 273.7145 -70.19653 14.30744 271.2729 -70.19653 12.85845 273.2897 -70.19653 15.16744 276.2808 -70.19653 15.33879 275.9923 -70.19653 16.25363 278.9745 -70.19653 15.96579 281.7324 -70.19653 16.17371 287.4726 -70.19653 16.2367 284.6377 -70.19653 16.9054 278.8293 -70.19653 16.91396 281.7338 -70.19653 17.13294 298.5612 -70.19653 4.5 298.4243 -70.19653 7.161414 299.6079 -70.19653 4.5 297.5803 -70.19653 6.705579 296.0833 -70.19653 9.031162 296.8477 -70.19653 9.61064 294.2485 -70.19653 11.10062 294.9153 -70.19653 11.79012 292.1189 -70.19653 12.86532 292.6726 -70.19653 13.64865 289.7447 -70.19653 14.2838 290.1721 -70.19653 15.14254 287.1815 -70.19653 15.32271 284.4896 -70.19653 15.95766 281.7324 -70.19653 16.17371 284.4896 -70.19653 15.95766 287.4726 -70.19653 16.2367 287.1815 -70.19653 15.32271 290.1721 -70.19653 15.14254 289.7447 -70.19653 14.2838 292.6726 -70.19653 13.64865 292.1189 -70.19653 12.86532 294.9153 -70.19653 11.79012 294.2485 -70.19653 11.10062 296.8477 -70.19653 9.61064 296.0833 -70.19653 9.031162 298.4243 -70.19653 7.161414 297.5803 -70.19653 6.705579 298.5612 -70.19653 4.5 299.6079 -70.19653 4.5 281.7338 -70.19653 17.13294 278.8293 -70.19653 16.91396 284.6377 -70.19653 16.9054 275.9923 -70.19653 16.25363 278.9745 -70.19653 15.96579 276.2808 -70.19653 15.33879 273.2897 -70.19653 15.16744 273.7145 -70.19653 14.30744 270.7848 -70.19653 13.68093 271.2729 -70.19653 12.85845 298.4243 -70.19653 7.161414 299.6079 -70.19653 4.5 296.0833 -70.19653 9.031162 294.2485 -70.19653 11.10062 292.1189 -70.19653 12.86532 289.7447 -70.19653 14.2838 287.1815 -70.19653 15.32271 284.4896 -70.19653 15.95766 281.7324 -70.19653 16.17371 278.9745 -70.19653 15.96579 276.2808 -70.19653 15.33879 273.7145 -70.19653 14.30744 271.2729 -70.19653 12.85845 270.7848 -70.19653 13.68093 273.2897 -70.19653 15.16744 275.9923 -70.19653 16.25363 278.8293 -70.19653 16.91396 281.7338 -70.19653 17.13294 284.6377 -70.19653 16.9054 287.4726 -70.19653 16.2367 290.1721 -70.19653 15.14254 292.6726 -70.19653 13.64865 294.9153 -70.19653 11.79012 296.8477 -70.19653 9.61064 298.4243 -71.49036 7.161414 298.5612 -71.49036 4.5 299.6079 -71.49036 4.5 297.5803 -71.49036 6.705579 296.0833 -71.49036 9.031162 296.8477 -71.49036 9.61064 294.2485 -71.49036 11.10062 294.9153 -71.49036 11.79012 292.1189 -71.49036 12.86532 292.6726 -71.49036 13.64865 289.7447 -71.49036 14.2838 290.1721 -71.49036 15.14254 287.1815 -71.49036 15.32271 287.4726 -71.49036 16.2367 284.4896 -71.49036 15.95766 281.7324 -71.49036 16.17371 273.7145 -71.49036 14.30744 270.7848 -71.49036 13.68093 271.2729 -71.49036 12.85845 273.2897 -71.49036 15.16744 276.2808 -71.49036 15.33879 275.9923 -71.49036 16.25363 278.9745 -71.49036 15.96579 284.6377 -71.49036 16.9054 278.8293 -71.49036 16.91396 281.7338 -71.49036 17.13294 281.7338 -71.49036 17.13294 284.6377 -71.49036 16.9054 278.8293 -71.49036 16.91396 275.9923 -71.49036 16.25363 287.4726 -71.49036 16.2367 281.7324 -71.49036 16.17371 278.9745 -71.49036 15.96579 276.2808 -71.49036 15.33879 273.2897 -71.49036 15.16744 273.7145 -71.49036 14.30744 270.7848 -71.49036 13.68093 271.2729 -71.49036 12.85845 284.4896 -71.49036 15.95766 287.1815 -71.49036 15.32271 290.1721 -71.49036 15.14254 289.7447 -71.49036 14.2838 292.6726 -71.49036 13.64865 292.1189 -71.49036 12.86532 294.9153 -71.49036 11.79012 294.2485 -71.49036 11.10062 296.8477 -71.49036 9.61064 296.0833 -71.49036 9.031162 298.4243 -71.49036 7.161414 297.5803 -71.49036 6.705579 298.5612 -71.49036 4.5 299.6079 -71.49036 4.5 299.6079 -71.49036 4.5 298.4243 -71.49036 7.161414 296.8477 -71.49036 9.61064 294.9153 -71.49036 11.79012 292.6726 -71.49036 13.64865 290.1721 -71.49036 15.14254 287.4726 -71.49036 16.2367 284.6377 -71.49036 16.9054 281.7338 -71.49036 17.13294 278.8293 -71.49036 16.91396 275.9923 -71.49036 16.25363 273.2897 -71.49036 15.16744 270.7848 -71.49036 13.68093 271.2729 -71.49036 12.85845 273.7145 -71.49036 14.30744 276.2808 -71.49036 15.33879 278.9745 -71.49036 15.96579 281.7324 -71.49036 16.17371 284.4896 -71.49036 15.95766 287.1815 -71.49036 15.32271 289.7447 -71.49036 14.2838 292.1189 -71.49036 12.86532 294.2485 -71.49036 11.10062 296.0833 -71.49036 9.031162 296.0833 -70.19653 9.031162 296.0833 -71.49036 9.031162 296.0833 -70.19653 9.031162 296.0833 -71.49036 9.031162 299.6079 -70.19653 4.5 298.4243 -71.49036 7.161414 299.6079 -71.49036 4.5 298.4243 -70.19653 7.161414 298.4243 -70.19653 7.161414 299.6079 -70.19653 4.5 298.4243 -71.49036 7.161414 299.6079 -71.49036 4.5 294.2485 -70.19653 11.10062 294.2485 -71.49036 11.10062 294.2485 -70.19653 11.10062 294.2485 -71.49036 11.10062 292.1189 -71.49036 12.86532 292.1189 -70.19653 12.86532 292.1189 -71.49036 12.86532 292.1189 -70.19653 12.86532 289.7447 -71.49036 14.2838 289.7447 -70.19653 14.2838 289.7447 -71.49036 14.2838 289.7447 -70.19653 14.2838 287.1815 -71.49036 15.32271 287.1815 -70.19653 15.32271 287.1815 -71.49036 15.32271 287.1815 -70.19653 15.32271 284.4896 -71.49036 15.95766 284.4896 -70.19653 15.95766 284.4896 -71.49036 15.95766 284.4896 -70.19653 15.95766 281.7324 -71.49036 16.17371 281.7324 -70.19653 16.17371 281.7324 -71.49036 16.17371 281.7324 -70.19653 16.17371 278.9745 -71.49036 15.96579 278.9745 -70.19653 15.96579 278.9745 -71.49036 15.96579 278.9745 -70.19653 15.96579 276.2808 -71.49036 15.33879 276.2808 -70.19653 15.33879 276.2808 -71.49036 15.33879 276.2808 -70.19653 15.33879 273.7145 -71.49036 14.30744 273.7145 -70.19653 14.30744 273.7145 -71.49036 14.30744 273.7145 -70.19653 14.30744 271.2729 -71.49036 12.85845 271.2729 -70.19653 12.85845 271.2729 -71.49036 12.85845 271.2729 -70.19653 12.85845 270.7848 -70.19653 13.68093 271.2729 -71.49036 12.85845 270.7848 -71.49036 13.68093 271.2729 -70.19653 12.85845 271.2729 -70.19653 12.85845 270.7848 -70.19653 13.68093 271.2729 -71.49036 12.85845 270.7848 -71.49036 13.68093 273.2897 -71.49036 15.16744 270.7848 -70.19653 13.68093 270.7848 -71.49036 13.68093 273.2897 -70.19653 15.16744 273.2897 -70.19653 15.16744 273.2897 -71.49036 15.16744 270.7848 -70.19653 13.68093 270.7848 -71.49036 13.68093 275.9923 -71.49036 16.25363 275.9923 -70.19653 16.25363 275.9923 -70.19653 16.25363 275.9923 -71.49036 16.25363 278.8293 -71.49036 16.91396 278.8293 -70.19653 16.91396 278.8293 -70.19653 16.91396 278.8293 -71.49036 16.91396 281.7338 -71.49036 17.13294 281.7338 -70.19653 17.13294 281.7338 -70.19653 17.13294 281.7338 -71.49036 17.13294 284.6377 -71.49036 16.9054 284.6377 -70.19653 16.9054 284.6377 -70.19653 16.9054 284.6377 -71.49036 16.9054 287.4726 -71.49036 16.2367 287.4726 -70.19653 16.2367 287.4726 -70.19653 16.2367 287.4726 -71.49036 16.2367 290.1721 -71.49036 15.14254 290.1721 -70.19653 15.14254 290.1721 -70.19653 15.14254 290.1721 -71.49036 15.14254 292.6726 -71.49036 13.64865 292.6726 -70.19653 13.64865 292.6726 -70.19653 13.64865 292.6726 -71.49036 13.64865 294.9153 -71.49036 11.79012 294.9153 -70.19653 11.79012 294.9153 -70.19653 11.79012 294.9153 -71.49036 11.79012 296.8477 -70.19653 9.61064 296.8477 -71.49036 9.61064 296.8477 -70.19653 9.61064 296.8477 -71.49036 9.61064</float_array>
                    <technique_common>
                        <accessor count="268" source="#ID78" stride="3">
                            <param name="X" type="float" />
                            <param name="Y" type="float" />
                            <param name="Z" type="float" />
                        </accessor>
                    </technique_common>
                </source>
                <source id="ID75">
                    <float_array id="ID79" count="804">-0.879872 -6.573671e-16 -0.4752107 -0.9137074 -5.929299e-16 -0.4063728 -0.879872 -6.573671e-16 -0.4752107 -0.9137074 -5.929299e-16 -0.4063728 0.9137074 5.929299e-16 0.4063728 0.879872 6.573671e-16 0.4752107 0.9137074 5.929299e-16 0.4063728 0.879872 6.573671e-16 0.4752107 0 0 0 0 0 0 0 0 0 0 0 0 -1.337182e-15 1 -1.004165e-15 -1.337182e-15 1 -1.004165e-15 -1.337182e-15 1 -1.004165e-15 -1.337182e-15 1 -1.004165e-15 -1.337182e-15 1 -1.004165e-15 -1.337182e-15 1 -1.004165e-15 -1.337182e-15 1 -1.004165e-15 -1.337182e-15 1 -1.004165e-15 -1.337182e-15 1 -1.004165e-15 -1.337182e-15 1 -1.004165e-15 -1.337182e-15 1 -1.004165e-15 -1.337182e-15 1 -1.004165e-15 -1.337182e-15 1 -1.004165e-15 -1.337182e-15 1 -1.004165e-15 -1.337182e-15 1 -1.004165e-15 -1.337182e-15 1 -1.004165e-15 -1.337182e-15 1 -1.004165e-15 -1.337182e-15 1 -1.004165e-15 -1.337182e-15 1 -1.004165e-15 -1.337182e-15 1 -1.004165e-15 -1.337182e-15 1 -1.004165e-15 -1.337182e-15 1 -1.004165e-15 -1.337182e-15 1 -1.004165e-15 -1.337182e-15 1 -1.004165e-15 -1.337182e-15 1 -1.004165e-15 -1.337182e-15 1 -1.004165e-15 1.337182e-15 -1 1.004165e-15 1.337182e-15 -1 1.004165e-15 1.337182e-15 -1 1.004165e-15 1.337182e-15 -1 1.004165e-15 1.337182e-15 -1 1.004165e-15 1.337182e-15 -1 1.004165e-15 1.337182e-15 -1 1.004165e-15 1.337182e-15 -1 1.004165e-15 1.337182e-15 -1 1.004165e-15 1.337182e-15 -1 1.004165e-15 1.337182e-15 -1 1.004165e-15 1.337182e-15 -1 1.004165e-15 1.337182e-15 -1 1.004165e-15 1.337182e-15 -1 1.004165e-15 1.337182e-15 -1 1.004165e-15 1.337182e-15 -1 1.004165e-15 1.337182e-15 -1 1.004165e-15 1.337182e-15 -1 1.004165e-15 1.337182e-15 -1 1.004165e-15 1.337182e-15 -1 1.004165e-15 1.337182e-15 -1 1.004165e-15 1.337182e-15 -1 1.004165e-15 1.337182e-15 -1 1.004165e-15 1.337182e-15 -1 1.004165e-15 1.337182e-15 -1 1.004165e-15 1.337182e-15 -1 1.004165e-15 0 0 0 0 0 0 0 0 0 0 0 0 0 0 0 0 0 0 0 0 0 0 0 0 0 0 0 0 0 0 0 0 0 0 0 0 0 0 0 0 0 0 0 0 0 0 0 0 0 0 0 0 0 0 0 0 0 0 0 0 0 0 0 0 0 0 0 0 0 0 0 0 1.337182e-15 -1 1.004165e-15 1.337182e-15 -1 1.004165e-15 1.337182e-15 -1 1.004165e-15 1.337182e-15 -1 1.004165e-15 1.337182e-15 -1 1.004165e-15 1.337182e-15 -1 1.004165e-15 1.337182e-15 -1 1.004165e-15 1.337182e-15 -1 1.004165e-15 1.337182e-15 -1 1.004165e-15 1.337182e-15 -1 1.004165e-15 1.337182e-15 -1 1.004165e-15 1.337182e-15 -1 1.004165e-15 1.337182e-15 -1 1.004165e-15 1.337182e-15 -1 1.004165e-15 1.337182e-15 -1 1.004165e-15 1.337182e-15 -1 1.004165e-15 1.337182e-15 -1 1.004165e-15 1.337182e-15 -1 1.004165e-15 1.337182e-15 -1 1.004165e-15 1.337182e-15 -1 1.004165e-15 1.337182e-15 -1 1.004165e-15 1.337182e-15 -1 1.004165e-15 1.337182e-15 -1 1.004165e-15 1.337182e-15 -1 1.004165e-15 1.337182e-15 -1 1.004165e-15 1.337182e-15 -1 1.004165e-15 -1.337182e-15 1 -1.004165e-15 -1.337182e-15 1 -1.004165e-15 -1.337182e-15 1 -1.004165e-15 -1.337182e-15 1 -1.004165e-15 -1.337182e-15 1 -1.004165e-15 -1.337182e-15 1 -1.004165e-15 -1.337182e-15 1 -1.004165e-15 -1.337182e-15 1 -1.004165e-15 -1.337182e-15 1 -1.004165e-15 -1.337182e-15 1 -1.004165e-15 -1.337182e-15 1 -1.004165e-15 -1.337182e-15 1 -1.004165e-15 -1.337182e-15 1 -1.004165e-15 -1.337182e-15 1 -1.004165e-15 -1.337182e-15 1 -1.004165e-15 -1.337182e-15 1 -1.004165e-15 -1.337182e-15 1 -1.004165e-15 -1.337182e-15 1 -1.004165e-15 -1.337182e-15 1 -1.004165e-15 -1.337182e-15 1 -1.004165e-15 -1.337182e-15 1 -1.004165e-15 -1.337182e-15 1 -1.004165e-15 -1.337182e-15 1 -1.004165e-15 -1.337182e-15 1 -1.004165e-15 -1.337182e-15 1 -1.004165e-15 -1.337182e-15 1 -1.004165e-15 0 0 0 0 0 0 0 0 0 0 0 0 0 0 0 0 0 0 0 0 0 0 0 0 0 0 0 0 0 0 0 0 0 0 0 0 0 0 0 0 0 0 0 0 0 0 0 0 0 0 0 0 0 0 0 0 0 0 0 0 0 0 0 0 0 0 0 0 0 0 0 0 -0.7969007 -8.233774e-16 -0.6041103 -0.7969007 -8.233774e-16 -0.6041103 0.7969007 8.233774e-16 0.6041103 0.7969007 8.233774e-16 0.6041103 0.9137074 2.695136e-16 0.4063728 0.879872 2.431626e-16 0.4752107 0.9137074 2.695136e-16 0.4063728 0.879872 2.431626e-16 0.4752107 -0.879872 -2.431626e-16 -0.4752107 -0.9137074 -2.695136e-16 -0.4063728 -0.879872 -2.431626e-16 -0.4752107 -0.9137074 -2.695136e-16 -0.4063728 -0.6952028 -9.755241e-16 -0.7188137 -0.6952028 -9.755241e-16 -0.7188137 0.6952028 9.755241e-16 0.7188137 0.6952028 9.755241e-16 0.7188137 -0.577168 -1.111752e-15 -0.8166254 -0.577168 -1.111752e-15 -0.8166254 0.577168 1.111752e-15 0.8166254 0.577168 1.111752e-15 0.8166254 -0.4455702 -9.078083e-16 -0.895247 -0.4455702 -9.078083e-16 -0.895247 0.4455702 9.078083e-16 0.895247 0.4455702 9.078083e-16 0.895247 -0.3035017 -3.117368e-16 -0.9528309 -0.3035017 -3.117368e-16 -0.9528309 0.3035017 3.117368e-16 0.9528309 0.3035017 3.117368e-16 0.9528309 -0.1543012 -3.506513e-18 -0.9880239 -0.1543012 -3.506513e-18 -0.9880239 0.1543012 3.506513e-18 0.9880239 0.1543012 3.506513e-18 0.9880239 -0.001474683 0 -0.9999989 -0.001474683 0 -0.9999989 0.001474683 -0 0.9999989 0.001474683 -0 0.9999989 0.1513865 0 -0.9884746 0.1513865 0 -0.9884746 -0.1513865 -0 0.9884746 -0.1513865 -0 0.9884746 0.3006902 3.295336e-16 -0.9537219 0.3006902 3.295336e-16 -0.9537219 -0.3006902 -3.295336e-16 0.9537219 -0.3006902 -3.295336e-16 0.9537219 0.4429278 9.158647e-16 -0.8965573 0.4429278 9.158647e-16 -0.8965573 -0.4429278 -9.158647e-16 0.8965573 -0.4429278 -9.158647e-16 0.8965573 0.5103437 1.169213e-15 -0.8599705 0.5103437 1.169213e-15 -0.8599705 -0.5103437 -1.169213e-15 0.8599705 -0.5103437 -1.169213e-15 0.8599705 -0.8599705 3.384689e-16 -0.5103437 -0.8599705 3.384689e-16 -0.5103437 -0.8599705 3.384689e-16 -0.5103437 -0.8599705 3.384689e-16 -0.5103437 0.8599705 -3.384689e-16 0.5103437 0.8599705 -3.384689e-16 0.5103437 0.8599705 -3.384689e-16 0.5103437 0.8599705 -3.384689e-16 0.5103437 -0.4429278 1.718237e-18 0.8965573 -0.5103437 -0 0.8599705 -0.5103437 -0 0.8599705 -0.4429278 1.718237e-18 0.8965573 0.4429278 -1.718237e-18 -0.8965573 0.4429278 -1.718237e-18 -0.8965573 0.5103437 0 -0.8599705 0.5103437 0 -0.8599705 -0.3006902 1.718237e-18 0.9537219 -0.3006902 1.718237e-18 0.9537219 0.3006902 -1.718237e-18 -0.9537219 0.3006902 -1.718237e-18 -0.9537219 -0.1513865 0 0.9884746 -0.1513865 0 0.9884746 0.1513865 -0 -0.9884746 0.1513865 -0 -0.9884746 0.001474683 0 0.9999989 0.001474683 0 0.9999989 -0.001474683 -0 -0.9999989 -0.001474683 -0 -0.9999989 0.1543012 4.100112e-18 0.9880239 0.1543012 4.100112e-18 0.9880239 -0.1543012 -4.100112e-18 -0.9880239 -0.1543012 -4.100112e-18 -0.9880239 0.3035017 4.100112e-18 0.9528309 0.3035017 4.100112e-18 0.9528309 -0.3035017 -4.100112e-18 -0.9528309 -0.3035017 -4.100112e-18 -0.9528309 0.4455702 0 0.895247 0.4455702 0 0.895247 -0.4455702 -0 -0.895247 -0.4455702 -0 -0.895247 0.577168 0 0.8166254 0.577168 0 0.8166254 -0.577168 -0 -0.8166254 -0.577168 -0 -0.8166254 0.6952028 0 0.7188137 0.6952028 0 0.7188137 -0.6952028 -0 -0.7188137 -0.6952028 -0 -0.7188137 0.7969007 1.080082e-16 0.6041103 0.7969007 1.080082e-16 0.6041103 -0.7969007 -1.080082e-16 -0.6041103 -0.7969007 -1.080082e-16 -0.6041103</float_array>
                    <technique_common>
                        <accessor count="268" source="#ID79" stride="3">
                            <param name="X" type="float" />
                            <param name="Y" type="float" />
                            <param name="Z" type="float" />
                        </accessor>
                    </technique_common>
                </source>
                <source id="ID76">
                    <Name_array id="ID80" count="0" />
                    <technique_common>
                        <accessor count="0" source="#ID80" stride="1">
                            <param name="skp_material" type="Name" />
                        </accessor>
                    </technique_common>
                </source>
                <vertices id="ID77">
                    <input semantic="POSITION" source="#ID74" />
                    <input semantic="NORMAL" source="#ID75" />
                </vertices>
                <triangles count="98" material="Material3">
                    <input offset="0" semantic="VERTEX" source="#ID77" />
                    <p>0 1 2 1 0 3 12 13 14 13 12 15 13 15 16 16 15 17 16 17 18 18 17 19 19 17 20 20 17 21 21 17 22 21 22 23 24 25 26 25 24 27 25 27 28 25 28 29 29 28 30 29 30 31 31 30 32 31 32 33 33 32 34 33 34 35 35 34 36 35 36 20 20 36 37 20 37 19 88 89 90 89 88 91 91 88 92 92 88 93 92 93 94 94 93 95 94 95 96 96 95 97 96 97 98 98 97 99 98 99 100 100 99 101 100 101 102 102 101 103 104 105 106 105 104 107 107 104 108 107 108 109 109 108 110 109 110 103 109 103 101 109 101 111 109 111 112 112 111 113 164 2 165 2 164 0 168 169 170 169 168 171 176 165 177 165 176 164 176 180 181 180 176 177 181 184 185 184 181 180 185 188 189 188 185 184 189 192 193 192 189 188 193 196 197 196 193 192 197 200 201 200 197 196 201 204 205 204 201 200 205 208 209 208 205 204 209 212 213 212 209 208 216 217 218 217 216 219 224 225 226 225 224 227 232 227 224 227 232 233 236 233 232 233 236 237 240 237 236 237 240 241 244 241 240 241 244 245 248 245 244 245 248 249 252 249 248 249 252 253 256 253 252 253 256 257 260 257 256 257 260 261 264 260 265 260 264 261 171 265 169 265 171 264</p>
                </triangles>
                <triangles count="98" material="Material2">
                    <input offset="0" semantic="VERTEX" source="#ID77" />
                    <p>4 5 6 7 6 5 38 39 40 39 41 40 40 41 42 41 43 42 42 43 44 43 45 44 44 45 46 45 47 46 46 47 48 47 49 48 48 49 50 49 51 50 51 52 50 53 50 52 54 55 56 55 57 56 56 57 40 40 57 38 38 57 58 58 57 59 57 60 59 59 60 61 60 62 61 63 61 62 114 115 116 116 115 117 115 118 117 118 119 117 119 120 117 120 121 117 117 121 122 121 123 122 122 123 124 125 124 123 119 118 126 126 118 127 118 128 127 127 128 129 128 130 129 129 130 131 130 132 131 131 132 133 132 134 133 133 134 135 134 136 135 135 136 137 137 136 138 139 138 136 5 166 7 167 7 166 172 173 174 175 174 173 166 178 167 179 167 178 179 178 182 183 182 178 182 183 186 187 186 183 186 187 190 191 190 187 190 191 194 195 194 191 194 195 198 199 198 195 198 199 202 203 202 199 202 203 206 207 206 203 206 207 210 211 210 207 210 211 214 215 214 211 220 221 222 223 222 221 228 229 230 231 230 229 234 235 228 229 228 235 238 239 234 235 234 239 242 243 238 239 238 243 246 247 242 243 242 247 250 251 246 247 246 251 254 255 250 251 250 255 258 259 254 255 254 259 262 263 258 259 258 263 262 266 263 267 263 266 266 172 267 174 267 172</p>
                </triangles>
            </mesh>
        </geometry>
        <geometry id="ID81">
            <mesh>
                <source id="ID82">
                    <float_array id="ID86" count="102">299.6079 -52.19556 4.5 298.84 -54.28902 4.037307 298.84 -52.19556 4.037307 299.6079 -54.28902 4.5 299.6079 -54.28902 4.5 299.6079 -52.19556 4.5 298.84 -54.28902 4.037307 298.84 -52.19556 4.037307 298.84 -52.19556 4.037307 299.6079 -52.19556 4.5 299.6079 -54.28902 4.5 298.84 -54.28902 4.037307 299.6079 -52.19556 4.5 298.84 -52.19556 4.037307 298.5612 -52.19556 4.5 298.5612 -52.19556 4.5 298.84 -52.19556 4.037307 299.6079 -52.19556 4.5 298.5612 -52.19556 4.5 299.6079 -54.28902 4.5 298.5612 -54.28902 4.5 298.84 -54.28902 4.037307 298.84 -54.28902 4.037307 298.5612 -54.28902 4.5 299.6079 -54.28902 4.5 298.5612 -54.28902 4.5 298.5612 -52.19556 4.5 298.84 -54.28902 4.037307 298.5612 -54.28902 4.5 298.84 -52.19556 4.037307 298.84 -52.19556 4.037307 298.5612 -52.19556 4.5 298.84 -54.28902 4.037307 298.5612 -54.28902 4.5</float_array>
                    <technique_common>
                        <accessor count="34" source="#ID86" stride="3">
                            <param name="X" type="float" />
                            <param name="Y" type="float" />
                            <param name="Z" type="float" />
                        </accessor>
                    </technique_common>
                </source>
                <source id="ID83">
                    <float_array id="ID87" count="102">0.5160671 1.790138e-16 -0.8565481 0.5160671 1.790138e-16 -0.8565481 0.5160671 1.790138e-16 -0.8565481 0.5160671 1.790138e-16 -0.8565481 -0.5160671 -1.790138e-16 0.8565481 -0.5160671 -1.790138e-16 0.8565481 -0.5160671 -1.790138e-16 0.8565481 -0.5160671 -1.790138e-16 0.8565481 0 0 0 0 0 0 0 0 0 0 0 0 -0 1 -0 -0 1 -0 -0 1 -0 0 -1 0 0 -1 0 0 -1 0 0 0 0 0 -1 0 0 -1 0 0 -1 0 -0 1 -0 -0 1 -0 -0 1 -0 0 0 0 -0.8565481 0 -0.5160671 -0.8565481 0 -0.5160671 -0.8565481 0 -0.5160671 -0.8565481 0 -0.5160671 0.8565481 -0 0.5160671 0.8565481 -0 0.5160671 0.8565481 -0 0.5160671 0.8565481 -0 0.5160671</float_array>
                    <technique_common>
                        <accessor count="34" source="#ID87" stride="3">
                            <param name="X" type="float" />
                            <param name="Y" type="float" />
                            <param name="Z" type="float" />
                        </accessor>
                    </technique_common>
                </source>
                <source id="ID84">
                    <Name_array id="ID88" count="0" />
                    <technique_common>
                        <accessor count="0" source="#ID88" stride="1">
                            <param name="skp_material" type="Name" />
                        </accessor>
                    </technique_common>
                </source>
                <vertices id="ID85">
                    <input semantic="POSITION" source="#ID82" />
                    <input semantic="NORMAL" source="#ID83" />
                </vertices>
                <triangles count="6" material="Material2">
                    <input offset="0" semantic="VERTEX" source="#ID85" />
                    <p>0 1 2 1 0 3 12 13 14 19 20 21 26 27 28 27 26 29</p>
                </triangles>
                <triangles count="6" material="Material3">
                    <input offset="0" semantic="VERTEX" source="#ID85" />
                    <p>4 5 6 7 6 5 15 16 17 22 23 24 30 31 32 33 32 31</p>
                </triangles>
            </mesh>
        </geometry>
        <geometry id="ID89">
            <mesh>
                <source id="ID90">
                    <float_array id="ID94" count="804">297.2886 -52.19556 6.612205 298.5612 -54.28902 4.5 297.2886 -54.28902 6.612205 298.5612 -52.19556 4.5 298.5612 -52.19556 4.5 297.2886 -52.19556 6.612205 298.5612 -54.28902 4.5 297.2886 -54.28902 6.612205 298.5612 -52.19556 4.5 297.2886 -52.19556 6.612205 298.5612 -54.28902 4.5 297.2886 -54.28902 6.612205 268.0612 -52.19556 15.00546 271.1838 -52.19556 15.30543 268.3984 -52.19556 14.17472 270.9 -52.19556 16.15787 274.0353 -52.19556 16.05503 276.9594 -52.19556 16.43286 273.8632 -52.19556 16.93682 283.0042 -52.19556 16.93626 279.9656 -52.19556 17.32925 276.9018 -52.19556 17.32944 297.2886 -52.19556 6.612205 299.6079 -52.19556 4.5 298.5612 -52.19556 4.5 298.0268 -52.19556 7.12433 295.4558 -52.19556 8.921752 296.1222 -52.19556 9.52429 293.342 -52.19556 10.97726 293.9257 -52.19556 11.66027 290.9821 -52.19556 12.74481 291.4734 -52.19556 13.49701 288.4151 -52.19556 14.19522 288.8059 -52.19556 15.0042 285.6834 -52.19556 15.30455 285.9672 -52.19556 16.15696 282.8319 -52.19556 16.0545 279.9078 -52.19556 16.43268 276.9594 -52.19556 16.43286 279.9078 -52.19556 16.43268 283.0042 -52.19556 16.93626 285.9672 -52.19556 16.15696 282.8319 -52.19556 16.0545 285.6834 -52.19556 15.30455 288.8059 -52.19556 15.0042 288.4151 -52.19556 14.19522 291.4734 -52.19556 13.49701 290.9821 -52.19556 12.74481 293.9257 -52.19556 11.66027 293.342 -52.19556 10.97726 296.1222 -52.19556 9.52429 295.4558 -52.19556 8.921752 298.0268 -52.19556 7.12433 297.2886 -52.19556 6.612205 299.6079 -52.19556 4.5 298.5612 -52.19556 4.5 276.9018 -52.19556 17.32944 273.8632 -52.19556 16.93682 279.9656 -52.19556 17.32925 270.9 -52.19556 16.15787 274.0353 -52.19556 16.05503 271.1838 -52.19556 15.30543 268.0612 -52.19556 15.00546 268.3984 -52.19556 14.17472 298.0268 -52.19556 7.12433 299.6079 -52.19556 4.5 295.4558 -52.19556 8.921752 293.342 -52.19556 10.97726 290.9821 -52.19556 12.74481 288.4151 -52.19556 14.19522 285.6834 -52.19556 15.30455 282.8319 -52.19556 16.0545 279.9078 -52.19556 16.43268 276.9594 -52.19556 16.43286 274.0353 -52.19556 16.05503 271.1838 -52.19556 15.30543 268.3984 -52.19556 14.17472 268.0612 -52.19556 15.00546 270.9 -52.19556 16.15787 273.8632 -52.19556 16.93682 276.9018 -52.19556 17.32944 279.9656 -52.19556 17.32925 283.0042 -52.19556 16.93626 285.9672 -52.19556 16.15696 288.8059 -52.19556 15.0042 291.4734 -52.19556 13.49701 293.9257 -52.19556 11.66027 296.1222 -52.19556 9.52429 299.6079 -54.28902 4.5 297.2886 -54.28902 6.612205 298.5612 -54.28902 4.5 298.0268 -54.28902 7.12433 295.4558 -54.28902 8.921752 296.1222 -54.28902 9.52429 293.342 -54.28902 10.97726 293.9257 -54.28902 11.66027 290.9821 -54.28902 12.74481 291.4734 -54.28902 13.49701 288.4151 -54.28902 14.19522 288.8059 -54.28902 15.0042 285.6834 -54.28902 15.30455 285.9672 -54.28902 16.15696 282.8319 -54.28902 16.0545 279.9078 -54.28902 16.43268 283.0042 -54.28902 16.93626 276.9594 -54.28902 16.43286 271.1838 -54.28902 15.30543 268.0612 -54.28902 15.00546 268.3984 -54.28902 14.17472 270.9 -54.28902 16.15787 274.0353 -54.28902 16.05503 273.8632 -54.28902 16.93682 279.9656 -54.28902 17.32925 276.9018 -54.28902 17.32944 276.9018 -54.28902 17.32944 279.9656 -54.28902 17.32925 273.8632 -54.28902 16.93682 283.0042 -54.28902 16.93626 276.9594 -54.28902 16.43286 270.9 -54.28902 16.15787 274.0353 -54.28902 16.05503 271.1838 -54.28902 15.30543 268.0612 -54.28902 15.00546 268.3984 -54.28902 14.17472 279.9078 -54.28902 16.43268 285.9672 -54.28902 16.15696 282.8319 -54.28902 16.0545 285.6834 -54.28902 15.30455 288.8059 -54.28902 15.0042 288.4151 -54.28902 14.19522 291.4734 -54.28902 13.49701 290.9821 -54.28902 12.74481 293.9257 -54.28902 11.66027 293.342 -54.28902 10.97726 296.1222 -54.28902 9.52429 295.4558 -54.28902 8.921752 298.0268 -54.28902 7.12433 297.2886 -54.28902 6.612205 299.6079 -54.28902 4.5 298.5612 -54.28902 4.5 299.6079 -54.28902 4.5 298.0268 -54.28902 7.12433 296.1222 -54.28902 9.52429 293.9257 -54.28902 11.66027 291.4734 -54.28902 13.49701 288.8059 -54.28902 15.0042 285.9672 -54.28902 16.15696 283.0042 -54.28902 16.93626 279.9656 -54.28902 17.32925 276.9018 -54.28902 17.32944 273.8632 -54.28902 16.93682 270.9 -54.28902 16.15787 268.0612 -54.28902 15.00546 268.3984 -54.28902 14.17472 271.1838 -54.28902 15.30543 274.0353 -54.28902 16.05503 276.9594 -54.28902 16.43286 279.9078 -54.28902 16.43268 282.8319 -54.28902 16.0545 285.6834 -54.28902 15.30455 288.4151 -54.28902 14.19522 290.9821 -54.28902 12.74481 293.342 -54.28902 10.97726 295.4558 -54.28902 8.921752 295.4558 -52.19556 8.921752 295.4558 -54.28902 8.921752 295.4558 -52.19556 8.921752 295.4558 -54.28902 8.921752 299.6079 -54.28902 4.5 298.0268 -52.19556 7.12433 298.0268 -54.28902 7.12433 299.6079 -52.19556 4.5 299.6079 -52.19556 4.5 299.6079 -54.28902 4.5 298.0268 -52.19556 7.12433 298.0268 -54.28902 7.12433 293.342 -54.28902 10.97726 293.342 -52.19556 10.97726 293.342 -54.28902 10.97726 293.342 -52.19556 10.97726 290.9821 -54.28902 12.74481 290.9821 -52.19556 12.74481 290.9821 -54.28902 12.74481 290.9821 -52.19556 12.74481 288.4151 -54.28902 14.19522 288.4151 -52.19556 14.19522 288.4151 -54.28902 14.19522 288.4151 -52.19556 14.19522 285.6834 -54.28902 15.30455 285.6834 -52.19556 15.30455 285.6834 -54.28902 15.30455 285.6834 -52.19556 15.30455 282.8319 -54.28902 16.0545 282.8319 -52.19556 16.0545 282.8319 -54.28902 16.0545 282.8319 -52.19556 16.0545 279.9078 -54.28902 16.43268 279.9078 -52.19556 16.43268 279.9078 -54.28902 16.43268 279.9078 -52.19556 16.43268 276.9594 -54.28902 16.43286 276.9594 -52.19556 16.43286 276.9594 -54.28902 16.43286 276.9594 -52.19556 16.43286 274.0353 -54.28902 16.05503 274.0353 -52.19556 16.05503 274.0353 -54.28902 16.05503 274.0353 -52.19556 16.05503 271.1838 -54.28902 15.30543 271.1838 -52.19556 15.30543 271.1838 -54.28902 15.30543 271.1838 -52.19556 15.30543 268.3984 -54.28902 14.17472 268.3984 -52.19556 14.17472 268.3984 -54.28902 14.17472 268.3984 -52.19556 14.17472 268.0612 -52.19556 15.00546 268.3984 -54.28902 14.17472 268.0612 -54.28902 15.00546 268.3984 -52.19556 14.17472 268.3984 -52.19556 14.17472 268.0612 -52.19556 15.00546 268.3984 -54.28902 14.17472 268.0612 -54.28902 15.00546 270.9 -54.28902 16.15787 268.0612 -52.19556 15.00546 268.0612 -54.28902 15.00546 270.9 -52.19556 16.15787 270.9 -52.19556 16.15787 270.9 -54.28902 16.15787 268.0612 -52.19556 15.00546 268.0612 -54.28902 15.00546 273.8632 -54.28902 16.93682 273.8632 -52.19556 16.93682 273.8632 -52.19556 16.93682 273.8632 -54.28902 16.93682 276.9018 -54.28902 17.32944 276.9018 -52.19556 17.32944 276.9018 -52.19556 17.32944 276.9018 -54.28902 17.32944 279.9656 -54.28902 17.32925 279.9656 -52.19556 17.32925 279.9656 -52.19556 17.32925 279.9656 -54.28902 17.32925 283.0042 -54.28902 16.93626 283.0042 -52.19556 16.93626 283.0042 -52.19556 16.93626 283.0042 -54.28902 16.93626 285.9672 -54.28902 16.15696 285.9672 -52.19556 16.15696 285.9672 -52.19556 16.15696 285.9672 -54.28902 16.15696 288.8059 -54.28902 15.0042 288.8059 -52.19556 15.0042 288.8059 -52.19556 15.0042 288.8059 -54.28902 15.0042 291.4734 -54.28902 13.49701 291.4734 -52.19556 13.49701 291.4734 -52.19556 13.49701 291.4734 -54.28902 13.49701 293.9257 -54.28902 11.66027 293.9257 -52.19556 11.66027 293.9257 -52.19556 11.66027 293.9257 -54.28902 11.66027 296.1222 -54.28902 9.52429 296.1222 -52.19556 9.52429 296.1222 -52.19556 9.52429 296.1222 -54.28902 9.52429</float_array>
                    <technique_common>
                        <accessor count="268" source="#ID94" stride="3">
                            <param name="X" type="float" />
                            <param name="Y" type="float" />
                            <param name="Z" type="float" />
                        </accessor>
                    </technique_common>
                </source>
                <source id="ID91">
                    <float_array id="ID95" count="804">-0.8216291 2.190911e-17 -0.5700225 -0.8565481 1.312676e-18 -0.5160671 -0.8216291 2.190911e-17 -0.5700225 -0.8565481 1.312676e-18 -0.5160671 0.8565481 -1.312676e-18 0.5160671 0.8216291 -2.190911e-17 0.5700225 0.8565481 -1.312676e-18 0.5160671 0.8216291 -2.190911e-17 0.5700225 0 0 0 0 0 0 0 0 0 0 0 0 6.681123e-16 1 3.298309e-15 6.681123e-16 1 3.298309e-15 6.681123e-16 1 3.298309e-15 6.681123e-16 1 3.298309e-15 6.681123e-16 1 3.298309e-15 6.681123e-16 1 3.298309e-15 6.681123e-16 1 3.298309e-15 6.681123e-16 1 3.298309e-15 6.681123e-16 1 3.298309e-15 6.681123e-16 1 3.298309e-15 6.681123e-16 1 3.298309e-15 6.681123e-16 1 3.298309e-15 6.681123e-16 1 3.298309e-15 6.681123e-16 1 3.298309e-15 6.681123e-16 1 3.298309e-15 6.681123e-16 1 3.298309e-15 6.681123e-16 1 3.298309e-15 6.681123e-16 1 3.298309e-15 6.681123e-16 1 3.298309e-15 6.681123e-16 1 3.298309e-15 6.681123e-16 1 3.298309e-15 6.681123e-16 1 3.298309e-15 6.681123e-16 1 3.298309e-15 6.681123e-16 1 3.298309e-15 6.681123e-16 1 3.298309e-15 6.681123e-16 1 3.298309e-15 -6.681123e-16 -1 -3.298309e-15 -6.681123e-16 -1 -3.298309e-15 -6.681123e-16 -1 -3.298309e-15 -6.681123e-16 -1 -3.298309e-15 -6.681123e-16 -1 -3.298309e-15 -6.681123e-16 -1 -3.298309e-15 -6.681123e-16 -1 -3.298309e-15 -6.681123e-16 -1 -3.298309e-15 -6.681123e-16 -1 -3.298309e-15 -6.681123e-16 -1 -3.298309e-15 -6.681123e-16 -1 -3.298309e-15 -6.681123e-16 -1 -3.298309e-15 -6.681123e-16 -1 -3.298309e-15 -6.681123e-16 -1 -3.298309e-15 -6.681123e-16 -1 -3.298309e-15 -6.681123e-16 -1 -3.298309e-15 -6.681123e-16 -1 -3.298309e-15 -6.681123e-16 -1 -3.298309e-15 -6.681123e-16 -1 -3.298309e-15 -6.681123e-16 -1 -3.298309e-15 -6.681123e-16 -1 -3.298309e-15 -6.681123e-16 -1 -3.298309e-15 -6.681123e-16 -1 -3.298309e-15 -6.681123e-16 -1 -3.298309e-15 -6.681123e-16 -1 -3.298309e-15 -6.681123e-16 -1 -3.298309e-15 0 0 0 0 0 0 0 0 0 0 0 0 0 0 0 0 0 0 0 0 0 0 0 0 0 0 0 0 0 0 0 0 0 0 0 0 0 0 0 0 0 0 0 0 0 0 0 0 0 0 0 0 0 0 0 0 0 0 0 0 0 0 0 0 0 0 0 0 0 0 0 0 -6.681123e-16 -1 -3.298309e-15 -6.681123e-16 -1 -3.298309e-15 -6.681123e-16 -1 -3.298309e-15 -6.681123e-16 -1 -3.298309e-15 -6.681123e-16 -1 -3.298309e-15 -6.681123e-16 -1 -3.298309e-15 -6.681123e-16 -1 -3.298309e-15 -6.681123e-16 -1 -3.298309e-15 -6.681123e-16 -1 -3.298309e-15 -6.681123e-16 -1 -3.298309e-15 -6.681123e-16 -1 -3.298309e-15 -6.681123e-16 -1 -3.298309e-15 -6.681123e-16 -1 -3.298309e-15 -6.681123e-16 -1 -3.298309e-15 -6.681123e-16 -1 -3.298309e-15 -6.681123e-16 -1 -3.298309e-15 -6.681123e-16 -1 -3.298309e-15 -6.681123e-16 -1 -3.298309e-15 -6.681123e-16 -1 -3.298309e-15 -6.681123e-16 -1 -3.298309e-15 -6.681123e-16 -1 -3.298309e-15 -6.681123e-16 -1 -3.298309e-15 -6.681123e-16 -1 -3.298309e-15 -6.681123e-16 -1 -3.298309e-15 -6.681123e-16 -1 -3.298309e-15 -6.681123e-16 -1 -3.298309e-15 6.681123e-16 1 3.298309e-15 6.681123e-16 1 3.298309e-15 6.681123e-16 1 3.298309e-15 6.681123e-16 1 3.298309e-15 6.681123e-16 1 3.298309e-15 6.681123e-16 1 3.298309e-15 6.681123e-16 1 3.298309e-15 6.681123e-16 1 3.298309e-15 6.681123e-16 1 3.298309e-15 6.681123e-16 1 3.298309e-15 6.681123e-16 1 3.298309e-15 6.681123e-16 1 3.298309e-15 6.681123e-16 1 3.298309e-15 6.681123e-16 1 3.298309e-15 6.681123e-16 1 3.298309e-15 6.681123e-16 1 3.298309e-15 6.681123e-16 1 3.298309e-15 6.681123e-16 1 3.298309e-15 6.681123e-16 1 3.298309e-15 6.681123e-16 1 3.298309e-15 6.681123e-16 1 3.298309e-15 6.681123e-16 1 3.298309e-15 6.681123e-16 1 3.298309e-15 6.681123e-16 1 3.298309e-15 6.681123e-16 1 3.298309e-15 6.681123e-16 1 3.298309e-15 0 0 0 0 0 0 0 0 0 0 0 0 0 0 0 0 0 0 0 0 0 0 0 0 0 0 0 0 0 0 0 0 0 0 0 0 0 0 0 0 0 0 0 0 0 0 0 0 0 0 0 0 0 0 0 0 0 0 0 0 0 0 0 0 0 0 0 0 0 0 0 0 -0.741768 5.836318e-18 -0.6706565 -0.741768 5.836318e-18 -0.6706565 0.741768 -5.836318e-18 0.6706565 0.741768 -5.836318e-18 0.6706565 0.8565481 -3.306987e-16 0.5160671 0.8216291 -5.580912e-16 0.5700225 0.8216291 -5.580912e-16 0.5700225 0.8565481 -3.306987e-16 0.5160671 -0.8565481 3.306987e-16 -0.5160671 -0.8565481 3.306987e-16 -0.5160671 -0.8216291 5.580912e-16 -0.5700225 -0.8216291 5.580912e-16 -0.5700225 -0.6496641 -1.94716e-16 -0.7602214 -0.6496641 -1.94716e-16 -0.7602214 0.6496641 1.94716e-16 0.7602214 0.6496641 1.94716e-16 0.7602214 -0.5468374 -5.550209e-16 -0.8372388 -0.5468374 -5.550209e-16 -0.8372388 0.5468374 5.550209e-16 0.8372388 0.5468374 5.550209e-16 0.8372388 -0.4349852 -7.755563e-16 -0.9004376 -0.4349852 -7.755563e-16 -0.9004376 0.4349852 7.755563e-16 0.9004376 0.4349852 7.755563e-16 0.9004376 -0.3159535 -1.013591e-15 -0.9487747 -0.3159535 -1.013591e-15 -0.9487747 0.3159535 1.013591e-15 0.9487747 0.3159535 1.013591e-15 0.9487747 -0.1917071 -1.457131e-15 -0.9814522 -0.1917071 -1.457131e-15 -0.9814522 0.1917071 1.457131e-15 0.9814522 0.1917071 1.457131e-15 0.9814522 -0.06429647 -1.693658e-15 -0.9979308 -0.06429647 -1.693658e-15 -0.9979308 0.06429647 1.693658e-15 0.9979308 0.06429647 1.693658e-15 0.9979308 0.06417534 -1.693252e-15 -0.9979386 0.06417534 -1.693252e-15 -0.9979386 -0.06417534 1.693252e-15 0.9979386 -0.06417534 1.693252e-15 0.9979386 0.1915879 -1.665427e-15 -0.9814755 0.1915879 -1.665427e-15 -0.9814755 -0.1915879 1.665427e-15 0.9814755 -0.1915879 1.665427e-15 0.9814755 0.3158384 -1.619134e-15 -0.948813 0.3158384 -1.619134e-15 -0.948813 -0.3158384 1.619134e-15 0.948813 -0.3158384 1.619134e-15 0.948813 0.3761339 -1.590063e-15 -0.9265653 0.3761339 -1.590063e-15 -0.9265653 -0.3761339 1.590063e-15 0.9265653 -0.3761339 1.590063e-15 0.9265653 -0.9265653 -3.192038e-16 -0.3761339 -0.9265653 -3.192038e-16 -0.3761339 -0.9265653 -3.192038e-16 -0.3761339 -0.9265653 -3.192038e-16 -0.3761339 0.9265653 3.192038e-16 0.3761339 0.9265653 3.192038e-16 0.3761339 0.9265653 3.192038e-16 0.3761339 0.9265653 3.192038e-16 0.3761339 -0.3158384 1.389262e-18 0.948813 -0.3761339 2.772786e-18 0.9265653 -0.3761339 2.772786e-18 0.9265653 -0.3158384 1.389262e-18 0.948813 0.3158384 -1.389262e-18 -0.948813 0.3158384 -1.389262e-18 -0.948813 0.3761339 -2.772786e-18 -0.9265653 0.3761339 -2.772786e-18 -0.9265653 -0.1915879 -4.097037e-18 0.9814755 -0.1915879 -4.097037e-18 0.9814755 0.1915879 4.097037e-18 -0.9814755 0.1915879 4.097037e-18 -0.9814755 -0.06417534 -4.097037e-18 0.9979386 -0.06417534 -4.097037e-18 0.9979386 0.06417534 4.097037e-18 -0.9979386 0.06417534 4.097037e-18 -0.9979386 0.06429647 0 0.9979308 0.06429647 0 0.9979308 -0.06429647 -0 -0.9979308 -0.06429647 -0 -0.9979308 0.1917071 0 0.9814522 0.1917071 0 0.9814522 -0.1917071 -0 -0.9814522 -0.1917071 -0 -0.9814522 0.3159535 -1.999181e-16 0.9487747 0.3159535 -1.999181e-16 0.9487747 -0.3159535 1.999181e-16 -0.9487747 -0.3159535 1.999181e-16 -0.9487747 0.4349852 -5.756381e-16 0.9004376 0.4349852 -5.756381e-16 0.9004376 -0.4349852 5.756381e-16 -0.9004376 -0.4349852 5.756381e-16 -0.9004376 0.5468374 -8.820838e-16 0.8372388 0.5468374 -8.820838e-16 0.8372388 -0.5468374 8.820838e-16 -0.8372388 -0.5468374 8.820838e-16 -0.8372388 0.6496641 -1.090013e-15 0.7602214 0.6496641 -1.090013e-15 0.7602214 -0.6496641 1.090013e-15 -0.7602214 -0.6496641 1.090013e-15 -0.7602214 0.741768 -9.760486e-16 0.6706565 0.741768 -9.760486e-16 0.6706565 -0.741768 9.760486e-16 -0.6706565 -0.741768 9.760486e-16 -0.6706565</float_array>
                    <technique_common>
                        <accessor count="268" source="#ID95" stride="3">
                            <param name="X" type="float" />
                            <param name="Y" type="float" />
                            <param name="Z" type="float" />
                        </accessor>
                    </technique_common>
                </source>
                <source id="ID92">
                    <Name_array id="ID96" count="0" />
                    <technique_common>
                        <accessor count="0" source="#ID96" stride="1">
                            <param name="skp_material" type="Name" />
                        </accessor>
                    </technique_common>
                </source>
                <vertices id="ID93">
                    <input semantic="POSITION" source="#ID90" />
                    <input semantic="NORMAL" source="#ID91" />
                </vertices>
                <triangles count="98" material="Material3">
                    <input offset="0" semantic="VERTEX" source="#ID93" />
                    <p>0 1 2 1 0 3 12 13 14 13 12 15 13 15 16 16 15 17 17 15 18 17 18 19 19 18 20 20 18 21 22 23 24 23 22 25 25 22 26 25 26 27 27 26 28 27 28 29 29 28 30 29 30 31 31 30 32 31 32 33 33 32 34 33 34 35 35 34 36 35 36 37 35 37 19 19 37 17 88 89 90 89 88 91 89 91 92 92 91 93 92 93 94 94 93 95 94 95 96 96 95 97 96 97 98 98 97 99 98 99 100 100 99 101 100 101 102 102 101 103 103 101 104 103 104 105 106 107 108 107 106 109 109 106 110 109 110 105 109 105 111 111 105 104 111 104 112 111 112 113 164 2 165 2 164 0 168 169 170 169 168 171 164 176 177 176 164 165 177 180 181 180 177 176 181 184 185 184 181 180 185 188 189 188 185 184 189 192 193 192 189 188 193 196 197 196 193 192 197 200 201 200 197 196 201 204 205 204 201 200 205 208 209 208 205 204 209 212 213 212 209 208 216 217 218 217 216 219 224 225 226 225 224 227 232 227 224 227 232 233 236 233 232 233 236 237 240 237 236 237 240 241 244 241 240 241 244 245 248 245 244 245 248 249 252 249 248 249 252 253 256 253 252 253 256 257 260 257 256 257 260 261 264 261 260 261 264 265 170 265 264 265 170 169</p>
                </triangles>
                <triangles count="98" material="Material2">
                    <input offset="0" semantic="VERTEX" source="#ID93" />
                    <p>4 5 6 7 6 5 38 39 40 40 39 41 39 42 41 42 43 41 41 43 44 43 45 44 44 45 46 45 47 46 46 47 48 47 49 48 48 49 50 49 51 50 50 51 52 51 53 52 52 53 54 55 54 53 56 57 58 58 57 40 40 57 38 57 59 38 38 59 60 60 59 61 59 62 61 63 61 62 114 115 116 115 117 116 117 118 116 116 118 119 118 120 119 120 121 119 119 121 122 123 122 121 118 117 124 117 125 124 124 125 126 126 125 127 125 128 127 127 128 129 128 130 129 129 130 131 130 132 131 131 132 133 132 134 133 133 134 135 134 136 135 135 136 137 136 138 137 139 137 138 5 166 7 167 7 166 172 173 174 175 174 173 167 166 178 179 178 166 178 179 182 183 182 179 182 183 186 187 186 183 186 187 190 191 190 187 190 191 194 195 194 191 194 195 198 199 198 195 198 199 202 203 202 199 202 203 206 207 206 203 206 207 210 211 210 207 210 211 214 215 214 211 220 221 222 223 222 221 228 229 230 231 230 229 234 235 228 229 228 235 238 239 234 235 234 239 242 243 238 239 238 243 246 247 242 243 242 247 250 251 246 247 246 251 254 255 250 251 250 255 258 259 254 255 254 259 262 263 258 259 258 263 266 267 262 263 262 267 174 175 266 267 266 175</p>
                </triangles>
            </mesh>
        </geometry>
        <geometry id="ID97">
            <mesh>
                <source id="ID98">
                    <float_array id="ID102" count="306">270.6079 -36.28805 1.5 271.6547 -37.55078 1.5 270.6079 -50.90234 1.5 272.6564 -34.58997 1.5 270.6079 -56.90234 1.5 270.6079 -69.9621 1.5 270.6079 -73.2121 1.5 270.6079 -77.06352 1.5 273.6236 -35.91865 1.5 274.9018 -33.16243 1.5 275.6946 -34.602 1.5 277.3087 -32.02801 1.5 277.9145 -33.55569 1.5 279.8389 -31.20464 1.5 280.2481 -32.79628 1.5 282.4524 -30.70536 1.5 282.6587 -32.33578 1.5 285.1079 -30.53805 1.5 285.1079 -32.18146 1.5 287.5572 -32.33578 1.5 287.7634 -30.70536 1.5 289.9677 -32.79628 1.5 290.377 -31.20464 1.5 292.3014 -33.55569 1.5 292.9072 -32.02801 1.5 294.5212 -34.602 1.5 295.314 -33.16243 1.5 296.5923 -35.91865 1.5 297.5594 -34.58997 1.5 298.5612 -37.55078 1.5 299.6079 -36.28805 1.5 298.5612 -77.06352 1.5 299.6079 -77.06352 1.5 271.6547 -77.06352 1.5 271.6547 -37.55078 1.5 270.6079 -77.06352 1.5 271.6547 -77.06352 1.5 299.6079 -77.06352 1.5 299.6079 -36.28805 1.5 298.5612 -77.06352 1.5 298.5612 -37.55078 1.5 297.5594 -34.58997 1.5 296.5923 -35.91865 1.5 295.314 -33.16243 1.5 294.5212 -34.602 1.5 292.9072 -32.02801 1.5 292.3014 -33.55569 1.5 290.377 -31.20464 1.5 289.9677 -32.79628 1.5 287.7634 -30.70536 1.5 287.5572 -32.33578 1.5 285.1079 -30.53805 1.5 285.1079 -32.18146 1.5 282.6587 -32.33578 1.5 282.4524 -30.70536 1.5 280.2481 -32.79628 1.5 279.8389 -31.20464 1.5 277.9145 -33.55569 1.5 277.3087 -32.02801 1.5 275.6946 -34.602 1.5 274.9018 -33.16243 1.5 273.6236 -35.91865 1.5 272.6564 -34.58997 1.5 270.6079 -73.2121 1.5 270.6079 -69.9621 1.5 270.6079 -56.90234 1.5 270.6079 -50.90234 1.5 270.6079 -36.28805 1.5 270.6079 -73.2121 1.5 270.6079 -77.06352 1.5 270.6079 -69.9621 1.5 270.6079 -56.90234 1.5 270.6079 -50.90234 1.5 270.6079 -36.28805 1.5 272.6564 -34.58997 1.5 274.9018 -33.16243 1.5 277.3087 -32.02801 1.5 279.8389 -31.20464 1.5 282.4524 -30.70536 1.5 285.1079 -30.53805 1.5 287.7634 -30.70536 1.5 290.377 -31.20464 1.5 292.9072 -32.02801 1.5 295.314 -33.16243 1.5 297.5594 -34.58997 1.5 299.6079 -36.28805 1.5 299.6079 -77.06352 1.5 298.5612 -77.06352 1.5 298.5612 -37.55078 1.5 296.5923 -35.91865 1.5 294.5212 -34.602 1.5 292.3014 -33.55569 1.5 289.9677 -32.79628 1.5 287.5572 -32.33578 1.5 285.1079 -32.18146 1.5 282.6587 -32.33578 1.5 280.2481 -32.79628 1.5 277.9145 -33.55569 1.5 275.6946 -34.602 1.5 273.6236 -35.91865 1.5 271.6547 -37.55078 1.5 271.6547 -77.06352 1.5</float_array>
                    <technique_common>
                        <accessor count="102" source="#ID102" stride="3">
                            <param name="X" type="float" />
                            <param name="Y" type="float" />
                            <param name="Z" type="float" />
                        </accessor>
                    </technique_common>
                </source>
                <source id="ID99">
                    <float_array id="ID103" count="306">0 0 -1 0 0 -1 0 0 -1 0 0 -1 0 0 -1 0 0 -1 0 0 -1 0 0 -1 0 0 -1 0 0 -1 0 0 -1 0 0 -1 0 0 -1 0 0 -1 0 0 -1 0 0 -1 0 0 -1 0 0 -1 0 0 -1 0 0 -1 0 0 -1 0 0 -1 0 0 -1 0 0 -1 0 0 -1 0 0 -1 0 0 -1 0 0 -1 0 0 -1 0 0 -1 0 0 -1 0 0 -1 0 0 -1 0 0 -1 -0 -0 1 -0 -0 1 -0 -0 1 -0 -0 1 -0 -0 1 -0 -0 1 -0 -0 1 -0 -0 1 -0 -0 1 -0 -0 1 -0 -0 1 -0 -0 1 -0 -0 1 -0 -0 1 -0 -0 1 -0 -0 1 -0 -0 1 -0 -0 1 -0 -0 1 -0 -0 1 -0 -0 1 -0 -0 1 -0 -0 1 -0 -0 1 -0 -0 1 -0 -0 1 -0 -0 1 -0 -0 1 -0 -0 1 -0 -0 1 -0 -0 1 -0 -0 1 -0 -0 1 -0 -0 1 0 0 0 0 0 0 0 0 0 0 0 0 0 0 0 0 0 0 0 0 0 0 0 0 0 0 0 0 0 0 0 0 0 0 0 0 0 0 0 0 0 0 0 0 0 0 0 0 0 0 0 0 0 0 0 0 0 0 0 0 0 0 0 0 0 0 0 0 0 0 0 0 0 0 0 0 0 0 0 0 0 0 0 0 0 0 0 0 0 0 0 0 0 0 0 0 0 0 0 0 0 0</float_array>
                    <technique_common>
                        <accessor count="102" source="#ID103" stride="3">
                            <param name="X" type="float" />
                            <param name="Y" type="float" />
                            <param name="Z" type="float" />
                        </accessor>
                    </technique_common>
                </source>
                <source id="ID100">
                    <Name_array id="ID104" count="0" />
                    <technique_common>
                        <accessor count="0" source="#ID104" stride="1">
                            <param name="skp_material" type="Name" />
                        </accessor>
                    </technique_common>
                </source>
                <vertices id="ID101">
                    <input semantic="POSITION" source="#ID98" />
                    <input semantic="NORMAL" source="#ID99" />
                </vertices>
                <triangles count="32" material="Material2">
                    <input offset="0" semantic="VERTEX" source="#ID101" />
                    <p>0 1 2 1 0 3 2 1 4 4 1 5 5 1 6 6 1 7 1 3 8 8 3 9 8 9 10 10 9 11 10 11 12 12 11 13 12 13 14 14 13 15 14 15 16 16 15 17 16 17 18 18 17 19 19 17 20 19 20 21 21 20 22 21 22 23 23 22 24 23 24 25 25 24 26 25 26 27 27 26 28 27 28 29 29 28 30 29 30 31 31 30 32 33 7 1</p>
                </triangles>
                <triangles count="32" material="Material3">
                    <input offset="0" semantic="VERTEX" source="#ID101" />
                    <p>34 35 36 37 38 39 39 38 40 38 41 40 40 41 42 41 43 42 42 43 44 43 45 44 44 45 46 45 47 46 46 47 48 47 49 48 48 49 50 49 51 50 50 51 52 52 51 53 51 54 53 53 54 55 54 56 55 55 56 57 56 58 57 57 58 59 58 60 59 59 60 61 60 62 61 61 62 34 35 34 63 63 34 64 64 34 65 65 34 66 62 67 34 66 34 67</p>
                </triangles>
            </mesh>
        </geometry>
        <geometry id="ID105">
            <mesh>
                <source id="ID106">
                    <float_array id="ID110" count="1350">89.87076 -77.06352 4.5 90.91749 -77.06352 1.5 89.87076 -77.06352 1.5 90.91749 -77.06352 4.5 90.91749 -77.06352 4.5 89.87076 -77.06352 4.5 90.91749 -77.06352 1.5 89.87076 -77.06352 1.5 89.87076 -77.06352 1.5 90.91749 -77.06352 1.5 89.87076 -77.06352 4.5 90.91749 -77.06352 4.5 89.87076 -50.25 1.5 89.87076 -77.06352 4.5 89.87076 -77.06352 1.5 89.87076 -73.74167 4.5 89.87076 -72.44784 4.5 89.87076 -53.70703 4.5 89.87076 -52.4132 4.5 89.87076 -37.55078 4.5 89.87076 -37.55078 1.5 89.87076 -37.55078 1.5 89.87076 -50.25 1.5 89.87076 -37.55078 4.5 89.87076 -52.4132 4.5 89.87076 -53.70703 4.5 89.87076 -72.44784 4.5 89.87076 -73.74167 4.5 89.87076 -77.06352 4.5 89.87076 -77.06352 1.5 89.87076 -37.55078 1.5 89.87076 -50.25 1.5 89.87076 -37.55078 4.5 89.87076 -52.4132 4.5 89.87076 -53.70703 4.5 89.87076 -72.44784 4.5 89.87076 -73.74167 4.5 90.91749 -73.74167 4.5 89.87076 -77.06352 4.5 89.87076 -73.74167 4.5 90.91749 -77.06352 4.5 90.91749 -77.06352 4.5 90.91749 -73.74167 4.5 89.87076 -77.06352 4.5 89.87076 -73.74167 4.5 90.91749 -73.74167 4.5 90.91749 -73.74167 4.5 90.91749 -77.06352 1.5 90.91749 -77.06352 4.5 90.91749 -50.25 1.5 90.91749 -72.44784 4.5 90.91749 -53.70703 4.5 90.91749 -52.4132 4.5 90.91749 -38.81352 4.5 90.91749 -38.81352 1.5 90.91749 -38.81352 1.5 90.91749 -38.81352 4.5 90.91749 -50.25 1.5 90.91749 -52.4132 4.5 90.91749 -53.70703 4.5 90.91749 -72.44784 4.5 90.91749 -73.74167 4.5 90.91749 -77.06352 1.5 90.91749 -77.06352 4.5 90.91749 -38.81352 1.5 90.91749 -50.25 1.5 90.91749 -72.44784 4.5 90.91749 -53.70703 4.5 90.91749 -52.4132 4.5 90.91749 -38.81352 4.5 91.91925 -35.85271 38.5 89.87076 -37.55078 1.5 91.91925 -35.85271 1.5 89.87076 -37.55078 4.5 89.87076 -37.55078 38.5 89.87076 -37.55078 38.5 91.91925 -35.85271 38.5 89.87076 -37.55078 4.5 89.87076 -37.55078 1.5 91.91925 -35.85271 1.5 91.91925 -35.85271 1.5 91.91925 -35.85271 38.5 89.87076 -37.55078 38.5 90.91749 -38.81352 4.5 89.87076 -52.4132 4.5 89.87076 -37.55078 4.5 90.91749 -52.4132 4.5 90.91749 -52.4132 4.5 90.91749 -38.81352 4.5 89.87076 -52.4132 4.5 89.87076 -37.55078 4.5 90.91749 -53.70703 4.5 89.87076 -72.44784 4.5 89.87076 -53.70703 4.5 90.91749 -72.44784 4.5 90.91749 -72.44784 4.5 90.91749 -53.70703 4.5 89.87076 -72.44784 4.5 89.87076 -53.70703 4.5 90.91749 -38.81352 4.5 92.88643 -37.18139 1.5 90.91749 -38.81352 1.5 92.88643 -37.18139 38.5 90.91749 -38.81352 38.5 90.91749 -38.81352 38.5 90.91749 -38.81352 4.5 92.88643 -37.18139 38.5 92.88643 -37.18139 1.5 90.91749 -38.81352 1.5 92.88643 -37.18139 1.5 90.91749 -38.81352 38.5 92.88643 -37.18139 38.5 94.16468 -34.42517 38.5 94.16468 -34.42517 1.5 94.16468 -34.42517 38.5 94.16468 -34.42517 1.5 94.16468 -34.42517 1.5 94.16468 -34.42517 38.5 91.91925 -35.85271 38.5 90.91749 -38.81352 38.5 89.87076 -37.55078 38.5 92.88643 -37.18139 38.5 94.16468 -34.42517 38.5 94.95744 -35.86474 38.5 96.57152 -33.29074 38.5 97.17733 -34.81843 38.5 99.10171 -32.46738 38.5 99.51098 -34.05902 38.5 101.7152 -31.96809 38.5 101.9215 -33.59852 38.5 104.3708 -31.80078 38.5 104.3708 -33.4442 38.5 106.82 -33.59852 38.5 107.0263 -31.96809 38.5 109.2305 -34.05902 38.5 109.6398 -32.46738 38.5 111.5642 -34.81843 38.5 112.17 -33.29074 38.5 113.7841 -35.86474 38.5 114.5768 -34.42517 38.5 115.8551 -37.18139 38.5 116.8223 -35.85271 38.5 117.824 -38.81352 38.5 118.8708 -37.55078 38.5 118.8708 -37.55078 38.5 116.8223 -35.85271 38.5 117.824 -38.81352 38.5 115.8551 -37.18139 38.5 114.5768 -34.42517 38.5 113.7841 -35.86474 38.5 112.17 -33.29074 38.5 111.5642 -34.81843 38.5 109.6398 -32.46738 38.5 109.2305 -34.05902 38.5 107.0263 -31.96809 38.5 106.82 -33.59852 38.5 104.3708 -31.80078 38.5 104.3708 -33.4442 38.5 101.9215 -33.59852 38.5 101.7152 -31.96809 38.5 99.51098 -34.05902 38.5 99.10171 -32.46738 38.5 97.17733 -34.81843 38.5 96.57152 -33.29074 38.5 94.95744 -35.86474 38.5 94.16468 -34.42517 38.5 92.88643 -37.18139 38.5 91.91925 -35.85271 38.5 90.91749 -38.81352 38.5 89.87076 -37.55078 38.5 117.824 -38.81352 38.5 118.8708 -37.55078 38.5 115.8551 -37.18139 38.5 113.7841 -35.86474 38.5 111.5642 -34.81843 38.5 109.2305 -34.05902 38.5 106.82 -33.59852 38.5 104.3708 -33.4442 38.5 101.9215 -33.59852 38.5 99.51098 -34.05902 38.5 97.17733 -34.81843 38.5 94.95744 -35.86474 38.5 96.57152 -33.29074 38.5 99.10171 -32.46738 38.5 101.7152 -31.96809 38.5 104.3708 -31.80078 38.5 107.0263 -31.96809 38.5 109.6398 -32.46738 38.5 112.17 -33.29074 38.5 114.5768 -34.42517 38.5 116.8223 -35.85271 38.5 89.87076 -37.55078 4.5 90.91749 -38.81352 38.5 90.91749 -38.81352 4.5 89.87076 -37.55078 38.5 89.87076 -37.55078 38.5 89.87076 -37.55078 4.5 90.91749 -38.81352 38.5 90.91749 -38.81352 4.5 94.95744 -35.86474 1.5 94.95744 -35.86474 38.5 94.95744 -35.86474 38.5 94.95744 -35.86474 1.5 94.95744 -35.86474 1.5 96.57152 -33.29074 38.5 96.57152 -33.29074 1.5 96.57152 -33.29074 38.5 96.57152 -33.29074 1.5 96.57152 -33.29074 1.5 118.8708 -37.55078 38.5 117.824 -38.81352 4.5 117.824 -38.81352 38.5 118.8708 -37.55078 4.5 118.8708 -37.55078 4.5 118.8708 -37.55078 38.5 117.824 -38.81352 4.5 117.824 -38.81352 38.5 118.8708 -37.55078 4.5 117.824 -38.81352 4.5 115.8551 -37.18139 38.5 117.824 -38.81352 1.5 115.8551 -37.18139 1.5 117.824 -38.81352 4.5 117.824 -38.81352 38.5 117.824 -38.81352 38.5 115.8551 -37.18139 38.5 117.824 -38.81352 4.5 117.824 -38.81352 1.5 115.8551 -37.18139 1.5 117.824 -38.81352 1.5 115.8551 -37.18139 1.5 113.7841 -35.86474 38.5 113.7841 -35.86474 1.5 113.7841 -35.86474 38.5 113.7841 -35.86474 1.5 113.7841 -35.86474 1.5 111.5642 -34.81843 38.5 111.5642 -34.81843 1.5 111.5642 -34.81843 38.5 111.5642 -34.81843 1.5 111.5642 -34.81843 1.5 109.2305 -34.05902 38.5 109.2305 -34.05902 1.5 109.2305 -34.05902 38.5 109.2305 -34.05902 1.5 109.2305 -34.05902 1.5 106.82 -33.59852 38.5 106.82 -33.59852 1.5 106.82 -33.59852 38.5 106.82 -33.59852 1.5 106.82 -33.59852 1.5 104.3708 -33.4442 38.5 104.3708 -33.4442 1.5 104.3708 -33.4442 38.5 104.3708 -33.4442 1.5 104.3708 -33.4442 1.5 101.9215 -33.59852 38.5 101.9215 -33.59852 1.5 101.9215 -33.59852 38.5 101.9215 -33.59852 1.5 101.9215 -33.59852 1.5 99.51098 -34.05902 38.5 99.51098 -34.05902 1.5 99.51098 -34.05902 38.5 99.51098 -34.05902 1.5 99.51098 -34.05902 1.5 97.17733 -34.81843 38.5 97.17733 -34.81843 1.5 97.17733 -34.81843 38.5 97.17733 -34.81843 1.5 97.17733 -34.81843 1.5 99.10171 -32.46738 38.5 99.10171 -32.46738 1.5 99.10171 -32.46738 38.5 99.10171 -32.46738 1.5 99.10171 -32.46738 1.5 101.7152 -31.96809 38.5 101.7152 -31.96809 1.5 101.7152 -31.96809 38.5 101.7152 -31.96809 1.5 101.7152 -31.96809 1.5 104.3708 -31.80078 38.5 104.3708 -31.80078 1.5 104.3708 -31.80078 38.5 104.3708 -31.80078 1.5 104.3708 -31.80078 1.5 107.0263 -31.96809 38.5 107.0263 -31.96809 1.5 107.0263 -31.96809 38.5 107.0263 -31.96809 1.5 107.0263 -31.96809 1.5 109.6398 -32.46738 38.5 109.6398 -32.46738 1.5 109.6398 -32.46738 38.5 109.6398 -32.46738 1.5 109.6398 -32.46738 1.5 112.17 -33.29074 38.5 112.17 -33.29074 1.5 112.17 -33.29074 38.5 112.17 -33.29074 1.5 112.17 -33.29074 1.5 114.5768 -34.42517 38.5 114.5768 -34.42517 1.5 114.5768 -34.42517 38.5 114.5768 -34.42517 1.5 114.5768 -34.42517 1.5 116.8223 -35.85271 38.5 116.8223 -35.85271 1.5 116.8223 -35.85271 38.5 116.8223 -35.85271 1.5 116.8223 -35.85271 1.5 118.8708 -37.55078 4.5 118.8708 -37.55078 1.5 118.8708 -37.55078 38.5 118.8708 -37.55078 38.5 118.8708 -37.55078 4.5 118.8708 -37.55078 1.5 118.8708 -37.55078 1.5 124.1208 -49.96823 4.5 118.8708 -56.22685 4.5 118.8708 -49.96823 4.5 124.1208 -56.22685 4.5 121.8708 -70.89424 4.5 118.8708 -73.89424 4.5 118.8708 -70.89424 4.5 121.8708 -73.89424 4.5 118.8708 -37.55078 4.5 117.824 -77.06352 4.5 117.824 -38.81352 4.5 118.8708 -77.06352 4.5 118.8708 -73.89424 4.5 118.8708 -70.89424 4.5 118.8708 -77.06352 4.5 118.8708 -56.22685 4.5 118.8708 -49.96823 4.5 118.8708 -37.55078 4.5 117.824 -77.06352 4.5 117.824 -38.81352 4.5 121.8708 -73.89424 4.5 121.8708 -70.89424 4.5 124.1208 -56.22685 4.5 124.1208 -49.96823 4.5 118.8708 -56.22685 4.5 118.8708 -70.89424 4.5 121.8708 -70.89424 4.5 121.8708 -73.89424 4.5 118.8708 -73.89424 4.5 118.8708 -77.06352 4.5 117.824 -77.06352 4.5 118.8708 -49.96823 4.5 124.1208 -49.96823 4.5 124.1208 -56.22685 4.5 117.824 -38.81352 1.5 117.824 -77.06352 4.5 117.824 -77.06352 1.5 117.824 -38.81352 4.5 117.824 -38.81352 4.5 117.824 -38.81352 1.5 117.824 -77.06352 4.5 117.824 -77.06352 1.5 117.824 -77.06352 1.5 118.8708 -37.55078 4.5 118.8708 -49.96823 1.5 118.8708 -49.96823 4.5 118.8708 -37.55078 1.5 118.8708 -37.55078 1.5 118.8708 -37.55078 4.5 118.8708 -49.96823 1.5 118.8708 -49.96823 4.5 118.8708 -49.96823 1.5 118.8708 -56.22685 4.5 118.8708 -70.89424 1.5 118.8708 -70.89424 4.5 118.8708 -56.22685 1.5 118.8708 -56.22685 1.5 118.8708 -56.22685 4.5 118.8708 -70.89424 1.5 118.8708 -70.89424 4.5 118.8708 -70.89424 1.5 118.8708 -56.22685 1.5 121.8708 -70.89424 4.5 118.8708 -70.89424 1.5 121.8708 -70.89424 1.5 118.8708 -70.89424 4.5 118.8708 -70.89424 4.5 121.8708 -70.89424 4.5 118.8708 -70.89424 1.5 121.8708 -70.89424 1.5 121.8708 -70.89424 1.5 121.8708 -70.89424 4.5 121.8708 -73.89424 1.5 121.8708 -73.89424 4.5 121.8708 -70.89424 1.5 121.8708 -70.89424 1.5 121.8708 -70.89424 4.5 121.8708 -73.89424 1.5 121.8708 -73.89424 4.5 121.8708 -73.89424 1.5 118.8708 -73.89424 4.5 121.8708 -73.89424 1.5 118.8708 -73.89424 1.5 121.8708 -73.89424 4.5 121.8708 -73.89424 4.5 118.8708 -73.89424 4.5 121.8708 -73.89424 1.5 118.8708 -73.89424 1.5 118.8708 -73.89424 1.5 118.8708 -73.89424 4.5 118.8708 -77.06352 1.5 118.8708 -77.06352 4.5 118.8708 -73.89424 1.5 118.8708 -73.89424 1.5 118.8708 -73.89424 4.5 118.8708 -77.06352 1.5 118.8708 -77.06352 4.5 118.8708 -77.06352 1.5 117.824 -77.06352 4.5 118.8708 -77.06352 1.5 117.824 -77.06352 1.5 118.8708 -77.06352 4.5 118.8708 -77.06352 4.5 117.824 -77.06352 4.5 118.8708 -77.06352 1.5 117.824 -77.06352 1.5 124.1208 -49.96823 4.5 118.8708 -49.96823 1.5 124.1208 -49.96823 1.5 118.8708 -49.96823 4.5 118.8708 -49.96823 4.5 124.1208 -49.96823 4.5 118.8708 -49.96823 1.5 124.1208 -49.96823 1.5 124.1208 -49.96823 1.5 124.1208 -49.96823 4.5 124.1208 -56.22685 1.5 124.1208 -56.22685 4.5 124.1208 -49.96823 1.5 124.1208 -49.96823 1.5 124.1208 -49.96823 4.5 124.1208 -56.22685 1.5 124.1208 -56.22685 4.5 124.1208 -56.22685 1.5 118.8708 -56.22685 4.5 124.1208 -56.22685 1.5 118.8708 -56.22685 1.5 124.1208 -56.22685 4.5 124.1208 -56.22685 4.5 118.8708 -56.22685 4.5 124.1208 -56.22685 1.5 118.8708 -56.22685 1.5</float_array>
                    <technique_common>
                        <accessor count="450" source="#ID110" stride="3">
                            <param name="X" type="float" />
                            <param name="Y" type="float" />
                            <param name="Z" type="float" />
                        </accessor>
                    </technique_common>
                </source>
                <source id="ID107">
                    <float_array id="ID111" count="1350">0 1 0 0 1 0 0 1 0 0 1 0 -0 -1 -0 -0 -1 -0 -0 -1 -0 -0 -1 -0 0 0 0 0 0 0 0 0 0 0 0 0 1 -0 -0 1 -0 -0 1 -0 -0 1 -0 -0 1 -0 -0 1 -0 -0 1 -0 -0 1 -0 -0 1 -0 -0 -1 0 0 -1 0 0 -1 0 0 -1 0 0 -1 0 0 -1 0 0 -1 0 0 -1 0 0 -1 0 0 0 0 0 0 0 0 0 0 0 0 0 0 0 0 0 0 0 0 0 0 0 0 0 -1 0 0 -1 0 0 -1 0 0 -1 -0 -0 1 -0 -0 1 -0 -0 1 -0 -0 1 0 0 0 -1 0 0 -1 0 0 -1 0 0 -1 0 0 -1 0 0 -1 0 0 -1 0 0 -1 0 0 -1 0 0 1 -0 -0 1 -0 -0 1 -0 -0 1 -0 -0 1 -0 -0 1 -0 -0 1 -0 -0 1 -0 -0 1 -0 -0 0 0 0 0 0 0 0 0 0 0 0 0 0 0 0 0 0 0 0.5885119 -0.8084886 0 0.6381852 -0.7698829 -0 0.5885119 -0.8084886 0 0.6381852 -0.7698829 -0 0.6381852 -0.7698829 -0 -0.6381852 0.7698829 0 -0.5885119 0.8084886 -0 -0.6381852 0.7698829 0 -0.6381852 0.7698829 0 -0.5885119 0.8084886 -0 0 0 0 0 0 0 0 0 0 0 0 -1 0 0 -1 0 0 -1 0 0 -1 -0 -0 1 -0 -0 1 -0 -0 1 -0 -0 1 0 0 -1 0 0 -1 0 0 -1 0 0 -1 -0 -0 1 -0 -0 1 -0 -0 1 -0 -0 1 -0.6381852 0.7698829 -0 -0.5885119 0.8084886 0 -0.6381852 0.7698829 -0 -0.5885119 0.8084886 0 -0.6381852 0.7698829 -0 0.6381852 -0.7698829 0 0.6381852 -0.7698829 0 0.5885119 -0.8084886 -0 0.5885119 -0.8084886 -0 0.6381852 -0.7698829 0 0 0 0 0 0 0 0 0 0 0.4823834 -0.8759602 0 0.4823834 -0.8759602 0 -0.4823834 0.8759602 -0 -0.4823834 0.8759602 -0 0 0 0 0 0 0 0 0 -1 0 0 -1 0 0 -1 0 0 -1 0 0 -1 0 0 -1 0 0 -1 0 0 -1 0 0 -1 0 0 -1 0 0 -1 0 0 -1 0 0 -1 0 0 -1 0 0 -1 0 0 -1 0 0 -1 0 0 -1 0 0 -1 0 0 -1 0 0 -1 0 0 -1 0 0 -1 0 0 -1 0 0 -1 0 0 -1 -0 -0 1 -0 -0 1 -0 -0 1 -0 -0 1 -0 -0 1 -0 -0 1 -0 -0 1 -0 -0 1 -0 -0 1 -0 -0 1 -0 -0 1 -0 -0 1 -0 -0 1 -0 -0 1 -0 -0 1 -0 -0 1 -0 -0 1 -0 -0 1 -0 -0 1 -0 -0 1 -0 -0 1 -0 -0 1 -0 -0 1 -0 -0 1 -0 -0 1 -0 -0 1 0 0 0 0 0 0 0 0 0 0 0 0 0 0 0 0 0 0 0 0 0 0 0 0 0 0 0 0 0 0 0 0 0 0 0 0 0 0 0 0 0 0 0 0 0 0 0 0 0 0 0 0 0 0 0 0 0 0 0 0 0 0 0 0.7698829 0.6381852 0 0.7698829 0.6381852 0 0.7698829 0.6381852 0 0.7698829 0.6381852 0 -0.7698829 -0.6381852 -0 -0.7698829 -0.6381852 -0 -0.7698829 -0.6381852 -0 -0.7698829 -0.6381852 -0 -0.4823834 0.8759602 0 -0.4823834 0.8759602 0 0.4823834 -0.8759602 -0 0.4823834 -0.8759602 -0 0 0 0 0.3686257 -0.9295779 0 0.3686257 -0.9295779 0 -0.3686257 0.9295779 -0 -0.3686257 0.9295779 -0 0 0 0 -0.7698829 0.6381852 -0 -0.7698829 0.6381852 -0 -0.7698829 0.6381852 -0 -0.7698829 0.6381852 -0 0.7698829 -0.6381852 0 0.7698829 -0.6381852 0 0.7698829 -0.6381852 0 0.7698829 -0.6381852 0 0 0 0 0 0 0 0.5885119 0.8084886 0 0.6381852 0.7698829 0 0.5885119 0.8084886 0 0.6381852 0.7698829 0 0.6381852 0.7698829 0 -0.6381852 -0.7698829 -0 -0.5885119 -0.8084886 -0 -0.6381852 -0.7698829 -0 -0.6381852 -0.7698829 -0 -0.5885119 -0.8084886 -0 0 0 0 0 0 0 0.4823834 0.8759602 0 0.4823834 0.8759602 0 -0.4823834 -0.8759602 -0 -0.4823834 -0.8759602 -0 0 0 0 0.3686257 0.9295779 0 0.3686257 0.9295779 0 -0.3686257 -0.9295779 -0 -0.3686257 -0.9295779 -0 0 0 0 0.249038 0.9684937 0 0.249038 0.9684937 0 -0.249038 -0.9684937 -0 -0.249038 -0.9684937 -0 0 0 0 0.1255115 0.9920922 0 0.1255115 0.9920922 0 -0.1255115 -0.9920922 -0 -0.1255115 -0.9920922 -0 0 0 0 -1.088844e-15 1 0 -1.088844e-15 1 0 1.088844e-15 -1 -0 1.088844e-15 -1 -0 0 0 0 -0.1255115 0.9920922 0 -0.1255115 0.9920922 0 0.1255115 -0.9920922 -0 0.1255115 -0.9920922 -0 0 0 0 -0.249038 0.9684937 0 -0.249038 0.9684937 0 0.249038 -0.9684937 -0 0.249038 -0.9684937 -0 0 0 0 -0.3686257 0.9295779 0 -0.3686257 0.9295779 0 0.3686257 -0.9295779 -0 0.3686257 -0.9295779 -0 0 0 0 0.249038 -0.9684937 0 0.249038 -0.9684937 0 -0.249038 0.9684937 -0 -0.249038 0.9684937 -0 0 0 0 0.1255115 -0.9920922 0 0.1255115 -0.9920922 0 -0.1255115 0.9920922 -0 -0.1255115 0.9920922 -0 0 0 0 1.637693e-16 -1 0 1.637693e-16 -1 0 -1.637693e-16 1 -0 -1.637693e-16 1 -0 0 0 0 -0.1255115 -0.9920922 0 -0.1255115 -0.9920922 0 0.1255115 0.9920922 -0 0.1255115 0.9920922 -0 0 0 0 -0.249038 -0.9684937 0 -0.249038 -0.9684937 0 0.249038 0.9684937 -0 0.249038 0.9684937 -0 0 0 0 -0.3686257 -0.9295779 0 -0.3686257 -0.9295779 0 0.3686257 0.9295779 -0 0.3686257 0.9295779 -0 0 0 0 -0.4823834 -0.8759602 0 -0.4823834 -0.8759602 0 0.4823834 0.8759602 -0 0.4823834 0.8759602 -0 0 0 0 -0.5885119 -0.8084886 0 -0.5885119 -0.8084886 0 0.5885119 0.8084886 -0 0.5885119 0.8084886 -0 0 0 0 -0.6381852 -0.7698829 -0 -0.6381852 -0.7698829 -0 -0.6381852 -0.7698829 -0 0.6381852 0.7698829 0 0.6381852 0.7698829 0 0.6381852 0.7698829 0 0 0 0 -3.683478e-16 -5.237054e-17 -1 -3.683478e-16 -5.237054e-17 -1 -3.683478e-16 -5.237054e-17 -1 -3.683478e-16 -5.237054e-17 -1 -3.683478e-16 -5.237054e-17 -1 -3.683478e-16 -5.237054e-17 -1 -3.683478e-16 -5.237054e-17 -1 -3.683478e-16 -5.237054e-17 -1 -3.683478e-16 -5.237054e-17 -1 -3.683478e-16 -5.237054e-17 -1 -3.683478e-16 -5.237054e-17 -1 -3.683478e-16 -5.237054e-17 -1 3.683478e-16 5.237054e-17 1 3.683478e-16 5.237054e-17 1 3.683478e-16 5.237054e-17 1 3.683478e-16 5.237054e-17 1 3.683478e-16 5.237054e-17 1 3.683478e-16 5.237054e-17 1 3.683478e-16 5.237054e-17 1 3.683478e-16 5.237054e-17 1 3.683478e-16 5.237054e-17 1 3.683478e-16 5.237054e-17 1 3.683478e-16 5.237054e-17 1 3.683478e-16 5.237054e-17 1 0 0 0 0 0 0 0 0 0 0 0 0 0 0 0 0 0 0 0 0 0 0 0 0 0 0 0 0 0 0 1 -0 -0 1 -0 -0 1 -0 -0 1 -0 -0 -1 0 0 -1 0 0 -1 0 0 -1 0 0 0 0 0 -1 0 0 -1 0 0 -1 0 0 -1 0 0 1 -0 -0 1 -0 -0 1 -0 -0 1 -0 -0 0 0 0 -1 0 0 -1 0 0 -1 0 0 -1 0 0 1 -0 -0 1 -0 -0 1 -0 -0 1 -0 -0 0 0 0 0 0 0 0 -1 0 0 -1 0 0 -1 0 0 -1 0 -0 1 -0 -0 1 -0 -0 1 -0 -0 1 -0 0 0 0 -1 -0 -0 -1 -0 -0 -1 -0 -0 -1 -0 -0 1 0 0 1 0 0 1 0 0 1 0 0 0 0 0 -0 1 -0 -0 1 -0 -0 1 -0 -0 1 -0 0 -1 0 0 -1 0 0 -1 0 0 -1 0 0 0 0 -1 0 0 -1 0 0 -1 0 0 -1 0 0 1 -0 -0 1 -0 -0 1 -0 -0 1 -0 -0 0 0 0 0 1 0 0 1 0 0 1 0 0 1 0 -0 -1 -0 -0 -1 -0 -0 -1 -0 -0 -1 -0 0 -1 0 0 -1 0 0 -1 0 0 -1 0 -0 1 -0 -0 1 -0 -0 1 -0 -0 1 -0 0 0 0 -1 -0 -0 -1 -0 -0 -1 -0 -0 -1 -0 -0 1 0 0 1 0 0 1 0 0 1 0 0 0 0 0 0 1 0 0 1 0 0 1 0 0 1 0 -0 -1 -0 -0 -1 -0 -0 -1 -0 -0 -1 -0</float_array>
                    <technique_common>
                        <accessor count="450" source="#ID111" stride="3">
                            <param name="X" type="float" />
                            <param name="Y" type="float" />
                            <param name="Z" type="float" />
                        </accessor>
                    </technique_common>
                </source>
                <source id="ID108">
                    <Name_array id="ID112" count="0" />
                    <technique_common>
                        <accessor count="0" source="#ID112" stride="1">
                            <param name="skp_material" type="Name" />
                        </accessor>
                    </technique_common>
                </source>
                <vertices id="ID109">
                    <input semantic="POSITION" source="#ID106" />
                    <input semantic="NORMAL" source="#ID107" />
                </vertices>
                <triangles count="134" material="Material2">
                    <input offset="0" semantic="VERTEX" source="#ID109" />
                    <p>0 1 2 1 0 3 12 13 14 13 12 15 15 12 16 16 12 17 17 12 18 18 12 19 19 12 20 37 38 39 38 37 40 46 47 48 47 46 49 49 46 50 49 50 51 49 51 52 49 52 53 49 53 54 70 71 72 71 70 73 73 70 74 83 84 85 84 83 86 91 92 93 92 91 94 99 100 101 100 99 102 102 99 103 112 72 113 72 112 70 118 119 120 119 118 121 121 118 122 121 122 123 123 122 124 123 124 125 125 124 126 125 126 127 127 126 128 127 128 129 129 128 130 129 130 131 131 130 132 132 130 133 132 133 134 134 133 135 134 135 136 136 135 137 136 137 138 138 137 139 138 139 140 140 139 141 140 141 142 142 141 143 191 192 193 192 191 194 102 199 100 199 102 200 204 113 205 113 204 112 209 210 211 210 209 212 219 220 221 220 219 222 222 219 223 231 221 232 221 231 219 236 232 237 232 236 231 241 237 242 237 241 236 246 242 247 242 246 241 251 247 252 247 251 246 256 252 257 252 256 251 261 257 262 257 261 256 266 262 267 262 266 261 200 267 199 267 200 266 271 205 272 205 271 204 276 272 277 272 276 271 281 277 282 277 281 276 286 282 287 282 286 281 291 287 292 287 291 286 296 292 297 292 296 291 301 297 302 297 301 296 306 302 307 302 306 301 311 307 312 307 311 306 306 311 313 318 319 320 319 318 321 322 323 324 323 322 325 326 327 328 327 326 329 329 326 320 329 320 319 329 319 324 329 324 323 352 353 354 353 352 355 361 362 363 362 361 364 370 371 372 371 370 373 380 381 382 381 380 383 389 390 391 390 389 392 398 399 400 399 398 401 407 408 409 408 407 410 416 417 418 417 416 419 424 425 426 425 424 427 433 434 435 434 433 436 442 443 444 443 442 445</p>
                </triangles>
                <triangles count="134" material="Material3">
                    <input offset="0" semantic="VERTEX" source="#ID109" />
                    <p>4 5 6 7 6 5 21 22 23 23 22 24 24 22 25 25 22 26 26 22 27 27 22 28 29 28 22 41 42 43 44 43 42 55 56 57 56 58 57 58 59 57 59 60 57 60 61 57 57 61 62 63 62 61 75 76 77 77 76 78 79 78 76 87 88 89 90 89 88 95 96 97 98 97 96 104 105 106 106 105 107 108 107 105 76 114 79 115 79 114 144 145 146 146 145 147 145 148 147 147 148 149 148 150 149 149 150 151 150 152 151 151 152 153 152 154 153 153 154 155 154 156 155 155 156 157 157 156 158 156 159 158 158 159 160 159 161 160 160 161 162 161 163 162 162 163 164 163 165 164 164 165 166 165 167 166 166 167 168 169 168 167 195 196 197 198 197 196 201 106 202 107 202 106 114 206 115 207 115 206 213 214 215 216 215 214 224 225 226 226 225 227 228 227 225 225 233 228 234 228 233 233 238 234 239 234 238 238 243 239 244 239 243 243 248 244 249 244 248 248 253 249 254 249 253 253 258 254 259 254 258 258 263 259 264 259 263 263 268 264 269 264 268 268 201 269 202 269 201 206 273 207 274 207 273 273 278 274 279 274 278 278 283 279 284 279 283 283 288 284 289 284 288 288 293 289 294 289 293 293 298 294 299 294 298 298 303 299 304 299 303 303 308 304 309 304 308 314 315 308 308 315 309 316 309 315 330 331 332 331 333 332 333 334 332 334 335 332 332 335 336 337 336 335 338 339 330 331 330 339 340 341 333 334 333 341 356 357 358 359 358 357 365 366 367 368 367 366 374 375 376 377 376 375 384 385 386 387 386 385 393 394 395 396 395 394 402 403 404 405 404 403 411 412 413 414 413 412 420 421 422 423 422 421 428 429 430 431 430 429 437 438 439 440 439 438 446 447 448 449 448 447</p>
                </triangles>
            </mesh>
        </geometry>
        <geometry id="ID113">
            <mesh>
                <source id="ID114">
                    <float_array id="ID118" count="102">90.83877 -72.44784 4.223955 89.87076 -73.74167 4.5 89.87076 -72.44784 4.5 90.83877 -73.74167 4.223955 90.83877 -73.74167 4.223955 90.83877 -72.44784 4.223955 89.87076 -73.74167 4.5 89.87076 -72.44784 4.5 90.83877 -73.74167 4.223955 89.87076 -73.74167 4.5 89.87076 -72.44784 4.5 90.83877 -72.44784 4.223955 89.87076 -73.74167 4.5 90.83877 -73.74167 4.223955 90.91749 -73.74167 4.5 90.91749 -73.74167 4.5 90.83877 -73.74167 4.223955 89.87076 -73.74167 4.5 90.91749 -73.74167 4.5 90.91749 -72.44784 4.5 90.83877 -72.44784 4.223955 89.87076 -72.44784 4.5 89.87076 -72.44784 4.5 90.83877 -72.44784 4.223955 90.91749 -72.44784 4.5 90.91749 -72.44784 4.5 90.83877 -72.44784 4.223955 90.91749 -73.74167 4.5 90.83877 -73.74167 4.223955 90.91749 -72.44784 4.5 90.91749 -72.44784 4.5 90.83877 -72.44784 4.223955 90.91749 -73.74167 4.5 90.83877 -73.74167 4.223955</float_array>
                    <technique_common>
                        <accessor count="34" source="#ID118" stride="3">
                            <param name="X" type="float" />
                            <param name="Y" type="float" />
                            <param name="Z" type="float" />
                        </accessor>
                    </technique_common>
                </source>
                <source id="ID115">
                    <float_array id="ID119" count="102">-0.2742342 4.148176e-15 -0.9616629 -0.2742342 4.148176e-15 -0.9616629 -0.2742342 4.148176e-15 -0.9616629 -0.2742342 4.148176e-15 -0.9616629 0.2742342 -4.148176e-15 0.9616629 0.2742342 -4.148176e-15 0.9616629 0.2742342 -4.148176e-15 0.9616629 0.2742342 -4.148176e-15 0.9616629 0 0 0 0 0 0 0 0 0 0 0 0 0 -1 0 0 -1 0 0 -1 0 -0 1 -0 -0 1 -0 -0 1 -0 0 0 0 -0 1 -0 -0 1 -0 -0 1 -0 0 -1 0 0 -1 0 0 -1 0 0 0 0 0.9616629 -4.531471e-15 -0.2742342 0.9616629 -4.531471e-15 -0.2742342 0.9616629 -4.531471e-15 -0.2742342 0.9616629 -4.531471e-15 -0.2742342 -0.9616629 4.531471e-15 0.2742342 -0.9616629 4.531471e-15 0.2742342 -0.9616629 4.531471e-15 0.2742342 -0.9616629 4.531471e-15 0.2742342</float_array>
                    <technique_common>
                        <accessor count="34" source="#ID119" stride="3">
                            <param name="X" type="float" />
                            <param name="Y" type="float" />
                            <param name="Z" type="float" />
                        </accessor>
                    </technique_common>
                </source>
                <source id="ID116">
                    <Name_array id="ID120" count="0" />
                    <technique_common>
                        <accessor count="0" source="#ID120" stride="1">
                            <param name="skp_material" type="Name" />
                        </accessor>
                    </technique_common>
                </source>
                <vertices id="ID117">
                    <input semantic="POSITION" source="#ID114" />
                    <input semantic="NORMAL" source="#ID115" />
                </vertices>
                <triangles count="6" material="Material2">
                    <input offset="0" semantic="VERTEX" source="#ID117" />
                    <p>0 1 2 1 0 3 12 13 14 19 20 21 26 27 28 27 26 29</p>
                </triangles>
                <triangles count="6" material="Material3">
                    <input offset="0" semantic="VERTEX" source="#ID117" />
                    <p>4 5 6 7 6 5 15 16 17 22 23 24 30 31 32 33 32 31</p>
                </triangles>
            </mesh>
        </geometry>
        <geometry id="ID121">
            <mesh>
                <source id="ID122">
                    <float_array id="ID126" count="804">91.67912 -72.44784 7.170845 92.96365 -73.74167 9.859404 91.67912 -73.74167 7.170845 92.96365 -72.44784 9.859404 92.96365 -72.44784 9.859404 91.67912 -72.44784 7.170845 92.96365 -73.74167 9.859404 91.67912 -73.74167 7.170845 91.67912 -72.44784 7.170845 91.67912 -73.74167 7.170845 92.96365 -72.44784 9.859404 92.96365 -73.74167 9.859404 90.91749 -73.74167 4.5 90.91749 -72.44784 4.5 90.91749 -72.44784 4.5 90.91749 -73.74167 4.5 90.91749 -73.74167 4.5 90.91749 -72.44784 4.5 90.73434 -72.44784 7.528353 90.91749 -72.44784 4.5 89.87076 -72.44784 4.5 91.67912 -72.44784 7.170845 92.96365 -72.44784 9.859404 92.09191 -72.44784 10.36978 94.67944 -72.44784 12.29547 93.90526 -72.44784 12.94436 96.77824 -72.44784 14.41051 96.1234 -72.44784 15.17967 99.201 -72.44784 16.14504 98.68391 -72.44784 17.01282 101.8796 -72.44784 17.45025 101.5148 -72.44784 18.39225 104.7386 -72.44784 18.28945 107.6977 -72.44784 18.63901 104.5364 -72.44784 19.27916 113.8832 -72.44784 18.80835 110.8088 -72.44784 19.49018 107.6637 -72.44784 19.6486 116.3428 -72.44784 16.72172 119.4783 -72.44784 15.96537 118.9487 -72.44784 15.10937 116.8004 -72.44784 17.62229 113.5826 -72.44784 17.84396 110.6736 -72.44784 18.48911 107.6977 -72.44784 18.63901 110.6736 -72.44784 18.48911 113.8832 -72.44784 18.80835 113.5826 -72.44784 17.84396 116.8004 -72.44784 17.62229 116.3428 -72.44784 16.72172 119.4783 -72.44784 15.96537 118.9487 -72.44784 15.10937 107.6637 -72.44784 19.6486 104.5364 -72.44784 19.27916 110.8088 -72.44784 19.49018 101.5148 -72.44784 18.39225 104.7386 -72.44784 18.28945 101.8796 -72.44784 17.45025 98.68391 -72.44784 17.01282 99.201 -72.44784 16.14504 96.1234 -72.44784 15.17967 96.77824 -72.44784 14.41051 93.90526 -72.44784 12.94436 94.67944 -72.44784 12.29547 92.09191 -72.44784 10.36978 92.96365 -72.44784 9.859404 90.73434 -72.44784 7.528353 91.67912 -72.44784 7.170845 90.91749 -72.44784 4.5 89.87076 -72.44784 4.5 89.87076 -72.44784 4.5 90.73434 -72.44784 7.528353 92.09191 -72.44784 10.36978 93.90526 -72.44784 12.94436 96.1234 -72.44784 15.17967 98.68391 -72.44784 17.01282 101.5148 -72.44784 18.39225 104.5364 -72.44784 19.27916 107.6637 -72.44784 19.6486 110.8088 -72.44784 19.49018 113.8832 -72.44784 18.80835 116.8004 -72.44784 17.62229 119.4783 -72.44784 15.96537 118.9487 -72.44784 15.10937 116.3428 -72.44784 16.72172 113.5826 -72.44784 17.84396 110.6736 -72.44784 18.48911 107.6977 -72.44784 18.63901 104.7386 -72.44784 18.28945 101.8796 -72.44784 17.45025 99.201 -72.44784 16.14504 96.77824 -72.44784 14.41051 94.67944 -72.44784 12.29547 94.67944 -73.74167 12.29547 94.67944 -72.44784 12.29547 94.67944 -72.44784 12.29547 94.67944 -73.74167 12.29547 94.67944 -73.74167 12.29547 119.4783 -73.74167 15.96537 116.3428 -73.74167 16.72172 118.9487 -73.74167 15.10937 116.8004 -73.74167 17.62229 113.5826 -73.74167 17.84396 113.8832 -73.74167 18.80835 110.6736 -73.74167 18.48911 107.6977 -73.74167 18.63901 91.67912 -73.74167 7.170845 89.87076 -73.74167 4.5 90.91749 -73.74167 4.5 90.73434 -73.74167 7.528353 92.96365 -73.74167 9.859404 92.09191 -73.74167 10.36978 94.67944 -73.74167 12.29547 93.90526 -73.74167 12.94436 96.77824 -73.74167 14.41051 96.1234 -73.74167 15.17967 99.201 -73.74167 16.14504 98.68391 -73.74167 17.01282 101.8796 -73.74167 17.45025 101.5148 -73.74167 18.39225 104.7386 -73.74167 18.28945 104.5364 -73.74167 19.27916 110.8088 -73.74167 19.49018 107.6637 -73.74167 19.6486 107.6637 -73.74167 19.6486 110.8088 -73.74167 19.49018 104.5364 -73.74167 19.27916 113.8832 -73.74167 18.80835 107.6977 -73.74167 18.63901 101.5148 -73.74167 18.39225 104.7386 -73.74167 18.28945 101.8796 -73.74167 17.45025 98.68391 -73.74167 17.01282 99.201 -73.74167 16.14504 96.1234 -73.74167 15.17967 96.77824 -73.74167 14.41051 93.90526 -73.74167 12.94436 94.67944 -73.74167 12.29547 92.09191 -73.74167 10.36978 92.96365 -73.74167 9.859404 90.73434 -73.74167 7.528353 91.67912 -73.74167 7.170845 89.87076 -73.74167 4.5 90.91749 -73.74167 4.5 110.6736 -73.74167 18.48911 113.5826 -73.74167 17.84396 116.8004 -73.74167 17.62229 116.3428 -73.74167 16.72172 119.4783 -73.74167 15.96537 118.9487 -73.74167 15.10937 90.73434 -73.74167 7.528353 89.87076 -73.74167 4.5 96.77824 -73.74167 14.41051 99.201 -73.74167 16.14504 101.8796 -73.74167 17.45025 104.7386 -73.74167 18.28945 107.6977 -73.74167 18.63901 110.6736 -73.74167 18.48911 113.5826 -73.74167 17.84396 116.3428 -73.74167 16.72172 118.9487 -73.74167 15.10937 119.4783 -73.74167 15.96537 116.8004 -73.74167 17.62229 113.8832 -73.74167 18.80835 110.8088 -73.74167 19.49018 107.6637 -73.74167 19.6486 104.5364 -73.74167 19.27916 101.5148 -73.74167 18.39225 98.68391 -73.74167 17.01282 96.1234 -73.74167 15.17967 93.90526 -73.74167 12.94436 92.09191 -73.74167 10.36978 90.73434 -72.44784 7.528353 89.87076 -73.74167 4.5 90.73434 -73.74167 7.528353 89.87076 -72.44784 4.5 89.87076 -72.44784 4.5 90.73434 -72.44784 7.528353 89.87076 -73.74167 4.5 90.73434 -73.74167 7.528353 92.09191 -72.44784 10.36978 92.09191 -73.74167 10.36978 92.09191 -72.44784 10.36978 92.09191 -73.74167 10.36978 93.90526 -72.44784 12.94436 93.90526 -73.74167 12.94436 93.90526 -72.44784 12.94436 93.90526 -73.74167 12.94436 96.1234 -72.44784 15.17967 96.1234 -73.74167 15.17967 96.1234 -72.44784 15.17967 96.1234 -73.74167 15.17967 98.68391 -73.74167 17.01282 98.68391 -72.44784 17.01282 98.68391 -72.44784 17.01282 98.68391 -73.74167 17.01282 101.5148 -73.74167 18.39225 101.5148 -72.44784 18.39225 101.5148 -72.44784 18.39225 101.5148 -73.74167 18.39225 104.5364 -73.74167 19.27916 104.5364 -72.44784 19.27916 104.5364 -72.44784 19.27916 104.5364 -73.74167 19.27916 107.6637 -73.74167 19.6486 107.6637 -72.44784 19.6486 107.6637 -72.44784 19.6486 107.6637 -73.74167 19.6486 110.8088 -73.74167 19.49018 110.8088 -72.44784 19.49018 110.8088 -72.44784 19.49018 110.8088 -73.74167 19.49018 113.8832 -73.74167 18.80835 113.8832 -72.44784 18.80835 113.8832 -72.44784 18.80835 113.8832 -73.74167 18.80835 116.8004 -73.74167 17.62229 116.8004 -72.44784 17.62229 116.8004 -72.44784 17.62229 116.8004 -73.74167 17.62229 119.4783 -73.74167 15.96537 119.4783 -72.44784 15.96537 119.4783 -72.44784 15.96537 119.4783 -73.74167 15.96537 118.9487 -72.44784 15.10937 119.4783 -73.74167 15.96537 118.9487 -73.74167 15.10937 119.4783 -72.44784 15.96537 119.4783 -72.44784 15.96537 118.9487 -72.44784 15.10937 119.4783 -73.74167 15.96537 118.9487 -73.74167 15.10937 118.9487 -72.44784 15.10937 116.3428 -73.74167 16.72172 116.3428 -72.44784 16.72172 118.9487 -73.74167 15.10937 118.9487 -73.74167 15.10937 118.9487 -72.44784 15.10937 116.3428 -73.74167 16.72172 116.3428 -72.44784 16.72172 113.5826 -73.74167 17.84396 113.5826 -72.44784 17.84396 113.5826 -73.74167 17.84396 113.5826 -72.44784 17.84396 110.6736 -73.74167 18.48911 110.6736 -72.44784 18.48911 110.6736 -73.74167 18.48911 110.6736 -72.44784 18.48911 107.6977 -73.74167 18.63901 107.6977 -72.44784 18.63901 107.6977 -73.74167 18.63901 107.6977 -72.44784 18.63901 104.7386 -72.44784 18.28945 104.7386 -73.74167 18.28945 104.7386 -72.44784 18.28945 104.7386 -73.74167 18.28945 101.8796 -73.74167 17.45025 101.8796 -72.44784 17.45025 101.8796 -73.74167 17.45025 101.8796 -72.44784 17.45025 99.201 -72.44784 16.14504 99.201 -73.74167 16.14504 99.201 -72.44784 16.14504 99.201 -73.74167 16.14504 96.77824 -73.74167 14.41051 96.77824 -72.44784 14.41051 96.77824 -73.74167 14.41051 96.77824 -72.44784 14.41051</float_array>
                    <technique_common>
                        <accessor count="268" source="#ID126" stride="3">
                            <param name="X" type="float" />
                            <param name="Y" type="float" />
                            <param name="Z" type="float" />
                        </accessor>
                    </technique_common>
                </source>
                <source id="ID123">
                    <float_array id="ID127" count="804">0.9352784 -8.84483e-15 -0.3539129 0.8629748 -1.310005e-14 -0.5052469 0.9352784 -8.84483e-15 -0.3539129 0.8629748 -1.310005e-14 -0.5052469 -0.8629748 1.310005e-14 0.5052469 -0.9352784 8.84483e-15 0.3539129 -0.8629748 1.310005e-14 0.5052469 -0.9352784 8.84483e-15 0.3539129 0 0 0 0 0 0 0 0 0 0 0 0 0.9616629 -4.897507e-15 -0.2742342 0.9616629 -4.897507e-15 -0.2742342 -0.9616629 4.897507e-15 0.2742342 -0.9616629 4.897507e-15 0.2742342 0 0 0 0 0 0 -2.029821e-15 1 2.64498e-15 -2.029821e-15 1 2.64498e-15 -2.029821e-15 1 2.64498e-15 -2.029821e-15 1 2.64498e-15 -2.029821e-15 1 2.64498e-15 -2.029821e-15 1 2.64498e-15 -2.029821e-15 1 2.64498e-15 -2.029821e-15 1 2.64498e-15 -2.029821e-15 1 2.64498e-15 -2.029821e-15 1 2.64498e-15 -2.029821e-15 1 2.64498e-15 -2.029821e-15 1 2.64498e-15 -2.029821e-15 1 2.64498e-15 -2.029821e-15 1 2.64498e-15 -2.029821e-15 1 2.64498e-15 -2.029821e-15 1 2.64498e-15 -2.029821e-15 1 2.64498e-15 -2.029821e-15 1 2.64498e-15 -2.029821e-15 1 2.64498e-15 -2.029821e-15 1 2.64498e-15 -2.029821e-15 1 2.64498e-15 -2.029821e-15 1 2.64498e-15 -2.029821e-15 1 2.64498e-15 -2.029821e-15 1 2.64498e-15 -2.029821e-15 1 2.64498e-15 -2.029821e-15 1 2.64498e-15 2.029821e-15 -1 -2.64498e-15 2.029821e-15 -1 -2.64498e-15 2.029821e-15 -1 -2.64498e-15 2.029821e-15 -1 -2.64498e-15 2.029821e-15 -1 -2.64498e-15 2.029821e-15 -1 -2.64498e-15 2.029821e-15 -1 -2.64498e-15 2.029821e-15 -1 -2.64498e-15 2.029821e-15 -1 -2.64498e-15 2.029821e-15 -1 -2.64498e-15 2.029821e-15 -1 -2.64498e-15 2.029821e-15 -1 -2.64498e-15 2.029821e-15 -1 -2.64498e-15 2.029821e-15 -1 -2.64498e-15 2.029821e-15 -1 -2.64498e-15 2.029821e-15 -1 -2.64498e-15 2.029821e-15 -1 -2.64498e-15 2.029821e-15 -1 -2.64498e-15 2.029821e-15 -1 -2.64498e-15 2.029821e-15 -1 -2.64498e-15 2.029821e-15 -1 -2.64498e-15 2.029821e-15 -1 -2.64498e-15 2.029821e-15 -1 -2.64498e-15 2.029821e-15 -1 -2.64498e-15 2.029821e-15 -1 -2.64498e-15 2.029821e-15 -1 -2.64498e-15 0 0 0 0 0 0 0 0 0 0 0 0 0 0 0 0 0 0 0 0 0 0 0 0 0 0 0 0 0 0 0 0 0 0 0 0 0 0 0 0 0 0 0 0 0 0 0 0 0 0 0 0 0 0 0 0 0 0 0 0 0 0 0 0 0 0 0 0 0 0.766396 -1.27453e-14 -0.6423684 0.766396 -1.27453e-14 -0.6423684 -0.766396 1.27453e-14 0.6423684 -0.766396 1.27453e-14 0.6423684 0 0 0 2.029821e-15 -1 -2.64498e-15 2.029821e-15 -1 -2.64498e-15 2.029821e-15 -1 -2.64498e-15 2.029821e-15 -1 -2.64498e-15 2.029821e-15 -1 -2.64498e-15 2.029821e-15 -1 -2.64498e-15 2.029821e-15 -1 -2.64498e-15 2.029821e-15 -1 -2.64498e-15 2.029821e-15 -1 -2.64498e-15 2.029821e-15 -1 -2.64498e-15 2.029821e-15 -1 -2.64498e-15 2.029821e-15 -1 -2.64498e-15 2.029821e-15 -1 -2.64498e-15 2.029821e-15 -1 -2.64498e-15 2.029821e-15 -1 -2.64498e-15 2.029821e-15 -1 -2.64498e-15 2.029821e-15 -1 -2.64498e-15 2.029821e-15 -1 -2.64498e-15 2.029821e-15 -1 -2.64498e-15 2.029821e-15 -1 -2.64498e-15 2.029821e-15 -1 -2.64498e-15 2.029821e-15 -1 -2.64498e-15 2.029821e-15 -1 -2.64498e-15 2.029821e-15 -1 -2.64498e-15 2.029821e-15 -1 -2.64498e-15 2.029821e-15 -1 -2.64498e-15 -2.029821e-15 1 2.64498e-15 -2.029821e-15 1 2.64498e-15 -2.029821e-15 1 2.64498e-15 -2.029821e-15 1 2.64498e-15 -2.029821e-15 1 2.64498e-15 -2.029821e-15 1 2.64498e-15 -2.029821e-15 1 2.64498e-15 -2.029821e-15 1 2.64498e-15 -2.029821e-15 1 2.64498e-15 -2.029821e-15 1 2.64498e-15 -2.029821e-15 1 2.64498e-15 -2.029821e-15 1 2.64498e-15 -2.029821e-15 1 2.64498e-15 -2.029821e-15 1 2.64498e-15 -2.029821e-15 1 2.64498e-15 -2.029821e-15 1 2.64498e-15 -2.029821e-15 1 2.64498e-15 -2.029821e-15 1 2.64498e-15 -2.029821e-15 1 2.64498e-15 -2.029821e-15 1 2.64498e-15 -2.029821e-15 1 2.64498e-15 -2.029821e-15 1 2.64498e-15 -2.029821e-15 1 2.64498e-15 -2.029821e-15 1 2.64498e-15 -2.029821e-15 1 2.64498e-15 -2.029821e-15 1 2.64498e-15 0 0 0 0 0 0 0 0 0 0 0 0 0 0 0 0 0 0 0 0 0 0 0 0 0 0 0 0 0 0 0 0 0 0 0 0 0 0 0 0 0 0 0 0 0 0 0 0 0 0 0 0 0 0 0 0 0 0 0 0 0 0 0 0 0 0 -0.9352784 -1.858273e-16 0.3539129 -0.9616629 -3.703454e-16 0.2742342 -0.9352784 -1.858273e-16 0.3539129 -0.9616629 -3.703454e-16 0.2742342 0.9616629 3.703454e-16 -0.2742342 0.9352784 1.858273e-16 -0.3539129 0.9616629 3.703454e-16 -0.2742342 0.9352784 1.858273e-16 -0.3539129 -0.8629748 1.916273e-16 0.5052469 -0.8629748 1.916273e-16 0.5052469 0.8629748 -1.916273e-16 -0.5052469 0.8629748 -1.916273e-16 -0.5052469 -0.766396 -3.006185e-16 0.6423684 -0.766396 -3.006185e-16 0.6423684 0.766396 3.006185e-16 -0.6423684 0.766396 3.006185e-16 -0.6423684 -0.6482587 -1.323371e-15 0.7614202 -0.6482587 -1.323371e-15 0.7614202 0.6482587 1.323371e-15 -0.7614202 0.6482587 1.323371e-15 -0.7614202 -0.5118859 -2.072238e-15 0.8590534 -0.5118859 -2.072238e-15 0.8590534 0.5118859 2.072238e-15 -0.8590534 0.5118859 2.072238e-15 -0.8590534 -0.361114 -2.550283e-15 0.9325217 -0.361114 -2.550283e-15 0.9325217 0.361114 2.550283e-15 -0.9325217 0.361114 2.550283e-15 -0.9325217 -0.200184 -2.680675e-15 0.9797583 -0.200184 -2.680675e-15 0.9797583 0.200184 2.680675e-15 -0.9797583 0.200184 2.680675e-15 -0.9797583 -0.03362283 -2.750364e-15 0.9994346 -0.03362283 -2.750364e-15 0.9994346 0.03362283 2.750364e-15 -0.9994346 0.03362283 2.750364e-15 -0.9994346 0.1338841 -2.706908e-15 0.990997 0.1338841 -2.706908e-15 0.990997 -0.1338841 2.706908e-15 -0.990997 -0.1338841 2.706908e-15 -0.990997 0.2976249 -2.604512e-15 0.9546829 0.2976249 -2.604512e-15 0.9546829 -0.2976249 2.604512e-15 -0.9546829 -0.2976249 2.604512e-15 -0.9546829 0.4529936 -2.448307e-15 0.8915138 0.4529936 -2.448307e-15 0.8915138 -0.4529936 2.448307e-15 -0.8915138 -0.4529936 2.448307e-15 -0.8915138 0.52616 -2.335433e-15 0.8503856 0.52616 -2.335433e-15 0.8503856 -0.52616 2.335433e-15 -0.8503856 -0.52616 2.335433e-15 -0.8503856 0.8503856 -1.826009e-15 -0.52616 0.8503856 -1.826009e-15 -0.52616 0.8503856 -1.826009e-15 -0.52616 0.8503856 -1.826009e-15 -0.52616 -0.8503856 1.826009e-15 0.52616 -0.8503856 1.826009e-15 0.52616 -0.8503856 1.826009e-15 0.52616 -0.8503856 1.826009e-15 0.52616 -0.52616 -3.029356e-14 -0.8503856 -0.4529936 -2.851076e-14 -0.8915138 -0.4529936 -2.851076e-14 -0.8915138 -0.52616 -3.029356e-14 -0.8503856 0.52616 3.029356e-14 0.8503856 0.52616 3.029356e-14 0.8503856 0.4529936 2.851076e-14 0.8915138 0.4529936 2.851076e-14 0.8915138 -0.2976249 -2.594241e-14 -0.9546829 -0.2976249 -2.594241e-14 -0.9546829 0.2976249 2.594241e-14 0.9546829 0.2976249 2.594241e-14 0.9546829 -0.1338841 -2.36403e-14 -0.990997 -0.1338841 -2.36403e-14 -0.990997 0.1338841 2.36403e-14 0.990997 0.1338841 2.36403e-14 0.990997 0.03362283 -2.058975e-14 -0.9994346 0.03362283 -2.058975e-14 -0.9994346 -0.03362283 2.058975e-14 0.9994346 -0.03362283 2.058975e-14 0.9994346 0.200184 -1.90632e-14 -0.9797583 0.200184 -1.90632e-14 -0.9797583 -0.200184 1.90632e-14 0.9797583 -0.200184 1.90632e-14 0.9797583 0.361114 -1.691324e-14 -0.9325217 0.361114 -1.691324e-14 -0.9325217 -0.361114 1.691324e-14 0.9325217 -0.361114 1.691324e-14 0.9325217 0.5118859 -1.486867e-14 -0.8590534 0.5118859 -1.486867e-14 -0.8590534 -0.5118859 1.486867e-14 0.8590534 -0.5118859 1.486867e-14 0.8590534 0.6482587 -1.346989e-14 -0.7614202 0.6482587 -1.346989e-14 -0.7614202 -0.6482587 1.346989e-14 0.7614202 -0.6482587 1.346989e-14 0.7614202</float_array>
                    <technique_common>
                        <accessor count="268" source="#ID127" stride="3">
                            <param name="X" type="float" />
                            <param name="Y" type="float" />
                            <param name="Z" type="float" />
                        </accessor>
                    </technique_common>
                </source>
                <source id="ID124">
                    <Name_array id="ID128" count="0" />
                    <technique_common>
                        <accessor count="0" source="#ID128" stride="1">
                            <param name="skp_material" type="Name" />
                        </accessor>
                    </technique_common>
                </source>
                <vertices id="ID125">
                    <input semantic="POSITION" source="#ID122" />
                    <input semantic="NORMAL" source="#ID123" />
                </vertices>
                <triangles count="98" material="Material3">
                    <input offset="0" semantic="VERTEX" source="#ID125" />
                    <p>0 1 2 1 0 3 12 0 2 0 12 13 18 19 20 19 18 21 21 18 22 22 18 23 22 23 24 24 23 25 24 25 26 26 25 27 26 27 28 28 27 29 28 29 30 30 29 31 30 31 32 32 31 33 33 31 34 33 34 35 35 34 36 36 34 37 38 39 40 39 38 41 41 38 42 41 42 35 35 42 43 35 43 33 3 93 1 93 3 94 98 99 100 99 98 101 99 101 102 102 101 103 102 103 104 104 103 105 106 107 108 107 106 109 109 106 110 109 110 111 111 110 112 111 112 113 113 112 114 113 114 115 115 114 116 115 116 117 117 116 118 117 118 119 119 118 120 119 120 105 119 105 121 121 105 103 121 103 122 121 122 123 172 173 174 173 172 175 180 174 181 174 180 172 184 181 185 181 184 180 188 185 189 185 188 184 192 188 189 188 192 193 196 193 192 193 196 197 200 197 196 197 200 201 204 201 200 201 204 205 208 205 204 205 208 209 212 209 208 209 212 213 216 213 212 213 216 217 220 217 216 217 220 221 224 225 226 225 224 227 232 233 234 233 232 235 234 240 241 240 234 233 241 244 245 244 241 240 245 248 249 248 245 244 252 248 253 248 252 249 252 256 257 256 252 253 260 256 261 256 260 257 260 264 265 264 260 261 94 264 93 264 94 265</p>
                </triangles>
                <triangles count="98" material="Material2">
                    <input offset="0" semantic="VERTEX" source="#ID125" />
                    <p>4 5 6 7 6 5 14 15 5 7 5 15 44 45 46 45 47 46 46 47 48 47 49 48 48 49 50 51 50 49 52 53 54 54 53 46 46 53 44 53 55 44 44 55 56 56 55 57 55 58 57 57 58 59 58 60 59 59 60 61 60 62 61 61 62 63 62 64 63 63 64 65 64 66 65 65 66 67 67 66 68 69 68 66 95 4 96 6 96 4 124 125 126 125 127 126 127 128 126 126 128 129 128 130 129 130 131 129 129 131 132 131 133 132 132 133 134 133 135 134 134 135 136 135 137 136 136 137 138 137 139 138 138 139 140 139 141 140 140 141 142 143 142 141 128 127 144 144 127 145 127 146 145 145 146 147 146 148 147 149 147 148 176 177 178 179 178 177 177 182 179 183 179 182 182 186 183 187 183 186 186 190 187 191 187 190 194 195 190 191 190 195 198 199 194 195 194 199 202 203 198 199 198 203 206 207 202 203 202 207 210 211 206 207 206 211 214 215 210 211 210 215 218 219 214 215 214 219 222 223 218 219 218 223 228 229 230 231 230 229 236 237 238 239 238 237 238 239 242 243 242 239 242 243 246 247 246 243 246 247 250 251 250 247 251 254 250 255 250 254 255 254 258 259 258 254 259 262 258 263 258 262 263 262 266 267 266 262 267 95 266 96 266 95</p>
                </triangles>
            </mesh>
        </geometry>
        <geometry id="ID129">
            <mesh>
                <source id="ID130">
                    <float_array id="ID134" count="102">90.85727 -52.4132 4.256263 89.87076 -53.70703 4.5 89.87076 -52.4132 4.5 90.85727 -53.70703 4.256263 90.85727 -53.70703 4.256263 90.85727 -52.4132 4.256263 89.87076 -53.70703 4.5 89.87076 -52.4132 4.5 90.85727 -53.70703 4.256263 89.87076 -53.70703 4.5 89.87076 -52.4132 4.5 90.85727 -52.4132 4.256263 89.87076 -53.70703 4.5 90.85727 -53.70703 4.256263 90.91749 -53.70703 4.5 90.91749 -53.70703 4.5 90.85727 -53.70703 4.256263 89.87076 -53.70703 4.5 90.91749 -53.70703 4.5 90.91749 -52.4132 4.5 90.85727 -52.4132 4.256263 89.87076 -52.4132 4.5 89.87076 -52.4132 4.5 90.85727 -52.4132 4.256263 90.91749 -52.4132 4.5 90.91749 -52.4132 4.5 90.85727 -52.4132 4.256263 90.91749 -53.70703 4.5 90.85727 -53.70703 4.256263 90.91749 -52.4132 4.5 90.91749 -52.4132 4.5 90.85727 -52.4132 4.256263 90.91749 -53.70703 4.5 90.85727 -53.70703 4.256263</float_array>
                    <technique_common>
                        <accessor count="34" source="#ID134" stride="3">
                            <param name="X" type="float" />
                            <param name="Y" type="float" />
                            <param name="Z" type="float" />
                        </accessor>
                    </technique_common>
                </source>
                <source id="ID131">
                    <float_array id="ID135" count="102">-0.2398577 -1.327955e-15 -0.9708081 -0.2398577 -1.327955e-15 -0.9708081 -0.2398577 -1.327955e-15 -0.9708081 -0.2398577 -1.327955e-15 -0.9708081 0.2398577 1.327955e-15 0.9708081 0.2398577 1.327955e-15 0.9708081 0.2398577 1.327955e-15 0.9708081 0.2398577 1.327955e-15 0.9708081 0 0 0 0 0 0 0 0 0 0 0 0 0 -1 0 0 -1 0 0 -1 0 -0 1 -0 -0 1 -0 -0 1 -0 0 0 0 -0 1 -0 -0 1 -0 -0 1 -0 0 -1 0 0 -1 0 0 -1 0 0 0 0 0.9708081 -3.300866e-16 -0.2398577 0.9708081 -3.300866e-16 -0.2398577 0.9708081 -3.300866e-16 -0.2398577 0.9708081 -3.300866e-16 -0.2398577 -0.9708081 3.300866e-16 0.2398577 -0.9708081 3.300866e-16 0.2398577 -0.9708081 3.300866e-16 0.2398577 -0.9708081 3.300866e-16 0.2398577</float_array>
                    <technique_common>
                        <accessor count="34" source="#ID135" stride="3">
                            <param name="X" type="float" />
                            <param name="Y" type="float" />
                            <param name="Z" type="float" />
                        </accessor>
                    </technique_common>
                </source>
                <source id="ID132">
                    <Name_array id="ID136" count="0" />
                    <technique_common>
                        <accessor count="0" source="#ID136" stride="1">
                            <param name="skp_material" type="Name" />
                        </accessor>
                    </technique_common>
                </source>
                <vertices id="ID133">
                    <input semantic="POSITION" source="#ID130" />
                    <input semantic="NORMAL" source="#ID131" />
                </vertices>
                <triangles count="6" material="Material2">
                    <input offset="0" semantic="VERTEX" source="#ID133" />
                    <p>0 1 2 1 0 3 12 13 14 19 20 21 26 27 28 27 26 29</p>
                </triangles>
                <triangles count="6" material="Material3">
                    <input offset="0" semantic="VERTEX" source="#ID133" />
                    <p>4 5 6 7 6 5 15 16 17 22 23 24 30 31 32 33 32 31</p>
                </triangles>
            </mesh>
        </geometry>
        <geometry id="ID137">
            <mesh>
                <source id="ID138">
                    <float_array id="ID142" count="804">91.61657 -52.4132 7.329482 92.81474 -53.70703 10.17331 91.61657 -53.70703 7.329482 92.81474 -52.4132 10.17331 92.81474 -52.4132 10.17331 91.61657 -52.4132 7.329482 92.81474 -53.70703 10.17331 91.61657 -53.70703 7.329482 91.61657 -52.4132 7.329482 91.61657 -53.70703 7.329482 92.81474 -52.4132 10.17331 92.81474 -53.70703 10.17331 90.91749 -52.4132 4.5 90.91749 -53.70703 4.5 90.91749 -52.4132 4.5 90.91749 -53.70703 4.5 90.91749 -53.70703 4.5 90.91749 -52.4132 4.5 90.64917 -52.4132 7.650589 90.91749 -52.4132 4.5 89.87076 -52.4132 4.5 91.61657 -52.4132 7.329482 92.81474 -52.4132 10.17331 91.90923 -52.4132 10.64131 94.44161 -52.4132 12.79559 93.62013 -52.4132 13.39902 96.45738 -52.4132 15.13218 95.74001 -52.4132 15.8563 98.81276 -52.4132 17.12596 98.21706 -52.4132 17.95306 101.4502 -52.4132 18.72816 100.9907 -52.4132 19.63802 104.3051 -52.4132 19.89962 103.9931 -52.4132 20.86998 107.3078 -52.4132 20.61169 110.3847 -52.4132 20.84695 116.4606 -52.4132 19.87584 119.774 -52.4132 19.60128 119.3845 -52.4132 18.66268 116.7764 -52.4132 20.84498 113.4607 -52.4132 20.59965 113.6216 -52.4132 21.60617 107.1508 -52.4132 21.61883 110.3867 -52.4132 21.86624 110.3867 -52.4132 21.86624 107.1508 -52.4132 21.61883 113.6216 -52.4132 21.60617 103.9931 -52.4132 20.86998 110.3847 -52.4132 20.84695 116.7764 -52.4132 20.84498 113.4607 -52.4132 20.59965 116.4606 -52.4132 19.87584 119.774 -52.4132 19.60128 119.3845 -52.4132 18.66268 107.3078 -52.4132 20.61169 104.3051 -52.4132 19.89962 100.9907 -52.4132 19.63802 101.4502 -52.4132 18.72816 98.21706 -52.4132 17.95306 98.81276 -52.4132 17.12596 95.74001 -52.4132 15.8563 96.45738 -52.4132 15.13218 93.62013 -52.4132 13.39902 94.44161 -52.4132 12.79559 91.90923 -52.4132 10.64131 92.81474 -52.4132 10.17331 90.64917 -52.4132 7.650589 91.61657 -52.4132 7.329482 90.91749 -52.4132 4.5 89.87076 -52.4132 4.5 89.87076 -52.4132 4.5 90.64917 -52.4132 7.650589 91.90923 -52.4132 10.64131 93.62013 -52.4132 13.39902 95.74001 -52.4132 15.8563 98.21706 -52.4132 17.95306 100.9907 -52.4132 19.63802 103.9931 -52.4132 20.86998 107.1508 -52.4132 21.61883 110.3867 -52.4132 21.86624 113.6216 -52.4132 21.60617 116.7764 -52.4132 20.84498 119.774 -52.4132 19.60128 119.3845 -52.4132 18.66268 116.4606 -52.4132 19.87584 113.4607 -52.4132 20.59965 110.3847 -52.4132 20.84695 107.3078 -52.4132 20.61169 104.3051 -52.4132 19.89962 101.4502 -52.4132 18.72816 98.81276 -52.4132 17.12596 96.45738 -52.4132 15.13218 94.44161 -52.4132 12.79559 94.44161 -53.70703 12.79559 94.44161 -52.4132 12.79559 94.44161 -52.4132 12.79559 94.44161 -53.70703 12.79559 94.44161 -53.70703 12.79559 119.774 -53.70703 19.60128 116.4606 -53.70703 19.87584 119.3845 -53.70703 18.66268 116.7764 -53.70703 20.84498 113.4607 -53.70703 20.59965 110.3847 -53.70703 20.84695 113.6216 -53.70703 21.60617 103.9931 -53.70703 20.86998 107.1508 -53.70703 21.61883 110.3867 -53.70703 21.86624 91.61657 -53.70703 7.329482 89.87076 -53.70703 4.5 90.91749 -53.70703 4.5 90.64917 -53.70703 7.650589 92.81474 -53.70703 10.17331 91.90923 -53.70703 10.64131 94.44161 -53.70703 12.79559 93.62013 -53.70703 13.39902 96.45738 -53.70703 15.13218 95.74001 -53.70703 15.8563 98.81276 -53.70703 17.12596 98.21706 -53.70703 17.95306 101.4502 -53.70703 18.72816 100.9907 -53.70703 19.63802 104.3051 -53.70703 19.89962 107.3078 -53.70703 20.61169 110.3847 -53.70703 20.84695 107.3078 -53.70703 20.61169 103.9931 -53.70703 20.86998 104.3051 -53.70703 19.89962 100.9907 -53.70703 19.63802 101.4502 -53.70703 18.72816 98.21706 -53.70703 17.95306 98.81276 -53.70703 17.12596 95.74001 -53.70703 15.8563 96.45738 -53.70703 15.13218 93.62013 -53.70703 13.39902 94.44161 -53.70703 12.79559 91.90923 -53.70703 10.64131 92.81474 -53.70703 10.17331 90.64917 -53.70703 7.650589 91.61657 -53.70703 7.329482 89.87076 -53.70703 4.5 90.91749 -53.70703 4.5 110.3867 -53.70703 21.86624 113.6216 -53.70703 21.60617 107.1508 -53.70703 21.61883 116.7764 -53.70703 20.84498 113.4607 -53.70703 20.59965 116.4606 -53.70703 19.87584 119.774 -53.70703 19.60128 119.3845 -53.70703 18.66268 90.64917 -53.70703 7.650589 89.87076 -53.70703 4.5 96.45738 -53.70703 15.13218 98.81276 -53.70703 17.12596 101.4502 -53.70703 18.72816 104.3051 -53.70703 19.89962 107.3078 -53.70703 20.61169 110.3847 -53.70703 20.84695 113.4607 -53.70703 20.59965 116.4606 -53.70703 19.87584 119.3845 -53.70703 18.66268 119.774 -53.70703 19.60128 116.7764 -53.70703 20.84498 113.6216 -53.70703 21.60617 110.3867 -53.70703 21.86624 107.1508 -53.70703 21.61883 103.9931 -53.70703 20.86998 100.9907 -53.70703 19.63802 98.21706 -53.70703 17.95306 95.74001 -53.70703 15.8563 93.62013 -53.70703 13.39902 91.90923 -53.70703 10.64131 90.64917 -53.70703 7.650589 89.87076 -52.4132 4.5 89.87076 -53.70703 4.5 90.64917 -52.4132 7.650589 90.64917 -52.4132 7.650589 90.64917 -53.70703 7.650589 89.87076 -52.4132 4.5 89.87076 -53.70703 4.5 91.90923 -53.70703 10.64131 91.90923 -52.4132 10.64131 91.90923 -52.4132 10.64131 91.90923 -53.70703 10.64131 93.62013 -52.4132 13.39902 93.62013 -53.70703 13.39902 93.62013 -52.4132 13.39902 93.62013 -53.70703 13.39902 95.74001 -53.70703 15.8563 95.74001 -52.4132 15.8563 95.74001 -52.4132 15.8563 95.74001 -53.70703 15.8563 98.21706 -53.70703 17.95306 98.21706 -52.4132 17.95306 98.21706 -52.4132 17.95306 98.21706 -53.70703 17.95306 100.9907 -53.70703 19.63802 100.9907 -52.4132 19.63802 100.9907 -52.4132 19.63802 100.9907 -53.70703 19.63802 103.9931 -53.70703 20.86998 103.9931 -52.4132 20.86998 103.9931 -52.4132 20.86998 103.9931 -53.70703 20.86998 107.1508 -53.70703 21.61883 107.1508 -52.4132 21.61883 107.1508 -52.4132 21.61883 107.1508 -53.70703 21.61883 110.3867 -53.70703 21.86624 110.3867 -52.4132 21.86624 110.3867 -52.4132 21.86624 110.3867 -53.70703 21.86624 113.6216 -53.70703 21.60617 113.6216 -52.4132 21.60617 113.6216 -52.4132 21.60617 113.6216 -53.70703 21.60617 116.7764 -53.70703 20.84498 116.7764 -52.4132 20.84498 116.7764 -52.4132 20.84498 116.7764 -53.70703 20.84498 119.774 -53.70703 19.60128 119.774 -52.4132 19.60128 119.774 -52.4132 19.60128 119.774 -53.70703 19.60128 119.3845 -52.4132 18.66268 119.774 -53.70703 19.60128 119.3845 -53.70703 18.66268 119.774 -52.4132 19.60128 119.774 -52.4132 19.60128 119.3845 -52.4132 18.66268 119.774 -53.70703 19.60128 119.3845 -53.70703 18.66268 119.3845 -52.4132 18.66268 116.4606 -53.70703 19.87584 116.4606 -52.4132 19.87584 119.3845 -53.70703 18.66268 119.3845 -53.70703 18.66268 119.3845 -52.4132 18.66268 116.4606 -53.70703 19.87584 116.4606 -52.4132 19.87584 113.4607 -53.70703 20.59965 113.4607 -52.4132 20.59965 113.4607 -53.70703 20.59965 113.4607 -52.4132 20.59965 110.3847 -53.70703 20.84695 110.3847 -52.4132 20.84695 110.3847 -53.70703 20.84695 110.3847 -52.4132 20.84695 107.3078 -53.70703 20.61169 107.3078 -52.4132 20.61169 107.3078 -53.70703 20.61169 107.3078 -52.4132 20.61169 104.3051 -53.70703 19.89962 104.3051 -52.4132 19.89962 104.3051 -53.70703 19.89962 104.3051 -52.4132 19.89962 101.4502 -52.4132 18.72816 101.4502 -53.70703 18.72816 101.4502 -52.4132 18.72816 101.4502 -53.70703 18.72816 98.81276 -53.70703 17.12596 98.81276 -52.4132 17.12596 98.81276 -53.70703 17.12596 98.81276 -52.4132 17.12596 96.45738 -53.70703 15.13218 96.45738 -52.4132 15.13218 96.45738 -53.70703 15.13218 96.45738 -52.4132 15.13218</float_array>
                    <technique_common>
                        <accessor count="268" source="#ID142" stride="3">
                            <param name="X" type="float" />
                            <param name="Y" type="float" />
                            <param name="Z" type="float" />
                        </accessor>
                    </technique_common>
                </source>
                <source id="ID139">
                    <float_array id="ID143" count="804">0.9490824 -1.631919e-15 -0.3150278 0.8883674 -2.224965e-15 -0.4591332 0.9490824 -1.631919e-15 -0.3150278 0.8883674 -2.224965e-15 -0.4591332 -0.8883674 2.224965e-15 0.4591332 -0.9490824 1.631919e-15 0.3150278 -0.8883674 2.224965e-15 0.4591332 -0.9490824 1.631919e-15 0.3150278 0 0 0 0 0 0 0 0 0 0 0 0 0.9708081 -3.199179e-16 -0.2398577 0.9708081 -3.199179e-16 -0.2398577 -0.9708081 3.199179e-16 0.2398577 -0.9708081 3.199179e-16 0.2398577 0 0 0 0 0 0 2.479078e-15 1 -3.036364e-15 2.479078e-15 1 -3.036364e-15 2.479078e-15 1 -3.036364e-15 2.479078e-15 1 -3.036364e-15 2.479078e-15 1 -3.036364e-15 2.479078e-15 1 -3.036364e-15 2.479078e-15 1 -3.036364e-15 2.479078e-15 1 -3.036364e-15 2.479078e-15 1 -3.036364e-15 2.479078e-15 1 -3.036364e-15 2.479078e-15 1 -3.036364e-15 2.479078e-15 1 -3.036364e-15 2.479078e-15 1 -3.036364e-15 2.479078e-15 1 -3.036364e-15 2.479078e-15 1 -3.036364e-15 2.479078e-15 1 -3.036364e-15 2.479078e-15 1 -3.036364e-15 2.479078e-15 1 -3.036364e-15 2.479078e-15 1 -3.036364e-15 2.479078e-15 1 -3.036364e-15 2.479078e-15 1 -3.036364e-15 2.479078e-15 1 -3.036364e-15 2.479078e-15 1 -3.036364e-15 2.479078e-15 1 -3.036364e-15 2.479078e-15 1 -3.036364e-15 2.479078e-15 1 -3.036364e-15 -2.479078e-15 -1 3.036364e-15 -2.479078e-15 -1 3.036364e-15 -2.479078e-15 -1 3.036364e-15 -2.479078e-15 -1 3.036364e-15 -2.479078e-15 -1 3.036364e-15 -2.479078e-15 -1 3.036364e-15 -2.479078e-15 -1 3.036364e-15 -2.479078e-15 -1 3.036364e-15 -2.479078e-15 -1 3.036364e-15 -2.479078e-15 -1 3.036364e-15 -2.479078e-15 -1 3.036364e-15 -2.479078e-15 -1 3.036364e-15 -2.479078e-15 -1 3.036364e-15 -2.479078e-15 -1 3.036364e-15 -2.479078e-15 -1 3.036364e-15 -2.479078e-15 -1 3.036364e-15 -2.479078e-15 -1 3.036364e-15 -2.479078e-15 -1 3.036364e-15 -2.479078e-15 -1 3.036364e-15 -2.479078e-15 -1 3.036364e-15 -2.479078e-15 -1 3.036364e-15 -2.479078e-15 -1 3.036364e-15 -2.479078e-15 -1 3.036364e-15 -2.479078e-15 -1 3.036364e-15 -2.479078e-15 -1 3.036364e-15 -2.479078e-15 -1 3.036364e-15 0 0 0 0 0 0 0 0 0 0 0 0 0 0 0 0 0 0 0 0 0 0 0 0 0 0 0 0 0 0 0 0 0 0 0 0 0 0 0 0 0 0 0 0 0 0 0 0 0 0 0 0 0 0 0 0 0 0 0 0 0 0 0 0 0 0 0 0 0 0.8059295 -1.649556e-15 -0.5920116 0.8059295 -1.649556e-15 -0.5920116 -0.8059295 1.649556e-15 0.5920116 -0.8059295 1.649556e-15 0.5920116 0 0 0 -2.479078e-15 -1 3.036364e-15 -2.479078e-15 -1 3.036364e-15 -2.479078e-15 -1 3.036364e-15 -2.479078e-15 -1 3.036364e-15 -2.479078e-15 -1 3.036364e-15 -2.479078e-15 -1 3.036364e-15 -2.479078e-15 -1 3.036364e-15 -2.479078e-15 -1 3.036364e-15 -2.479078e-15 -1 3.036364e-15 -2.479078e-15 -1 3.036364e-15 -2.479078e-15 -1 3.036364e-15 -2.479078e-15 -1 3.036364e-15 -2.479078e-15 -1 3.036364e-15 -2.479078e-15 -1 3.036364e-15 -2.479078e-15 -1 3.036364e-15 -2.479078e-15 -1 3.036364e-15 -2.479078e-15 -1 3.036364e-15 -2.479078e-15 -1 3.036364e-15 -2.479078e-15 -1 3.036364e-15 -2.479078e-15 -1 3.036364e-15 -2.479078e-15 -1 3.036364e-15 -2.479078e-15 -1 3.036364e-15 -2.479078e-15 -1 3.036364e-15 -2.479078e-15 -1 3.036364e-15 -2.479078e-15 -1 3.036364e-15 -2.479078e-15 -1 3.036364e-15 2.479078e-15 1 -3.036364e-15 2.479078e-15 1 -3.036364e-15 2.479078e-15 1 -3.036364e-15 2.479078e-15 1 -3.036364e-15 2.479078e-15 1 -3.036364e-15 2.479078e-15 1 -3.036364e-15 2.479078e-15 1 -3.036364e-15 2.479078e-15 1 -3.036364e-15 2.479078e-15 1 -3.036364e-15 2.479078e-15 1 -3.036364e-15 2.479078e-15 1 -3.036364e-15 2.479078e-15 1 -3.036364e-15 2.479078e-15 1 -3.036364e-15 2.479078e-15 1 -3.036364e-15 2.479078e-15 1 -3.036364e-15 2.479078e-15 1 -3.036364e-15 2.479078e-15 1 -3.036364e-15 2.479078e-15 1 -3.036364e-15 2.479078e-15 1 -3.036364e-15 2.479078e-15 1 -3.036364e-15 2.479078e-15 1 -3.036364e-15 2.479078e-15 1 -3.036364e-15 2.479078e-15 1 -3.036364e-15 2.479078e-15 1 -3.036364e-15 2.479078e-15 1 -3.036364e-15 2.479078e-15 1 -3.036364e-15 0 0 0 0 0 0 0 0 0 0 0 0 0 0 0 0 0 0 0 0 0 0 0 0 0 0 0 0 0 0 0 0 0 0 0 0 0 0 0 0 0 0 0 0 0 0 0 0 0 0 0 0 0 0 0 0 0 0 0 0 0 0 0 0 0 0 -0.9490824 1.104131e-15 0.3150278 -0.9708081 3.425546e-16 0.2398577 -0.9708081 3.425546e-16 0.2398577 -0.9490824 1.104131e-15 0.3150278 0.9490824 -1.104131e-15 -0.3150278 0.9490824 -1.104131e-15 -0.3150278 0.9708081 -3.425546e-16 -0.2398577 0.9708081 -3.425546e-16 -0.2398577 -0.8883674 2.387786e-15 0.4591332 -0.8883674 2.387786e-15 0.4591332 0.8883674 -2.387786e-15 -0.4591332 0.8883674 -2.387786e-15 -0.4591332 -0.8059295 2.812734e-15 0.5920116 -0.8059295 2.812734e-15 0.5920116 0.8059295 -2.812734e-15 -0.5920116 0.8059295 -2.812734e-15 -0.5920116 -0.7037843 3.185231e-15 0.7104137 -0.7037843 3.185231e-15 0.7104137 0.7037843 -3.185231e-15 -0.7104137 0.7037843 -3.185231e-15 -0.7104137 -0.5844298 4.215919e-15 0.8114443 -0.5844298 4.215919e-15 0.8114443 0.5844298 -4.215919e-15 -0.8114443 0.5844298 -4.215919e-15 -0.8114443 -0.4507844 4.952136e-15 0.8926329 -0.4507844 4.952136e-15 0.8926329 0.4507844 -4.952136e-15 -0.8926329 0.4507844 -4.952136e-15 -0.8926329 -0.3061161 5.239401e-15 0.9519942 -0.3061161 5.239401e-15 0.9519942 0.3061161 -5.239401e-15 -0.9519942 0.3061161 -5.239401e-15 -0.9519942 -0.1539624 5.425435e-15 0.9880767 -0.1539624 5.425435e-15 0.9880767 0.1539624 -5.425435e-15 -0.9880767 0.1539624 -5.425435e-15 -0.9880767 0.001956057 5.496605e-15 0.9999981 0.001956057 5.496605e-15 0.9999981 -0.001956057 -5.496605e-15 -0.9999981 -0.001956057 -5.496605e-15 -0.9999981 0.1578267 5.394114e-15 0.9874668 0.1578267 5.394114e-15 0.9874668 -0.1578267 -5.394114e-15 -0.9874668 -0.1578267 -5.394114e-15 -0.9874668 0.309838 5.197294e-15 0.9507894 0.309838 5.197294e-15 0.9507894 -0.309838 -5.197294e-15 -0.9507894 -0.309838 -5.197294e-15 -0.9507894 0.3832287 5.083548e-15 0.9236535 0.3832287 5.083548e-15 0.9236535 -0.3832287 -5.083548e-15 -0.9236535 -0.3832287 -5.083548e-15 -0.9236535 0.9236535 -6.634696e-15 -0.3832287 0.9236535 -6.634696e-15 -0.3832287 0.9236535 -6.634696e-15 -0.3832287 0.9236535 -6.634696e-15 -0.3832287 -0.9236535 6.634696e-15 0.3832287 -0.9236535 6.634696e-15 0.3832287 -0.9236535 6.634696e-15 0.3832287 -0.9236535 6.634696e-15 0.3832287 -0.3832287 -4.007185e-16 -0.9236535 -0.309838 -2.009745e-16 -0.9507894 -0.309838 -2.009745e-16 -0.9507894 -0.3832287 -4.007185e-16 -0.9236535 0.3832287 4.007185e-16 0.9236535 0.3832287 4.007185e-16 0.9236535 0.309838 2.009745e-16 0.9507894 0.309838 2.009745e-16 0.9507894 -0.1578267 0 -0.9874668 -0.1578267 0 -0.9874668 0.1578267 -0 0.9874668 0.1578267 -0 0.9874668 -0.001956057 0 -0.9999981 -0.001956057 0 -0.9999981 0.001956057 -0 0.9999981 0.001956057 -0 0.9999981 0.1539624 0 -0.9880767 0.1539624 0 -0.9880767 -0.1539624 -0 0.9880767 -0.1539624 -0 0.9880767 0.3061161 0 -0.9519942 0.3061161 0 -0.9519942 -0.3061161 -0 0.9519942 -0.3061161 -0 0.9519942 0.4507844 -1.678292e-15 -0.8926329 0.4507844 -1.678292e-15 -0.8926329 -0.4507844 1.678292e-15 0.8926329 -0.4507844 1.678292e-15 0.8926329 0.5844298 -2.705916e-15 -0.8114443 0.5844298 -2.705916e-15 -0.8114443 -0.5844298 2.705916e-15 0.8114443 -0.5844298 2.705916e-15 0.8114443 0.7037843 -1.923683e-15 -0.7104137 0.7037843 -1.923683e-15 -0.7104137 -0.7037843 1.923683e-15 0.7104137 -0.7037843 1.923683e-15 0.7104137</float_array>
                    <technique_common>
                        <accessor count="268" source="#ID143" stride="3">
                            <param name="X" type="float" />
                            <param name="Y" type="float" />
                            <param name="Z" type="float" />
                        </accessor>
                    </technique_common>
                </source>
                <source id="ID140">
                    <Name_array id="ID144" count="0" />
                    <technique_common>
                        <accessor count="0" source="#ID144" stride="1">
                            <param name="skp_material" type="Name" />
                        </accessor>
                    </technique_common>
                </source>
                <vertices id="ID141">
                    <input semantic="POSITION" source="#ID138" />
                    <input semantic="NORMAL" source="#ID139" />
                </vertices>
                <triangles count="98" material="Material3">
                    <input offset="0" semantic="VERTEX" source="#ID141" />
                    <p>0 1 2 1 0 3 12 2 13 2 12 0 18 19 20 19 18 21 21 18 22 22 18 23 22 23 24 24 23 25 24 25 26 26 25 27 26 27 28 28 27 29 28 29 30 30 29 31 30 31 32 32 31 33 32 33 34 34 33 35 36 37 38 37 36 39 39 36 40 39 40 35 39 35 41 41 35 33 41 33 42 41 42 43 3 93 1 93 3 94 98 99 100 99 98 101 99 101 102 102 101 103 103 101 104 103 104 105 105 104 106 106 104 107 108 109 110 109 108 111 111 108 112 111 112 113 113 112 114 113 114 115 115 114 116 115 116 117 117 116 118 117 118 119 119 118 120 119 120 121 121 120 122 121 122 105 105 122 123 105 123 103 172 173 174 173 172 175 180 175 172 175 180 181 184 180 185 180 184 181 188 184 185 184 188 189 192 189 188 189 192 193 196 193 192 193 196 197 200 197 196 197 200 201 204 201 200 201 204 205 208 205 204 205 208 209 212 209 208 209 212 213 216 213 212 213 216 217 220 217 216 217 220 221 224 225 226 225 224 227 232 233 234 233 232 235 234 240 241 240 234 233 241 244 245 244 241 240 245 248 249 248 245 244 249 252 253 252 249 248 256 252 257 252 256 253 256 260 261 260 256 257 261 264 265 264 261 260 94 264 93 264 94 265</p>
                </triangles>
                <triangles count="98" material="Material2">
                    <input offset="0" semantic="VERTEX" source="#ID141" />
                    <p>4 5 6 7 6 5 5 14 7 15 7 14 44 45 46 45 47 46 47 48 46 46 48 49 48 50 49 50 51 49 49 51 52 53 52 51 48 47 54 54 47 55 47 56 55 55 56 57 56 58 57 57 58 59 58 60 59 59 60 61 60 62 61 61 62 63 62 64 63 63 64 65 64 66 65 65 66 67 67 66 68 69 68 66 95 4 96 6 96 4 124 125 126 125 127 126 126 127 128 127 129 128 128 129 130 129 131 130 130 131 132 131 133 132 132 133 134 133 135 134 134 135 136 135 137 136 136 137 138 137 139 138 138 139 140 141 140 139 142 143 144 144 143 126 126 143 124 143 145 124 124 145 146 146 145 147 145 148 147 149 147 148 176 177 178 179 178 177 182 183 176 177 176 183 182 186 183 187 183 186 190 191 186 187 186 191 194 195 190 191 190 195 198 199 194 195 194 199 202 203 198 199 198 203 206 207 202 203 202 207 210 211 206 207 206 211 214 215 210 211 210 215 218 219 214 215 214 219 222 223 218 219 218 223 228 229 230 231 230 229 236 237 238 239 238 237 238 239 242 243 242 239 242 243 246 247 246 243 246 247 250 251 250 247 250 251 254 255 254 251 255 258 254 259 254 258 259 258 262 263 262 258 262 263 266 267 266 263 267 95 266 96 266 95</p>
                </triangles>
            </mesh>
        </geometry>
        <geometry id="ID145">
            <mesh>
                <source id="ID146">
                    <float_array id="ID150" count="324">89.87076 -37.55078 1.5 90.91749 -38.81352 1.5 89.87076 -50.25 1.5 91.91925 -35.85271 1.5 89.87076 -77.06352 1.5 92.88643 -37.18139 1.5 94.16468 -34.42517 1.5 94.95744 -35.86474 1.5 96.57152 -33.29074 1.5 97.17733 -34.81843 1.5 99.10171 -32.46738 1.5 99.51098 -34.05902 1.5 101.7152 -31.96809 1.5 101.9215 -33.59852 1.5 104.3708 -31.80078 1.5 104.3708 -33.4442 1.5 106.82 -33.59852 1.5 107.0263 -31.96809 1.5 109.2305 -34.05902 1.5 109.6398 -32.46738 1.5 111.5642 -34.81843 1.5 112.17 -33.29074 1.5 113.7841 -35.86474 1.5 114.5768 -34.42517 1.5 115.8551 -37.18139 1.5 116.8223 -35.85271 1.5 117.824 -38.81352 1.5 118.8708 -37.55078 1.5 117.824 -77.06352 1.5 118.8708 -77.06352 1.5 118.8708 -49.96823 1.5 118.8708 -56.22685 1.5 118.8708 -70.89424 1.5 118.8708 -73.89424 1.5 90.91749 -77.06352 1.5 90.91749 -50.25 1.5 90.91749 -50.25 1.5 90.91749 -38.81352 1.5 90.91749 -77.06352 1.5 89.87076 -77.06352 1.5 118.8708 -73.89424 1.5 118.8708 -70.89424 1.5 118.8708 -77.06352 1.5 118.8708 -56.22685 1.5 118.8708 -49.96823 1.5 118.8708 -37.55078 1.5 117.824 -77.06352 1.5 117.824 -38.81352 1.5 116.8223 -35.85271 1.5 115.8551 -37.18139 1.5 114.5768 -34.42517 1.5 113.7841 -35.86474 1.5 112.17 -33.29074 1.5 111.5642 -34.81843 1.5 109.6398 -32.46738 1.5 109.2305 -34.05902 1.5 107.0263 -31.96809 1.5 106.82 -33.59852 1.5 104.3708 -31.80078 1.5 104.3708 -33.4442 1.5 101.9215 -33.59852 1.5 101.7152 -31.96809 1.5 99.51098 -34.05902 1.5 99.10171 -32.46738 1.5 97.17733 -34.81843 1.5 96.57152 -33.29074 1.5 94.95744 -35.86474 1.5 94.16468 -34.42517 1.5 92.88643 -37.18139 1.5 91.91925 -35.85271 1.5 89.87076 -50.25 1.5 89.87076 -37.55078 1.5 118.8708 -70.89424 1.5 118.8708 -73.89424 1.5 118.8708 -77.06352 1.5 117.824 -77.06352 1.5 117.824 -38.81352 1.5 115.8551 -37.18139 1.5 113.7841 -35.86474 1.5 111.5642 -34.81843 1.5 109.2305 -34.05902 1.5 106.82 -33.59852 1.5 104.3708 -33.4442 1.5 101.9215 -33.59852 1.5 99.51098 -34.05902 1.5 97.17733 -34.81843 1.5 94.95744 -35.86474 1.5 92.88643 -37.18139 1.5 90.91749 -38.81352 1.5 90.91749 -50.25 1.5 90.91749 -77.06352 1.5 89.87076 -77.06352 1.5 89.87076 -50.25 1.5 89.87076 -37.55078 1.5 91.91925 -35.85271 1.5 94.16468 -34.42517 1.5 96.57152 -33.29074 1.5 99.10171 -32.46738 1.5 101.7152 -31.96809 1.5 104.3708 -31.80078 1.5 107.0263 -31.96809 1.5 109.6398 -32.46738 1.5 112.17 -33.29074 1.5 114.5768 -34.42517 1.5 116.8223 -35.85271 1.5 118.8708 -37.55078 1.5 118.8708 -49.96823 1.5 118.8708 -56.22685 1.5</float_array>
                    <technique_common>
                        <accessor count="108" source="#ID150" stride="3">
                            <param name="X" type="float" />
                            <param name="Y" type="float" />
                            <param name="Z" type="float" />
                        </accessor>
                    </technique_common>
                </source>
                <source id="ID147">
                    <float_array id="ID151" count="324">0 0 -1 0 0 -1 0 0 -1 0 0 -1 0 0 -1 0 0 -1 0 0 -1 0 0 -1 0 0 -1 0 0 -1 0 0 -1 0 0 -1 0 0 -1 0 0 -1 0 0 -1 0 0 -1 0 0 -1 0 0 -1 0 0 -1 0 0 -1 0 0 -1 0 0 -1 0 0 -1 0 0 -1 0 0 -1 0 0 -1 0 0 -1 0 0 -1 0 0 -1 0 0 -1 0 0 -1 0 0 -1 0 0 -1 0 0 -1 0 0 -1 0 0 -1 -0 -0 1 -0 -0 1 -0 -0 1 -0 -0 1 -0 -0 1 -0 -0 1 -0 -0 1 -0 -0 1 -0 -0 1 -0 -0 1 -0 -0 1 -0 -0 1 -0 -0 1 -0 -0 1 -0 -0 1 -0 -0 1 -0 -0 1 -0 -0 1 -0 -0 1 -0 -0 1 -0 -0 1 -0 -0 1 -0 -0 1 -0 -0 1 -0 -0 1 -0 -0 1 -0 -0 1 -0 -0 1 -0 -0 1 -0 -0 1 -0 -0 1 -0 -0 1 -0 -0 1 -0 -0 1 -0 -0 1 -0 -0 1 0 0 0 0 0 0 0 0 0 0 0 0 0 0 0 0 0 0 0 0 0 0 0 0 0 0 0 0 0 0 0 0 0 0 0 0 0 0 0 0 0 0 0 0 0 0 0 0 0 0 0 0 0 0 0 0 0 0 0 0 0 0 0 0 0 0 0 0 0 0 0 0 0 0 0 0 0 0 0 0 0 0 0 0 0 0 0 0 0 0 0 0 0 0 0 0 0 0 0 0 0 0 0 0 0 0 0 0</float_array>
                    <technique_common>
                        <accessor count="108" source="#ID151" stride="3">
                            <param name="X" type="float" />
                            <param name="Y" type="float" />
                            <param name="Z" type="float" />
                        </accessor>
                    </technique_common>
                </source>
                <source id="ID148">
                    <Name_array id="ID152" count="0" />
                    <technique_common>
                        <accessor count="0" source="#ID152" stride="1">
                            <param name="skp_material" type="Name" />
                        </accessor>
                    </technique_common>
                </source>
                <vertices id="ID149">
                    <input semantic="POSITION" source="#ID146" />
                    <input semantic="NORMAL" source="#ID147" />
                </vertices>
                <triangles count="34" material="Material2">
                    <input offset="0" semantic="VERTEX" source="#ID149" />
                    <p>0 1 2 1 0 3 2 1 4 1 3 5 5 3 6 5 6 7 7 6 8 7 8 9 9 8 10 9 10 11 11 10 12 11 12 13 13 12 14 13 14 15 15 14 16 16 14 17 16 17 18 18 17 19 18 19 20 20 19 21 20 21 22 22 21 23 22 23 24 24 23 25 24 25 26 26 25 27 26 27 28 28 27 29 29 27 30 29 30 31 29 31 32 29 32 33 1 34 4 34 1 35</p>
                </triangles>
                <triangles count="34" material="Material3">
                    <input offset="0" semantic="VERTEX" source="#ID149" />
                    <p>36 37 38 39 38 37 40 41 42 41 43 42 43 44 42 44 45 42 42 45 46 46 45 47 45 48 47 47 48 49 48 50 49 49 50 51 50 52 51 51 52 53 52 54 53 53 54 55 54 56 55 55 56 57 56 58 57 57 58 59 59 58 60 58 61 60 60 61 62 61 63 62 62 63 64 63 65 64 64 65 66 65 67 66 66 67 68 67 69 68 68 69 37 39 37 70 69 71 37 70 37 71</p>
                </triangles>
            </mesh>
        </geometry>
        <geometry id="ID153">
            <mesh>
                <source id="ID154">
                    <float_array id="ID158" count="459">366.3772 -21.95497 1.5 365.6322 -22.16575 1.5 363.229 -21.54105 1.5 367.9662 -23.01347 1.5 369.5517 -21.88399 1.5 370.2101 -24.07671 1.5 372.6783 -21.32978 1.5 372.3442 -25.34606 1.5 374.3497 -26.81031 1.5 375.6838 -20.3053 1.5 376.2087 -28.45648 1.5 378.498 -18.8345 1.5 377.9048 -30.27003 1.5 379.4231 -32.23491 1.5 381.0549 -16.95179 1.5 380.75 -34.33374 1.5 381.8739 -36.54795 1.5 383.2949 -14.7012 1.5 382.7848 -38.85795 1.5 383.4746 -41.24331 1.5 385.1655 -12.13537 1.5 383.4746 -59.25669 1.5 365.6322 -78.33425 1.5 366.3772 -78.54503 1.5 363.229 -78.95895 1.5 367.9662 -77.48653 1.5 369.5517 -78.61601 1.5 370.2101 -76.42329 1.5 372.6783 -79.17022 1.5 372.3442 -75.15394 1.5 374.3497 -73.68969 1.5 375.6838 -80.1947 1.5 376.2087 -72.04352 1.5 378.498 -81.6655 1.5 377.9048 -70.22997 1.5 379.4231 -68.26509 1.5 381.0549 -83.54821 1.5 380.75 -66.16626 1.5 381.8739 -63.95205 1.5 383.2949 -85.7988 1.5 382.7848 -61.64205 1.5 385.1655 -88.36463 1.5 386.623 -9.314305 1.5 386.623 -91.1857 1.5 387.6333 -6.303988 1.5 387.6333 -94.19601 1.5 388.1727 -3.174825 1.5 388.1727 -97.32518 1.5 388.2287 0 1.5 388.2287 -100.5 1.5 343.2933 -50.25 1.5 383.4746 -41.24331 1.5 343.2933 -50.25 1.5 383.4746 -59.25669 1.5 388.2287 -100.5 1.5 388.2287 0 1.5 388.1727 -97.32518 1.5 388.1727 -3.174825 1.5 387.6333 -94.19601 1.5 387.6333 -6.303988 1.5 386.623 -91.1857 1.5 386.623 -9.314305 1.5 385.1655 -88.36463 1.5 385.1655 -12.13537 1.5 383.2949 -85.7988 1.5 382.7848 -61.64205 1.5 381.8739 -63.95205 1.5 381.0549 -83.54821 1.5 380.75 -66.16626 1.5 379.4231 -68.26509 1.5 378.498 -81.6655 1.5 377.9048 -70.22997 1.5 376.2087 -72.04352 1.5 375.6838 -80.1947 1.5 374.3497 -73.68969 1.5 372.6783 -79.17022 1.5 372.3442 -75.15394 1.5 370.2101 -76.42329 1.5 369.5517 -78.61601 1.5 367.9662 -77.48653 1.5 366.3772 -78.54503 1.5 365.6322 -78.33425 1.5 363.229 -78.95895 1.5 383.2949 -14.7012 1.5 382.7848 -38.85795 1.5 381.8739 -36.54795 1.5 381.0549 -16.95179 1.5 380.75 -34.33374 1.5 379.4231 -32.23491 1.5 378.498 -18.8345 1.5 377.9048 -30.27003 1.5 376.2087 -28.45648 1.5 375.6838 -20.3053 1.5 374.3497 -26.81031 1.5 372.6783 -21.32978 1.5 372.3442 -25.34606 1.5 370.2101 -24.07671 1.5 369.5517 -21.88399 1.5 367.9662 -23.01347 1.5 366.3772 -21.95497 1.5 365.6322 -22.16575 1.5 363.229 -21.54105 1.5 388.2287 -100.5 1.5 388.1727 -97.32518 1.5 387.6333 -94.19601 1.5 386.623 -91.1857 1.5 385.1655 -88.36463 1.5 383.2949 -85.7988 1.5 381.0549 -83.54821 1.5 378.498 -81.6655 1.5 375.6838 -80.1947 1.5 372.6783 -79.17022 1.5 369.5517 -78.61601 1.5 366.3772 -78.54503 1.5 363.229 -78.95895 1.5 365.6322 -78.33425 1.5 367.9662 -77.48653 1.5 370.2101 -76.42329 1.5 372.3442 -75.15394 1.5 374.3497 -73.68969 1.5 376.2087 -72.04352 1.5 377.9048 -70.22997 1.5 379.4231 -68.26509 1.5 380.75 -66.16626 1.5 381.8739 -63.95205 1.5 382.7848 -61.64205 1.5 383.4746 -59.25669 1.5 343.2933 -50.25 1.5 383.4746 -41.24331 1.5 382.7848 -38.85795 1.5 381.8739 -36.54795 1.5 380.75 -34.33374 1.5 379.4231 -32.23491 1.5 377.9048 -30.27003 1.5 376.2087 -28.45648 1.5 374.3497 -26.81031 1.5 372.3442 -25.34606 1.5 370.2101 -24.07671 1.5 367.9662 -23.01347 1.5 365.6322 -22.16575 1.5 363.229 -21.54105 1.5 366.3772 -21.95497 1.5 369.5517 -21.88399 1.5 372.6783 -21.32978 1.5 375.6838 -20.3053 1.5 378.498 -18.8345 1.5 381.0549 -16.95179 1.5 383.2949 -14.7012 1.5 385.1655 -12.13537 1.5 386.623 -9.314305 1.5 387.6333 -6.303988 1.5 388.1727 -3.174825 1.5 388.2287 0 1.5</float_array>
                    <technique_common>
                        <accessor count="153" source="#ID158" stride="3">
                            <param name="X" type="float" />
                            <param name="Y" type="float" />
                            <param name="Z" type="float" />
                        </accessor>
                    </technique_common>
                </source>
                <source id="ID155">
                    <float_array id="ID159" count="459">-2.185375e-15 -2.082536e-16 -1 -2.185375e-15 -2.082536e-16 -1 -2.185375e-15 -2.082536e-16 -1 -2.185375e-15 -2.082536e-16 -1 -2.185375e-15 -2.082536e-16 -1 -2.185375e-15 -2.082536e-16 -1 -2.185375e-15 -2.082536e-16 -1 -2.185375e-15 -2.082536e-16 -1 -2.185375e-15 -2.082536e-16 -1 -2.185375e-15 -2.082536e-16 -1 -2.185375e-15 -2.082536e-16 -1 -2.185375e-15 -2.082536e-16 -1 -2.185375e-15 -2.082536e-16 -1 -2.185375e-15 -2.082536e-16 -1 -2.185375e-15 -2.082536e-16 -1 -2.185375e-15 -2.082536e-16 -1 -2.185375e-15 -2.082536e-16 -1 -2.185375e-15 -2.082536e-16 -1 -2.185375e-15 -2.082536e-16 -1 -2.185375e-15 -2.082536e-16 -1 -2.185375e-15 -2.082536e-16 -1 -2.185375e-15 -2.082536e-16 -1 -2.185375e-15 -2.082536e-16 -1 -2.185375e-15 -2.082536e-16 -1 -2.185375e-15 -2.082536e-16 -1 -2.185375e-15 -2.082536e-16 -1 -2.185375e-15 -2.082536e-16 -1 -2.185375e-15 -2.082536e-16 -1 -2.185375e-15 -2.082536e-16 -1 -2.185375e-15 -2.082536e-16 -1 -2.185375e-15 -2.082536e-16 -1 -2.185375e-15 -2.082536e-16 -1 -2.185375e-15 -2.082536e-16 -1 -2.185375e-15 -2.082536e-16 -1 -2.185375e-15 -2.082536e-16 -1 -2.185375e-15 -2.082536e-16 -1 -2.185375e-15 -2.082536e-16 -1 -2.185375e-15 -2.082536e-16 -1 -2.185375e-15 -2.082536e-16 -1 -2.185375e-15 -2.082536e-16 -1 -2.185375e-15 -2.082536e-16 -1 -2.185375e-15 -2.082536e-16 -1 -2.185375e-15 -2.082536e-16 -1 -2.185375e-15 -2.082536e-16 -1 -2.185375e-15 -2.082536e-16 -1 -2.185375e-15 -2.082536e-16 -1 -2.185375e-15 -2.082536e-16 -1 -2.185375e-15 -2.082536e-16 -1 -2.185375e-15 -2.082536e-16 -1 -2.185375e-15 -2.082536e-16 -1 -2.185375e-15 -2.082536e-16 -1 2.185375e-15 2.082536e-16 1 2.185375e-15 2.082536e-16 1 2.185375e-15 2.082536e-16 1 2.185375e-15 2.082536e-16 1 2.185375e-15 2.082536e-16 1 2.185375e-15 2.082536e-16 1 2.185375e-15 2.082536e-16 1 2.185375e-15 2.082536e-16 1 2.185375e-15 2.082536e-16 1 2.185375e-15 2.082536e-16 1 2.185375e-15 2.082536e-16 1 2.185375e-15 2.082536e-16 1 2.185375e-15 2.082536e-16 1 2.185375e-15 2.082536e-16 1 2.185375e-15 2.082536e-16 1 2.185375e-15 2.082536e-16 1 2.185375e-15 2.082536e-16 1 2.185375e-15 2.082536e-16 1 2.185375e-15 2.082536e-16 1 2.185375e-15 2.082536e-16 1 2.185375e-15 2.082536e-16 1 2.185375e-15 2.082536e-16 1 2.185375e-15 2.082536e-16 1 2.185375e-15 2.082536e-16 1 2.185375e-15 2.082536e-16 1 2.185375e-15 2.082536e-16 1 2.185375e-15 2.082536e-16 1 2.185375e-15 2.082536e-16 1 2.185375e-15 2.082536e-16 1 2.185375e-15 2.082536e-16 1 2.185375e-15 2.082536e-16 1 2.185375e-15 2.082536e-16 1 2.185375e-15 2.082536e-16 1 2.185375e-15 2.082536e-16 1 2.185375e-15 2.082536e-16 1 2.185375e-15 2.082536e-16 1 2.185375e-15 2.082536e-16 1 2.185375e-15 2.082536e-16 1 2.185375e-15 2.082536e-16 1 2.185375e-15 2.082536e-16 1 2.185375e-15 2.082536e-16 1 2.185375e-15 2.082536e-16 1 2.185375e-15 2.082536e-16 1 2.185375e-15 2.082536e-16 1 2.185375e-15 2.082536e-16 1 2.185375e-15 2.082536e-16 1 2.185375e-15 2.082536e-16 1 2.185375e-15 2.082536e-16 1 2.185375e-15 2.082536e-16 1 2.185375e-15 2.082536e-16 1 2.185375e-15 2.082536e-16 1 0 0 0 0 0 0 0 0 0 0 0 0 0 0 0 0 0 0 0 0 0 0 0 0 0 0 0 0 0 0 0 0 0 0 0 0 0 0 0 0 0 0 0 0 0 0 0 0 0 0 0 0 0 0 0 0 0 0 0 0 0 0 0 0 0 0 0 0 0 0 0 0 0 0 0 0 0 0 0 0 0 0 0 0 0 0 0 0 0 0 0 0 0 0 0 0 0 0 0 0 0 0 0 0 0 0 0 0 0 0 0 0 0 0 0 0 0 0 0 0 0 0 0 0 0 0 0 0 0 0 0 0 0 0 0 0 0 0 0 0 0 0 0 0 0 0 0 0 0 0 0 0 0</float_array>
                    <technique_common>
                        <accessor count="153" source="#ID159" stride="3">
                            <param name="X" type="float" />
                            <param name="Y" type="float" />
                            <param name="Z" type="float" />
                        </accessor>
                    </technique_common>
                </source>
                <source id="ID156">
                    <Name_array id="ID160" count="0" />
                    <technique_common>
                        <accessor count="0" source="#ID160" stride="1">
                            <param name="skp_material" type="Name" />
                        </accessor>
                    </technique_common>
                </source>
                <vertices id="ID157">
                    <input semantic="POSITION" source="#ID154" />
                    <input semantic="NORMAL" source="#ID155" />
                </vertices>
                <triangles count="49" material="Material2">
                    <input offset="0" semantic="VERTEX" source="#ID157" />
                    <p>0 1 2 1 0 3 3 0 4 3 4 5 5 4 6 5 6 7 7 6 8 8 6 9 8 9 10 10 9 11 10 11 12 12 11 13 13 11 14 13 14 15 15 14 16 16 14 17 16 17 18 18 17 19 19 17 20 19 20 21 22 23 24 23 22 25 23 25 26 26 25 27 26 27 28 28 27 29 28 29 30 28 30 31 31 30 32 31 32 33 33 32 34 33 34 35 33 35 36 36 35 37 36 37 38 36 38 39 39 38 40 39 40 21 39 21 41 41 21 20 41 20 42 41 42 43 43 42 44 43 44 45 45 44 46 45 46 47 47 46 48 47 48 49 21 50 19</p>
                </triangles>
                <triangles count="49" material="Material3">
                    <input offset="0" semantic="VERTEX" source="#ID157" />
                    <p>51 52 53 54 55 56 55 57 56 56 57 58 57 59 58 58 59 60 59 61 60 60 61 62 61 63 62 63 53 62 62 53 64 53 65 64 65 66 64 64 66 67 66 68 67 68 69 67 67 69 70 69 71 70 71 72 70 70 72 73 72 74 73 73 74 75 74 76 75 76 77 75 75 77 78 77 79 78 78 79 80 79 81 80 82 80 81 53 63 51 63 83 51 51 83 84 84 83 85 83 86 85 85 86 87 87 86 88 86 89 88 88 89 90 90 89 91 89 92 91 91 92 93 92 94 93 93 94 95 95 94 96 94 97 96 96 97 98 97 99 98 98 99 100 101 100 99</p>
                </triangles>
            </mesh>
        </geometry>
        <geometry id="ID161">
            <mesh>
                <source id="ID162">
                    <float_array id="ID166" count="459">0.05597086 -3.174825 1.5 0 -100.5 1.5 0 0 1.5 0.05597086 -97.32518 1.5 0.5953979 -94.19601 1.5 0.5953979 -6.303988 1.5 1.605665 -91.1857 1.5 1.605665 -9.314305 1.5 3.063143 -88.36463 1.5 3.063143 -12.13537 1.5 4.933746 -14.7012 1.5 4.754081 -41.24331 1.5 4.754081 -59.25669 1.5 5.443908 -38.85795 1.5 7.173722 -16.95179 1.5 6.354788 -36.54795 1.5 7.478663 -34.33374 1.5 9.730683 -18.8345 1.5 8.80559 -32.23491 1.5 10.32383 -30.27003 1.5 12.54483 -20.3053 1.5 12.01996 -28.45648 1.5 13.87897 -26.81031 1.5 15.55033 -21.32978 1.5 15.88441 -25.34606 1.5 18.67691 -21.88399 1.5 18.01855 -24.07671 1.5 20.2625 -23.01347 1.5 21.85144 -21.95497 1.5 22.59642 -22.16575 1.5 24.99966 -21.54105 1.5 44.93538 -50.25 1.5 4.933746 -85.7988 1.5 5.443908 -61.64205 1.5 7.173722 -83.54821 1.5 6.354788 -63.95205 1.5 7.478663 -66.16626 1.5 9.730683 -81.6655 1.5 8.80559 -68.26509 1.5 10.32383 -70.22997 1.5 12.54483 -80.1947 1.5 12.01996 -72.04352 1.5 13.87897 -73.68969 1.5 15.55033 -79.17022 1.5 15.88441 -75.15394 1.5 18.67691 -78.61601 1.5 18.01855 -76.42329 1.5 20.2625 -77.48653 1.5 21.85144 -78.54503 1.5 22.59642 -78.33425 1.5 24.99966 -78.95895 1.5 24.99966 -78.95895 1.5 22.59642 -78.33425 1.5 21.85144 -78.54503 1.5 20.2625 -77.48653 1.5 18.67691 -78.61601 1.5 18.01855 -76.42329 1.5 15.88441 -75.15394 1.5 15.55033 -79.17022 1.5 13.87897 -73.68969 1.5 12.54483 -80.1947 1.5 12.01996 -72.04352 1.5 10.32383 -70.22997 1.5 9.730683 -81.6655 1.5 8.80559 -68.26509 1.5 7.478663 -66.16626 1.5 7.173722 -83.54821 1.5 6.354788 -63.95205 1.5 5.443908 -61.64205 1.5 4.933746 -85.7988 1.5 4.754081 -59.25669 1.5 3.063143 -88.36463 1.5 4.754081 -41.24331 1.5 44.93538 -50.25 1.5 24.99966 -21.54105 1.5 21.85144 -21.95497 1.5 22.59642 -22.16575 1.5 20.2625 -23.01347 1.5 18.67691 -21.88399 1.5 18.01855 -24.07671 1.5 15.88441 -25.34606 1.5 15.55033 -21.32978 1.5 13.87897 -26.81031 1.5 12.54483 -20.3053 1.5 12.01996 -28.45648 1.5 10.32383 -30.27003 1.5 9.730683 -18.8345 1.5 8.80559 -32.23491 1.5 7.478663 -34.33374 1.5 7.173722 -16.95179 1.5 6.354788 -36.54795 1.5 5.443908 -38.85795 1.5 4.933746 -14.7012 1.5 3.063143 -12.13537 1.5 1.605665 -9.314305 1.5 1.605665 -91.1857 1.5 0.5953979 -6.303988 1.5 0.5953979 -94.19601 1.5 0.05597086 -3.174825 1.5 0.05597086 -97.32518 1.5 0 -100.5 1.5 0 0 1.5 0 -100.5 1.5 0.05597086 -97.32518 1.5 0 0 1.5 0.05597086 -3.174825 1.5 0.5953979 -6.303988 1.5 1.605665 -9.314305 1.5 3.063143 -12.13537 1.5 4.933746 -14.7012 1.5 7.173722 -16.95179 1.5 9.730683 -18.8345 1.5 12.54483 -20.3053 1.5 15.55033 -21.32978 1.5 18.67691 -21.88399 1.5 21.85144 -21.95497 1.5 24.99966 -21.54105 1.5 22.59642 -22.16575 1.5 20.2625 -23.01347 1.5 18.01855 -24.07671 1.5 15.88441 -25.34606 1.5 13.87897 -26.81031 1.5 12.01996 -28.45648 1.5 10.32383 -30.27003 1.5 8.80559 -32.23491 1.5 7.478663 -34.33374 1.5 6.354788 -36.54795 1.5 5.443908 -38.85795 1.5 4.754081 -41.24331 1.5 44.93538 -50.25 1.5 4.754081 -59.25669 1.5 5.443908 -61.64205 1.5 6.354788 -63.95205 1.5 7.478663 -66.16626 1.5 8.80559 -68.26509 1.5 10.32383 -70.22997 1.5 12.01996 -72.04352 1.5 13.87897 -73.68969 1.5 15.88441 -75.15394 1.5 18.01855 -76.42329 1.5 20.2625 -77.48653 1.5 22.59642 -78.33425 1.5 24.99966 -78.95895 1.5 21.85144 -78.54503 1.5 18.67691 -78.61601 1.5 15.55033 -79.17022 1.5 12.54483 -80.1947 1.5 9.730683 -81.6655 1.5 7.173722 -83.54821 1.5 4.933746 -85.7988 1.5 3.063143 -88.36463 1.5 1.605665 -91.1857 1.5 0.5953979 -94.19601 1.5</float_array>
                    <technique_common>
                        <accessor count="153" source="#ID166" stride="3">
                            <param name="X" type="float" />
                            <param name="Y" type="float" />
                            <param name="Z" type="float" />
                        </accessor>
                    </technique_common>
                </source>
                <source id="ID163">
                    <float_array id="ID167" count="459">-7.361906e-16 2.412814e-16 -1 -7.361906e-16 2.412814e-16 -1 -7.361906e-16 2.412814e-16 -1 -7.361906e-16 2.412814e-16 -1 -7.361906e-16 2.412814e-16 -1 -7.361906e-16 2.412814e-16 -1 -7.361906e-16 2.412814e-16 -1 -7.361906e-16 2.412814e-16 -1 -7.361906e-16 2.412814e-16 -1 -7.361906e-16 2.412814e-16 -1 -7.361906e-16 2.412814e-16 -1 -7.361906e-16 2.412814e-16 -1 -7.361906e-16 2.412814e-16 -1 -7.361906e-16 2.412814e-16 -1 -7.361906e-16 2.412814e-16 -1 -7.361906e-16 2.412814e-16 -1 -7.361906e-16 2.412814e-16 -1 -7.361906e-16 2.412814e-16 -1 -7.361906e-16 2.412814e-16 -1 -7.361906e-16 2.412814e-16 -1 -7.361906e-16 2.412814e-16 -1 -7.361906e-16 2.412814e-16 -1 -7.361906e-16 2.412814e-16 -1 -7.361906e-16 2.412814e-16 -1 -7.361906e-16 2.412814e-16 -1 -7.361906e-16 2.412814e-16 -1 -7.361906e-16 2.412814e-16 -1 -7.361906e-16 2.412814e-16 -1 -7.361906e-16 2.412814e-16 -1 -7.361906e-16 2.412814e-16 -1 -7.361906e-16 2.412814e-16 -1 -7.361906e-16 2.412814e-16 -1 -7.361906e-16 2.412814e-16 -1 -7.361906e-16 2.412814e-16 -1 -7.361906e-16 2.412814e-16 -1 -7.361906e-16 2.412814e-16 -1 -7.361906e-16 2.412814e-16 -1 -7.361906e-16 2.412814e-16 -1 -7.361906e-16 2.412814e-16 -1 -7.361906e-16 2.412814e-16 -1 -7.361906e-16 2.412814e-16 -1 -7.361906e-16 2.412814e-16 -1 -7.361906e-16 2.412814e-16 -1 -7.361906e-16 2.412814e-16 -1 -7.361906e-16 2.412814e-16 -1 -7.361906e-16 2.412814e-16 -1 -7.361906e-16 2.412814e-16 -1 -7.361906e-16 2.412814e-16 -1 -7.361906e-16 2.412814e-16 -1 -7.361906e-16 2.412814e-16 -1 -7.361906e-16 2.412814e-16 -1 7.361906e-16 -2.412814e-16 1 7.361906e-16 -2.412814e-16 1 7.361906e-16 -2.412814e-16 1 7.361906e-16 -2.412814e-16 1 7.361906e-16 -2.412814e-16 1 7.361906e-16 -2.412814e-16 1 7.361906e-16 -2.412814e-16 1 7.361906e-16 -2.412814e-16 1 7.361906e-16 -2.412814e-16 1 7.361906e-16 -2.412814e-16 1 7.361906e-16 -2.412814e-16 1 7.361906e-16 -2.412814e-16 1 7.361906e-16 -2.412814e-16 1 7.361906e-16 -2.412814e-16 1 7.361906e-16 -2.412814e-16 1 7.361906e-16 -2.412814e-16 1 7.361906e-16 -2.412814e-16 1 7.361906e-16 -2.412814e-16 1 7.361906e-16 -2.412814e-16 1 7.361906e-16 -2.412814e-16 1 7.361906e-16 -2.412814e-16 1 7.361906e-16 -2.412814e-16 1 7.361906e-16 -2.412814e-16 1 7.361906e-16 -2.412814e-16 1 7.361906e-16 -2.412814e-16 1 7.361906e-16 -2.412814e-16 1 7.361906e-16 -2.412814e-16 1 7.361906e-16 -2.412814e-16 1 7.361906e-16 -2.412814e-16 1 7.361906e-16 -2.412814e-16 1 7.361906e-16 -2.412814e-16 1 7.361906e-16 -2.412814e-16 1 7.361906e-16 -2.412814e-16 1 7.361906e-16 -2.412814e-16 1 7.361906e-16 -2.412814e-16 1 7.361906e-16 -2.412814e-16 1 7.361906e-16 -2.412814e-16 1 7.361906e-16 -2.412814e-16 1 7.361906e-16 -2.412814e-16 1 7.361906e-16 -2.412814e-16 1 7.361906e-16 -2.412814e-16 1 7.361906e-16 -2.412814e-16 1 7.361906e-16 -2.412814e-16 1 7.361906e-16 -2.412814e-16 1 7.361906e-16 -2.412814e-16 1 7.361906e-16 -2.412814e-16 1 7.361906e-16 -2.412814e-16 1 7.361906e-16 -2.412814e-16 1 7.361906e-16 -2.412814e-16 1 7.361906e-16 -2.412814e-16 1 7.361906e-16 -2.412814e-16 1 0 0 0 0 0 0 0 0 0 0 0 0 0 0 0 0 0 0 0 0 0 0 0 0 0 0 0 0 0 0 0 0 0 0 0 0 0 0 0 0 0 0 0 0 0 0 0 0 0 0 0 0 0 0 0 0 0 0 0 0 0 0 0 0 0 0 0 0 0 0 0 0 0 0 0 0 0 0 0 0 0 0 0 0 0 0 0 0 0 0 0 0 0 0 0 0 0 0 0 0 0 0 0 0 0 0 0 0 0 0 0 0 0 0 0 0 0 0 0 0 0 0 0 0 0 0 0 0 0 0 0 0 0 0 0 0 0 0 0 0 0 0 0 0 0 0 0 0 0 0 0 0 0</float_array>
                    <technique_common>
                        <accessor count="153" source="#ID167" stride="3">
                            <param name="X" type="float" />
                            <param name="Y" type="float" />
                            <param name="Z" type="float" />
                        </accessor>
                    </technique_common>
                </source>
                <source id="ID164">
                    <Name_array id="ID168" count="0" />
                    <technique_common>
                        <accessor count="0" source="#ID168" stride="1">
                            <param name="skp_material" type="Name" />
                        </accessor>
                    </technique_common>
                </source>
                <vertices id="ID165">
                    <input semantic="POSITION" source="#ID162" />
                    <input semantic="NORMAL" source="#ID163" />
                </vertices>
                <triangles count="49" material="Material2">
                    <input offset="0" semantic="VERTEX" source="#ID165" />
                    <p>0 1 2 1 0 3 3 0 4 4 0 5 4 5 6 6 5 7 6 7 8 8 7 9 8 9 10 8 10 11 8 11 12 11 10 13 13 10 14 13 14 15 15 14 16 16 14 17 16 17 18 18 17 19 19 17 20 19 20 21 21 20 22 22 20 23 22 23 24 24 23 25 24 25 26 26 25 27 27 25 28 27 28 29 29 28 30 31 12 11 12 32 8 32 12 33 32 33 34 34 33 35 34 35 36 34 36 37 37 36 38 37 38 39 37 39 40 40 39 41 40 41 42 40 42 43 43 42 44 43 44 45 45 44 46 45 46 47 45 47 48 48 47 49 48 49 50</p>
                </triangles>
                <triangles count="49" material="Material3">
                    <input offset="0" semantic="VERTEX" source="#ID165" />
                    <p>51 52 53 52 54 53 53 54 55 54 56 55 56 57 55 55 57 58 57 59 58 58 59 60 59 61 60 61 62 60 60 62 63 62 64 63 64 65 63 63 65 66 65 67 66 67 68 66 66 68 69 68 70 69 71 69 70 72 70 73 74 75 76 76 75 77 75 78 77 77 78 79 79 78 80 78 81 80 80 81 82 81 83 82 82 83 84 84 83 85 83 86 85 85 86 87 87 86 88 86 89 88 88 89 90 90 89 91 89 92 91 91 92 72 70 72 71 72 92 71 92 93 71 93 94 71 71 94 95 94 96 95 95 96 97 96 98 97 97 98 99 99 98 100 101 100 98</p>
                </triangles>
            </mesh>
        </geometry>
        <geometry id="ID169">
            <mesh>
                <source id="ID170">
                    <float_array id="ID174" count="2682">96.88699 -8.622482 1.5 89.87076 -37.55078 1.5 64.53672 -6.385573 1.5 91.91925 -35.85271 1.5 94.16468 -34.42517 1.5 96.57152 -33.29074 1.5 99.10171 -32.46738 1.5 129.2751 -10.2209 1.5 101.7152 -31.96809 1.5 104.3708 -31.80078 1.5 107.0263 -31.96809 1.5 109.6398 -32.46738 1.5 112.17 -33.29074 1.5 114.5768 -34.42517 1.5 116.8223 -35.85271 1.5 118.8708 -37.55078 1.5 118.8708 -49.96823 1.5 124.1208 -49.96823 1.5 124.1208 -56.22685 1.5 129.2751 -90.2791 1.5 161.6884 -89.31981 1.5 157.8643 -50.25 1.5 174.8797 -70.88454 1.5 189.6435 -56.66197 1.5 176.6047 -70.39745 1.5 178.2793 -69.75834 1.5 179.8902 -68.97233 1.5 181.4245 -68.04569 1.5 182.87 -66.98581 1.5 184.2152 -65.80116 1.5 185.4492 -64.50118 1.5 186.5623 -63.09625 1.5 187.5456 -61.59759 1.5 188.3912 -60.01716 1.5 189.0923 -58.36756 1.5 194.1143 -11.5 1.5 174.8797 -29.61546 1.5 161.6884 -11.18019 1.5 176.7264 -29.9456 1.5 178.5979 -30.07617 1.5 180.4725 -30.00566 1.5 182.3289 -29.73488 1.5 184.1455 -29.26695 1.5 185.9017 -28.60724 1.5 187.5771 -27.76334 1.5 189.1526 -26.74493 1.5 190.61 -25.56374 1.5 191.9326 -24.23331 1.5 193.1052 -22.76896 1.5 194.1143 -21.1875 1.5 195.1234 -22.76896 1.5 226.5403 -11.18019 1.5 196.296 -24.23331 1.5 197.6186 -25.56374 1.5 199.076 -26.74493 1.5 200.6515 -27.76334 1.5 202.327 -28.60724 1.5 204.0831 -29.26695 1.5 205.8998 -29.73488 1.5 207.7561 -30.00566 1.5 209.6308 -30.07617 1.5 211.5022 -29.9456 1.5 213.3489 -29.61546 1.5 273.6236 -35.91865 1.5 271.6547 -77.06352 1.5 271.6547 -37.55078 1.5 388.2287 0 1.5 363.229 -21.54105 1.5 355.9918 -3.51104 1.5 366.3772 -21.95497 1.5 369.5517 -21.88399 1.5 372.6783 -21.32978 1.5 375.6838 -20.3053 1.5 378.498 -18.8345 1.5 381.0549 -16.95179 1.5 383.2949 -14.7012 1.5 385.1655 -12.13537 1.5 386.623 -9.314305 1.5 387.6333 -6.303988 1.5 388.1727 -3.174825 1.5 343.2933 -50.25 1.5 323.6919 -6.385573 1.5 383.4746 -41.24331 1.5 365.6322 -22.16575 1.5 367.9662 -23.01347 1.5 370.2101 -24.07671 1.5 372.3442 -25.34606 1.5 374.3497 -26.81031 1.5 376.2087 -28.45648 1.5 377.9048 -30.27003 1.5 379.4231 -32.23491 1.5 380.75 -34.33374 1.5 381.8739 -36.54795 1.5 382.7848 -38.85795 1.5 199.1363 -42.13244 1.5 230.3643 -50.25 1.5 198.5852 -43.83803 1.5 199.8375 -40.48284 1.5 200.6831 -38.90241 1.5 201.6663 -37.40375 1.5 202.7794 -35.99882 1.5 204.0135 -34.69884 1.5 205.3586 -33.51419 1.5 206.8041 -32.45431 1.5 208.3384 -31.52767 1.5 209.9493 -30.74166 1.5 211.6239 -30.10255 1.5 258.9536 -10.2209 1.5 258.9536 -90.2791 1.5 270.6079 -77.06352 1.5 291.3417 -91.87752 1.5 270.6079 -36.28805 1.5 270.6079 -50.90234 1.5 270.6079 -56.90234 1.5 270.6079 -69.9621 1.5 270.6079 -73.2121 1.5 275.6946 -34.602 1.5 277.9145 -33.55569 1.5 280.2481 -32.79628 1.5 282.6587 -32.33578 1.5 285.1079 -32.18146 1.5 287.5572 -32.33578 1.5 289.9677 -32.79628 1.5 292.3014 -33.55569 1.5 298.5612 -77.06352 1.5 323.6919 -94.11443 1.5 294.5212 -34.602 1.5 296.5923 -35.91865 1.5 298.5612 -37.55078 1.5 299.6079 -77.06352 1.5 199.1363 -58.36756 1.5 198.5852 -56.66197 1.5 199.8375 -60.01716 1.5 200.6831 -61.59759 1.5 201.6663 -63.09625 1.5 202.7794 -64.50118 1.5 204.0135 -65.80116 1.5 205.3586 -66.98581 1.5 206.8041 -68.04569 1.5 208.3384 -68.97233 1.5 209.9493 -69.75834 1.5 211.6239 -70.39745 1.5 213.3489 -70.88454 1.5 226.5403 -89.31981 1.5 194.1143 -89 1.5 176.7264 -70.5544 1.5 178.5979 -70.42383 1.5 180.4725 -70.49434 1.5 182.3289 -70.76512 1.5 184.1455 -71.23305 1.5 185.9017 -71.89276 1.5 187.5771 -72.73666 1.5 189.1526 -73.75507 1.5 190.61 -74.93626 1.5 191.9326 -76.26669 1.5 193.1052 -77.73104 1.5 194.1143 -79.3125 1.5 195.1234 -77.73104 1.5 196.296 -76.26669 1.5 197.6186 -74.93626 1.5 199.076 -73.75507 1.5 200.6515 -72.73666 1.5 202.327 -71.89276 1.5 204.0831 -71.23305 1.5 205.8998 -70.76512 1.5 207.7561 -70.49434 1.5 209.6308 -70.42383 1.5 211.5022 -70.5544 1.5 32.23687 -3.51104 1.5 0.05597086 -3.174825 1.5 0 0 1.5 0.5953979 -6.303988 1.5 1.605665 -9.314305 1.5 3.063143 -12.13537 1.5 4.933746 -14.7012 1.5 7.173722 -16.95179 1.5 9.730683 -18.8345 1.5 12.54483 -20.3053 1.5 15.55033 -21.32978 1.5 18.67691 -21.88399 1.5 21.85144 -21.95497 1.5 24.99966 -21.54105 1.5 92.88643 -37.18139 1.5 90.91749 -50.25 1.5 90.91749 -38.81352 1.5 90.91749 -77.06352 1.5 121.8708 -73.89424 1.5 118.8708 -77.06352 1.5 118.8708 -73.89424 1.5 118.8708 -70.89424 1.5 118.8708 -56.22685 1.5 121.8708 -70.89424 1.5 189.6435 -43.83803 1.5 176.6047 -30.10255 1.5 178.2793 -30.74166 1.5 179.8902 -31.52767 1.5 181.4245 -32.45431 1.5 182.87 -33.51419 1.5 184.2152 -34.69884 1.5 185.4492 -35.99882 1.5 186.5623 -37.40375 1.5 187.5456 -38.90241 1.5 188.3912 -40.48284 1.5 189.0923 -42.13244 1.5 5.443908 -38.85795 1.5 44.93538 -50.25 1.5 4.754081 -41.24331 1.5 6.354788 -36.54795 1.5 7.478663 -34.33374 1.5 8.80559 -32.23491 1.5 10.32383 -30.27003 1.5 12.01996 -28.45648 1.5 13.87897 -26.81031 1.5 15.88441 -25.34606 1.5 18.01855 -24.07671 1.5 20.2625 -23.01347 1.5 22.59642 -22.16575 1.5 64.53672 -94.11443 1.5 89.87076 -77.06352 1.5 96.88699 -91.87752 1.5 89.87076 -50.25 1.5 94.95744 -35.86474 1.5 97.17733 -34.81843 1.5 117.824 -77.06352 1.5 99.51098 -34.05902 1.5 101.9215 -33.59852 1.5 104.3708 -33.4442 1.5 106.82 -33.59852 1.5 109.2305 -34.05902 1.5 111.5642 -34.81843 1.5 113.7841 -35.86474 1.5 115.8551 -37.18139 1.5 117.824 -38.81352 1.5 5.443908 -61.64205 1.5 4.754081 -59.25669 1.5 6.354788 -63.95205 1.5 7.478663 -66.16626 1.5 8.80559 -68.26509 1.5 10.32383 -70.22997 1.5 12.01996 -72.04352 1.5 13.87897 -73.68969 1.5 15.88441 -75.15394 1.5 18.01855 -76.42329 1.5 20.2625 -77.48653 1.5 22.59642 -78.33425 1.5 24.99966 -78.95895 1.5 32.23687 -96.98896 1.5 0.05597086 -97.32518 1.5 0 -100.5 1.5 0.5953979 -94.19601 1.5 1.605665 -91.1857 1.5 3.063143 -88.36463 1.5 4.933746 -85.7988 1.5 7.173722 -83.54821 1.5 9.730683 -81.6655 1.5 12.54483 -80.1947 1.5 15.55033 -79.17022 1.5 18.67691 -78.61601 1.5 21.85144 -78.54503 1.5 291.3417 -8.622482 1.5 272.6564 -34.58997 1.5 274.9018 -33.16243 1.5 277.3087 -32.02801 1.5 279.8389 -31.20464 1.5 282.4524 -30.70536 1.5 285.1079 -30.53805 1.5 287.7634 -30.70536 1.5 290.377 -31.20464 1.5 292.9072 -32.02801 1.5 295.314 -33.16243 1.5 297.5594 -34.58997 1.5 299.6079 -36.28805 1.5 355.9918 -96.98896 1.5 363.229 -78.95895 1.5 383.4746 -59.25669 1.5 365.6322 -78.33425 1.5 367.9662 -77.48653 1.5 370.2101 -76.42329 1.5 372.3442 -75.15394 1.5 374.3497 -73.68969 1.5 376.2087 -72.04352 1.5 377.9048 -70.22997 1.5 379.4231 -68.26509 1.5 380.75 -66.16626 1.5 381.8739 -63.95205 1.5 382.7848 -61.64205 1.5 388.2287 -100.5 1.5 366.3772 -78.54503 1.5 369.5517 -78.61601 1.5 372.6783 -79.17022 1.5 375.6838 -80.1947 1.5 378.498 -81.6655 1.5 381.0549 -83.54821 1.5 383.2949 -85.7988 1.5 385.1655 -88.36463 1.5 386.623 -91.1857 1.5 387.6333 -94.19601 1.5 388.1727 -97.32518 1.5 388.1727 -97.32518 1.5 387.6333 -94.19601 1.5 388.2287 -100.5 1.5 386.623 -91.1857 1.5 385.1655 -88.36463 1.5 383.2949 -85.7988 1.5 381.0549 -83.54821 1.5 378.498 -81.6655 1.5 375.6838 -80.1947 1.5 372.6783 -79.17022 1.5 369.5517 -78.61601 1.5 366.3772 -78.54503 1.5 363.229 -78.95895 1.5 355.9918 -96.98896 1.5 382.7848 -61.64205 1.5 383.4746 -59.25669 1.5 381.8739 -63.95205 1.5 380.75 -66.16626 1.5 379.4231 -68.26509 1.5 377.9048 -70.22997 1.5 376.2087 -72.04352 1.5 374.3497 -73.68969 1.5 372.3442 -75.15394 1.5 370.2101 -76.42329 1.5 367.9662 -77.48653 1.5 365.6322 -78.33425 1.5 343.2933 -50.25 1.5 323.6919 -6.385573 1.5 323.6919 -94.11443 1.5 299.6079 -77.06352 1.5 299.6079 -36.28805 1.5 297.5594 -34.58997 1.5 295.314 -33.16243 1.5 292.9072 -32.02801 1.5 291.3417 -8.622482 1.5 290.377 -31.20464 1.5 287.7634 -30.70536 1.5 285.1079 -30.53805 1.5 282.4524 -30.70536 1.5 279.8389 -31.20464 1.5 277.3087 -32.02801 1.5 274.9018 -33.16243 1.5 272.6564 -34.58997 1.5 270.6079 -36.28805 1.5 258.9536 -10.2209 1.5 24.99966 -78.95895 1.5 21.85144 -78.54503 1.5 32.23687 -96.98896 1.5 18.67691 -78.61601 1.5 15.55033 -79.17022 1.5 12.54483 -80.1947 1.5 9.730683 -81.6655 1.5 7.173722 -83.54821 1.5 4.933746 -85.7988 1.5 3.063143 -88.36463 1.5 1.605665 -91.1857 1.5 0.5953979 -94.19601 1.5 0.05597086 -97.32518 1.5 0 -100.5 1.5 64.53672 -94.11443 1.5 44.93538 -50.25 1.5 22.59642 -78.33425 1.5 20.2625 -77.48653 1.5 18.01855 -76.42329 1.5 15.88441 -75.15394 1.5 13.87897 -73.68969 1.5 12.01996 -72.04352 1.5 10.32383 -70.22997 1.5 8.80559 -68.26509 1.5 7.478663 -66.16626 1.5 6.354788 -63.95205 1.5 5.443908 -61.64205 1.5 4.754081 -59.25669 1.5 124.1208 -56.22685 1.5 121.8708 -73.89424 1.5 129.2751 -90.2791 1.5 118.8708 -77.06352 1.5 117.824 -77.06352 1.5 117.824 -38.81352 1.5 115.8551 -37.18139 1.5 113.7841 -35.86474 1.5 111.5642 -34.81843 1.5 109.2305 -34.05902 1.5 106.82 -33.59852 1.5 104.3708 -33.4442 1.5 101.9215 -33.59852 1.5 99.51098 -34.05902 1.5 97.17733 -34.81843 1.5 96.88699 -91.87752 1.5 94.95744 -35.86474 1.5 92.88643 -37.18139 1.5 90.91749 -77.06352 1.5 89.87076 -77.06352 1.5 89.87076 -50.25 1.5 89.87076 -37.55078 1.5 64.53672 -6.385573 1.5 32.23687 -3.51104 1.5 24.99966 -21.54105 1.5 22.59642 -22.16575 1.5 20.2625 -23.01347 1.5 18.01855 -24.07671 1.5 15.88441 -25.34606 1.5 13.87897 -26.81031 1.5 12.01996 -28.45648 1.5 10.32383 -30.27003 1.5 8.80559 -32.23491 1.5 7.478663 -34.33374 1.5 6.354788 -36.54795 1.5 5.443908 -38.85795 1.5 4.754081 -41.24331 1.5 189.0923 -42.13244 1.5 188.3912 -40.48284 1.5 189.6435 -43.83803 1.5 187.5456 -38.90241 1.5 186.5623 -37.40375 1.5 185.4492 -35.99882 1.5 184.2152 -34.69884 1.5 182.87 -33.51419 1.5 181.4245 -32.45431 1.5 179.8902 -31.52767 1.5 178.2793 -30.74166 1.5 176.6047 -30.10255 1.5 174.8797 -29.61546 1.5 157.8643 -50.25 1.5 161.6884 -11.18019 1.5 129.2751 -10.2209 1.5 121.8708 -70.89424 1.5 118.8708 -70.89424 1.5 118.8708 -56.22685 1.5 118.8708 -73.89424 1.5 90.91749 -50.25 1.5 90.91749 -38.81352 1.5 21.85144 -21.95497 1.5 18.67691 -21.88399 1.5 15.55033 -21.32978 1.5 12.54483 -20.3053 1.5 9.730683 -18.8345 1.5 7.173722 -16.95179 1.5 4.933746 -14.7012 1.5 3.063143 -12.13537 1.5 1.605665 -9.314305 1.5 0.5953979 -6.303988 1.5 0.05597086 -3.174825 1.5 0 0 1.5 213.3489 -70.88454 1.5 211.5022 -70.5544 1.5 226.5403 -89.31981 1.5 209.6308 -70.42383 1.5 207.7561 -70.49434 1.5 205.8998 -70.76512 1.5 204.0831 -71.23305 1.5 202.327 -71.89276 1.5 200.6515 -72.73666 1.5 199.076 -73.75507 1.5 197.6186 -74.93626 1.5 196.296 -76.26669 1.5 195.1234 -77.73104 1.5 194.1143 -79.3125 1.5 194.1143 -89 1.5 193.1052 -77.73104 1.5 191.9326 -76.26669 1.5 190.61 -74.93626 1.5 189.1526 -73.75507 1.5 187.5771 -72.73666 1.5 185.9017 -71.89276 1.5 184.1455 -71.23305 1.5 182.3289 -70.76512 1.5 180.4725 -70.49434 1.5 178.5979 -70.42383 1.5 176.7264 -70.5544 1.5 174.8797 -70.88454 1.5 161.6884 -89.31981 1.5 258.9536 -90.2791 1.5 230.3643 -50.25 1.5 211.6239 -70.39745 1.5 209.9493 -69.75834 1.5 208.3384 -68.97233 1.5 206.8041 -68.04569 1.5 205.3586 -66.98581 1.5 204.0135 -65.80116 1.5 202.7794 -64.50118 1.5 201.6663 -63.09625 1.5 200.6831 -61.59759 1.5 199.8375 -60.01716 1.5 199.1363 -58.36756 1.5 198.5852 -56.66197 1.5 298.5612 -77.06352 1.5 298.5612 -37.55078 1.5 296.5923 -35.91865 1.5 294.5212 -34.602 1.5 292.3014 -33.55569 1.5 291.3417 -91.87752 1.5 289.9677 -32.79628 1.5 287.5572 -32.33578 1.5 285.1079 -32.18146 1.5 282.6587 -32.33578 1.5 280.2481 -32.79628 1.5 277.9145 -33.55569 1.5 275.6946 -34.602 1.5 273.6236 -35.91865 1.5 271.6547 -77.06352 1.5 270.6079 -77.06352 1.5 270.6079 -73.2121 1.5 270.6079 -69.9621 1.5 270.6079 -56.90234 1.5 270.6079 -50.90234 1.5 226.5403 -11.18019 1.5 213.3489 -29.61546 1.5 211.6239 -30.10255 1.5 209.9493 -30.74166 1.5 208.3384 -31.52767 1.5 206.8041 -32.45431 1.5 205.3586 -33.51419 1.5 204.0135 -34.69884 1.5 202.7794 -35.99882 1.5 201.6663 -37.40375 1.5 200.6831 -38.90241 1.5 199.8375 -40.48284 1.5 199.1363 -42.13244 1.5 198.5852 -43.83803 1.5 382.7848 -38.85795 1.5 381.8739 -36.54795 1.5 383.4746 -41.24331 1.5 380.75 -34.33374 1.5 379.4231 -32.23491 1.5 377.9048 -30.27003 1.5 376.2087 -28.45648 1.5 374.3497 -26.81031 1.5 372.3442 -25.34606 1.5 370.2101 -24.07671 1.5 367.9662 -23.01347 1.5 365.6322 -22.16575 1.5 363.229 -21.54105 1.5 355.9918 -3.51104 1.5 388.1727 -3.174825 1.5 388.2287 0 1.5 387.6333 -6.303988 1.5 386.623 -9.314305 1.5 385.1655 -12.13537 1.5 383.2949 -14.7012 1.5 381.0549 -16.95179 1.5 378.498 -18.8345 1.5 375.6838 -20.3053 1.5 372.6783 -21.32978 1.5 369.5517 -21.88399 1.5 366.3772 -21.95497 1.5 271.6547 -37.55078 1.5 211.5022 -29.9456 1.5 209.6308 -30.07617 1.5 207.7561 -30.00566 1.5 205.8998 -29.73488 1.5 204.0831 -29.26695 1.5 202.327 -28.60724 1.5 200.6515 -27.76334 1.5 199.076 -26.74493 1.5 197.6186 -25.56374 1.5 196.296 -24.23331 1.5 195.1234 -22.76896 1.5 194.1143 -11.5 1.5 194.1143 -21.1875 1.5 193.1052 -22.76896 1.5 191.9326 -24.23331 1.5 190.61 -25.56374 1.5 189.1526 -26.74493 1.5 187.5771 -27.76334 1.5 185.9017 -28.60724 1.5 184.1455 -29.26695 1.5 182.3289 -29.73488 1.5 180.4725 -30.00566 1.5 178.5979 -30.07617 1.5 176.7264 -29.9456 1.5 189.0923 -58.36756 1.5 189.6435 -56.66197 1.5 188.3912 -60.01716 1.5 187.5456 -61.59759 1.5 186.5623 -63.09625 1.5 185.4492 -64.50118 1.5 184.2152 -65.80116 1.5 182.87 -66.98581 1.5 181.4245 -68.04569 1.5 179.8902 -68.97233 1.5 178.2793 -69.75834 1.5 176.6047 -70.39745 1.5 124.1208 -49.96823 1.5 118.8708 -49.96823 1.5 118.8708 -37.55078 1.5 116.8223 -35.85271 1.5 114.5768 -34.42517 1.5 112.17 -33.29074 1.5 109.6398 -32.46738 1.5 107.0263 -31.96809 1.5 104.3708 -31.80078 1.5 101.7152 -31.96809 1.5 99.10171 -32.46738 1.5 96.88699 -8.622482 1.5 96.57152 -33.29074 1.5 94.16468 -34.42517 1.5 91.91925 -35.85271 1.5 194.1143 -11.5 1.5 161.6884 -11.18019 1.5 226.5403 -11.18019 1.5 258.9536 -10.2209 1.5 291.3417 -8.622482 1.5 323.6919 -6.385573 1.5 355.9918 -3.51104 1.5 388.2287 0 1.5 388.1727 -3.174825 1.5 387.6333 -6.303988 1.5 386.623 -9.314305 1.5 385.1655 -12.13537 1.5 383.2949 -14.7012 1.5 381.0549 -16.95179 1.5 378.498 -18.8345 1.5 375.6838 -20.3053 1.5 372.6783 -21.32978 1.5 369.5517 -21.88399 1.5 366.3772 -21.95497 1.5 363.229 -21.54105 1.5 365.6322 -22.16575 1.5 367.9662 -23.01347 1.5 370.2101 -24.07671 1.5 372.3442 -25.34606 1.5 374.3497 -26.81031 1.5 376.2087 -28.45648 1.5 377.9048 -30.27003 1.5 379.4231 -32.23491 1.5 380.75 -34.33374 1.5 381.8739 -36.54795 1.5 382.7848 -38.85795 1.5 383.4746 -41.24331 1.5 343.2933 -50.25 1.5 383.4746 -59.25669 1.5 382.7848 -61.64205 1.5 381.8739 -63.95205 1.5 380.75 -66.16626 1.5 379.4231 -68.26509 1.5 377.9048 -70.22997 1.5 376.2087 -72.04352 1.5 374.3497 -73.68969 1.5 372.3442 -75.15394 1.5 370.2101 -76.42329 1.5 367.9662 -77.48653 1.5 365.6322 -78.33425 1.5 363.229 -78.95895 1.5 366.3772 -78.54503 1.5 369.5517 -78.61601 1.5 372.6783 -79.17022 1.5 375.6838 -80.1947 1.5 378.498 -81.6655 1.5 381.0549 -83.54821 1.5 383.2949 -85.7988 1.5 385.1655 -88.36463 1.5 386.623 -91.1857 1.5 387.6333 -94.19601 1.5 388.1727 -97.32518 1.5 388.2287 -100.5 1.5 355.9918 -96.98896 1.5 323.6919 -94.11443 1.5 291.3417 -91.87752 1.5 258.9536 -90.2791 1.5 226.5403 -89.31981 1.5 194.1143 -89 1.5 161.6884 -89.31981 1.5 129.2751 -90.2791 1.5 96.88699 -91.87752 1.5 64.53672 -94.11443 1.5 32.23687 -96.98896 1.5 0 -100.5 1.5 0.05597086 -97.32518 1.5 0.5953979 -94.19601 1.5 1.605665 -91.1857 1.5 3.063143 -88.36463 1.5 4.933746 -85.7988 1.5 7.173722 -83.54821 1.5 9.730683 -81.6655 1.5 12.54483 -80.1947 1.5 15.55033 -79.17022 1.5 18.67691 -78.61601 1.5 21.85144 -78.54503 1.5 24.99966 -78.95895 1.5 22.59642 -78.33425 1.5 20.2625 -77.48653 1.5 18.01855 -76.42329 1.5 15.88441 -75.15394 1.5 13.87897 -73.68969 1.5 12.01996 -72.04352 1.5 10.32383 -70.22997 1.5 8.80559 -68.26509 1.5 7.478663 -66.16626 1.5 6.354788 -63.95205 1.5 5.443908 -61.64205 1.5 4.754081 -59.25669 1.5 44.93538 -50.25 1.5 4.754081 -41.24331 1.5 5.443908 -38.85795 1.5 6.354788 -36.54795 1.5 7.478663 -34.33374 1.5 8.80559 -32.23491 1.5 10.32383 -30.27003 1.5 12.01996 -28.45648 1.5 13.87897 -26.81031 1.5 15.88441 -25.34606 1.5 18.01855 -24.07671 1.5 20.2625 -23.01347 1.5 22.59642 -22.16575 1.5 24.99966 -21.54105 1.5 21.85144 -21.95497 1.5 18.67691 -21.88399 1.5 15.55033 -21.32978 1.5 12.54483 -20.3053 1.5 9.730683 -18.8345 1.5 7.173722 -16.95179 1.5 4.933746 -14.7012 1.5 3.063143 -12.13537 1.5 1.605665 -9.314305 1.5 0.5953979 -6.303988 1.5 0.05597086 -3.174825 1.5 0 0 1.5 32.23687 -3.51104 1.5 64.53672 -6.385573 1.5 96.88699 -8.622482 1.5 129.2751 -10.2209 1.5 89.87076 -37.55078 1.5 89.87076 -50.25 1.5 89.87076 -77.06352 1.5 90.91749 -77.06352 1.5 90.91749 -50.25 1.5 90.91749 -38.81352 1.5 92.88643 -37.18139 1.5 94.95744 -35.86474 1.5 97.17733 -34.81843 1.5 99.51098 -34.05902 1.5 101.9215 -33.59852 1.5 104.3708 -33.4442 1.5 106.82 -33.59852 1.5 109.2305 -34.05902 1.5 111.5642 -34.81843 1.5 113.7841 -35.86474 1.5 115.8551 -37.18139 1.5 117.824 -38.81352 1.5 117.824 -77.06352 1.5 118.8708 -77.06352 1.5 118.8708 -73.89424 1.5 121.8708 -73.89424 1.5 121.8708 -70.89424 1.5 118.8708 -70.89424 1.5 118.8708 -56.22685 1.5 124.1208 -56.22685 1.5 124.1208 -49.96823 1.5 118.8708 -49.96823 1.5 118.8708 -37.55078 1.5 116.8223 -35.85271 1.5 114.5768 -34.42517 1.5 112.17 -33.29074 1.5 109.6398 -32.46738 1.5 107.0263 -31.96809 1.5 104.3708 -31.80078 1.5 101.7152 -31.96809 1.5 99.10171 -32.46738 1.5 96.57152 -33.29074 1.5 94.16468 -34.42517 1.5 91.91925 -35.85271 1.5 270.6079 -73.2121 1.5 270.6079 -77.06352 1.5 271.6547 -77.06352 1.5 271.6547 -37.55078 1.5 273.6236 -35.91865 1.5 275.6946 -34.602 1.5 277.9145 -33.55569 1.5 280.2481 -32.79628 1.5 282.6587 -32.33578 1.5 285.1079 -32.18146 1.5 287.5572 -32.33578 1.5 289.9677 -32.79628 1.5 292.3014 -33.55569 1.5 294.5212 -34.602 1.5 296.5923 -35.91865 1.5 298.5612 -37.55078 1.5 298.5612 -77.06352 1.5 299.6079 -77.06352 1.5 299.6079 -36.28805 1.5 297.5594 -34.58997 1.5 295.314 -33.16243 1.5 292.9072 -32.02801 1.5 290.377 -31.20464 1.5 287.7634 -30.70536 1.5 285.1079 -30.53805 1.5 282.4524 -30.70536 1.5 279.8389 -31.20464 1.5 277.3087 -32.02801 1.5 274.9018 -33.16243 1.5 272.6564 -34.58997 1.5 270.6079 -36.28805 1.5 270.6079 -50.90234 1.5 270.6079 -56.90234 1.5 270.6079 -69.9621 1.5 194.1143 -79.3125 1.5 195.1234 -77.73104 1.5 196.296 -76.26669 1.5 197.6186 -74.93626 1.5 199.076 -73.75507 1.5 200.6515 -72.73666 1.5 202.327 -71.89276 1.5 204.0831 -71.23305 1.5 205.8998 -70.76512 1.5 207.7561 -70.49434 1.5 209.6308 -70.42383 1.5 211.5022 -70.5544 1.5 213.3489 -70.88454 1.5 211.6239 -70.39745 1.5 209.9493 -69.75834 1.5 208.3384 -68.97233 1.5 206.8041 -68.04569 1.5 205.3586 -66.98581 1.5 204.0135 -65.80116 1.5 202.7794 -64.50118 1.5 201.6663 -63.09625 1.5 200.6831 -61.59759 1.5 199.8375 -60.01716 1.5 199.1363 -58.36756 1.5 198.5852 -56.66197 1.5 230.3643 -50.25 1.5 198.5852 -43.83803 1.5 199.1363 -42.13244 1.5 199.8375 -40.48284 1.5 200.6831 -38.90241 1.5 201.6663 -37.40375 1.5 202.7794 -35.99882 1.5 204.0135 -34.69884 1.5 205.3586 -33.51419 1.5 206.8041 -32.45431 1.5 208.3384 -31.52767 1.5 209.9493 -30.74166 1.5 211.6239 -30.10255 1.5 213.3489 -29.61546 1.5 211.5022 -29.9456 1.5 209.6308 -30.07617 1.5 207.7561 -30.00566 1.5 205.8998 -29.73488 1.5 204.0831 -29.26695 1.5 202.327 -28.60724 1.5 200.6515 -27.76334 1.5 199.076 -26.74493 1.5 197.6186 -25.56374 1.5 196.296 -24.23331 1.5 195.1234 -22.76896 1.5 194.1143 -21.1875 1.5 193.1052 -22.76896 1.5 191.9326 -24.23331 1.5 190.61 -25.56374 1.5 189.1526 -26.74493 1.5 187.5771 -27.76334 1.5 185.9017 -28.60724 1.5 184.1455 -29.26695 1.5 182.3289 -29.73488 1.5 180.4725 -30.00566 1.5 178.5979 -30.07617 1.5 176.7264 -29.9456 1.5 174.8797 -29.61546 1.5 176.6047 -30.10255 1.5 178.2793 -30.74166 1.5 179.8902 -31.52767 1.5 181.4245 -32.45431 1.5 182.87 -33.51419 1.5 184.2152 -34.69884 1.5 185.4492 -35.99882 1.5 186.5623 -37.40375 1.5 187.5456 -38.90241 1.5 188.3912 -40.48284 1.5 189.0923 -42.13244 1.5 189.6435 -43.83803 1.5 157.8643 -50.25 1.5 189.6435 -56.66197 1.5 189.0923 -58.36756 1.5 188.3912 -60.01716 1.5 187.5456 -61.59759 1.5 186.5623 -63.09625 1.5 185.4492 -64.50118 1.5 184.2152 -65.80116 1.5 182.87 -66.98581 1.5 181.4245 -68.04569 1.5 179.8902 -68.97233 1.5 178.2793 -69.75834 1.5 176.6047 -70.39745 1.5 174.8797 -70.88454 1.5 176.7264 -70.5544 1.5 178.5979 -70.42383 1.5 180.4725 -70.49434 1.5 182.3289 -70.76512 1.5 184.1455 -71.23305 1.5 185.9017 -71.89276 1.5 187.5771 -72.73666 1.5 189.1526 -73.75507 1.5 190.61 -74.93626 1.5 191.9326 -76.26669 1.5 193.1052 -77.73104 1.5</float_array>
                    <technique_common>
                        <accessor count="894" source="#ID174" stride="3">
                            <param name="X" type="float" />
                            <param name="Y" type="float" />
                            <param name="Z" type="float" />
                        </accessor>
                    </technique_common>
                </source>
                <source id="ID171">
                    <float_array id="ID175" count="2682">5.216212e-17 1.154076e-17 -1 5.216212e-17 1.154076e-17 -1 5.216212e-17 1.154076e-17 -1 5.216212e-17 1.154076e-17 -1 5.216212e-17 1.154076e-17 -1 5.216212e-17 1.154076e-17 -1 5.216212e-17 1.154076e-17 -1 5.216212e-17 1.154076e-17 -1 5.216212e-17 1.154076e-17 -1 5.216212e-17 1.154076e-17 -1 5.216212e-17 1.154076e-17 -1 5.216212e-17 1.154076e-17 -1 5.216212e-17 1.154076e-17 -1 5.216212e-17 1.154076e-17 -1 5.216212e-17 1.154076e-17 -1 5.216212e-17 1.154076e-17 -1 5.216212e-17 1.154076e-17 -1 5.216212e-17 1.154076e-17 -1 5.216212e-17 1.154076e-17 -1 5.216212e-17 1.154076e-17 -1 5.216212e-17 1.154076e-17 -1 5.216212e-17 1.154076e-17 -1 5.216212e-17 1.154076e-17 -1 5.216212e-17 1.154076e-17 -1 5.216212e-17 1.154076e-17 -1 5.216212e-17 1.154076e-17 -1 5.216212e-17 1.154076e-17 -1 5.216212e-17 1.154076e-17 -1 5.216212e-17 1.154076e-17 -1 5.216212e-17 1.154076e-17 -1 5.216212e-17 1.154076e-17 -1 5.216212e-17 1.154076e-17 -1 5.216212e-17 1.154076e-17 -1 5.216212e-17 1.154076e-17 -1 5.216212e-17 1.154076e-17 -1 5.216212e-17 1.154076e-17 -1 5.216212e-17 1.154076e-17 -1 5.216212e-17 1.154076e-17 -1 5.216212e-17 1.154076e-17 -1 5.216212e-17 1.154076e-17 -1 5.216212e-17 1.154076e-17 -1 5.216212e-17 1.154076e-17 -1 5.216212e-17 1.154076e-17 -1 5.216212e-17 1.154076e-17 -1 5.216212e-17 1.154076e-17 -1 5.216212e-17 1.154076e-17 -1 5.216212e-17 1.154076e-17 -1 5.216212e-17 1.154076e-17 -1 5.216212e-17 1.154076e-17 -1 5.216212e-17 1.154076e-17 -1 5.216212e-17 1.154076e-17 -1 5.216212e-17 1.154076e-17 -1 5.216212e-17 1.154076e-17 -1 5.216212e-17 1.154076e-17 -1 5.216212e-17 1.154076e-17 -1 5.216212e-17 1.154076e-17 -1 5.216212e-17 1.154076e-17 -1 5.216212e-17 1.154076e-17 -1 5.216212e-17 1.154076e-17 -1 5.216212e-17 1.154076e-17 -1 5.216212e-17 1.154076e-17 -1 5.216212e-17 1.154076e-17 -1 5.216212e-17 1.154076e-17 -1 5.216212e-17 1.154076e-17 -1 5.216212e-17 1.154076e-17 -1 5.216212e-17 1.154076e-17 -1 5.216212e-17 1.154076e-17 -1 5.216212e-17 1.154076e-17 -1 5.216212e-17 1.154076e-17 -1 5.216212e-17 1.154076e-17 -1 5.216212e-17 1.154076e-17 -1 5.216212e-17 1.154076e-17 -1 5.216212e-17 1.154076e-17 -1 5.216212e-17 1.154076e-17 -1 5.216212e-17 1.154076e-17 -1 5.216212e-17 1.154076e-17 -1 5.216212e-17 1.154076e-17 -1 5.216212e-17 1.154076e-17 -1 5.216212e-17 1.154076e-17 -1 5.216212e-17 1.154076e-17 -1 5.216212e-17 1.154076e-17 -1 5.216212e-17 1.154076e-17 -1 5.216212e-17 1.154076e-17 -1 5.216212e-17 1.154076e-17 -1 5.216212e-17 1.154076e-17 -1 5.216212e-17 1.154076e-17 -1 5.216212e-17 1.154076e-17 -1 5.216212e-17 1.154076e-17 -1 5.216212e-17 1.154076e-17 -1 5.216212e-17 1.154076e-17 -1 5.216212e-17 1.154076e-17 -1 5.216212e-17 1.154076e-17 -1 5.216212e-17 1.154076e-17 -1 5.216212e-17 1.154076e-17 -1 5.216212e-17 1.154076e-17 -1 5.216212e-17 1.154076e-17 -1 5.216212e-17 1.154076e-17 -1 5.216212e-17 1.154076e-17 -1 5.216212e-17 1.154076e-17 -1 5.216212e-17 1.154076e-17 -1 5.216212e-17 1.154076e-17 -1 5.216212e-17 1.154076e-17 -1 5.216212e-17 1.154076e-17 -1 5.216212e-17 1.154076e-17 -1 5.216212e-17 1.154076e-17 -1 5.216212e-17 1.154076e-17 -1 5.216212e-17 1.154076e-17 -1 5.216212e-17 1.154076e-17 -1 5.216212e-17 1.154076e-17 -1 5.216212e-17 1.154076e-17 -1 5.216212e-17 1.154076e-17 -1 5.216212e-17 1.154076e-17 -1 5.216212e-17 1.154076e-17 -1 5.216212e-17 1.154076e-17 -1 5.216212e-17 1.154076e-17 -1 5.216212e-17 1.154076e-17 -1 5.216212e-17 1.154076e-17 -1 5.216212e-17 1.154076e-17 -1 5.216212e-17 1.154076e-17 -1 5.216212e-17 1.154076e-17 -1 5.216212e-17 1.154076e-17 -1 5.216212e-17 1.154076e-17 -1 5.216212e-17 1.154076e-17 -1 5.216212e-17 1.154076e-17 -1 5.216212e-17 1.154076e-17 -1 5.216212e-17 1.154076e-17 -1 5.216212e-17 1.154076e-17 -1 5.216212e-17 1.154076e-17 -1 5.216212e-17 1.154076e-17 -1 5.216212e-17 1.154076e-17 -1 5.216212e-17 1.154076e-17 -1 5.216212e-17 1.154076e-17 -1 5.216212e-17 1.154076e-17 -1 5.216212e-17 1.154076e-17 -1 5.216212e-17 1.154076e-17 -1 5.216212e-17 1.154076e-17 -1 5.216212e-17 1.154076e-17 -1 5.216212e-17 1.154076e-17 -1 5.216212e-17 1.154076e-17 -1 5.216212e-17 1.154076e-17 -1 5.216212e-17 1.154076e-17 -1 5.216212e-17 1.154076e-17 -1 5.216212e-17 1.154076e-17 -1 5.216212e-17 1.154076e-17 -1 5.216212e-17 1.154076e-17 -1 5.216212e-17 1.154076e-17 -1 5.216212e-17 1.154076e-17 -1 5.216212e-17 1.154076e-17 -1 5.216212e-17 1.154076e-17 -1 5.216212e-17 1.154076e-17 -1 5.216212e-17 1.154076e-17 -1 5.216212e-17 1.154076e-17 -1 5.216212e-17 1.154076e-17 -1 5.216212e-17 1.154076e-17 -1 5.216212e-17 1.154076e-17 -1 5.216212e-17 1.154076e-17 -1 5.216212e-17 1.154076e-17 -1 5.216212e-17 1.154076e-17 -1 5.216212e-17 1.154076e-17 -1 5.216212e-17 1.154076e-17 -1 5.216212e-17 1.154076e-17 -1 5.216212e-17 1.154076e-17 -1 5.216212e-17 1.154076e-17 -1 5.216212e-17 1.154076e-17 -1 5.216212e-17 1.154076e-17 -1 5.216212e-17 1.154076e-17 -1 5.216212e-17 1.154076e-17 -1 5.216212e-17 1.154076e-17 -1 5.216212e-17 1.154076e-17 -1 5.216212e-17 1.154076e-17 -1 5.216212e-17 1.154076e-17 -1 5.216212e-17 1.154076e-17 -1 5.216212e-17 1.154076e-17 -1 5.216212e-17 1.154076e-17 -1 5.216212e-17 1.154076e-17 -1 5.216212e-17 1.154076e-17 -1 5.216212e-17 1.154076e-17 -1 5.216212e-17 1.154076e-17 -1 5.216212e-17 1.154076e-17 -1 5.216212e-17 1.154076e-17 -1 5.216212e-17 1.154076e-17 -1 5.216212e-17 1.154076e-17 -1 5.216212e-17 1.154076e-17 -1 5.216212e-17 1.154076e-17 -1 5.216212e-17 1.154076e-17 -1 5.216212e-17 1.154076e-17 -1 5.216212e-17 1.154076e-17 -1 5.216212e-17 1.154076e-17 -1 5.216212e-17 1.154076e-17 -1 5.216212e-17 1.154076e-17 -1 5.216212e-17 1.154076e-17 -1 5.216212e-17 1.154076e-17 -1 5.216212e-17 1.154076e-17 -1 5.216212e-17 1.154076e-17 -1 5.216212e-17 1.154076e-17 -1 5.216212e-17 1.154076e-17 -1 5.216212e-17 1.154076e-17 -1 5.216212e-17 1.154076e-17 -1 5.216212e-17 1.154076e-17 -1 5.216212e-17 1.154076e-17 -1 5.216212e-17 1.154076e-17 -1 5.216212e-17 1.154076e-17 -1 5.216212e-17 1.154076e-17 -1 5.216212e-17 1.154076e-17 -1 5.216212e-17 1.154076e-17 -1 5.216212e-17 1.154076e-17 -1 5.216212e-17 1.154076e-17 -1 5.216212e-17 1.154076e-17 -1 5.216212e-17 1.154076e-17 -1 5.216212e-17 1.154076e-17 -1 5.216212e-17 1.154076e-17 -1 5.216212e-17 1.154076e-17 -1 5.216212e-17 1.154076e-17 -1 5.216212e-17 1.154076e-17 -1 5.216212e-17 1.154076e-17 -1 5.216212e-17 1.154076e-17 -1 5.216212e-17 1.154076e-17 -1 5.216212e-17 1.154076e-17 -1 5.216212e-17 1.154076e-17 -1 5.216212e-17 1.154076e-17 -1 5.216212e-17 1.154076e-17 -1 5.216212e-17 1.154076e-17 -1 5.216212e-17 1.154076e-17 -1 5.216212e-17 1.154076e-17 -1 5.216212e-17 1.154076e-17 -1 5.216212e-17 1.154076e-17 -1 5.216212e-17 1.154076e-17 -1 5.216212e-17 1.154076e-17 -1 5.216212e-17 1.154076e-17 -1 5.216212e-17 1.154076e-17 -1 5.216212e-17 1.154076e-17 -1 5.216212e-17 1.154076e-17 -1 5.216212e-17 1.154076e-17 -1 5.216212e-17 1.154076e-17 -1 5.216212e-17 1.154076e-17 -1 5.216212e-17 1.154076e-17 -1 5.216212e-17 1.154076e-17 -1 5.216212e-17 1.154076e-17 -1 5.216212e-17 1.154076e-17 -1 5.216212e-17 1.154076e-17 -1 5.216212e-17 1.154076e-17 -1 5.216212e-17 1.154076e-17 -1 5.216212e-17 1.154076e-17 -1 5.216212e-17 1.154076e-17 -1 5.216212e-17 1.154076e-17 -1 5.216212e-17 1.154076e-17 -1 5.216212e-17 1.154076e-17 -1 5.216212e-17 1.154076e-17 -1 5.216212e-17 1.154076e-17 -1 5.216212e-17 1.154076e-17 -1 5.216212e-17 1.154076e-17 -1 5.216212e-17 1.154076e-17 -1 5.216212e-17 1.154076e-17 -1 5.216212e-17 1.154076e-17 -1 5.216212e-17 1.154076e-17 -1 5.216212e-17 1.154076e-17 -1 5.216212e-17 1.154076e-17 -1 5.216212e-17 1.154076e-17 -1 5.216212e-17 1.154076e-17 -1 5.216212e-17 1.154076e-17 -1 5.216212e-17 1.154076e-17 -1 5.216212e-17 1.154076e-17 -1 5.216212e-17 1.154076e-17 -1 5.216212e-17 1.154076e-17 -1 5.216212e-17 1.154076e-17 -1 5.216212e-17 1.154076e-17 -1 5.216212e-17 1.154076e-17 -1 5.216212e-17 1.154076e-17 -1 5.216212e-17 1.154076e-17 -1 5.216212e-17 1.154076e-17 -1 5.216212e-17 1.154076e-17 -1 5.216212e-17 1.154076e-17 -1 5.216212e-17 1.154076e-17 -1 5.216212e-17 1.154076e-17 -1 5.216212e-17 1.154076e-17 -1 5.216212e-17 1.154076e-17 -1 5.216212e-17 1.154076e-17 -1 5.216212e-17 1.154076e-17 -1 5.216212e-17 1.154076e-17 -1 5.216212e-17 1.154076e-17 -1 5.216212e-17 1.154076e-17 -1 5.216212e-17 1.154076e-17 -1 5.216212e-17 1.154076e-17 -1 5.216212e-17 1.154076e-17 -1 5.216212e-17 1.154076e-17 -1 5.216212e-17 1.154076e-17 -1 5.216212e-17 1.154076e-17 -1 5.216212e-17 1.154076e-17 -1 5.216212e-17 1.154076e-17 -1 5.216212e-17 1.154076e-17 -1 5.216212e-17 1.154076e-17 -1 5.216212e-17 1.154076e-17 -1 5.216212e-17 1.154076e-17 -1 5.216212e-17 1.154076e-17 -1 5.216212e-17 1.154076e-17 -1 5.216212e-17 1.154076e-17 -1 5.216212e-17 1.154076e-17 -1 5.216212e-17 1.154076e-17 -1 -5.216212e-17 -1.154076e-17 1 -5.216212e-17 -1.154076e-17 1 -5.216212e-17 -1.154076e-17 1 -5.216212e-17 -1.154076e-17 1 -5.216212e-17 -1.154076e-17 1 -5.216212e-17 -1.154076e-17 1 -5.216212e-17 -1.154076e-17 1 -5.216212e-17 -1.154076e-17 1 -5.216212e-17 -1.154076e-17 1 -5.216212e-17 -1.154076e-17 1 -5.216212e-17 -1.154076e-17 1 -5.216212e-17 -1.154076e-17 1 -5.216212e-17 -1.154076e-17 1 -5.216212e-17 -1.154076e-17 1 -5.216212e-17 -1.154076e-17 1 -5.216212e-17 -1.154076e-17 1 -5.216212e-17 -1.154076e-17 1 -5.216212e-17 -1.154076e-17 1 -5.216212e-17 -1.154076e-17 1 -5.216212e-17 -1.154076e-17 1 -5.216212e-17 -1.154076e-17 1 -5.216212e-17 -1.154076e-17 1 -5.216212e-17 -1.154076e-17 1 -5.216212e-17 -1.154076e-17 1 -5.216212e-17 -1.154076e-17 1 -5.216212e-17 -1.154076e-17 1 -5.216212e-17 -1.154076e-17 1 -5.216212e-17 -1.154076e-17 1 -5.216212e-17 -1.154076e-17 1 -5.216212e-17 -1.154076e-17 1 -5.216212e-17 -1.154076e-17 1 -5.216212e-17 -1.154076e-17 1 -5.216212e-17 -1.154076e-17 1 -5.216212e-17 -1.154076e-17 1 -5.216212e-17 -1.154076e-17 1 -5.216212e-17 -1.154076e-17 1 -5.216212e-17 -1.154076e-17 1 -5.216212e-17 -1.154076e-17 1 -5.216212e-17 -1.154076e-17 1 -5.216212e-17 -1.154076e-17 1 -5.216212e-17 -1.154076e-17 1 -5.216212e-17 -1.154076e-17 1 -5.216212e-17 -1.154076e-17 1 -5.216212e-17 -1.154076e-17 1 -5.216212e-17 -1.154076e-17 1 -5.216212e-17 -1.154076e-17 1 -5.216212e-17 -1.154076e-17 1 -5.216212e-17 -1.154076e-17 1 -5.216212e-17 -1.154076e-17 1 -5.216212e-17 -1.154076e-17 1 -5.216212e-17 -1.154076e-17 1 -5.216212e-17 -1.154076e-17 1 -5.216212e-17 -1.154076e-17 1 -5.216212e-17 -1.154076e-17 1 -5.216212e-17 -1.154076e-17 1 -5.216212e-17 -1.154076e-17 1 -5.216212e-17 -1.154076e-17 1 -5.216212e-17 -1.154076e-17 1 -5.216212e-17 -1.154076e-17 1 -5.216212e-17 -1.154076e-17 1 -5.216212e-17 -1.154076e-17 1 -5.216212e-17 -1.154076e-17 1 -5.216212e-17 -1.154076e-17 1 -5.216212e-17 -1.154076e-17 1 -5.216212e-17 -1.154076e-17 1 -5.216212e-17 -1.154076e-17 1 -5.216212e-17 -1.154076e-17 1 -5.216212e-17 -1.154076e-17 1 -5.216212e-17 -1.154076e-17 1 -5.216212e-17 -1.154076e-17 1 -5.216212e-17 -1.154076e-17 1 -5.216212e-17 -1.154076e-17 1 -5.216212e-17 -1.154076e-17 1 -5.216212e-17 -1.154076e-17 1 -5.216212e-17 -1.154076e-17 1 -5.216212e-17 -1.154076e-17 1 -5.216212e-17 -1.154076e-17 1 -5.216212e-17 -1.154076e-17 1 -5.216212e-17 -1.154076e-17 1 -5.216212e-17 -1.154076e-17 1 -5.216212e-17 -1.154076e-17 1 -5.216212e-17 -1.154076e-17 1 -5.216212e-17 -1.154076e-17 1 -5.216212e-17 -1.154076e-17 1 -5.216212e-17 -1.154076e-17 1 -5.216212e-17 -1.154076e-17 1 -5.216212e-17 -1.154076e-17 1 -5.216212e-17 -1.154076e-17 1 -5.216212e-17 -1.154076e-17 1 -5.216212e-17 -1.154076e-17 1 -5.216212e-17 -1.154076e-17 1 -5.216212e-17 -1.154076e-17 1 -5.216212e-17 -1.154076e-17 1 -5.216212e-17 -1.154076e-17 1 -5.216212e-17 -1.154076e-17 1 -5.216212e-17 -1.154076e-17 1 -5.216212e-17 -1.154076e-17 1 -5.216212e-17 -1.154076e-17 1 -5.216212e-17 -1.154076e-17 1 -5.216212e-17 -1.154076e-17 1 -5.216212e-17 -1.154076e-17 1 -5.216212e-17 -1.154076e-17 1 -5.216212e-17 -1.154076e-17 1 -5.216212e-17 -1.154076e-17 1 -5.216212e-17 -1.154076e-17 1 -5.216212e-17 -1.154076e-17 1 -5.216212e-17 -1.154076e-17 1 -5.216212e-17 -1.154076e-17 1 -5.216212e-17 -1.154076e-17 1 -5.216212e-17 -1.154076e-17 1 -5.216212e-17 -1.154076e-17 1 -5.216212e-17 -1.154076e-17 1 -5.216212e-17 -1.154076e-17 1 -5.216212e-17 -1.154076e-17 1 -5.216212e-17 -1.154076e-17 1 -5.216212e-17 -1.154076e-17 1 -5.216212e-17 -1.154076e-17 1 -5.216212e-17 -1.154076e-17 1 -5.216212e-17 -1.154076e-17 1 -5.216212e-17 -1.154076e-17 1 -5.216212e-17 -1.154076e-17 1 -5.216212e-17 -1.154076e-17 1 -5.216212e-17 -1.154076e-17 1 -5.216212e-17 -1.154076e-17 1 -5.216212e-17 -1.154076e-17 1 -5.216212e-17 -1.154076e-17 1 -5.216212e-17 -1.154076e-17 1 -5.216212e-17 -1.154076e-17 1 -5.216212e-17 -1.154076e-17 1 -5.216212e-17 -1.154076e-17 1 -5.216212e-17 -1.154076e-17 1 -5.216212e-17 -1.154076e-17 1 -5.216212e-17 -1.154076e-17 1 -5.216212e-17 -1.154076e-17 1 -5.216212e-17 -1.154076e-17 1 -5.216212e-17 -1.154076e-17 1 -5.216212e-17 -1.154076e-17 1 -5.216212e-17 -1.154076e-17 1 -5.216212e-17 -1.154076e-17 1 -5.216212e-17 -1.154076e-17 1 -5.216212e-17 -1.154076e-17 1 -5.216212e-17 -1.154076e-17 1 -5.216212e-17 -1.154076e-17 1 -5.216212e-17 -1.154076e-17 1 -5.216212e-17 -1.154076e-17 1 -5.216212e-17 -1.154076e-17 1 -5.216212e-17 -1.154076e-17 1 -5.216212e-17 -1.154076e-17 1 -5.216212e-17 -1.154076e-17 1 -5.216212e-17 -1.154076e-17 1 -5.216212e-17 -1.154076e-17 1 -5.216212e-17 -1.154076e-17 1 -5.216212e-17 -1.154076e-17 1 -5.216212e-17 -1.154076e-17 1 -5.216212e-17 -1.154076e-17 1 -5.216212e-17 -1.154076e-17 1 -5.216212e-17 -1.154076e-17 1 -5.216212e-17 -1.154076e-17 1 -5.216212e-17 -1.154076e-17 1 -5.216212e-17 -1.154076e-17 1 -5.216212e-17 -1.154076e-17 1 -5.216212e-17 -1.154076e-17 1 -5.216212e-17 -1.154076e-17 1 -5.216212e-17 -1.154076e-17 1 -5.216212e-17 -1.154076e-17 1 -5.216212e-17 -1.154076e-17 1 -5.216212e-17 -1.154076e-17 1 -5.216212e-17 -1.154076e-17 1 -5.216212e-17 -1.154076e-17 1 -5.216212e-17 -1.154076e-17 1 -5.216212e-17 -1.154076e-17 1 -5.216212e-17 -1.154076e-17 1 -5.216212e-17 -1.154076e-17 1 -5.216212e-17 -1.154076e-17 1 -5.216212e-17 -1.154076e-17 1 -5.216212e-17 -1.154076e-17 1 -5.216212e-17 -1.154076e-17 1 -5.216212e-17 -1.154076e-17 1 -5.216212e-17 -1.154076e-17 1 -5.216212e-17 -1.154076e-17 1 -5.216212e-17 -1.154076e-17 1 -5.216212e-17 -1.154076e-17 1 -5.216212e-17 -1.154076e-17 1 -5.216212e-17 -1.154076e-17 1 -5.216212e-17 -1.154076e-17 1 -5.216212e-17 -1.154076e-17 1 -5.216212e-17 -1.154076e-17 1 -5.216212e-17 -1.154076e-17 1 -5.216212e-17 -1.154076e-17 1 -5.216212e-17 -1.154076e-17 1 -5.216212e-17 -1.154076e-17 1 -5.216212e-17 -1.154076e-17 1 -5.216212e-17 -1.154076e-17 1 -5.216212e-17 -1.154076e-17 1 -5.216212e-17 -1.154076e-17 1 -5.216212e-17 -1.154076e-17 1 -5.216212e-17 -1.154076e-17 1 -5.216212e-17 -1.154076e-17 1 -5.216212e-17 -1.154076e-17 1 -5.216212e-17 -1.154076e-17 1 -5.216212e-17 -1.154076e-17 1 -5.216212e-17 -1.154076e-17 1 -5.216212e-17 -1.154076e-17 1 -5.216212e-17 -1.154076e-17 1 -5.216212e-17 -1.154076e-17 1 -5.216212e-17 -1.154076e-17 1 -5.216212e-17 -1.154076e-17 1 -5.216212e-17 -1.154076e-17 1 -5.216212e-17 -1.154076e-17 1 -5.216212e-17 -1.154076e-17 1 -5.216212e-17 -1.154076e-17 1 -5.216212e-17 -1.154076e-17 1 -5.216212e-17 -1.154076e-17 1 -5.216212e-17 -1.154076e-17 1 -5.216212e-17 -1.154076e-17 1 -5.216212e-17 -1.154076e-17 1 -5.216212e-17 -1.154076e-17 1 -5.216212e-17 -1.154076e-17 1 -5.216212e-17 -1.154076e-17 1 -5.216212e-17 -1.154076e-17 1 -5.216212e-17 -1.154076e-17 1 -5.216212e-17 -1.154076e-17 1 -5.216212e-17 -1.154076e-17 1 -5.216212e-17 -1.154076e-17 1 -5.216212e-17 -1.154076e-17 1 -5.216212e-17 -1.154076e-17 1 -5.216212e-17 -1.154076e-17 1 -5.216212e-17 -1.154076e-17 1 -5.216212e-17 -1.154076e-17 1 -5.216212e-17 -1.154076e-17 1 -5.216212e-17 -1.154076e-17 1 -5.216212e-17 -1.154076e-17 1 -5.216212e-17 -1.154076e-17 1 -5.216212e-17 -1.154076e-17 1 -5.216212e-17 -1.154076e-17 1 -5.216212e-17 -1.154076e-17 1 -5.216212e-17 -1.154076e-17 1 -5.216212e-17 -1.154076e-17 1 -5.216212e-17 -1.154076e-17 1 -5.216212e-17 -1.154076e-17 1 -5.216212e-17 -1.154076e-17 1 -5.216212e-17 -1.154076e-17 1 -5.216212e-17 -1.154076e-17 1 -5.216212e-17 -1.154076e-17 1 -5.216212e-17 -1.154076e-17 1 -5.216212e-17 -1.154076e-17 1 -5.216212e-17 -1.154076e-17 1 -5.216212e-17 -1.154076e-17 1 -5.216212e-17 -1.154076e-17 1 -5.216212e-17 -1.154076e-17 1 -5.216212e-17 -1.154076e-17 1 -5.216212e-17 -1.154076e-17 1 -5.216212e-17 -1.154076e-17 1 -5.216212e-17 -1.154076e-17 1 -5.216212e-17 -1.154076e-17 1 -5.216212e-17 -1.154076e-17 1 -5.216212e-17 -1.154076e-17 1 -5.216212e-17 -1.154076e-17 1 -5.216212e-17 -1.154076e-17 1 -5.216212e-17 -1.154076e-17 1 -5.216212e-17 -1.154076e-17 1 -5.216212e-17 -1.154076e-17 1 -5.216212e-17 -1.154076e-17 1 -5.216212e-17 -1.154076e-17 1 -5.216212e-17 -1.154076e-17 1 -5.216212e-17 -1.154076e-17 1 -5.216212e-17 -1.154076e-17 1 -5.216212e-17 -1.154076e-17 1 -5.216212e-17 -1.154076e-17 1 -5.216212e-17 -1.154076e-17 1 -5.216212e-17 -1.154076e-17 1 -5.216212e-17 -1.154076e-17 1 -5.216212e-17 -1.154076e-17 1 -5.216212e-17 -1.154076e-17 1 -5.216212e-17 -1.154076e-17 1 -5.216212e-17 -1.154076e-17 1 -5.216212e-17 -1.154076e-17 1 -5.216212e-17 -1.154076e-17 1 -5.216212e-17 -1.154076e-17 1 -5.216212e-17 -1.154076e-17 1 -5.216212e-17 -1.154076e-17 1 -5.216212e-17 -1.154076e-17 1 -5.216212e-17 -1.154076e-17 1 -5.216212e-17 -1.154076e-17 1 -5.216212e-17 -1.154076e-17 1 -5.216212e-17 -1.154076e-17 1 -5.216212e-17 -1.154076e-17 1 -5.216212e-17 -1.154076e-17 1 -5.216212e-17 -1.154076e-17 1 -5.216212e-17 -1.154076e-17 1 -5.216212e-17 -1.154076e-17 1 -5.216212e-17 -1.154076e-17 1 -5.216212e-17 -1.154076e-17 1 -5.216212e-17 -1.154076e-17 1 -5.216212e-17 -1.154076e-17 1 -5.216212e-17 -1.154076e-17 1 -5.216212e-17 -1.154076e-17 1 -5.216212e-17 -1.154076e-17 1 0 0 0 0 0 0 0 0 0 0 0 0 0 0 0 0 0 0 0 0 0 0 0 0 0 0 0 0 0 0 0 0 0 0 0 0 0 0 0 0 0 0 0 0 0 0 0 0 0 0 0 0 0 0 0 0 0 0 0 0 0 0 0 0 0 0 0 0 0 0 0 0 0 0 0 0 0 0 0 0 0 0 0 0 0 0 0 0 0 0 0 0 0 0 0 0 0 0 0 0 0 0 0 0 0 0 0 0 0 0 0 0 0 0 0 0 0 0 0 0 0 0 0 0 0 0 0 0 0 0 0 0 0 0 0 0 0 0 0 0 0 0 0 0 0 0 0 0 0 0 0 0 0 0 0 0 0 0 0 0 0 0 0 0 0 0 0 0 0 0 0 0 0 0 0 0 0 0 0 0 0 0 0 0 0 0 0 0 0 0 0 0 0 0 0 0 0 0 0 0 0 0 0 0 0 0 0 0 0 0 0 0 0 0 0 0 0 0 0 0 0 0 0 0 0 0 0 0 0 0 0 0 0 0 0 0 0 0 0 0 0 0 0 0 0 0 0 0 0 0 0 0 0 0 0 0 0 0 0 0 0 0 0 0 0 0 0 0 0 0 0 0 0 0 0 0 0 0 0 0 0 0 0 0 0 0 0 0 0 0 0 0 0 0 0 0 0 0 0 0 0 0 0 0 0 0 0 0 0 0 0 0 0 0 0 0 0 0 0 0 0 0 0 0 0 0 0 0 0 0 0 0 0 0 0 0 0 0 0 0 0 0 0 0 0 0 0 0 0 0 0 0 0 0 0 0 0 0 0 0 0 0 0 0 0 0 0 0 0 0 0 0 0 0 0 0 0 0 0 0 0 0 0 0 0 0 0 0 0 0 0 0 0 0 0 0 0 0 0 0 0 0 0 0 0 0 0 0 0 0 0 0 0 0 0 0 0 0 0 0 0 0 0 0 0 0 0 0 0 0 0 0 0 0 0 0 0 0 0 0 0 0 0 0 0 0 0 0 0 0 0 0 0 0 0 0 0 0 0 0 0 0 0 0 0 0 0 0 0 0 0 0 0 0 0 0 0 0 0 0 0 0 0 0 0 0 0 0 0 0 0 0 0 0 0 0 0 0 0 0 0 0 0 0 0 0 0 0 0 0 0 0 0 0 0 0 0 0 0 0 0 0 0 0 0 0 0 0 0 0 0 0 0 0 0 0 0 0 0 0 0 0 0 0 0 0 0 0 0 0 0 0 0 0 0 0 0 0 0 0 0 0 0 0 0 0 0 0 0 0 0 0 0 0 0 0 0 0 0 0 0 0 0 0 0 0 0 0 0 0 0 0 0 0 0 0 0 0 0 0 0 0 0 0 0 0 0 0 0 0 0 0 0 0 0 0 0 0 0 0 0 0 0 0 0 0 0 0 0 0 0 0 0 0 0 0 0 0 0 0 0 0 0 0 0 0 0 0 0 0 0 0 0 0 0 0 0 0 0 0 0 0 0 0 0 0 0 0 0 0 0 0 0 0 0 0 0 0 0 0 0 0 0 0 0 0 0 0 0 0 0 0 0 0 0 0 0 0 0 0 0 0 0 0 0 0 0 0 0 0 0 0 0 0 0 0 0 0 0 0 0 0 0 0 0 0 0 0 0 0 0 0 0 0 0 0 0 0 0 0 0 0 0 0 0 0 0 0 0 0 0 0 0 0 0 0 0 0 0 0 0 0 0 0 0 0 0 0 0 0 0 0 0 0 0 0 0 0 0 0 0 0 0 0 0 0 0 0 0 0 0 0 0 0 0 0 0 0 0 0 0 0 0 0 0 0 0 0 0 0 0 0 0 0 0 0 0 0 0 0 0 0 0 0 0 0 0 0 0 0 0 0 0 0 0 0 0 0 0 0 0 0 0 0 0 0 0 0 0 0 0 0 0 0 0 0 0 0 0 0 0 0 0 0 0 0 0 0 0 0 0 0 0 0 0 0 0 0 0 0 0 0 0 0 0 0 0 0 0 0 0 0 0 0</float_array>
                    <technique_common>
                        <accessor count="894" source="#ID175" stride="3">
                            <param name="X" type="float" />
                            <param name="Y" type="float" />
                            <param name="Z" type="float" />
                        </accessor>
                    </technique_common>
                </source>
                <source id="ID172">
                    <Name_array id="ID176" count="0" />
                    <technique_common>
                        <accessor count="0" source="#ID176" stride="1">
                            <param name="skp_material" type="Name" />
                        </accessor>
                    </technique_common>
                </source>
                <vertices id="ID173">
                    <input semantic="POSITION" source="#ID170" />
                    <input semantic="NORMAL" source="#ID171" />
                </vertices>
                <triangles count="302" material="Material2">
                    <input offset="0" semantic="VERTEX" source="#ID173" />
                    <p>0 1 2 1 0 3 3 0 4 4 0 5 5 0 6 6 0 7 6 7 8 8 7 9 9 7 10 10 7 11 11 7 12 12 7 13 13 7 14 14 7 15 15 7 16 16 7 17 17 7 18 18 7 19 19 7 20 20 7 21 20 21 22 22 21 23 22 23 24 24 23 25 25 23 26 26 23 27 27 23 28 28 23 29 29 23 30 30 23 31 31 23 32 32 23 33 33 23 34 35 36 37 36 35 38 38 35 39 39 35 40 40 35 41 41 35 42 42 35 43 43 35 44 44 35 45 45 35 46 46 35 47 47 35 48 48 35 49 49 35 50 50 35 51 50 51 52 52 51 53 53 51 54 54 51 55 55 51 56 56 51 57 57 51 58 58 51 59 59 51 60 60 51 61 61 51 62 63 64 65 66 67 68 67 66 69 69 66 70 70 66 71 71 66 72 72 66 73 73 66 74 74 66 75 75 66 76 76 66 77 77 66 78 78 66 79 68 80 81 80 68 67 80 67 82 82 67 83 82 83 84 82 84 85 82 85 86 82 86 87 82 87 88 82 88 89 82 89 90 82 90 91 82 91 92 82 92 93 94 95 96 95 94 97 95 97 98 95 98 99 95 99 100 95 100 101 95 101 102 95 102 103 95 103 104 95 104 105 95 105 106 95 106 62 95 62 51 95 51 107 95 107 108 108 107 109 108 109 110 109 107 111 109 111 112 109 112 113 109 113 114 109 114 115 110 109 64 110 64 63 110 63 116 110 116 117 110 117 118 110 118 119 110 119 120 110 120 121 110 121 122 110 122 123 110 123 124 110 124 125 124 123 126 124 126 127 124 127 128 125 124 129 95 130 131 130 95 132 132 95 133 133 95 134 134 95 135 135 95 136 136 95 137 137 95 138 138 95 139 139 95 140 140 95 141 141 95 142 142 95 143 143 95 108 22 144 20 144 22 145 144 145 146 144 146 147 144 147 148 144 148 149 144 149 150 144 150 151 144 151 152 144 152 153 144 153 154 144 154 155 144 155 156 144 156 143 143 156 157 143 157 158 143 158 159 143 159 160 143 160 161 143 161 162 143 162 163 143 163 164 143 164 165 143 165 166 143 166 167 143 167 142 168 169 170 169 168 171 171 168 172 172 168 173 173 168 174 174 168 175 175 168 176 176 168 177 177 168 178 178 168 179 179 168 180 180 168 181 182 183 184 183 182 185 186 187 188 18 189 190 189 18 191 191 18 186 37 21 7 21 37 36 21 36 192 192 36 193 192 193 194 192 194 195 192 195 196 192 196 197 192 197 198 192 198 199 192 199 200 192 200 201 192 201 202 192 202 203 204 205 206 205 204 207 205 207 208 205 208 209 205 209 210 205 210 211 205 211 212 205 212 213 205 213 214 205 214 215 205 215 216 205 216 181 205 181 168 205 168 2 205 2 217 217 2 218 217 218 219 218 2 1 218 1 220 219 218 185 219 185 182 219 182 221 219 221 222 219 222 223 219 223 19 223 222 224 223 224 225 223 225 226 223 226 227 223 227 228 223 228 229 223 229 230 223 230 231 223 231 232 19 223 187 19 187 186 19 186 18 205 233 234 233 205 235 235 205 236 236 205 237 237 205 238 238 205 239 239 205 240 240 205 241 241 205 242 242 205 243 243 205 244 244 205 245 245 205 246 246 205 217 247 246 248 246 247 249 246 249 250 246 250 251 246 251 252 246 252 253 246 253 254 246 254 255 246 255 256 246 256 257 246 257 258 246 258 245 259 111 107 111 259 260 260 259 261 261 259 262 262 259 263 263 259 264 264 259 265 265 259 266 266 259 267 267 259 268 268 259 81 268 81 269 269 81 270 270 81 271 271 81 129 129 81 125 125 81 272 272 81 80 272 80 273 273 80 274 273 274 275 275 274 276 276 274 277 277 274 278 278 274 279 279 274 280 280 274 281 281 274 282 282 274 283 283 274 284 284 274 285 273 286 272 286 273 287 286 287 288 286 288 289 286 289 290 286 290 291 286 291 292 286 292 293 286 293 294 286 294 295 286 295 296 286 296 297</p>
                </triangles>
                <triangles count="302" material="Material3">
                    <input offset="0" semantic="VERTEX" source="#ID173" />
                    <p>298 299 300 299 301 300 301 302 300 302 303 300 303 304 300 304 305 300 305 306 300 306 307 300 307 308 300 308 309 300 309 310 300 311 300 310 312 313 314 314 313 315 315 313 316 316 313 317 317 313 318 318 313 319 319 313 320 320 313 321 321 313 322 322 313 323 323 313 310 313 324 310 310 324 311 324 325 311 311 325 326 326 325 327 327 325 328 328 325 329 329 325 330 330 325 331 325 332 331 331 332 333 333 332 334 334 332 335 335 332 336 336 332 337 337 332 338 338 332 339 339 332 340 340 332 341 342 341 332 343 344 345 344 346 345 346 347 345 347 348 345 348 349 345 349 350 345 350 351 345 351 352 345 352 353 345 353 354 345 354 355 345 356 345 355 357 358 345 345 358 343 343 358 359 359 358 360 360 358 361 361 358 362 362 358 363 363 358 364 364 358 365 365 358 366 366 358 367 367 358 368 368 358 369 370 369 358 371 372 373 372 374 373 374 375 373 376 377 375 377 378 375 378 379 375 379 380 375 380 381 375 381 382 375 382 383 375 383 384 375 384 385 375 373 375 386 375 385 386 385 387 386 387 388 386 388 389 386 389 390 386 391 392 390 392 393 390 386 390 357 390 393 357 357 393 358 393 394 358 394 395 358 395 396 358 396 397 358 397 398 358 398 399 358 399 400 358 400 401 358 401 402 358 402 403 358 403 404 358 404 405 358 405 406 358 407 358 406 408 409 410 409 411 410 411 412 410 412 413 410 413 414 410 414 415 410 415 416 410 416 417 410 417 418 410 418 419 410 419 420 410 410 420 421 420 422 421 423 421 422 372 371 424 424 371 425 426 425 371 427 374 372 389 388 428 429 428 388 395 394 430 430 394 431 431 394 432 432 394 433 433 394 434 434 394 435 435 394 436 436 394 437 437 394 438 438 394 439 439 394 440 441 440 394 442 443 444 443 445 444 445 446 444 446 447 444 447 448 444 448 449 444 449 450 444 450 451 444 451 452 444 452 453 444 453 454 444 454 455 444 444 455 456 455 457 456 457 458 456 458 459 456 459 460 456 460 461 456 461 462 456 462 463 456 463 464 456 464 465 456 465 466 456 466 467 456 467 468 456 469 456 468 470 471 444 444 471 442 442 471 472 472 471 473 473 471 474 474 471 475 475 471 476 476 471 477 477 471 478 478 471 479 479 471 480 480 471 481 481 471 482 483 482 471 327 484 326 485 486 484 486 487 484 487 488 484 326 484 489 484 488 489 488 490 489 490 491 489 491 492 489 492 493 489 493 494 489 494 495 489 495 496 489 496 497 489 497 498 489 498 499 489 500 501 499 501 502 499 502 503 499 503 341 499 341 342 499 489 499 470 499 342 470 470 342 471 342 504 471 504 505 471 505 506 471 506 507 471 507 508 471 508 509 471 509 510 471 510 511 471 511 512 471 512 513 471 513 514 471 514 515 471 515 516 471 517 471 516 518 519 520 519 521 520 521 522 520 522 523 520 523 524 520 524 525 520 525 526 520 526 527 520 527 528 520 528 529 520 529 530 520 520 530 324 530 531 324 325 324 531 532 533 534 534 533 535 535 533 536 536 533 537 537 533 538 538 533 539 539 533 540 540 533 541 541 533 542 542 533 543 543 533 530 531 530 533 544 498 497 505 504 545 545 504 546 546 504 547 547 504 548 548 504 549 549 504 550 550 504 551 551 504 552 552 504 553 553 504 554 554 504 555 504 556 555 555 556 557 557 556 558 558 556 559 559 556 560 560 556 561 561 556 562 562 556 563 563 556 564 564 556 565 565 556 566 566 556 567 567 556 568 568 556 420 422 420 556 569 570 571 571 570 572 572 570 573 573 570 574 574 570 575 575 570 576 576 570 577 577 570 578 578 570 579 579 570 580 580 570 468 570 421 468 468 421 469 421 423 469 469 423 373 373 423 371 371 423 581 581 423 582 582 423 583 583 423 584 584 423 585 585 423 586 586 423 587 587 423 588 588 423 589 589 423 590 590 423 591 423 592 591 591 592 593 593 592 594 594 592 595 595 592 392 393 392 592</p>
                </triangles>
            </mesh>
        </geometry>
        <geometry id="ID177">
            <mesh>
                <source id="ID178">
                    <float_array id="ID182" count="900">176.7264 -29.9456 1.5 176.6047 -30.10255 1.5 174.8797 -29.61546 1.5 178.2793 -30.74166 1.5 178.5979 -30.07617 1.5 179.8902 -31.52767 1.5 180.4725 -30.00566 1.5 181.4245 -32.45431 1.5 182.3289 -29.73488 1.5 182.87 -33.51419 1.5 184.1455 -29.26695 1.5 184.2152 -34.69884 1.5 185.9017 -28.60724 1.5 185.4492 -35.99882 1.5 186.5623 -37.40375 1.5 187.5771 -27.76334 1.5 187.5456 -38.90241 1.5 188.3912 -40.48284 1.5 189.1526 -26.74493 1.5 189.0923 -42.13244 1.5 189.6435 -43.83803 1.5 190.61 -25.56374 1.5 189.6435 -56.66197 1.5 176.6047 -70.39745 1.5 176.7264 -70.5544 1.5 174.8797 -70.88454 1.5 178.2793 -69.75834 1.5 178.5979 -70.42383 1.5 179.8902 -68.97233 1.5 180.4725 -70.49434 1.5 181.4245 -68.04569 1.5 182.3289 -70.76512 1.5 182.87 -66.98581 1.5 184.1455 -71.23305 1.5 184.2152 -65.80116 1.5 185.9017 -71.89276 1.5 185.4492 -64.50118 1.5 186.5623 -63.09625 1.5 187.5771 -72.73666 1.5 187.5456 -61.59759 1.5 188.3912 -60.01716 1.5 189.1526 -73.75507 1.5 189.0923 -58.36756 1.5 190.61 -74.93626 1.5 191.9326 -24.23331 1.5 191.9326 -76.26669 1.5 193.1052 -22.76896 1.5 193.1052 -77.73104 1.5 194.1143 -21.1875 1.5 194.1143 -79.3125 1.5 195.1234 -77.73104 1.5 195.1234 -22.76896 1.5 196.296 -76.26669 1.5 196.296 -24.23331 1.5 197.6186 -74.93626 1.5 197.6186 -25.56374 1.5 199.076 -73.75507 1.5 198.5852 -56.66197 1.5 199.1363 -58.36756 1.5 200.6515 -72.73666 1.5 199.8375 -60.01716 1.5 200.6831 -61.59759 1.5 202.327 -71.89276 1.5 201.6663 -63.09625 1.5 202.7794 -64.50118 1.5 204.0831 -71.23305 1.5 204.0135 -65.80116 1.5 205.3586 -66.98581 1.5 205.8998 -70.76512 1.5 206.8041 -68.04569 1.5 207.7561 -70.49434 1.5 208.3384 -68.97233 1.5 209.6308 -70.42383 1.5 209.9493 -69.75834 1.5 211.5022 -70.5544 1.5 211.6239 -70.39745 1.5 213.3489 -70.88454 1.5 157.8643 -50.25 1.5 198.5852 -43.83803 1.5 199.076 -26.74493 1.5 199.1363 -42.13244 1.5 200.6515 -27.76334 1.5 199.8375 -40.48284 1.5 200.6831 -38.90241 1.5 202.327 -28.60724 1.5 201.6663 -37.40375 1.5 202.7794 -35.99882 1.5 204.0831 -29.26695 1.5 204.0135 -34.69884 1.5 205.3586 -33.51419 1.5 205.8998 -29.73488 1.5 206.8041 -32.45431 1.5 207.7561 -30.00566 1.5 208.3384 -31.52767 1.5 209.6308 -30.07617 1.5 209.9493 -30.74166 1.5 211.5022 -29.9456 1.5 211.6239 -30.10255 1.5 213.3489 -29.61546 1.5 230.3643 -50.25 1.5 198.5852 -43.83803 1.5 198.5852 -56.66197 1.5 230.3643 -50.25 1.5 213.3489 -29.61546 1.5 211.5022 -29.9456 1.5 211.6239 -30.10255 1.5 209.9493 -30.74166 1.5 209.6308 -30.07617 1.5 208.3384 -31.52767 1.5 207.7561 -30.00566 1.5 206.8041 -32.45431 1.5 205.8998 -29.73488 1.5 205.3586 -33.51419 1.5 204.0831 -29.26695 1.5 204.0135 -34.69884 1.5 202.7794 -35.99882 1.5 202.327 -28.60724 1.5 201.6663 -37.40375 1.5 200.6831 -38.90241 1.5 200.6515 -27.76334 1.5 199.8375 -40.48284 1.5 199.1363 -42.13244 1.5 199.076 -26.74493 1.5 197.6186 -25.56374 1.5 189.6435 -43.83803 1.5 157.8643 -50.25 1.5 189.6435 -56.66197 1.5 213.3489 -70.88454 1.5 211.6239 -70.39745 1.5 211.5022 -70.5544 1.5 209.9493 -69.75834 1.5 209.6308 -70.42383 1.5 208.3384 -68.97233 1.5 207.7561 -70.49434 1.5 206.8041 -68.04569 1.5 205.8998 -70.76512 1.5 205.3586 -66.98581 1.5 204.0831 -71.23305 1.5 204.0135 -65.80116 1.5 202.7794 -64.50118 1.5 202.327 -71.89276 1.5 201.6663 -63.09625 1.5 200.6831 -61.59759 1.5 200.6515 -72.73666 1.5 199.8375 -60.01716 1.5 199.1363 -58.36756 1.5 199.076 -73.75507 1.5 197.6186 -74.93626 1.5 196.296 -24.23331 1.5 196.296 -76.26669 1.5 195.1234 -22.76896 1.5 195.1234 -77.73104 1.5 194.1143 -21.1875 1.5 194.1143 -79.3125 1.5 193.1052 -77.73104 1.5 193.1052 -22.76896 1.5 191.9326 -76.26669 1.5 191.9326 -24.23331 1.5 190.61 -74.93626 1.5 190.61 -25.56374 1.5 189.1526 -73.75507 1.5 189.0923 -58.36756 1.5 188.3912 -60.01716 1.5 187.5771 -72.73666 1.5 187.5456 -61.59759 1.5 186.5623 -63.09625 1.5 185.9017 -71.89276 1.5 185.4492 -64.50118 1.5 184.2152 -65.80116 1.5 184.1455 -71.23305 1.5 182.87 -66.98581 1.5 182.3289 -70.76512 1.5 181.4245 -68.04569 1.5 180.4725 -70.49434 1.5 179.8902 -68.97233 1.5 178.5979 -70.42383 1.5 178.2793 -69.75834 1.5 176.7264 -70.5544 1.5 176.6047 -70.39745 1.5 174.8797 -70.88454 1.5 189.1526 -26.74493 1.5 189.0923 -42.13244 1.5 188.3912 -40.48284 1.5 187.5771 -27.76334 1.5 187.5456 -38.90241 1.5 186.5623 -37.40375 1.5 185.9017 -28.60724 1.5 185.4492 -35.99882 1.5 184.2152 -34.69884 1.5 184.1455 -29.26695 1.5 182.87 -33.51419 1.5 182.3289 -29.73488 1.5 181.4245 -32.45431 1.5 180.4725 -30.00566 1.5 179.8902 -31.52767 1.5 178.5979 -30.07617 1.5 178.2793 -30.74166 1.5 176.7264 -29.9456 1.5 176.6047 -30.10255 1.5 174.8797 -29.61546 1.5 194.1143 -21.1875 1.5 193.1052 -22.76896 1.5 195.1234 -22.76896 1.5 196.296 -24.23331 1.5 197.6186 -25.56374 1.5 199.076 -26.74493 1.5 200.6515 -27.76334 1.5 202.327 -28.60724 1.5 204.0831 -29.26695 1.5 205.8998 -29.73488 1.5 207.7561 -30.00566 1.5 209.6308 -30.07617 1.5 211.5022 -29.9456 1.5 213.3489 -29.61546 1.5 211.6239 -30.10255 1.5 209.9493 -30.74166 1.5 208.3384 -31.52767 1.5 206.8041 -32.45431 1.5 205.3586 -33.51419 1.5 204.0135 -34.69884 1.5 202.7794 -35.99882 1.5 201.6663 -37.40375 1.5 200.6831 -38.90241 1.5 199.8375 -40.48284 1.5 199.1363 -42.13244 1.5 198.5852 -43.83803 1.5 230.3643 -50.25 1.5 198.5852 -56.66197 1.5 199.1363 -58.36756 1.5 199.8375 -60.01716 1.5 200.6831 -61.59759 1.5 201.6663 -63.09625 1.5 202.7794 -64.50118 1.5 204.0135 -65.80116 1.5 205.3586 -66.98581 1.5 206.8041 -68.04569 1.5 208.3384 -68.97233 1.5 209.9493 -69.75834 1.5 211.6239 -70.39745 1.5 213.3489 -70.88454 1.5 211.5022 -70.5544 1.5 209.6308 -70.42383 1.5 207.7561 -70.49434 1.5 205.8998 -70.76512 1.5 204.0831 -71.23305 1.5 202.327 -71.89276 1.5 200.6515 -72.73666 1.5 199.076 -73.75507 1.5 197.6186 -74.93626 1.5 196.296 -76.26669 1.5 195.1234 -77.73104 1.5 194.1143 -79.3125 1.5 193.1052 -77.73104 1.5 191.9326 -76.26669 1.5 190.61 -74.93626 1.5 189.1526 -73.75507 1.5 187.5771 -72.73666 1.5 185.9017 -71.89276 1.5 184.1455 -71.23305 1.5 182.3289 -70.76512 1.5 180.4725 -70.49434 1.5 178.5979 -70.42383 1.5 176.7264 -70.5544 1.5 174.8797 -70.88454 1.5 176.6047 -70.39745 1.5 178.2793 -69.75834 1.5 179.8902 -68.97233 1.5 181.4245 -68.04569 1.5 182.87 -66.98581 1.5 184.2152 -65.80116 1.5 185.4492 -64.50118 1.5 186.5623 -63.09625 1.5 187.5456 -61.59759 1.5 188.3912 -60.01716 1.5 189.0923 -58.36756 1.5 189.6435 -56.66197 1.5 157.8643 -50.25 1.5 189.6435 -43.83803 1.5 189.0923 -42.13244 1.5 188.3912 -40.48284 1.5 187.5456 -38.90241 1.5 186.5623 -37.40375 1.5 185.4492 -35.99882 1.5 184.2152 -34.69884 1.5 182.87 -33.51419 1.5 181.4245 -32.45431 1.5 179.8902 -31.52767 1.5 178.2793 -30.74166 1.5 176.6047 -30.10255 1.5 174.8797 -29.61546 1.5 176.7264 -29.9456 1.5 178.5979 -30.07617 1.5 180.4725 -30.00566 1.5 182.3289 -29.73488 1.5 184.1455 -29.26695 1.5 185.9017 -28.60724 1.5 187.5771 -27.76334 1.5 189.1526 -26.74493 1.5 190.61 -25.56374 1.5 191.9326 -24.23331 1.5</float_array>
                    <technique_common>
                        <accessor count="300" source="#ID182" stride="3">
                            <param name="X" type="float" />
                            <param name="Y" type="float" />
                            <param name="Z" type="float" />
                        </accessor>
                    </technique_common>
                </source>
                <source id="ID179">
                    <float_array id="ID183" count="900">2.948248e-15 -3.957492e-18 -1 2.948248e-15 -3.957492e-18 -1 2.948248e-15 -3.957492e-18 -1 2.948248e-15 -3.957492e-18 -1 2.948248e-15 -3.957492e-18 -1 2.948248e-15 -3.957492e-18 -1 2.948248e-15 -3.957492e-18 -1 2.948248e-15 -3.957492e-18 -1 2.948248e-15 -3.957492e-18 -1 2.948248e-15 -3.957492e-18 -1 2.948248e-15 -3.957492e-18 -1 2.948248e-15 -3.957492e-18 -1 2.948248e-15 -3.957492e-18 -1 2.948248e-15 -3.957492e-18 -1 2.948248e-15 -3.957492e-18 -1 2.948248e-15 -3.957492e-18 -1 2.948248e-15 -3.957492e-18 -1 2.948248e-15 -3.957492e-18 -1 2.948248e-15 -3.957492e-18 -1 2.948248e-15 -3.957492e-18 -1 2.948248e-15 -3.957492e-18 -1 2.948248e-15 -3.957492e-18 -1 2.948248e-15 -3.957492e-18 -1 2.948248e-15 -3.957492e-18 -1 2.948248e-15 -3.957492e-18 -1 2.948248e-15 -3.957492e-18 -1 2.948248e-15 -3.957492e-18 -1 2.948248e-15 -3.957492e-18 -1 2.948248e-15 -3.957492e-18 -1 2.948248e-15 -3.957492e-18 -1 2.948248e-15 -3.957492e-18 -1 2.948248e-15 -3.957492e-18 -1 2.948248e-15 -3.957492e-18 -1 2.948248e-15 -3.957492e-18 -1 2.948248e-15 -3.957492e-18 -1 2.948248e-15 -3.957492e-18 -1 2.948248e-15 -3.957492e-18 -1 2.948248e-15 -3.957492e-18 -1 2.948248e-15 -3.957492e-18 -1 2.948248e-15 -3.957492e-18 -1 2.948248e-15 -3.957492e-18 -1 2.948248e-15 -3.957492e-18 -1 2.948248e-15 -3.957492e-18 -1 2.948248e-15 -3.957492e-18 -1 2.948248e-15 -3.957492e-18 -1 2.948248e-15 -3.957492e-18 -1 2.948248e-15 -3.957492e-18 -1 2.948248e-15 -3.957492e-18 -1 2.948248e-15 -3.957492e-18 -1 2.948248e-15 -3.957492e-18 -1 2.948248e-15 -3.957492e-18 -1 2.948248e-15 -3.957492e-18 -1 2.948248e-15 -3.957492e-18 -1 2.948248e-15 -3.957492e-18 -1 2.948248e-15 -3.957492e-18 -1 2.948248e-15 -3.957492e-18 -1 2.948248e-15 -3.957492e-18 -1 2.948248e-15 -3.957492e-18 -1 2.948248e-15 -3.957492e-18 -1 2.948248e-15 -3.957492e-18 -1 2.948248e-15 -3.957492e-18 -1 2.948248e-15 -3.957492e-18 -1 2.948248e-15 -3.957492e-18 -1 2.948248e-15 -3.957492e-18 -1 2.948248e-15 -3.957492e-18 -1 2.948248e-15 -3.957492e-18 -1 2.948248e-15 -3.957492e-18 -1 2.948248e-15 -3.957492e-18 -1 2.948248e-15 -3.957492e-18 -1 2.948248e-15 -3.957492e-18 -1 2.948248e-15 -3.957492e-18 -1 2.948248e-15 -3.957492e-18 -1 2.948248e-15 -3.957492e-18 -1 2.948248e-15 -3.957492e-18 -1 2.948248e-15 -3.957492e-18 -1 2.948248e-15 -3.957492e-18 -1 2.948248e-15 -3.957492e-18 -1 2.948248e-15 -3.957492e-18 -1 2.948248e-15 -3.957492e-18 -1 2.948248e-15 -3.957492e-18 -1 2.948248e-15 -3.957492e-18 -1 2.948248e-15 -3.957492e-18 -1 2.948248e-15 -3.957492e-18 -1 2.948248e-15 -3.957492e-18 -1 2.948248e-15 -3.957492e-18 -1 2.948248e-15 -3.957492e-18 -1 2.948248e-15 -3.957492e-18 -1 2.948248e-15 -3.957492e-18 -1 2.948248e-15 -3.957492e-18 -1 2.948248e-15 -3.957492e-18 -1 2.948248e-15 -3.957492e-18 -1 2.948248e-15 -3.957492e-18 -1 2.948248e-15 -3.957492e-18 -1 2.948248e-15 -3.957492e-18 -1 2.948248e-15 -3.957492e-18 -1 2.948248e-15 -3.957492e-18 -1 2.948248e-15 -3.957492e-18 -1 2.948248e-15 -3.957492e-18 -1 2.948248e-15 -3.957492e-18 -1 2.948248e-15 -3.957492e-18 -1 -2.948248e-15 3.957492e-18 1 -2.948248e-15 3.957492e-18 1 -2.948248e-15 3.957492e-18 1 -2.948248e-15 3.957492e-18 1 -2.948248e-15 3.957492e-18 1 -2.948248e-15 3.957492e-18 1 -2.948248e-15 3.957492e-18 1 -2.948248e-15 3.957492e-18 1 -2.948248e-15 3.957492e-18 1 -2.948248e-15 3.957492e-18 1 -2.948248e-15 3.957492e-18 1 -2.948248e-15 3.957492e-18 1 -2.948248e-15 3.957492e-18 1 -2.948248e-15 3.957492e-18 1 -2.948248e-15 3.957492e-18 1 -2.948248e-15 3.957492e-18 1 -2.948248e-15 3.957492e-18 1 -2.948248e-15 3.957492e-18 1 -2.948248e-15 3.957492e-18 1 -2.948248e-15 3.957492e-18 1 -2.948248e-15 3.957492e-18 1 -2.948248e-15 3.957492e-18 1 -2.948248e-15 3.957492e-18 1 -2.948248e-15 3.957492e-18 1 -2.948248e-15 3.957492e-18 1 -2.948248e-15 3.957492e-18 1 -2.948248e-15 3.957492e-18 1 -2.948248e-15 3.957492e-18 1 -2.948248e-15 3.957492e-18 1 -2.948248e-15 3.957492e-18 1 -2.948248e-15 3.957492e-18 1 -2.948248e-15 3.957492e-18 1 -2.948248e-15 3.957492e-18 1 -2.948248e-15 3.957492e-18 1 -2.948248e-15 3.957492e-18 1 -2.948248e-15 3.957492e-18 1 -2.948248e-15 3.957492e-18 1 -2.948248e-15 3.957492e-18 1 -2.948248e-15 3.957492e-18 1 -2.948248e-15 3.957492e-18 1 -2.948248e-15 3.957492e-18 1 -2.948248e-15 3.957492e-18 1 -2.948248e-15 3.957492e-18 1 -2.948248e-15 3.957492e-18 1 -2.948248e-15 3.957492e-18 1 -2.948248e-15 3.957492e-18 1 -2.948248e-15 3.957492e-18 1 -2.948248e-15 3.957492e-18 1 -2.948248e-15 3.957492e-18 1 -2.948248e-15 3.957492e-18 1 -2.948248e-15 3.957492e-18 1 -2.948248e-15 3.957492e-18 1 -2.948248e-15 3.957492e-18 1 -2.948248e-15 3.957492e-18 1 -2.948248e-15 3.957492e-18 1 -2.948248e-15 3.957492e-18 1 -2.948248e-15 3.957492e-18 1 -2.948248e-15 3.957492e-18 1 -2.948248e-15 3.957492e-18 1 -2.948248e-15 3.957492e-18 1 -2.948248e-15 3.957492e-18 1 -2.948248e-15 3.957492e-18 1 -2.948248e-15 3.957492e-18 1 -2.948248e-15 3.957492e-18 1 -2.948248e-15 3.957492e-18 1 -2.948248e-15 3.957492e-18 1 -2.948248e-15 3.957492e-18 1 -2.948248e-15 3.957492e-18 1 -2.948248e-15 3.957492e-18 1 -2.948248e-15 3.957492e-18 1 -2.948248e-15 3.957492e-18 1 -2.948248e-15 3.957492e-18 1 -2.948248e-15 3.957492e-18 1 -2.948248e-15 3.957492e-18 1 -2.948248e-15 3.957492e-18 1 -2.948248e-15 3.957492e-18 1 -2.948248e-15 3.957492e-18 1 -2.948248e-15 3.957492e-18 1 -2.948248e-15 3.957492e-18 1 -2.948248e-15 3.957492e-18 1 -2.948248e-15 3.957492e-18 1 -2.948248e-15 3.957492e-18 1 -2.948248e-15 3.957492e-18 1 -2.948248e-15 3.957492e-18 1 -2.948248e-15 3.957492e-18 1 -2.948248e-15 3.957492e-18 1 -2.948248e-15 3.957492e-18 1 -2.948248e-15 3.957492e-18 1 -2.948248e-15 3.957492e-18 1 -2.948248e-15 3.957492e-18 1 -2.948248e-15 3.957492e-18 1 -2.948248e-15 3.957492e-18 1 -2.948248e-15 3.957492e-18 1 -2.948248e-15 3.957492e-18 1 -2.948248e-15 3.957492e-18 1 -2.948248e-15 3.957492e-18 1 -2.948248e-15 3.957492e-18 1 -2.948248e-15 3.957492e-18 1 -2.948248e-15 3.957492e-18 1 -2.948248e-15 3.957492e-18 1 0 0 0 0 0 0 0 0 0 0 0 0 0 0 0 0 0 0 0 0 0 0 0 0 0 0 0 0 0 0 0 0 0 0 0 0 0 0 0 0 0 0 0 0 0 0 0 0 0 0 0 0 0 0 0 0 0 0 0 0 0 0 0 0 0 0 0 0 0 0 0 0 0 0 0 0 0 0 0 0 0 0 0 0 0 0 0 0 0 0 0 0 0 0 0 0 0 0 0 0 0 0 0 0 0 0 0 0 0 0 0 0 0 0 0 0 0 0 0 0 0 0 0 0 0 0 0 0 0 0 0 0 0 0 0 0 0 0 0 0 0 0 0 0 0 0 0 0 0 0 0 0 0 0 0 0 0 0 0 0 0 0 0 0 0 0 0 0 0 0 0 0 0 0 0 0 0 0 0 0 0 0 0 0 0 0 0 0 0 0 0 0 0 0 0 0 0 0 0 0 0 0 0 0 0 0 0 0 0 0 0 0 0 0 0 0 0 0 0 0 0 0 0 0 0 0 0 0 0 0 0 0 0 0 0 0 0 0 0 0 0 0 0 0 0 0 0 0 0 0 0 0 0 0 0 0 0 0 0 0 0 0 0 0 0 0 0 0 0 0 0 0 0 0 0 0 0 0 0 0 0 0 0 0 0 0 0 0 0 0 0 0 0 0 0 0 0 0 0 0</float_array>
                    <technique_common>
                        <accessor count="300" source="#ID183" stride="3">
                            <param name="X" type="float" />
                            <param name="Y" type="float" />
                            <param name="Z" type="float" />
                        </accessor>
                    </technique_common>
                </source>
                <source id="ID180">
                    <Name_array id="ID184" count="0" />
                    <technique_common>
                        <accessor count="0" source="#ID184" stride="1">
                            <param name="skp_material" type="Name" />
                        </accessor>
                    </technique_common>
                </source>
                <vertices id="ID181">
                    <input semantic="POSITION" source="#ID178" />
                    <input semantic="NORMAL" source="#ID179" />
                </vertices>
                <triangles count="98" material="Material2">
                    <input offset="0" semantic="VERTEX" source="#ID181" />
                    <p>0 1 2 1 0 3 3 0 4 3 4 5 5 4 6 5 6 7 7 6 8 7 8 9 9 8 10 9 10 11 11 10 12 11 12 13 13 12 14 14 12 15 14 15 16 16 15 17 17 15 18 17 18 19 19 18 20 20 18 21 20 21 22 23 24 25 24 23 26 24 26 27 27 26 28 27 28 29 29 28 30 29 30 31 31 30 32 31 32 33 33 32 34 33 34 35 35 34 36 35 36 37 35 37 38 38 37 39 38 39 40 38 40 41 41 40 42 41 42 22 41 22 43 43 22 21 43 21 44 43 44 45 45 44 46 45 46 47 47 46 48 47 48 49 49 48 50 50 48 51 50 51 52 52 51 53 52 53 54 54 53 55 54 55 56 56 55 57 56 57 58 56 58 59 59 58 60 59 60 61 59 61 62 62 61 63 62 63 64 62 64 65 65 64 66 65 66 67 65 67 68 68 67 69 68 69 70 70 69 71 70 71 72 72 71 73 72 73 74 74 73 75 74 75 76 22 77 20 55 78 57 78 55 79 78 79 80 80 79 81 80 81 82 82 81 83 83 81 84 83 84 85 85 84 86 86 84 87 86 87 88 88 87 89 89 87 90 89 90 91 91 90 92 91 92 93 93 92 94 93 94 95 95 94 96 95 96 97 97 96 98 99 57 78</p>
                </triangles>
                <triangles count="98" material="Material3">
                    <input offset="0" semantic="VERTEX" source="#ID181" />
                    <p>100 101 102 103 104 105 105 104 106 104 107 106 106 107 108 107 109 108 108 109 110 109 111 110 110 111 112 111 113 112 112 113 114 114 113 115 113 116 115 115 116 117 117 116 118 116 119 118 118 119 120 120 119 121 119 122 121 121 122 100 122 123 100 101 100 123 124 125 126 127 128 129 128 130 129 129 130 131 130 132 131 131 132 133 132 134 133 133 134 135 134 136 135 135 136 137 136 138 137 138 139 137 137 139 140 139 141 140 141 142 140 140 142 143 142 144 143 144 145 143 143 145 146 145 101 146 101 123 146 146 123 147 123 148 147 147 148 149 148 150 149 149 150 151 150 152 151 151 152 153 153 152 154 152 155 154 154 155 156 155 157 156 156 157 158 157 159 158 159 126 158 158 126 160 126 161 160 161 162 160 160 162 163 162 164 163 164 165 163 163 165 166 165 167 166 167 168 166 166 168 169 168 170 169 169 170 171 170 172 171 171 172 173 172 174 173 173 174 175 174 176 175 175 176 177 176 178 177 179 177 178 126 159 124 159 180 124 124 180 181 181 180 182 180 183 182 182 183 184 184 183 185 183 186 185 185 186 187 187 186 188 186 189 188 188 189 190 189 191 190 190 191 192 191 193 192 192 193 194 193 195 194 194 195 196 195 197 196 196 197 198 199 198 197</p>
                </triangles>
            </mesh>
        </geometry>
        <geometry id="ID185">
            <mesh>
                <source id="ID186">
                    <float_array id="ID188" count="6">90.91749 -50.25 1.5 89.87076 -50.25 1.5</float_array>
                    <technique_common>
                        <accessor count="2" source="#ID188" stride="3">
                            <param name="X" type="float" />
                            <param name="Y" type="float" />
                            <param name="Z" type="float" />
                        </accessor>
                    </technique_common>
                </source>
                <vertices id="ID187">
                    <input semantic="POSITION" source="#ID186" />
                </vertices>
            </mesh>
        </geometry>
    </library_geometries>
    <library_materials>
        <material id="ID5" name="material">
            <instance_effect url="#ID4" />
        </material>
        <material id="ID11" name="material_0">
            <instance_effect url="#ID10" />
        </material>
        <material id="ID12" name="edge_color000255">
            <instance_effect url="#ID13" />
        </material>
        <material id="ID22" name="Color_009">
            <instance_effect url="#ID23" />
        </material>
        <material id="ID40" name="Color_000">
            <instance_effect url="#ID41" />
        </material>
        <material id="ID58" name="Color_A06">
            <instance_effect url="#ID59" />
        </material>
        <material id="ID60" name="edge_color20400255">
            <instance_effect url="#ID61" />
        </material>
    </library_materials>
    <library_effects>
        <effect id="ID4">
            <profile_COMMON>
                <technique sid="COMMON">
                    <lambert>
                        <diffuse>
                            <color>1 1 1 1</color>
                        </diffuse>
                    </lambert>
                </technique>
            </profile_COMMON>
        </effect>
        <effect id="ID10">
            <profile_COMMON>
                <technique sid="COMMON">
                    <lambert>
                        <diffuse>
                            <color>0.6705882 0.6901961 0.8 1</color>
                        </diffuse>
                    </lambert>
                </technique>
            </profile_COMMON>
        </effect>
        <effect id="ID13">
            <profile_COMMON>
                <technique sid="COMMON">
                    <constant>
                        <transparent opaque="A_ONE">
                            <color>0 0 0 1</color>
                        </transparent>
                        <transparency>
                            <float>1</float>
                        </transparency>
                    </constant>
                </technique>
            </profile_COMMON>
        </effect>
        <effect id="ID23">
            <profile_COMMON>
                <technique sid="COMMON">
                    <lambert>
                        <diffuse>
                            <color>0 0 0 1</color>
                        </diffuse>
                    </lambert>
                </technique>
            </profile_COMMON>
        </effect>
        <effect id="ID41">
            <profile_COMMON>
                <technique sid="COMMON">
                    <lambert>
                        <diffuse>
                            <color>1 1 1 1</color>
                        </diffuse>
                    </lambert>
                </technique>
            </profile_COMMON>
        </effect>
        <effect id="ID59">
            <profile_COMMON>
                <technique sid="COMMON">
                    <lambert>
                        <diffuse>
                            <color>0.8 0 0 1</color>
                        </diffuse>
                    </lambert>
                </technique>
            </profile_COMMON>
        </effect>
        <effect id="ID61">
            <profile_COMMON>
                <technique sid="COMMON">
                    <constant>
                        <transparent opaque="A_ONE">
                            <color>0.8 0 0 1</color>
                        </transparent>
                        <transparency>
                            <float>1</float>
                        </transparency>
                    </constant>
                </technique>
            </profile_COMMON>
        </effect>
    </library_effects>
    <scene>
        <instance_visual_scene url="#ID2" />
    </scene>
</COLLADA>
