<?xml version="1.0" encoding="UTF-8"?>
<COLLADA xmlns="http://www.collada.org/2005/11/COLLADASchema" version="1.4.1">
<!--
# File generated by ImageToStl.com - Free Image and 3D model conversion tools
-->
  <asset>
    <contributor>
      <author>ImageToStl.com</author>
      <authoring_tool>ImageToStl.com</authoring_tool>
    </contributor>
    <created>2026-03-02T11:55:10</created>
    <modified>2026-03-02T11:55:10</modified>
    <up_axis>Z_UP</up_axis>
  </asset>
  <library_effects>
    <effect id="effect_0">
        <profile_COMMON>
          <technique sid="common">
            <phong>
              <diffuse>
                <color>0.85 0.85 0.85 1</color>
              </diffuse>
            </phong>
          </technique>
        </profile_COMMON>
    </effect>
  </library_effects>
  <library_materials>
    <material id="mat_0">
      <instance_effect url="#effect_0"/>
    </material>
  </library_materials>
  <library_geometries>
    <geometry id="geometry_3a4ec7aa_dad5_4bb0_ac73_825aee84db67">
      <mesh>
        <source id="pos_0">
          <float_array id="pos_0-array" count="31170">0 111.54906464 -14.62379551 0.7289961 111.5 -14.60682011 0 111.5 -14.625 0 112.5 -13.625 0.67915016 112.5 -13.60806274 0 112.49879456 -13.6740675 0.72893602 111.54906464 14.60561657 0 111.54906464 14.62379551 0 111.5 14.625 0.7289961 111.5 14.60682011 0.72875607 111.59801483 14.60201073 0 111.59801483 14.6201849 0.72845656 111.64672852 14.59601021 0 111.64672852 14.61417675 0.72803831 111.69509125 14.58762932 0 111.69509125 14.60578537 0.72750229 111.74298096 14.57688808 0 111.74298096 14.59503078 0.72684973 111.7902832 14.56381416 0 111.7902832 14.58194065 0.72608227 111.83689117 14.54843712 0 111.83689117 14.56654453 0.72520179 111.8826828 14.53079414 0 111.8826828 14.54887962 0.72421032 111.9275589 14.51092815 0 111.9275589 14.52898884 0.72311032 111.9713974 14.48888779 0 111.9713974 14.50692081 0.72190446 112.01409912 14.46472549 0 112.01409912 14.48272896 0.72059554 112.05557251 14.43849945 0 112.05557251 14.45646954 0.71918678 112.0956955 14.4102726 0 112.0956955 14.4282074 0.71768159 112.13439178 14.38011265 0 112.13439178 14.39801025 0.71608359 112.17156219 14.34809303 0 112.17156219 14.36595154 1.45605981 111.54906464 14.55112648 1.45617974 111.5 14.55232525 0.71439654 112.20710754 14.314291 0 112.20710754 14.33210659 1.45570028 111.59801483 14.54753399 0.71262467 112.24095154 14.27878761 0 112.24095154 14.29655933 1.45510209 111.64672852 14.5415554 0.7107721 112.27301025 14.24166775 0 112.27301025 14.25939369 1.45426655 111.69509125 14.53320599 0.70884335 112.3032074 14.203022 0 112.3032074 14.22069931 1.45319581 111.74298096 14.52250481 0.70684308 112.33146667 14.16294289 0 112.33146667 14.1805706 1.45189238 111.7902832 14.50947952 0.70477611 112.35772705 14.12152672 0 112.35772705 14.13910294 1.45035946 111.83689117 14.4941597 0.70264739 112.38191986 14.07887363 0 112.38191986 14.09639645 1.44860065 111.8826828 14.47658253 0.70046204 112.4039917 14.03508663 0 112.4039917 14.05255508 1.44662023 111.9275589 14.45679188 0.69822538 112.42388153 13.99027061 0 112.42388153 14.00768375 1.44442296 111.9713974 14.43483353 0.69594276 112.44154358 13.9445343 0 112.44154358 13.96189022 1.4420141 112.01409912 14.41076088 0.69361967 112.4569397 13.89798641 0 112.4569397 13.91528511 1.4393996 112.05557251 14.38463211 0.69126177 112.47003174 13.85074139 0 112.47003174 13.86798 1.43658555 112.0956955 14.35651016 0.68887466 112.48078156 13.8029108 0 112.48078156 13.82009029 1.43357885 112.13439178 14.3264637 0.68646413 112.48917389 13.75461102 0 112.48917389 13.77173042 1.43038678 112.17156219 14.29456329 2.17956352 111.54906464 14.46045971 2.17974305 111.5 14.46165085 0.68403596 112.49518585 13.70595837 0 112.49518585 13.72301674 1.42701697 112.20710754 14.26088715 2.17902541 111.59801483 14.45688915 0.68159604 112.49879456 13.65707016 0 112.49879456 13.6740675 0 112.5 13.625 0.67915016 112.5 13.60806274 1.42347753 112.24095154 14.22551632 2.17812991 111.64672852 14.45094776 1.41977704 112.27301025 14.18853474 2.17687941 111.69509125 14.44265079 1.41592443 112.3032074 14.150033 2.17527652 111.74298096 14.43201637 1.41192889 112.33146667 14.11010361 2.17332554 111.7902832 14.41907215 1.40779996 112.35772705 14.06884193 2.17103076 111.83689117 14.40384769 1.40354788 112.38191986 14.02634811 2.1683979 111.8826828 14.3863802 1.39918268 112.4039917 13.98272514 2.16543341 111.9275589 14.36671257 1.39471483 112.42388153 13.93807602 2.16214442 111.9713974 14.34489059 1.39015532 112.44154358 13.89251041 2.15853858 112.01409912 14.32096863 1.38551497 112.4569397 13.84613609 2.15462494 112.05557251 14.29500294 1.3808049 112.47003174 13.7990675 2.1504128 112.0956955 14.26705647 1.37603664 112.48078156 13.75141525 2.14591217 112.13439178 14.23719692 1.37122154 112.48917389 13.70329571 2.14113402 112.17156219 14.20549488 2.89764857 111.54906464 14.33384228 2.89788723 111.5 14.33502293 1.36637127 112.49518585 13.65482426 2.13608956 112.20710754 14.17202854 2.89693332 111.59801483 14.33030319 1.36149752 112.49879456 13.6061182 1.35661197 112.5 13.55729389 2.13079166 112.24095154 14.13687801 2.89574265 111.64672852 14.3244133 2.12525225 112.27301025 14.10012722 2.89407992 111.69509125 14.31618881 2.11948514 112.3032074 14.06186581 2.89194918 111.74298096 14.30564785 2.11350441 112.33146667 14.02218533 2.88935518 111.7902832 14.29281712 2.10732388 112.35772705 13.98118019 2.88630462 111.83689117 14.27772617 2.10095882 112.38191986 13.93895149 2.88280439 111.8826828 14.26041126 2.09442472 112.4039917 13.89559937 2.8788631 111.9275589 14.2409153 2.08773685 112.42388153 13.85122871 2.8744905 111.9713974 14.21928501 2.08091164 112.44154358 13.8059473 2.86969686 112.01409912 14.1955719 2.07396555 112.4569397 13.7598629 2.86449361 112.05557251 14.16983414 2.06691527 112.47003174 13.71308613 2.85889363 112.0956955 14.14213181 2.0597775 112.48078156 13.66573143 2.85291028 112.13439178 14.11253357 2.05256987 112.48917389 13.61791134 2.84655786 112.17156219 14.08111 3.60852981 111.54906464 14.17158794 3.60882688 111.5 14.17275524 4.31079435 111.5 13.97525215 2.04530954 112.49518585 13.5697422 2.83985162 112.20710754 14.04793644 3.60763884 111.59801483 14.16808891 2.03801394 112.49879456 13.52133942 2.03070092 112.5 13.47282028 2.83280802 112.24095154 14.01309395 3.60615611 111.64672852 14.16226673 2.82544374 112.27301025 13.97666454 3.60408568 111.69509125 14.15413475 2.81777668 112.3032074 13.93873787 3.60143185 111.74298096 14.143713 2.80982518 112.33146667 13.89940453 3.59820175 111.7902832 14.13102722 2.80160856 112.35772705 13.85875988 3.59440255 111.83689117 14.11610699 2.79314661 112.38191986 13.81690025 3.59004354 111.8826828 14.09898853 2.78445959 112.4039917 13.77392769 3.5851357 111.9275589 14.07971382 2.77556849 112.42388153 13.72994614 3.57969022 111.9713974 14.05832767 2.76649451 112.44154358 13.6850605 3.57372046 112.01409912 14.0348835 2.75726008 112.4569397 13.6393795 3.56724072 112.05557251 14.00943661 2.7478869 112.47003174 13.59301281 3.56026697 112.0956955 13.98204803 2.7383976 112.48078156 13.54607201 3.55281568 112.13439178 13.95278454 2.72881532 112.48917389 13.49867153 3.54490471 112.17156219 13.92171669 4.31043959 111.54906464 13.97410107 2.71916294 112.49518585 13.45092392 3.53655338 112.20710754 13.88891888 4.30937529 111.59801483 13.97065067 2.70946383 112.49879456 13.40294456 2.69974113 112.5 13.35484982 3.52778172 112.24095154 13.85447025 4.30760431 111.64672852 13.96490955 3.51861072 112.27301025 13.81845379 4.30513096 111.69509125 13.95689106 3.50906277 112.3032074 13.78095627 4.30196095 111.74298096 13.94661522 3.49916053 112.33146667 13.74206829 4.29810238 111.7902832 13.93410587 3.48892832 112.35772705 13.70188332 4.29356432 111.83689117 13.91939354 3.47839022 112.38191986 13.66049767 4.28835773 111.8826828 13.9025135 3.46757197 112.4039917 13.61801243 4.28249454 111.9275589 13.88350677 3.45649958 112.42388153 13.57452774 4.27599001 111.9713974 13.86241913 3.44519949 112.44154358 13.53015041 4.26885939 112.01409912 13.83930206 3.43369937 112.4569397 13.48498631 4.26111937 112.05557251 13.81420898 3.42202663 112.47003174 13.43914413 4.25278902 112.0956955 13.78720284 3.41020942 112.48078156 13.39273548 4.2438879 112.13439178 13.75834751 3.39827633 112.48917389 13.34587097 4.23443842 112.17156219 13.72771263 5.00163269 111.54906464 13.74187279 5.00204468 111.5 13.7430048 3.38625598 112.49518585 13.29866409 4.22446251 112.20710754 13.69537163 5.00039768 111.59801483 13.73847961 3.37417746 112.49879456 13.25122833 3.36206961 112.5 13.20367813 4.21398497 112.24095154 13.6614027 4.99834251 111.64672852 13.73283386 4.20303011 112.27301025 13.62588882 4.99547291 111.69509125 13.72494888 4.19162464 112.3032074 13.58891392 4.99179459 111.74298096 13.7148428 4.17979622 112.33146667 13.55056763 4.98731709 111.7902832 13.70254135 4.16757393 112.35772705 13.51094246 4.98205137 111.83689117 13.68807411 4.1549859 112.38191986 13.47013378 4.97600985 111.8826828 13.67147446 4.14206314 112.4039917 13.42823982 4.96920681 111.9275589 13.65278435 4.12883711 112.42388153 13.38536167 4.96165943 111.9713974 13.6320467 4.11533928 112.44154358 13.34160233 4.95338488 112.01409912 13.60931301 4.10160208 112.4569397 13.29706764 4.94440365 112.05557251 13.58463764 4.08765888 112.47003174 13.25186443 4.93473768 112.0956955 13.55807972 4.07354307 112.48078156 13.20610237 4.92440939 112.13439178 13.52970409 4.05928898 112.48917389 13.15989113 4.91344452 112.17156219 13.49957848 5.68039083 111.54906464 13.47548008 5.68085909 111.5 13.4765892 4.04493046 112.49518585 13.11334229 4.9018693 112.20710754 13.46777534 5.67898846 111.59801483 13.47215271 4.03050232 112.49879456 13.06656742 4.01603937 112.5 13.01967907 4.88971138 112.24095154 13.43437099 5.67665482 111.64672852 13.46661568 4.87699986 112.27301025 13.39944649 5.67339516 111.69509125 13.45888329 4.86376572 112.3032074 13.36308575 5.66921806 111.74298096 13.44897366 4.85004044 112.33146667 13.32537746 5.66413307 111.7902832 13.43691158 4.83585787 112.35772705 13.28641033 5.65815258 111.83689117 13.42272377 4.82125187 112.38191986 13.24627972 5.65129089 111.8826828 13.40644646 4.80625677 112.4039917 13.20508194 5.64356518 111.9275589 13.38811779 4.79090977 112.42388153 13.16291714 5.63499308 111.9713974 13.36778259 4.77524757 112.44154358 13.11988449 5.62559557 112.01409912 13.3454895 4.75930786 112.4569397 13.07608986 5.61539602 112.05557251 13.32129288 4.74312878 112.47003174 13.0316391 5.6044178 112.0956955 13.29524994 4.72674942 112.48078156 12.98663712 5.59268808 112.13439178 13.26742458 4.71020937 112.48917389 12.94119358 5.58023548 112.17156219 13.23788261 6.34502697 111.54906464 13.17558479 6.34554958 111.5 13.17667007 4.6935482 112.49518585 12.89541817 5.56708908 112.20710754 13.20669556 6.34346056 111.59801483 13.17233086 4.67680645 112.49879456 12.84942055 4.66002464 112.5 12.8033123 5.55328083 112.24095154 13.17393875 6.34085369 111.64672852 13.1669178 5.53884459 112.27301025 13.13969135 6.33721256 111.69509125 13.15935802 5.5238142 112.3032074 13.10403633 6.33254671 111.74298096 13.14966869 5.50822687 112.33146667 13.06705856 6.32686663 111.7902832 13.1378746 5.49211931 112.35772705 13.02884674 6.32018661 111.83689117 13.12400246 5.4755311 112.38191986 12.98949432 6.31252241 111.8826828 13.10808754 5.45850134 112.4039917 12.94909477 6.30389214 111.9275589 13.09016705 5.44107151 112.42388153 12.90774727 6.29431725 111.9713974 13.07028484 5.42328405 112.44154358 12.86554909 6.28382063 112.01409912 13.04848766 5.40518093 112.4569397 12.82260418 6.27242708 112.05557251 13.02482891 5.38680601 112.47003174 12.77901363 6.26016474 112.0956955 12.99936581 5.36820412 112.48078156 12.73488426 6.24706268 112.13439178 12.97215939 5.34941912 112.48917389 12.69032192 6.23315239 112.17156219 12.9432745 6.99388838 111.54906464 12.8429327 6.9944644 111.5 12.84399033 5.33049726 112.49518585 12.64543343 6.21846819 112.20710754 12.91278172 6.99216175 111.59801483 12.83976173 5.31148386 112.49879456 12.60032845 5.2924242 112.5 12.55511379 6.20304441 112.24095154 12.88075447 6.98928785 111.64672852 12.83448505 6.18691874 112.27301025 12.84726906 6.98527479 111.69509125 12.82711601 6.17013025 112.3032074 12.81240749 6.98013163 111.74298096 12.81767178 6.15271902 112.33146667 12.77625275 6.97387075 111.7902832 12.80617428 6.134727 112.35772705 12.7388916 6.96650743 111.83689117 12.79265308 6.11619711 112.38191986 12.70041466 6.95805931 111.8826828 12.77713966 6.09717512 112.4039917 12.66091442 6.94854689 111.9275589 12.75967216 6.07770586 112.42388153 12.62048626 6.93799305 111.9713974 12.7402916 6.05783701 112.44154358 12.5792284 6.9264226 112.01409912 12.71904469 6.03761578 112.4569397 12.53723812 6.91386414 112.05557251 12.69598389 6.01709127 112.47003174 12.49461842 6.90034771 112.0956955 12.67116356 5.99631262 112.48078156 12.45147133 6.88590574 112.13439178 12.64464378 5.97532988 112.48917389 12.40790081 6.87057352 112.17156219 12.61648846 7.62536192 111.54906464 12.47835159 7.62598991 111.5 12.4793787 5.95419407 112.49518585 12.36401081 6.85438728 112.20710754 12.58676529 7.62347889 111.59801483 12.47527027 5.93295574 112.49879456 12.3199091 5.91166592 112.5 12.27570057 6.83738613 112.24095154 12.55554676 7.62034607 111.64672852 12.47014332 6.81961155 112.27301025 12.52290726 7.61597061 111.69509125 12.46298313 6.80110598 112.3032074 12.48892498 7.61036301 111.74298096 12.45380688 6.78191423 112.33146667 12.4536829 7.60353708 111.7902832 12.44263649 6.7620821 112.35772705 12.41726494 7.59550905 111.83689117 12.42949963 6.74165773 112.38191986 12.37975979 7.58629799 111.8826828 12.41442585 6.72069025 112.4039917 12.3412571 7.5759263 111.9275589 12.39745426 6.69923019 112.42388153 12.30184937 7.56441927 111.9713974 12.37862396 6.67732954 112.44154358 12.26163292 7.55180454 112.01409912 12.35798073 6.65504026 112.4569397 12.22070312 7.53811216 112.05557251 12.33557415 6.63241673 112.47003174 12.17915916 7.52337551 112.0956955 12.31145763 6.60951328 112.48078156 12.13710117 7.50762939 112.13439178 12.28569126 6.58638477 112.48917389 12.0946312 7.49091244 112.17156219 12.25833511 8.23787689 111.54906464 12.08274651 8.23855591 111.5 12.08374214 6.56308746 112.49518585 12.05184937 7.47326517 112.20710754 12.22945595 8.23584366 111.59801483 12.07976341 6.53967714 112.49879456 12.00886154 6.51621056 112.5 11.96576881 7.45472908 112.24095154 12.19912338 8.23245907 111.64672852 12.07479954 7.43534946 112.27301025 12.1674099 8.2277317 111.69509125 12.06786633 7.41517305 112.3032074 12.13439274 8.22167397 111.74298096 12.05898094 7.39424849 112.33146667 12.10015106 8.2142992 111.7902832 12.04816437 7.37262583 112.35772705 12.06476784 8.20562649 111.83689117 12.03544331 7.35035753 112.38191986 12.02832699 8.19567585 111.8826828 12.02084827 7.32749701 112.4039917 11.99091721 8.18447113 111.9275589 12.00441456 7.30409908 112.42388153 11.95262814 8.17203999 111.9713974 11.98618126 7.28022099 112.44154358 11.91355324 8.15841198 112.01409912 11.96619225 7.25591946 112.4569397 11.87378597 8.14361954 112.05557251 11.94449615 7.23125315 112.47003174 11.83342075 8.1276989 112.0956955 11.92114449 7.20628166 112.48078156 11.79255676 8.11068821 112.13439178 11.89619446 7.18106508 112.48917389 11.75129223 8.09262848 112.17156219 11.86970615 8.82991219 111.54906464 11.65710258 8.83063984 111.5 11.65806293 7.15566444 112.49518585 11.70972538 8.07356358 112.20710754 11.84174252 8.82773209 111.59801483 11.6542244 7.1301403 112.49879456 11.66795731 7.10455465 112.5 11.62608814 8.05353832 112.24095154 11.81237125 8.82410431 111.64672852 11.64943504 8.03260231 112.27301025 11.78166389 8.81903744 111.69509125 11.64274597 8.01080513 112.3032074 11.74969292 8.81254387 111.74298096 11.63417339 7.98819971 112.33146667 11.71653652 8.80463982 111.7902832 11.62373829 7.96484041 112.35772705 11.68227482 8.7953434 111.83689117 11.61146545 7.94078302 112.38191986 11.64698982 8.78467751 111.8826828 11.59738445 7.9160862 112.4039917 11.61076546 8.77266788 111.9275589 11.58152962 7.89080906 112.42388153 11.57369137 8.75934315 111.9713974 11.56393814 7.86501265 112.44154358 11.53585434 8.74473572 112.01409912 11.54465389 7.83875895 112.4569397 11.49734783 8.72887993 112.05557251 11.52372169 7.81211138 112.47003174 11.4582634 8.71181488 112.0956955 11.50119305 7.78513432 112.48078156 11.4186945 8.69358253 112.13439178 11.47712231 7.75789213 112.48917389 11.37873745 8.67422485 112.17156219 11.4515667 9.39999485 111.54906464 11.20247746 9.40076923 111.5 11.20339966 9.94752598 111.5 10.72088337 7.73045063 112.49518585 11.33848858 8.65378952 112.20710754 11.4245882 9.39767361 111.59801483 11.19971085 7.70287657 112.49879456 11.29804516 7.67523575 112.5 11.25750351 8.63232517 112.24095154 11.39625168 9.39381123 111.64672852 11.19510841 8.60988426 112.27301025 11.36662579 9.3884182 111.69509125 11.18868065 8.58652115 112.3032074 11.33578205 9.38150501 111.74298096 11.18044281 8.56229115 112.33146667 11.30379391 9.37309074 111.7902832 11.17041397 8.53725243 112.35772705 11.2707386 9.36319447 111.83689117 11.15861988 8.51146698 112.38191986 11.23669624 9.35183907 111.8826828 11.1450882 8.48499489 112.4039917 11.20174885 9.33905411 111.9275589 11.12985134 8.457901 112.42388153 11.16597939 9.32486916 111.9713974 11.11294651 8.43025112 112.44154358 11.12947655 9.30931854 112.01409912 11.09441376 8.4021101 112.4569397 11.09232616 9.29243946 112.05557251 11.0742979 8.37354755 112.47003174 11.05461788 9.27427292 112.0956955 11.05264854 8.3446312 112.48078156 11.01644325 9.25486279 112.13439178 11.02951622 8.31543159 112.48917389 10.97789383 9.23425579 112.17156219 11.0049572 9.94670677 111.54906464 10.72000027 8.28601837 112.49518585 10.93906307 9.21250057 112.20710754 10.97903061 9.94425106 111.59801483 10.71735382 8.2564621 112.49879456 10.90004349 8.22683525 112.5 10.86093044 9.18965054 112.24095154 10.95179939 9.94016457 111.64672852 10.71294975 9.16576099 112.27301025 10.92332935 9.93445683 111.69509125 10.70679855 9.14088917 112.3032074 10.89368725 9.92714214 111.74298096 10.69891453 9.11509514 112.33146667 10.86294746 9.91823864 111.7902832 10.68931866 9.08843994 112.35772705 10.83118153 9.90776634 111.83689117 10.67803192 9.06098938 112.38191986 10.79846668 9.895751 111.8826828 10.66508293 9.0328083 112.4039917 10.76488209 9.88222218 111.9275589 10.65050316 9.00396538 112.42388153 10.73050785 9.8672123 111.9713974 10.63432598 8.97453022 112.44154358 10.69542789 9.8507576 112.01409912 10.61659145 8.94457245 112.4569397 10.65972614 9.83289623 112.05557251 10.59734249 8.9141655 112.47003174 10.62348938 9.81367302 112.0956955 10.57662487 8.8833828 112.48078156 10.58680344 9.79313374 112.13439178 10.55448818 8.85229778 112.48917389 10.54975796 9.77132797 112.17156219 10.53098774 10.46868992 111.54906464 10.21087265 10.46955299 111.5 10.21171379 8.82098579 112.49518585 10.51244068 9.74830818 112.20710754 10.5061779 10.46610546 111.59801483 10.20835114 8.78952122 112.49879456 10.47494316 8.7579813 112.5 10.437356 9.72412968 112.24095154 10.48011971 10.46180439 111.64672852 10.20415592 9.69885063 112.27301025 10.45287514 10.4557972 111.69509125 10.1982975 9.67253208 112.3032074 10.42451 10.44809914 111.74298096 10.19078827 9.64523697 112.33146667 10.39509392 10.43872738 111.7902832 10.1816473 9.61703205 112.35772705 10.36469555 10.42770576 111.83689117 10.17089748 9.58798504 112.38191986 10.33339024 10.415061 111.8826828 10.15856361 9.5581646 112.4039917 10.30125141 10.40082169 111.9275589 10.14467525 9.52764416 112.42388153 10.26835823 10.38502407 111.9713974 10.12926674 9.49649715 112.44154358 10.23478985 10.36770535 112.01409912 10.11237431 9.46479702 112.4569397 10.20062542 10.34890747 112.05557251 10.09403896 9.43262196 112.47003174 10.16594887 10.32867527 112.0956955 10.07430553 9.40004826 112.48078156 10.13084316 10.30705833 112.13439178 10.05322075 9.36715603 112.48917389 10.09539318 10.28410816 112.17156219 10.03083611 10.96464729 111.54906464 9.67635822 10.96555042 111.5 9.67715549 11.43428516 111.5 9.1185379 9.33402252 112.49518585 10.0596838 10.25988007 112.20710754 10.00720501 10.96193981 111.59801483 9.67396927 9.30072784 112.49879456 10.02380085 9.26735401 112.5 9.98783207 10.23443222 112.24095154 9.98238373 10.95743465 111.64672852 9.6699934 10.20782661 112.27301025 9.9564333 10.95114326 111.69509125 9.66444111 10.18012714 112.3032074 9.9294157 10.94307995 111.74298096 9.65732574 10.15140057 112.33146667 9.9013958 10.93326473 111.7902832 9.64866352 10.12171459 112.35772705 9.87244225 10.9217205 111.83689117 9.63847637 10.09114265 112.38191986 9.84262276 10.90847683 111.8826828 9.62678719 10.05975819 112.4039917 9.81201172 10.89356327 111.9275589 9.61362648 10.02763653 112.42388153 9.78068066 10.87701702 111.9713974 9.59902477 9.99485397 112.44154358 9.74870586 10.85887814 112.01409912 9.5830164 9.96149063 112.4569397 9.71616364 10.83918953 112.05557251 9.5656414 9.92762756 112.47003174 9.68313408 10.81799889 112.0956955 9.5469408 9.89334488 112.48078156 9.64969635 10.7953577 112.13439178 9.52695942 9.85872555 112.48917389 9.6159296 10.77132034 112.17156219 9.50574684 11.43334389 111.54906464 9.11778736 9.82385349 112.49518585 9.58191586 10.74594402 112.20710754 9.48335171 11.43052101 111.59801483 9.11553574 9.78881168 112.49879456 9.54773712 9.75368595 112.5 9.51347637 10.71929073 112.24095154 9.45983028 11.42582321 111.64672852 9.1117897 10.69142532 112.27301025 9.43523884 11.41926289 111.69509125 9.10655785 10.66241264 112.3032074 9.40963554 11.41085529 111.74298096 9.09985352 10.63232517 112.33146667 9.38308239 11.40062046 111.7902832 9.09169102 10.60123348 112.35772705 9.35564423 11.38858318 111.83689117 9.08209133 10.56921291 112.38191986 9.3273859 11.37477207 111.8826828 9.0710783 10.53634167 112.4039917 9.29837704 11.35922146 111.9275589 9.05867672 10.50269794 112.42388153 9.26868534 11.34196758 111.9713974 9.04491711 10.46836281 112.44154358 9.2383852 11.32305336 112.01409912 9.02983379 10.43341923 112.4569397 9.20754719 11.30252266 112.05557251 9.01346111 10.39795113 112.47003174 9.17624569 11.28042698 112.0956955 8.99584007 10.36204433 112.48078156 9.14455795 11.25681782 112.13439178 8.97701263 10.32578468 112.48917389 9.11255932 11.2317524 112.17156219 8.95702362 11.87361526 111.54906464 8.53654766 11.87459373 111.5 8.53725147 10.28925991 112.49518585 9.08032608 11.2052927 112.20710754 8.93592262 11.87068367 111.59801483 8.53444004 10.25255871 112.49879456 9.04793739 10.21576881 112.5 9.01546955 11.17749977 112.24095154 8.91375828 11.86580563 111.64672852 8.53093338 11.14844227 112.27301025 8.8905859 11.85899258 111.69509125 8.52603436 11.11819077 112.3032074 8.8664608 11.85026073 111.74298096 8.51975727 11.08681583 112.33146667 8.84144115 11.83963108 111.7902832 8.51211548 11.05439568 112.35772705 8.81558609 11.82713032 111.83689117 8.50312805 11.02100658 112.38191986 8.7889595 11.81278801 111.8826828 8.49281597 10.98672962 112.4039917 8.76162434 11.79663849 111.9275589 8.48120594 10.95164776 112.42388153 8.73364735 11.77872086 111.9713974 8.46832371 10.91584492 112.44154358 8.70509624 11.75907803 112.01409912 8.45420074 10.87940788 112.4569397 8.67603779 11.73775673 112.05557251 8.43887234 10.84242344 112.47003174 8.64654446 11.71481037 112.0956955 8.42237473 10.80498123 112.48078156 8.61668491 11.69029236 112.13439178 8.40474796 10.76717281 112.48917389 8.58653355 11.66426182 112.17156219 8.38603306 12.28436756 111.54906464 7.93408537 12.28537941 111.5 7.93473911 10.72908688 112.49518585 8.55616093 11.63678265 112.20710754 8.36627674 12.28133392 111.59801483 7.93212652 10.69081688 112.49879456 8.52564144 10.65245438 112.5 8.49504852 11.60791969 112.24095154 8.34552574 12.27628708 111.64672852 7.92886686 11.57774353 112.27301025 8.3238306 12.26923847 111.69509125 7.92431402 11.54632664 112.3032074 8.30124283 12.26020432 111.74298096 7.91847944 11.51374435 112.33146667 8.27781773 12.2492075 111.7902832 7.91137743 11.48007488 112.35772705 8.25361156 12.23627472 111.83689117 7.9030242 11.44540024 112.38191986 8.22868252 12.22143555 111.8826828 7.89344025 11.40980339 112.4039917 8.20308971 12.20472717 111.9275589 7.88264894 11.37337017 112.42388153 8.1768961 12.18618965 111.9713974 7.87067604 11.33618927 112.44154358 8.1501646 12.16586781 112.01409912 7.85755014 11.29834843 112.4569397 8.12295914 12.14380932 112.05557251 7.84330368 11.25994015 112.47003174 8.0953455 12.12006855 112.0956955 7.82797003 11.22105694 112.48078156 8.06739044 12.09470177 112.13439178 7.81158686 11.18179131 112.48917389 8.03916073 12.06777096 112.17156219 7.79419327 12.66457844 111.54906464 7.31189775 12.66562176 111.5 7.3125 13.01437473 111.5 6.67208099 11.14223957 112.49518585 8.01072407 12.03934097 112.20710754 7.77583122 12.66145134 111.59801483 7.31009245 11.10249519 112.49879456 7.98215055 11.06265545 112.5 7.95350742 12.00948048 112.24095154 7.75654459 12.65624809 111.64672852 7.30708838 11.97826004 112.27301025 7.73638058 12.64898109 111.69509125 7.30289268 11.94575596 112.3032074 7.71538734 12.63966751 111.74298096 7.29751539 11.91204643 112.33146667 7.69361544 12.62833118 111.7902832 7.29097033 11.87721252 112.35772705 7.67111731 12.61499691 111.83689117 7.28327227 11.84133911 112.38191986 7.64794731 12.59969902 111.8826828 7.27443981 11.80451012 112.4039917 7.62416124 12.58247375 111.9275589 7.26449442 11.76681709 112.42388153 7.59981632 12.56336212 111.9713974 7.25346041 11.72834969 112.44154358 7.5749712 12.54241085 112.01409912 7.24136448 11.68919945 112.4569397 7.54968548 12.51966953 112.05557251 7.22823477 11.6494627 112.47003174 7.52402067 12.49519444 112.0956955 7.2141037 11.60923386 112.48078156 7.49803829 12.46904278 112.13439178 7.19900513 11.56861019 112.48917389 7.4718008 12.44127846 112.17156219 7.18297577 13.01330376 111.54906464 6.6715312 11.52768993 112.49518585 7.44537163 12.41196823 112.20710754 7.1660533 13.01008987 111.59801483 6.6698842 11.48657131 112.49879456 7.41881418 11.44535351 112.5 7.39219284 12.38118362 112.24095154 7.14827967 13.00474358 111.64672852 6.66714287 12.34899712 112.27301025 7.12969685 12.99727631 111.69509125 6.66331482 12.31548691 112.3032074 7.11034966 12.98770714 111.74298096 6.65840864 12.28073406 112.33146667 7.0902853 12.97605801 111.7902832 6.65243673 12.2448225 112.35772705 7.06955147 12.96235657 111.83689117 6.64541245 12.20783806 112.38191986 7.04819822 12.94663811 111.8826828 6.6373539 12.16986942 112.4039917 7.02627754 12.92893791 111.9275589 6.62827969 12.13101006 112.42388153 7.00384188 12.90929985 111.9713974 6.61821222 12.09135151 112.44154358 6.98094511 12.88777161 112.01409912 6.60717535 12.0509901 112.4569397 6.95764256 12.86440468 112.05557251 6.59519529 12.01002312 112.47003174 6.93399 12.83925533 112.0956955 6.58230209 11.96854973 112.48078156 6.91004515 12.81238365 112.13439178 6.56852579 11.92666817 112.48917389 6.88586521 12.78385448 112.17156219 6.55390024 13.32967472 111.54906464 6.01457834 13.33077335 111.5 6.01507378 11.88448143 112.49518585 6.86150837 12.75373745 112.20710754 6.53845978 13.32638359 111.59801483 6.01309347 11.84208965 112.49879456 6.83703375 11.79959583 112.5 6.8125 12.72210503 112.24095154 6.52224255 13.32090759 111.64672852 6.0106225 12.68903255 112.27301025 6.50528717 13.31325912 111.69509125 6.00717115 12.65459919 112.3032074 6.48763466 13.30345631 111.74298096 6.00274801 12.61888981 112.33146667 6.46932745 13.29152393 111.7902832 5.99736404 12.58198929 112.35772705 6.45040941 13.27749062 111.83689117 5.99103165 12.54398632 112.38191986 6.43092632 13.26138878 111.8826828 5.98376656 12.50497246 112.4039917 6.41092539 13.24325848 111.9275589 5.97558594 12.46504307 112.42388153 6.39045429 13.22314358 111.9713974 5.96650982 12.42429256 112.44154358 6.3695631 13.20109177 112.01409912 5.95655966 12.38281918 112.4569397 6.34830093 13.17715645 112.05557251 5.9457593 12.34072495 112.47003174 6.32672024 13.1513958 112.0956955 5.93413591 12.29810905 112.48078156 6.30487251 13.12387085 112.13439178 5.92171621 12.2550745 112.48917389 6.28281021 13.09464836 112.17156219 5.90853024 13.61290741 111.54906464 5.34267235 13.61402893 111.5 5.34311247 12.21172619 112.49518585 6.26058674 13.0637989 112.20710754 5.89461088 13.60954571 111.59801483 5.34135342 12.16816711 112.49879456 6.2382555 12.12450314 112.5 6.21587038 13.03139687 112.24095154 5.8799901 13.60395336 111.64672852 5.33915806 12.99752045 112.27301025 5.86470461 13.59614182 111.69509125 5.33609247 12.96225071 112.3032074 5.84879017 13.5861311 111.74298096 5.33216381 12.92567253 112.33146667 5.83228588 13.57394505 111.7902832 5.32738113 12.8878746 112.35772705 5.81523085 13.55961323 111.83689117 5.32175636 12.84894848 112.38191986 5.79766607 13.54316998 111.8826828 5.31530237 12.80898666 112.4039917 5.77963448 13.52465439 111.9275589 5.30803585 12.76808548 112.42388153 5.76117945 13.50411224 111.9713974 5.29997349 12.72634411 112.44154358 5.74234533 13.48159218 112.01409912 5.29113483 12.68386364 112.4569397 5.72317696 13.4571476 112.05557251 5.28154135 12.64074516 112.47003174 5.70372152 13.43083954 112.0956955 5.27121592 12.59709358 112.48078156 5.68402481 13.40272999 112.13439178 5.26018381 12.55301285 112.48917389 5.66413498 13.37288666 112.17156219 5.24847126 13.86229515 111.54906464 4.65748358 13.86343765 111.5 4.65786743 12.50861073 112.49518585 5.64410019 13.34138203 112.20710754 5.2361064 13.85887337 111.59801483 4.65633345 12.46399307 112.49879456 5.62396765 12.41926765 112.5 5.60378695 13.30829144 112.24095154 5.22311926 13.85317802 111.64672852 4.6544199 13.27369499 112.27301025 5.20954132 13.84522343 111.69509125 4.6517477 13.23767567 112.3032074 5.19540501 13.8350296 111.74298096 4.64832258 13.20032024 112.33146667 5.18074417 13.82262039 111.7902832 4.64415312 13.16171932 112.35772705 5.1655941 13.80802536 111.83689117 4.6392498 13.12196541 112.38191986 5.14999199 13.79128075 111.8826828 4.63362408 13.08115482 112.4039917 5.13397503 13.77242661 111.9275589 4.6272893 13.03938484 112.42388153 5.11758137 13.75150776 111.9713974 4.62026072 12.99675655 112.44154358 5.10085106 13.72857475 112.01409912 4.6125555 12.95337296 112.4569397 5.08382416 13.7036829 112.05557251 4.60419273 12.90933895 112.47003174 5.06654215 13.67689228 112.0956955 4.59519148 12.86475945 112.48078156 5.04904604 13.64826775 112.13439178 4.58557415 12.8197422 112.48917389 5.03137827 13.61787796 112.17156219 4.57536364 14.07721996 111.54906464 3.96071553 14.07837963 111.5 3.96104193 12.77439594 112.49518585 5.01358128 13.58579636 112.20710754 4.56458473 14.07374477 111.59801483 3.95973778 12.72883034 112.49879456 4.99569798 12.68315506 112.5 4.97777128 13.55209923 112.24095154 4.55326319 14.06796074 111.64672852 3.95811033 13.51686859 112.27301025 4.54142618 14.05988312 111.69509125 3.95583773 13.48018932 112.3032074 4.5291028 14.04953098 111.74298096 3.95292521 13.44215012 112.33146667 4.51632214 14.03692913 111.7902832 3.94937944 13.40284252 112.35772705 4.50311565 14.02210808 111.83689117 3.9452095 13.36236 112.38191986 4.48951435 14.00510406 111.8826828 3.9404254 13.32080078 112.4039917 4.47555113 13.98595715 111.9275589 3.93503833 13.27826595 112.42388153 4.46126032 13.96471405 111.9713974 3.92906141 13.23485756 112.44154358 4.4466753 13.94142532 112.01409912 3.92250896 13.1906786 112.4569397 4.43183231 13.91614819 112.05557251 3.91539693 13.14583778 112.47003174 4.41676664 13.88894272 112.0956955 3.9077425 13.10044193 112.48078156 4.40151405 13.85987377 112.13439178 3.89956379 13.05459976 112.48917389 4.38611221 13.82901287 112.17156219 3.89088082 14.25714684 111.54906464 3.25410056 14.25832081 111.5 3.25436854 14.40281296 111.5 2.53960466 13.00842285 112.49518585 4.37059784 13.79643345 112.20710754 3.88171458 14.25362587 111.59801483 3.25329709 12.96202278 112.49879456 4.35500813 12.91551018 112.5 4.33938074 13.76221466 112.24095154 3.87208676 14.2477684 111.64672852 3.25196028 13.72643757 112.27301025 3.86202073 14.23958778 111.69509125 3.25009298 13.68918991 112.3032074 3.8515408 14.22910309 111.74298096 3.24769998 13.65056038 112.33146667 3.84067225 14.21634102 111.7902832 3.24478698 13.61064339 112.35772705 3.82944131 14.20133018 111.83689117 3.2413609 13.56953335 112.38191986 3.81787467 14.18410873 111.8826828 3.23743033 13.5273304 112.4039917 3.80600071 14.16471767 111.9275589 3.23300433 13.48413563 112.42388153 3.79384756 14.14320278 111.9713974 3.22809362 13.44005394 112.44154358 3.78144479 14.11961651 112.01409912 3.22271037 13.39519024 112.4569397 3.76882219 14.09401608 112.05557251 3.21686721 13.3496542 112.47003174 3.75601029 14.06646252 112.0956955 3.2105782 13.30355358 112.48078156 3.74303985 14.03702259 112.13439178 3.20385885 13.25700188 112.48917389 3.72994184 14.00576687 112.17156219 3.19672489 14.40162754 111.54906464 2.53939533 13.21010876 112.49518585 3.71674848 13.97277069 112.20710754 3.18919373 14.39807129 111.59801483 2.53876853 13.16298866 112.49879456 3.70349097 13.11575508 112.5 3.69020128 13.93811417 112.24095154 3.18128371 14.39215469 111.64672852 2.53772521 13.90188026 112.27301025 3.17301345 14.38389015 111.69509125 2.536268 13.86415672 112.3032074 3.1644032 14.3732996 111.74298096 2.53440046 13.82503414 112.33146667 3.15547371 14.36040783 111.7902832 2.53212738 13.78460598 112.35772705 3.14624643 14.34524536 111.83689117 2.52945375 13.74297047 112.38191986 3.13674331 14.32784939 111.8826828 2.5263865 13.70022774 112.4039917 3.1269877 14.30826092 111.9275589 2.52293253 13.65648174 112.42388153 3.11700273 14.28652859 111.9713974 2.51910043 13.61183643 112.44154358 3.10681272 14.2627039 112.01409912 2.51489949 13.56639957 112.4569397 3.09644222 14.23684311 112.05557251 2.5103395 13.52028084 112.47003174 3.0859158 14.20901108 112.0956955 2.50543189 13.4735918 112.48078156 3.07525945 14.17927265 112.13439178 2.50018835 13.42644405 112.48917389 3.06449842 14.14770031 112.17156219 2.49462128 14.5103035 111.54906464 1.8183769 14.51149845 111.5 1.81852663 13.37895203 112.49518585 3.05365849 14.11437035 112.20710754 2.48874426 14.50672054 111.59801483 1.81792796 13.33123016 112.49879456 3.04276633 13.28339291 112.5 3.03184772 14.07936192 112.24095154 2.48257136 14.50075912 111.64672852 1.81718087 14.04276085 112.27301025 2.47611761 14.49243259 111.69509125 1.81613743 14.00465488 112.3032074 2.4693985 14.48176193 111.74298096 1.81480026 13.96513557 112.33146667 2.46243024 14.46877289 111.7902832 1.81317246 13.92429829 112.35772705 2.45522952 14.45349598 111.83689117 1.81125808 13.88224125 112.38191986 2.44781351 14.4359684 111.8826828 1.80906153 13.83906555 112.4039917 2.44020057 14.41623306 111.9275589 1.80658841 13.79487514 112.42388153 2.43240881 14.39433575 111.9713974 1.80384433 13.74977779 112.44154358 2.42445683 14.37033081 112.01409912 1.80083609 13.70388031 112.4569397 2.41636372 14.34427547 112.05557251 1.79757094 13.65729427 112.47003174 2.40814948 14.31623363 112.0956955 1.79405677 13.61013222 112.48078156 2.39983344 14.28627014 112.13439178 1.79030192 13.56250668 112.48917389 2.39143586 14.25446033 112.17156219 1.78631556 14.58290482 111.54906464 1.09283757 14.58410549 111.5 1.09292758 14.62045383 111.5 0.36461136 13.514534 112.49518585 2.38297701 14.2208786 112.20710754 1.78210723 14.57930374 111.59801483 1.0925678 13.46632767 112.49879456 2.37447691 13.41800594 112.5 2.36595631 14.185606 112.24095154 1.77768707 14.57331276 111.64672852 1.09211874 14.14872932 112.27301025 1.77306581 14.56494427 111.69509125 1.0914917 14.11033535 112.3032074 1.7682544 14.5542202 111.74298096 1.09068811 14.07051754 112.33146667 1.76326466 14.54116631 111.7902832 1.08970976 14.02937222 112.35772705 1.75810838 14.5258131 111.83689117 1.08855915 13.9869976 112.38191986 1.7527982 14.50819778 111.8826828 1.08723915 13.94349575 112.4039917 1.74734676 14.48836327 111.9275589 1.08575273 13.89897251 112.42388153 1.74176729 14.46635723 111.9713974 1.08410358 13.8535347 112.44154358 1.73607314 14.44223213 112.01409912 1.08229566 13.80729103 112.4569397 1.73027802 14.41604614 112.05557251 1.08033335 13.76035404 112.47003174 1.72439599 14.38786316 112.0956955 1.07822132 13.71283531 112.48078156 1.71844125 14.35775089 112.13439178 1.07596469 13.66485119 112.48917389 1.71242797 14.32578087 112.17156219 1.07356882 14.6192503 111.54906464 0.36458135 13.61651611 112.49518585 1.70637083 14.29203129 112.20710754 1.07103968 14.61564064 111.59801483 0.36449131 13.56794643 112.49879456 1.70028424 13.51925945 112.5 1.69418299 14.25658321 112.24095154 1.06838322 14.6096344 111.64672852 0.36434153 14.21952152 112.27301025 1.06560576 14.60124588 111.69509125 0.36413234 14.18093491 112.3032074 1.06271422 14.59049511 111.74298096 0.36386421 14.14091873 112.33146667 1.05971539 14.57740784 111.7902832 0.36353785 14.09956741 112.35772705 1.05661643 14.56201649 111.83689117 0.36315402 14.05698013 112.38191986 1.05342507 14.5443573 111.8826828 0.36271363 14.01326084 112.4039917 1.05014873 14.52447319 111.9275589 0.36221775 13.9685154 112.42388153 1.04679549 14.50241184 111.9713974 0.36166757 13.92284966 112.44154358 1.04337335 14.47822666 112.01409912 0.36106443 13.87637424 112.4569397 1.03989053 14.45197582 112.05557251 0.3604098 13.82920265 112.47003174 1.0363555 14.42372322 112.0956955 0.35970518 13.78144646 112.48078156 1.03277659 14.39353561 112.13439178 0.35895237 13.73322201 112.48917389 1.02916276 14.36148548 112.17156219 0.3581531 14.6192503 111.54906464 -0.36458135 14.62045383 111.5 -0.36461136 13.6846447 112.49518585 1.02552235 14.32765198 112.20710754 0.35730934 14.61564064 111.59801483 -0.36449131 13.63583183 112.49879456 1.02186441 13.58690166 112.5 1.01819754 14.29211521 112.24095154 0.35642311 14.6096344 111.64672852 -0.36434153 14.25496101 112.27301025 0.35549653 14.60124588 111.69509125 -0.36413234 14.21627903 112.3032074 0.35453188 14.59049511 111.74298096 -0.36386421 14.17616272 112.33146667 0.35353142 14.57740784 111.7902832 -0.36353785 14.1347084 112.35772705 0.35249761 14.56201649 111.83689117 -0.36315402 14.09201527 112.38191986 0.35143292 14.5443573 111.8826828 -0.36271363 14.04818726 112.4039917 0.35033992 14.52447319 111.9275589 -0.36221775 14.00332928 112.42388153 0.34922123 14.50241184 111.9713974 -0.36166757 13.95755005 112.44154358 0.34807956 14.47822666 112.01409912 -0.36106443 13.91095924 112.4569397 0.34691766 14.45197582 112.05557251 -0.3604098 13.8636694 112.47003174 0.34573835 14.42372322 112.0956955 -0.35970518 13.81579494 112.48078156 0.34454441 14.39353561 112.13439178 -0.35895237 13.76745033 112.48917389 0.34333876 14.36148548 112.17156219 -0.3581531 14.58290482 111.54906464 -1.09283757 14.58410549 111.5 -1.09292758 14.51149845 111.5 -1.81852663 13.71875191 112.49518585 0.34212431 14.32765198 112.20710754 -0.35730934 14.57930374 111.59801483 -1.0925678 13.66981792 112.49879456 0.34090397 13.62076473 112.5 0.33968067 14.29211521 112.24095154 -0.35642311 14.57331276 111.64672852 -1.09211874 14.25496101 112.27301025 -0.35549653 14.56494427 111.69509125 -1.0914917 14.21627903 112.3032074 -0.35453188 14.5542202 111.74298096 -1.09068811 14.17616272 112.33146667 -0.35353142 14.54116631 111.7902832 -1.08970976 14.1347084 112.35772705 -0.35249761 14.5258131 111.83689117 -1.08855915 14.09201527 112.38191986 -0.35143292 14.50819778 111.8826828 -1.08723915 14.04818726 112.4039917 -0.35033992 14.48836327 111.9275589 -1.08575273 14.00332928 112.42388153 -0.34922123 14.46635723 111.9713974 -1.08410358 13.95755005 112.44154358 -0.34807956 14.44223213 112.01409912 -1.08229566 13.91095924 112.4569397 -0.34691766 14.41604614 112.05557251 -1.08033335 13.8636694 112.47003174 -0.34573835 14.38786316 112.0956955 -1.07822132 13.81579494 112.48078156 -0.34454441 14.35775089 112.13439178 -1.07596469 13.76745033 112.48917389 -0.34333876 14.32578087 112.17156219 -1.07356882 14.5103035 111.54906464 -1.8183769 13.71875191 112.49518585 -0.34212431 14.29203129 112.20710754 -1.07103968 14.50672054 111.59801483 -1.81792796 13.66981792 112.49879456 -0.34090397 13.62076473 112.5 -0.33968067 14.25658321 112.24095154 -1.06838322 14.50075912 111.64672852 -1.81718087 14.21952152 112.27301025 -1.06560576 14.49243259 111.69509125 -1.81613743 14.18093491 112.3032074 -1.06271422 14.48176193 111.74298096 -1.81480026 14.14091873 112.33146667 -1.05971539 14.46877289 111.7902832 -1.81317246 14.09956741 112.35772705 -1.05661643 14.45349598 111.83689117 -1.81125808 14.05698013 112.38191986 -1.05342507 14.4359684 111.8826828 -1.80906153 14.01326084 112.4039917 -1.05014873 14.41623306 111.9275589 -1.80658841 13.9685154 112.42388153 -1.04679549 14.39433575 111.9713974 -1.80384433 13.92284966 112.44154358 -1.04337335 14.37033081 112.01409912 -1.80083609 13.87637424 112.4569397 -1.03989053 14.34427547 112.05557251 -1.79757094 13.82920265 112.47003174 -1.0363555 14.31623363 112.0956955 -1.79405677 13.78144646 112.48078156 -1.03277659 14.28627014 112.13439178 -1.79030192 13.73322201 112.48917389 -1.02916276 14.25446033 112.17156219 -1.78631556 14.40162754 111.54906464 -2.53939533 14.40281296 111.5 -2.53960466 13.6846447 112.49518585 -1.02552235 14.2208786 112.20710754 -1.78210723 14.39807129 111.59801483 -2.53876853 13.63583183 112.49879456 -1.02186441 13.58690166 112.5 -1.01819754 14.185606 112.24095154 -1.77768707 14.39215469 111.64672852 -2.53772521 14.14872932 112.27301025 -1.77306581 14.38389015 111.69509125 -2.536268 14.11033535 112.3032074 -1.7682544 14.3732996 111.74298096 -2.53440046 14.07051754 112.33146667 -1.76326466 14.36040783 111.7902832 -2.53212738 14.02937222 112.35772705 -1.75810838 14.34524536 111.83689117 -2.52945375 13.9869976 112.38191986 -1.7527982 14.32784939 111.8826828 -2.5263865 13.94349575 112.4039917 -1.74734676 14.30826092 111.9275589 -2.52293253 13.89897251 112.42388153 -1.74176729 14.28652859 111.9713974 -2.51910043 13.8535347 112.44154358 -1.73607314 14.2627039 112.01409912 -2.51489949 13.80729103 112.4569397 -1.73027802 14.23684311 112.05557251 -2.5103395 13.76035404 112.47003174 -1.72439599 14.20901108 112.0956955 -2.50543189 13.71283531 112.48078156 -1.71844125 14.17927265 112.13439178 -2.50018835 13.66485119 112.48917389 -1.71242797 14.14770031 112.17156219 -2.49462128 14.25714684 111.54906464 -3.25410056 14.25832081 111.5 -3.25436854 14.07837963 111.5 -3.96104193 13.61651611 112.49518585 -1.70637083 14.11437035 112.20710754 -2.48874426 14.25362587 111.59801483 -3.25329709 13.56794643 112.49879456 -1.70028424 13.51925945 112.5 -1.69418299 14.07936192 112.24095154 -2.48257136 14.2477684 111.64672852 -3.25196028 14.04276085 112.27301025 -2.47611761 14.23958778 111.69509125 -3.25009298 14.00465488 112.3032074 -2.4693985 14.22910309 111.74298096 -3.24769998 13.96513557 112.33146667 -2.46243024 14.21634102 111.7902832 -3.24478698 13.92429829 112.35772705 -2.45522952 14.20133018 111.83689117 -3.2413609 13.88224125 112.38191986 -2.44781351 14.18410873 111.8826828 -3.23743033 13.83906555 112.4039917 -2.44020057 14.16471767 111.9275589 -3.23300433 13.79487514 112.42388153 -2.43240881 14.14320278 111.9713974 -3.22809362 13.74977779 112.44154358 -2.42445683 14.11961651 112.01409912 -3.22271037 13.70388031 112.4569397 -2.41636372 14.09401608 112.05557251 -3.21686721 13.65729427 112.47003174 -2.40814948 14.06646252 112.0956955 -3.2105782 13.61013222 112.48078156 -2.39983344 14.03702259 112.13439178 -3.20385885 13.56250668 112.48917389 -2.39143586 14.00576687 112.17156219 -3.19672489 14.07721996 111.54906464 -3.96071553 13.514534 112.49518585 -2.38297701 13.97277069 112.20710754 -3.18919373 14.07374477 111.59801483 -3.95973778 13.46632767 112.49879456 -2.37447691 13.41800594 112.5 -2.36595631 13.93811417 112.24095154 -3.18128371 14.06796074 111.64672852 -3.95811033 13.90188026 112.27301025 -3.17301345 14.05988312 111.69509125 -3.95583773 13.86415672 112.3032074 -3.1644032 14.04953098 111.74298096 -3.95292521 13.82503414 112.33146667 -3.15547371 14.03692913 111.7902832 -3.94937944 13.78460598 112.35772705 -3.14624643 14.02210808 111.83689117 -3.9452095 13.74297047 112.38191986 -3.13674331 14.00510406 111.8826828 -3.9404254 13.70022774 112.4039917 -3.1269877 13.98595715 111.9275589 -3.93503833 13.65648174 112.42388153 -3.11700273 13.96471405 111.9713974 -3.92906141 13.61183643 112.44154358 -3.10681272 13.94142532 112.01409912 -3.92250896 13.56639957 112.4569397 -3.09644222 13.91614819 112.05557251 -3.91539693 13.52028084 112.47003174 -3.0859158 13.88894272 112.0956955 -3.9077425 13.4735918 112.48078156 -3.07525945 13.85987377 112.13439178 -3.89956379 13.42644405 112.48917389 -3.06449842 13.82901287 112.17156219 -3.89088082 13.86229515 111.54906464 -4.65748358 13.86343765 111.5 -4.65786743 13.37895203 112.49518585 -3.05365849 13.79643345 112.20710754 -3.88171458 13.85887337 111.59801483 -4.65633345 13.33123016 112.49879456 -3.04276633 13.28339291 112.5 -3.03184772 13.76221466 112.24095154 -3.87208676 13.85317802 111.64672852 -4.6544199 13.72643757 112.27301025 -3.86202073 13.84522343 111.69509125 -4.6517477 13.68918991 112.3032074 -3.8515408 13.8350296 111.74298096 -4.64832258 13.65056038 112.33146667 -3.84067225 13.82262039 111.7902832 -4.64415312 13.61064339 112.35772705 -3.82944131 13.80802536 111.83689117 -4.6392498 13.56953335 112.38191986 -3.81787467 13.79128075 111.8826828 -4.63362408 13.5273304 112.4039917 -3.80600071 13.77242661 111.9275589 -4.6272893 13.48413563 112.42388153 -3.79384756 13.75150776 111.9713974 -4.62026072 13.44005394 112.44154358 -3.78144479 13.72857475 112.01409912 -4.6125555 13.39519024 112.4569397 -3.76882219 13.7036829 112.05557251 -4.60419273 13.3496542 112.47003174 -3.75601029 13.67689228 112.0956955 -4.59519148 13.30355358 112.48078156 -3.74303985 13.64826775 112.13439178 -4.58557415 13.25700188 112.48917389 -3.72994184 13.61787796 112.17156219 -4.57536364 13.61290741 111.54906464 -5.34267235 13.61402893 111.5 -5.34311247 13.21010876 112.49518585 -3.71674848 13.58579636 112.20710754 -4.56458473 13.60954571 111.59801483 -5.34135342 13.16298866 112.49879456 -3.70349097 13.11575508 112.5 -3.69020128 13.55209923 112.24095154 -4.55326319 13.60395336 111.64672852 -5.33915806 13.51686859 112.27301025 -4.54142618 13.59614182 111.69509125 -5.33609247 13.48018932 112.3032074 -4.5291028 13.5861311 111.74298096 -5.33216381 13.44215012 112.33146667 -4.51632214 13.57394505 111.7902832 -5.32738113 13.40284252 112.35772705 -4.50311565 13.55961323 111.83689117 -5.32175636 13.36236 112.38191986 -4.48951435 13.54316998 111.8826828 -5.31530237 13.32080078 112.4039917 -4.47555113 13.52465439 111.9275589 -5.30803585 13.27826595 112.42388153 -4.46126032 13.50411224 111.9713974 -5.29997349 13.23485756 112.44154358 -4.4466753 13.48159218 112.01409912 -5.29113483 13.1906786 112.4569397 -4.43183231 13.4571476 112.05557251 -5.28154135 13.14583778 112.47003174 -4.41676664 13.43083954 112.0956955 -5.27121592 13.10044193 112.48078156 -4.40151405 13.40272999 112.13439178 -5.26018381 13.05459976 112.48917389 -4.38611221 13.37288666 112.17156219 -5.24847126 13.32967472 111.54906464 -6.01457834 13.33077335 111.5 -6.01507378 13.01437473 111.5 -6.67208099 13.00842285 112.49518585 -4.37059784 13.34138203 112.20710754 -5.2361064 13.32638359 111.59801483 -6.01309347 12.96202278 112.49879456 -4.35500813 12.91551018 112.5 -4.33938074 13.30829144 112.24095154 -5.22311926 13.32090759 111.64672852 -6.0106225 13.27369499 112.27301025 -5.20954132 13.31325912 111.69509125 -6.00717115 13.23767567 112.3032074 -5.19540501 13.30345631 111.74298096 -6.00274801 13.20032024 112.33146667 -5.18074417 13.29152393 111.7902832 -5.99736404 13.16171932 112.35772705 -5.1655941 13.27749062 111.83689117 -5.99103165 13.12196541 112.38191986 -5.14999199 13.26138878 111.8826828 -5.98376656 13.08115482 112.4039917 -5.13397503 13.24325848 111.9275589 -5.97558594 13.03938484 112.42388153 -5.11758137 13.22314358 111.9713974 -5.96650982 12.99675655 112.44154358 -5.10085106 13.20109177 112.01409912 -5.95655966 12.95337296 112.4569397 -5.08382416 13.17715645 112.05557251 -5.9457593 12.90933895 112.47003174 -5.06654215 13.1513958 112.0956955 -5.93413591 12.86475945 112.48078156 -5.04904604 13.12387085 112.13439178 -5.92171621 12.8197422 112.48917389 -5.03137827 13.09464836 112.17156219 -5.90853024 13.01330376 111.54906464 -6.6715312 12.66562176 111.5 -7.3125 12.77439594 112.49518585 -5.01358128 13.0637989 112.20710754 -5.89461088 13.01008987 111.59801483 -6.6698842 12.72883034 112.49879456 -4.99569798 12.68315506 112.5 -4.97777128 13.03139687 112.24095154 -5.8799901 13.00474358 111.64672852 -6.66714287 12.99752045 112.27301025 -5.86470461 12.99727631 111.69509125 -6.66331482 12.96225071 112.3032074 -5.84879017 12.98770714 111.74298096 -6.65840864 12.92567253 112.33146667 -5.83228588 12.97605801 111.7902832 -6.65243673 12.8878746 112.35772705 -5.81523085 12.96235657 111.83689117 -6.64541245 12.84894848 112.38191986 -5.79766607 12.94663811 111.8826828 -6.6373539 12.80898666 112.4039917 -5.77963448 12.92893791 111.9275589 -6.62827969 12.76808548 112.42388153 -5.76117945 12.90929985 111.9713974 -6.61821222 12.72634411 112.44154358 -5.74234533 12.88777161 112.01409912 -6.60717535 12.68386364 112.4569397 -5.72317696 12.86440468 112.05557251 -6.59519529 12.64074516 112.47003174 -5.70372152 12.83925533 112.0956955 -6.58230209 12.59709358 112.48078156 -5.68402481 12.81238365 112.13439178 -6.56852579 12.55301285 112.48917389 -5.66413498 12.78385448 112.17156219 -6.55390024 12.66457844 111.54906464 -7.31189775 12.50861073 112.49518585 -5.64410019 12.75373745 112.20710754 -6.53845978 12.66145134 111.59801483 -7.31009245 12.46399307 112.49879456 -5.62396765 12.41926765 112.5 -5.60378695 12.72210503 112.24095154 -6.52224255 12.65624809 111.64672852 -7.30708838 12.68903255 112.27301025 -6.50528717 12.64898109 111.69509125 -7.30289268 12.65459919 112.3032074 -6.48763466 12.63966751 111.74298096 -7.29751539 12.61888981 112.33146667 -6.46932745 12.62833118 111.7902832 -7.29097033 12.58198929 112.35772705 -6.45040941 12.61499691 111.83689117 -7.28327227 12.54398632 112.38191986 -6.43092632 12.59969902 111.8826828 -7.27443981 12.50497246 112.4039917 -6.41092539 12.58247375 111.9275589 -7.26449442 12.46504307 112.42388153 -6.39045429 12.56336212 111.9713974 -7.25346041 12.42429256 112.44154358 -6.3695631 12.54241085 112.01409912 -7.24136448 12.38281918 112.4569397 -6.34830093 12.51966953 112.05557251 -7.22823477 12.34072495 112.47003174 -6.32672024 12.49519444 112.0956955 -7.2141037 12.29810905 112.48078156 -6.30487251 12.46904278 112.13439178 -7.19900513 12.2550745 112.48917389 -6.28281021 12.44127846 112.17156219 -7.18297577 12.28436756 111.54906464 -7.93408537 12.28537941 111.5 -7.93473911 12.21172619 112.49518585 -6.26058674 12.41196823 112.20710754 -7.1660533 12.28133392 111.59801483 -7.93212652 12.16816711 112.49879456 -6.2382555 12.12450314 112.5 -6.21587038 12.38118362 112.24095154 -7.14827967 12.27628708 111.64672852 -7.92886686 12.34899712 112.27301025 -7.12969685 12.26923847 111.69509125 -7.92431402 12.31548691 112.3032074 -7.11034966 12.26020432 111.74298096 -7.91847944 12.28073406 112.33146667 -7.0902853 12.2492075 111.7902832 -7.91137743 12.2448225 112.35772705 -7.06955147 12.23627472 111.83689117 -7.9030242 12.20783806 112.38191986 -7.04819822 12.22143555 111.8826828 -7.89344025 12.16986942 112.4039917 -7.02627754 12.20472717 111.9275589 -7.88264894 12.13101006 112.42388153 -7.00384188 12.18618965 111.9713974 -7.87067604 12.09135151 112.44154358 -6.98094511 12.16586781 112.01409912 -7.85755014 12.0509901 112.4569397 -6.95764256 12.14380932 112.05557251 -7.84330368 12.01002312 112.47003174 -6.93399 12.12006855 112.0956955 -7.82797003 11.96854973 112.48078156 -6.91004515 12.09470177 112.13439178 -7.81158686 11.92666817 112.48917389 -6.88586521 12.06777096 112.17156219 -7.79419327 11.87361526 111.54906464 -8.53654766 11.87459373 111.5 -8.53725147 11.88448143 112.49518585 -6.86150837 12.03934097 112.20710754 -7.77583122 11.87068367 111.59801483 -8.53444004 11.84208965 112.49879456 -6.83703375 11.79959583 112.5 -6.8125 12.00948048 112.24095154 -7.75654459 11.86580563 111.64672852 -8.53093338 11.97826004 112.27301025 -7.73638058 11.85899258 111.69509125 -8.52603436 11.94575596 112.3032074 -7.71538734 11.85026073 111.74298096 -8.51975727 11.91204643 112.33146667 -7.69361544 11.83963108 111.7902832 -8.51211548 11.87721252 112.35772705 -7.67111731 11.82713032 111.83689117 -8.50312805 11.84133911 112.38191986 -7.64794731 11.81278801 111.8826828 -8.49281597 11.80451012 112.4039917 -7.62416124 11.79663849 111.9275589 -8.48120594 11.76681709 112.42388153 -7.59981632 11.77872086 111.9713974 -8.46832371 11.72834969 112.44154358 -7.5749712 11.75907803 112.01409912 -8.45420074 11.68919945 112.4569397 -7.54968548 11.73775673 112.05557251 -8.43887234 11.6494627 112.47003174 -7.52402067 11.71481037 112.0956955 -8.42237473 11.60923386 112.48078156 -7.49803829 11.69029236 112.13439178 -8.40474796 11.56861019 112.48917389 -7.4718008 11.66426182 112.17156219 -8.38603306 11.43334389 111.54906464 -9.11778736 11.43428516 111.5 -9.1185379 11.52768993 112.49518585 -7.44537163 11.63678265 112.20710754 -8.36627674 11.43052101 111.59801483 -9.11553574 11.48657131 112.49879456 -7.41881418 11.44535351 112.5 -7.39219284 11.60791969 112.24095154 -8.34552574 11.42582321 111.64672852 -9.1117897 11.57774353 112.27301025 -8.3238306 11.41926289 111.69509125 -9.10655785 11.54632664 112.3032074 -8.30124283 11.41085529 111.74298096 -9.09985352 11.51374435 112.33146667 -8.27781773 11.40062046 111.7902832 -9.09169102 11.48007488 112.35772705 -8.25361156 11.38858318 111.83689117 -9.08209133 11.44540024 112.38191986 -8.22868252 11.37477207 111.8826828 -9.0710783 11.40980339 112.4039917 -8.20308971 11.35922146 111.9275589 -9.05867672 11.37337017 112.42388153 -8.1768961 11.34196758 111.9713974 -9.04491711 11.33618927 112.44154358 -8.1501646 11.32305336 112.01409912 -9.02983379 11.29834843 112.4569397 -8.12295914 11.30252266 112.05557251 -9.01346111 11.25994015 112.47003174 -8.0953455 11.28042698 112.0956955 -8.99584007 11.22105694 112.48078156 -8.06739044 11.25681782 112.13439178 -8.97701263 11.18179131 112.48917389 -8.03916073 11.2317524 112.17156219 -8.95702362 10.96464729 111.54906464 -9.67635822 10.96555042 111.5 -9.67715549 11.14223957 112.49518585 -8.01072407 11.2052927 112.20710754 -8.93592262 10.96193981 111.59801483 -9.67396927 11.10249519 112.49879456 -7.98215055 11.06265545 112.5 -7.95350742 11.17749977 112.24095154 -8.91375828 10.95743465 111.64672852 -9.6699934 11.14844227 112.27301025 -8.8905859 10.95114326 111.69509125 -9.66444111 11.11819077 112.3032074 -8.8664608 10.94307995 111.74298096 -9.65732574 11.08681583 112.33146667 -8.84144115 10.93326473 111.7902832 -9.64866352 11.05439568 112.35772705 -8.81558609 10.9217205 111.83689117 -9.63847637 11.02100658 112.38191986 -8.7889595 10.90847683 111.8826828 -9.62678719 10.98672962 112.4039917 -8.76162434 10.89356327 111.9275589 -9.61362648 10.95164776 112.42388153 -8.73364735 10.87701702 111.9713974 -9.59902477 10.91584492 112.44154358 -8.70509624 10.85887814 112.01409912 -9.5830164 10.87940788 112.4569397 -8.67603779 10.83918953 112.05557251 -9.5656414 10.84242344 112.47003174 -8.64654446 10.81799889 112.0956955 -9.5469408 10.80498123 112.48078156 -8.61668491 10.7953577 112.13439178 -9.52695942 10.76717281 112.48917389 -8.58653355 10.77132034 112.17156219 -9.50574684 10.46868992 111.54906464 -10.21087265 10.46955299 111.5 -10.21171379 10.72908688 112.49518585 -8.55616093 10.74594402 112.20710754 -9.48335171 10.46610546 111.59801483 -10.20835114 10.69081688 112.49879456 -8.52564144 10.65245438 112.5 -8.49504852 10.71929073 112.24095154 -9.45983028 10.46180439 111.64672852 -10.20415592 10.69142532 112.27301025 -9.43523884 10.4557972 111.69509125 -10.1982975 10.66241264 112.3032074 -9.40963554 10.44809914 111.74298096 -10.19078827 10.63232517 112.33146667 -9.38308239 10.43872738 111.7902832 -10.1816473 10.60123348 112.35772705 -9.35564423 10.42770576 111.83689117 -10.17089748 10.56921291 112.38191986 -9.3273859 10.415061 111.8826828 -10.15856361 10.53634167 112.4039917 -9.29837704 10.40082169 111.9275589 -10.14467525 10.50269794 112.42388153 -9.26868534 10.38502407 111.9713974 -10.12926674 10.46836281 112.44154358 -9.2383852 10.36770535 112.01409912 -10.11237431 10.43341923 112.4569397 -9.20754719 10.34890747 112.05557251 -10.09403896 10.39795113 112.47003174 -9.17624569 10.32867527 112.0956955 -10.07430553 10.36204433 112.48078156 -9.14455795 10.30705833 112.13439178 -10.05322075 10.32578468 112.48917389 -9.11255932 10.28410816 112.17156219 -10.03083611 9.94670677 111.54906464 -10.72000027 9.94752598 111.5 -10.72088337 10.28925991 112.49518585 -9.08032608 10.25988007 112.20710754 -10.00720501 9.94425106 111.59801483 -10.71735382 10.25255871 112.49879456 -9.04793739 10.21576881 112.5 -9.01546955 10.23443222 112.24095154 -9.98238373 9.94016457 111.64672852 -10.71294975 10.20782661 112.27301025 -9.9564333 9.93445683 111.69509125 -10.70679855 10.18012714 112.3032074 -9.9294157 9.92714214 111.74298096 -10.69891453 10.15140057 112.33146667 -9.9013958 9.91823864 111.7902832 -10.68931866 10.12171459 112.35772705 -9.87244225 9.90776634 111.83689117 -10.67803192 10.09114265 112.38191986 -9.84262276 9.895751 111.8826828 -10.66508293 10.05975819 112.4039917 -9.81201172 9.88222218 111.9275589 -10.65050316 10.02763653 112.42388153 -9.78068066 9.8672123 111.9713974 -10.63432598 9.99485397 112.44154358 -9.74870586 9.8507576 112.01409912 -10.61659145 9.96149063 112.4569397 -9.71616364 9.83289623 112.05557251 -10.59734249 9.92762756 112.47003174 -9.68313408 9.81367302 112.0956955 -10.57662487 9.89334488 112.48078156 -9.64969635 9.79313374 112.13439178 -10.55448818 9.85872555 112.48917389 -9.6159296 9.77132797 112.17156219 -10.53098774 9.39999485 111.54906464 -11.20247746 9.40076923 111.5 -11.20339966 9.82385349 112.49518585 -9.58191586 9.74830818 112.20710754 -10.5061779 9.39767361 111.59801483 -11.19971085 9.78881168 112.49879456 -9.54773712 9.75368595 112.5 -9.51347637 9.26735401 112.5 -9.98783207 9.72412968 112.24095154 -10.48011971 9.39381123 111.64672852 -11.19510841 9.69885063 112.27301025 -10.45287514 9.3884182 111.69509125 -11.18868065 9.67253208 112.3032074 -10.42451 9.38150501 111.74298096 -11.18044281 9.64523697 112.33146667 -10.39509392 9.37309074 111.7902832 -11.17041397 9.61703205 112.35772705 -10.36469555 9.36319447 111.83689117 -11.15861988 9.58798504 112.38191986 -10.33339024 9.35183907 111.8826828 -11.1450882 9.5581646 112.4039917 -10.30125141 9.33905411 111.9275589 -11.12985134 9.52764416 112.42388153 -10.26835823 9.32486916 111.9713974 -11.11294651 9.49649715 112.44154358 -10.23478985 9.30931854 112.01409912 -11.09441376 9.46479702 112.4569397 -10.20062542 9.29243946 112.05557251 -11.0742979 9.43262196 112.47003174 -10.16594887 9.27427292 112.0956955 -11.05264854 9.40004826 112.48078156 -10.13084316 9.25486279 112.13439178 -11.02951622 9.36715603 112.48917389 -10.09539318 9.23425579 112.17156219 -11.0049572 8.82991219 111.54906464 -11.65710258 8.83063984 111.5 -11.65806293 9.33402252 112.49518585 -10.0596838 9.21250057 112.20710754 -10.97903061 8.82773209 111.59801483 -11.6542244 9.30072784 112.49879456 -10.02380085 9.18965054 112.24095154 -10.95179939 8.82410431 111.64672852 -11.64943504 9.16576099 112.27301025 -10.92332935 8.81903744 111.69509125 -11.64274597 9.14088917 112.3032074 -10.89368725 8.81254387 111.74298096 -11.63417339 9.11509514 112.33146667 -10.86294746 8.80463982 111.7902832 -11.62373829 9.08843994 112.35772705 -10.83118153 8.7953434 111.83689117 -11.61146545 9.06098938 112.38191986 -10.79846668 8.78467751 111.8826828 -11.59738445 9.0328083 112.4039917 -10.76488209 8.77266788 111.9275589 -11.58152962 9.00396538 112.42388153 -10.73050785 8.75934315 111.9713974 -11.56393814 8.97453022 112.44154358 -10.69542789 8.74473572 112.01409912 -11.54465389 8.94457245 112.4569397 -10.65972614 8.72887993 112.05557251 -11.52372169 8.9141655 112.47003174 -10.62348938 8.71181488 112.0956955 -11.50119305 8.8833828 112.48078156 -10.58680344 8.69358253 112.13439178 -11.47712231 8.85229778 112.48917389 -10.54975796 8.67422485 112.17156219 -11.4515667 8.23787689 111.54906464 -12.08274651 8.23855591 111.5 -12.08374214 8.82098579 112.49518585 -10.51244068 8.65378952 112.20710754 -11.4245882 8.23584366 111.59801483 -12.07976341 8.78952122 112.49879456 -10.47494316 8.7579813 112.5 -10.437356 8.63232517 112.24095154 -11.39625168 8.23245907 111.64672852 -12.07479954 8.60988426 112.27301025 -11.36662579 8.2277317 111.69509125 -12.06786633 8.58652115 112.3032074 -11.33578205 8.22167397 111.74298096 -12.05898094 8.56229115 112.33146667 -11.30379391 8.2142992 111.7902832 -12.04816437 8.53725243 112.35772705 -11.2707386 8.20562649 111.83689117 -12.03544331 8.51146698 112.38191986 -11.23669624 8.19567585 111.8826828 -12.02084827 8.48499489 112.4039917 -11.20174885 8.18447113 111.9275589 -12.00441456 8.457901 112.42388153 -11.16597939 8.17203999 111.9713974 -11.98618126 8.43025112 112.44154358 -11.12947655 8.15841198 112.01409912 -11.96619225 8.4021101 112.4569397 -11.09232616 8.14361954 112.05557251 -11.94449615 8.37354755 112.47003174 -11.05461788 8.1276989 112.0956955 -11.92114449 8.3446312 112.48078156 -11.01644325 8.11068821 112.13439178 -11.89619446 8.31543159 112.48917389 -10.97789383 8.09262848 112.17156219 -11.86970615 7.62536192 111.54906464 -12.47835159 7.62598991 111.5 -12.4793787 8.28601837 112.49518585 -10.93906307 8.07356358 112.20710754 -11.84174252 7.62347889 111.59801483 -12.47527027 8.2564621 112.49879456 -10.90004349 8.22683525 112.5 -10.86093044 8.05353832 112.24095154 -11.81237125 7.62034607 111.64672852 -12.47014332 8.03260231 112.27301025 -11.78166389 7.61597061 111.69509125 -12.46298313 8.01080513 112.3032074 -11.74969292 7.61036301 111.74298096 -12.45380688 7.98819971 112.33146667 -11.71653652 7.60353708 111.7902832 -12.44263649 7.96484041 112.35772705 -11.68227482 7.59550905 111.83689117 -12.42949963 7.94078302 112.38191986 -11.64698982 7.58629799 111.8826828 -12.41442585 7.9160862 112.4039917 -11.61076546 7.5759263 111.9275589 -12.39745426 7.89080906 112.42388153 -11.57369137 7.56441927 111.9713974 -12.37862396 7.86501265 112.44154358 -11.53585434 7.55180454 112.01409912 -12.35798073 7.83875895 112.4569397 -11.49734783 7.53811216 112.05557251 -12.33557415 7.81211138 112.47003174 -11.4582634 7.52337551 112.0956955 -12.31145763 7.78513432 112.48078156 -11.4186945 7.50762939 112.13439178 -12.28569126 7.75789213 112.48917389 -11.37873745 7.49091244 112.17156219 -12.25833511 6.99388838 111.54906464 -12.8429327 6.9944644 111.5 -12.84399033 7.73045063 112.49518585 -11.33848858 7.47326517 112.20710754 -12.22945595 6.99216175 111.59801483 -12.83976173 7.70287657 112.49879456 -11.29804516 7.67523575 112.5 -11.25750351 7.45472908 112.24095154 -12.19912338 6.98928785 111.64672852 -12.83448505 7.43534946 112.27301025 -12.1674099 6.98527479 111.69509125 -12.82711601 7.41517305 112.3032074 -12.13439274 6.98013163 111.74298096 -12.81767178 7.39424849 112.33146667 -12.10015106 6.97387075 111.7902832 -12.80617428 7.37262583 112.35772705 -12.06476784 6.96650743 111.83689117 -12.79265308 7.35035753 112.38191986 -12.02832699 6.95805931 111.8826828 -12.77713966 7.32749701 112.4039917 -11.99091721 6.94854689 111.9275589 -12.75967216 7.30409908 112.42388153 -11.95262814 6.93799305 111.9713974 -12.7402916 7.28022099 112.44154358 -11.91355324 6.9264226 112.01409912 -12.71904469 7.25591946 112.4569397 -11.87378597 6.91386414 112.05557251 -12.69598389 7.23125315 112.47003174 -11.83342075 6.90034771 112.0956955 -12.67116356 7.20628166 112.48078156 -11.79255676 6.88590574 112.13439178 -12.64464378 7.18106508 112.48917389 -11.75129223 6.87057352 112.17156219 -12.61648846 6.34502697 111.54906464 -13.17558479 6.34554958 111.5 -13.17667007 5.68085909 111.5 -13.4765892 7.15566444 112.49518585 -11.70972538 6.85438728 112.20710754 -12.58676529 6.34346056 111.59801483 -13.17233086 7.1301403 112.49879456 -11.66795731 7.10455465 112.5 -11.62608814 6.51621056 112.5 -11.96576881 6.83738613 112.24095154 -12.55554676 6.34085369 111.64672852 -13.1669178 6.81961155 112.27301025 -12.52290726 6.33721256 111.69509125 -13.15935802 6.80110598 112.3032074 -12.48892498 6.33254671 111.74298096 -13.14966869 6.78191423 112.33146667 -12.4536829 6.32686663 111.7902832 -13.1378746 6.7620821 112.35772705 -12.41726494 6.32018661 111.83689117 -13.12400246 6.74165773 112.38191986 -12.37975979 6.31252241 111.8826828 -13.10808754 6.72069025 112.4039917 -12.3412571 6.30389214 111.9275589 -13.09016705 6.69923019 112.42388153 -12.30184937 6.29431725 111.9713974 -13.07028484 6.67732954 112.44154358 -12.26163292 6.28382063 112.01409912 -13.04848766 6.65504026 112.4569397 -12.22070312 6.27242708 112.05557251 -13.02482891 6.63241673 112.47003174 -12.17915916 6.26016474 112.0956955 -12.99936581 6.60951328 112.48078156 -12.13710117 6.24706268 112.13439178 -12.97215939 6.58638477 112.48917389 -12.0946312 6.23315239 112.17156219 -12.9432745 5.68039083 111.54906464 -13.47548008 6.56308746 112.49518585 -12.05184937 6.21846819 112.20710754 -12.91278172 5.67898846 111.59801483 -13.47215271 6.53967714 112.49879456 -12.00886154 5.91166592 112.5 -12.27570057 6.20304441 112.24095154 -12.88075447 5.67665482 111.64672852 -13.46661568 6.18691874 112.27301025 -12.84726906 5.67339516 111.69509125 -13.45888329 6.17013025 112.3032074 -12.81240749 5.66921806 111.74298096 -13.44897366 6.15271902 112.33146667 -12.77625275 5.66413307 111.7902832 -13.43691158 6.134727 112.35772705 -12.7388916 5.65815258 111.83689117 -13.42272377 6.11619711 112.38191986 -12.70041466 5.65129089 111.8826828 -13.40644646 6.09717512 112.4039917 -12.66091442 5.64356518 111.9275589 -13.38811779 6.07770586 112.42388153 -12.62048626 5.63499308 111.9713974 -13.36778259 6.05783701 112.44154358 -12.5792284 5.62559557 112.01409912 -13.3454895 6.03761578 112.4569397 -12.53723812 5.61539602 112.05557251 -13.32129288 6.01709127 112.47003174 -12.49461842 5.6044178 112.0956955 -13.29524994 5.99631262 112.48078156 -12.45147133 5.59268808 112.13439178 -13.26742458 5.97532988 112.48917389 -12.40790081 5.58023548 112.17156219 -13.23788261 5.00163269 111.54906464 -13.74187279 5.00204468 111.5 -13.7430048 5.95419407 112.49518585 -12.36401081 5.56708908 112.20710754 -13.20669556 5.00039768 111.59801483 -13.73847961 5.93295574 112.49879456 -12.3199091 5.55328083 112.24095154 -13.17393875 4.99834251 111.64672852 -13.73283386 5.53884459 112.27301025 -13.13969135 4.99547291 111.69509125 -13.72494888 5.5238142 112.3032074 -13.10403633 4.99179459 111.74298096 -13.7148428 5.50822687 112.33146667 -13.06705856 4.98731709 111.7902832 -13.70254135 5.49211931 112.35772705 -13.02884674 4.98205137 111.83689117 -13.68807411 5.4755311 112.38191986 -12.98949432 4.97600985 111.8826828 -13.67147446 5.45850134 112.4039917 -12.94909477 4.96920681 111.9275589 -13.65278435 5.44107151 112.42388153 -12.90774727 4.96165943 111.9713974 -13.6320467 5.42328405 112.44154358 -12.86554909 4.95338488 112.01409912 -13.60931301 5.40518093 112.4569397 -12.82260418 4.94440365 112.05557251 -13.58463764 5.38680601 112.47003174 -12.77901363 4.93473768 112.0956955 -13.55807972 5.36820412 112.48078156 -12.73488426 4.92440939 112.13439178 -13.52970409 5.34941912 112.48917389 -12.69032192 4.91344452 112.17156219 -13.49957848 4.31043959 111.54906464 -13.97410107 4.31079435 111.5 -13.97525215 5.33049726 112.49518585 -12.64543343 4.9018693 112.20710754 -13.46777534 4.30937529 111.59801483 -13.97065067 5.31148386 112.49879456 -12.60032845 5.2924242 112.5 -12.55511379 4.88971138 112.24095154 -13.43437099 4.30760431 111.64672852 -13.96490955 4.87699986 112.27301025 -13.39944649 4.30513096 111.69509125 -13.95689106 4.86376572 112.3032074 -13.36308575 4.30196095 111.74298096 -13.94661522 4.85004044 112.33146667 -13.32537746 4.29810238 111.7902832 -13.93410587 4.83585787 112.35772705 -13.28641033 4.29356432 111.83689117 -13.91939354 4.82125187 112.38191986 -13.24627972 4.28835773 111.8826828 -13.9025135 4.80625677 112.4039917 -13.20508194 4.28249454 111.9275589 -13.88350677 4.79090977 112.42388153 -13.16291714 4.27599001 111.9713974 -13.86241913 4.77524757 112.44154358 -13.11988449 4.26885939 112.01409912 -13.83930206 4.75930786 112.4569397 -13.07608986 4.26111937 112.05557251 -13.81420898 4.74312878 112.47003174 -13.0316391 4.25278902 112.0956955 -13.78720284 4.72674942 112.48078156 -12.98663712 4.2438879 112.13439178 -13.75834751 4.71020937 112.48917389 -12.94119358 4.23443842 112.17156219 -13.72771263 3.60852981 111.54906464 -14.17158794 3.60882688 111.5 -14.17275524 4.6935482 112.49518585 -12.89541817 4.22446251 112.20710754 -13.69537163 3.60763884 111.59801483 -14.16808891 4.67680645 112.49879456 -12.84942055 4.66002464 112.5 -12.8033123 4.01603937 112.5 -13.01967907 4.21398497 112.24095154 -13.6614027 3.60615611 111.64672852 -14.16226673 4.20303011 112.27301025 -13.62588882 3.60408568 111.69509125 -14.15413475 4.19162464 112.3032074 -13.58891392 3.60143185 111.74298096 -14.143713 4.17979622 112.33146667 -13.55056763 3.59820175 111.7902832 -14.13102722 4.16757393 112.35772705 -13.51094246 3.59440255 111.83689117 -14.11610699 4.1549859 112.38191986 -13.47013378 3.59004354 111.8826828 -14.09898853 4.14206314 112.4039917 -13.42823982 3.5851357 111.9275589 -14.07971382 4.12883711 112.42388153 -13.38536167 3.57969022 111.9713974 -14.05832767 4.11533928 112.44154358 -13.34160233 3.57372046 112.01409912 -14.0348835 4.10160208 112.4569397 -13.29706764 3.56724072 112.05557251 -14.00943661 4.08765888 112.47003174 -13.25186443 3.56026697 112.0956955 -13.98204803 4.07354307 112.48078156 -13.20610237 3.55281568 112.13439178 -13.95278454 4.05928898 112.48917389 -13.15989113 3.54490471 112.17156219 -13.92171669 2.89764857 111.54906464 -14.33384228 2.89788723 111.5 -14.33502293 4.04493046 112.49518585 -13.11334229 3.53655338 112.20710754 -13.88891888 2.89693332 111.59801483 -14.33030319 4.03050232 112.49879456 -13.06656742 3.52778172 112.24095154 -13.85447025 2.89574265 111.64672852 -14.3244133 3.51861072 112.27301025 -13.81845379 2.89407992 111.69509125 -14.31618881 3.50906277 112.3032074 -13.78095627 2.89194918 111.74298096 -14.30564785 3.49916053 112.33146667 -13.74206829 2.88935518 111.7902832 -14.29281712 3.48892832 112.35772705 -13.70188332 2.88630462 111.83689117 -14.27772617 3.47839022 112.38191986 -13.66049767 2.88280439 111.8826828 -14.26041126 3.46757197 112.4039917 -13.61801243 2.8788631 111.9275589 -14.2409153 3.45649958 112.42388153 -13.57452774 2.8744905 111.9713974 -14.21928501 3.44519949 112.44154358 -13.53015041 2.86969686 112.01409912 -14.1955719 3.43369937 112.4569397 -13.48498631 2.86449361 112.05557251 -14.16983414 3.42202663 112.47003174 -13.43914413 2.85889363 112.0956955 -14.14213181 3.41020942 112.48078156 -13.39273548 2.85291028 112.13439178 -14.11253357 3.39827633 112.48917389 -13.34587097 2.84655786 112.17156219 -14.08111 2.17956352 111.54906464 -14.46045971 2.17974305 111.5 -14.46165085 3.38625598 112.49518585 -13.29866409 2.83985162 112.20710754 -14.04793644 2.17902541 111.59801483 -14.45688915 3.37417746 112.49879456 -13.25122833 3.36206961 112.5 -13.20367813 2.69974113 112.5 -13.35484982 2.83280802 112.24095154 -14.01309395 2.17812991 111.64672852 -14.45094776 2.82544374 112.27301025 -13.97666454 2.17687941 111.69509125 -14.44265079 2.81777668 112.3032074 -13.93873787 2.17527652 111.74298096 -14.43201637 2.80982518 112.33146667 -13.89940453 2.17332554 111.7902832 -14.41907215 2.80160856 112.35772705 -13.85875988 2.17103076 111.83689117 -14.40384769 2.79314661 112.38191986 -13.81690025 2.1683979 111.8826828 -14.3863802 2.78445959 112.4039917 -13.77392769 2.16543341 111.9275589 -14.36671257 2.77556849 112.42388153 -13.72994614 2.16214442 111.9713974 -14.34489059 2.76649451 112.44154358 -13.6850605 2.15853858 112.01409912 -14.32096863 2.75726008 112.4569397 -13.6393795 2.15462494 112.05557251 -14.29500294 2.7478869 112.47003174 -13.59301281 2.1504128 112.0956955 -14.26705647 2.7383976 112.48078156 -13.54607201 2.14591217 112.13439178 -14.23719692 2.72881532 112.48917389 -13.49867153 2.14113402 112.17156219 -14.20549488 1.45605981 111.54906464 -14.55112648 1.45617974 111.5 -14.55232525 2.71916294 112.49518585 -13.45092392 2.13608956 112.20710754 -14.17202854 1.45570028 111.59801483 -14.54753399 2.70946383 112.49879456 -13.40294456 2.13079166 112.24095154 -14.13687801 1.45510209 111.64672852 -14.5415554 2.12525225 112.27301025 -14.10012722 1.45426655 111.69509125 -14.53320599 2.11948514 112.3032074 -14.06186581 1.45319581 111.74298096 -14.52250481 2.11350441 112.33146667 -14.02218533 1.45189238 111.7902832 -14.50947952 2.10732388 112.35772705 -13.98118019 1.45035946 111.83689117 -14.4941597 2.10095882 112.38191986 -13.93895149 1.44860065 111.8826828 -14.47658253 2.09442472 112.4039917 -13.89559937 1.44662023 111.9275589 -14.45679188 2.08773685 112.42388153 -13.85122871 1.44442296 111.9713974 -14.43483353 2.08091164 112.44154358 -13.8059473 1.4420141 112.01409912 -14.41076088 2.07396555 112.4569397 -13.7598629 1.4393996 112.05557251 -14.38463211 2.06691527 112.47003174 -13.71308613 1.43658555 112.0956955 -14.35651016 2.0597775 112.48078156 -13.66573143 1.43357885 112.13439178 -14.3264637 2.05256987 112.48917389 -13.61791134 1.43038678 112.17156219 -14.29456329 0.72893602 111.54906464 -14.60561657 0 111.59801483 -14.6201849 2.04530954 112.49518585 -13.5697422 1.42701697 112.20710754 -14.26088715 0.72875607 111.59801483 -14.60201073 2.03801394 112.49879456 -13.52133942 2.03070092 112.5 -13.47282028 1.35661197 112.5 -13.55729389 1.42347753 112.24095154 -14.22551632 0.72845656 111.64672852 -14.59601021 0 111.64672852 -14.61417675 1.41977704 112.27301025 -14.18853474 0.72803831 111.69509125 -14.58762932 0 111.69509125 -14.60578537 1.41592443 112.3032074 -14.150033 0.72750229 111.74298096 -14.57688808 0 111.74298096 -14.59503078 1.41192889 112.33146667 -14.11010361 0.72684973 111.7902832 -14.56381416 0 111.7902832 -14.58194065 1.40779996 112.35772705 -14.06884193 0.72608227 111.83689117 -14.54843712 0 111.83689117 -14.56654453 1.40354788 112.38191986 -14.02634811 0.72520179 111.8826828 -14.53079414 0 111.8826828 -14.54887962 1.39918268 112.4039917 -13.98272514 0.72421032 111.9275589 -14.51092815 0 111.9275589 -14.52898884 1.39471483 112.42388153 -13.93807602 0.72311032 111.9713974 -14.48888779 0 111.9713974 -14.50692081 1.39015532 112.44154358 -13.89251041 0.72190446 112.01409912 -14.46472549 0 112.01409912 -14.48272896 0 112.05557251 -14.45646954 1.38551497 112.4569397 -13.84613609 0.72059554 112.05557251 -14.43849945 1.3808049 112.47003174 -13.7990675 0.71918678 112.0956955 -14.4102726 0 112.0956955 -14.4282074 0 112.13439178 -14.39801025 1.37603664 112.48078156 -13.75141525 0.71768159 112.13439178 -14.38011265 1.37122154 112.48917389 -13.70329571 0.71608359 112.17156219 -14.34809303 0 112.17156219 -14.36595154 0 112.20710754 -14.33210659 1.36637127 112.49518585 -13.65482426 0.71439654 112.20710754 -14.314291 0 112.24095154 -14.29655933 1.36149752 112.49879456 -13.6061182 0.71262467 112.24095154 -14.27878761 0.7107721 112.27301025 -14.24166775 0 112.27301025 -14.25939369 0.70884335 112.3032074 -14.203022 0 112.3032074 -14.22069931 0 112.33146667 -14.1805706 0.70684308 112.33146667 -14.16294289 0.70477611 112.35772705 -14.12152672 0 112.35772705 -14.13910294 0.70264739 112.38191986 -14.07887363 0 112.38191986 -14.09639645 0 112.4039917 -14.05255508 0.70046204 112.4039917 -14.03508663 0.69822538 112.42388153 -13.99027061 0 112.42388153 -14.00768375 0 112.44154358 -13.96189022 0.69594276 112.44154358 -13.9445343 0 112.4569397 -13.91528511 0.69361967 112.4569397 -13.89798641 0.69126177 112.47003174 -13.85074139 0 112.47003174 -13.86798 0.68887466 112.48078156 -13.8029108 0 112.48078156 -13.82009029 0 112.48917389 -13.77173042 0.68646413 112.48917389 -13.75461102 0 112.49518585 -13.72301674 0.68403596 112.49518585 -13.70595837 0.68159604 112.49879456 -13.65707016 1.3206836 0.00602272 26.46240234 0 0.00602272 26.49533844 0 0 26.25 1.30845451 0 26.21736908 1.33288324 0.02407637 26.70684624 0 0.02407637 26.7400856 1.34502411 0.05411745 26.95010948 0 0.05411745 26.98365211 1.35707676 0.0960736 27.19160843 0 0.0960736 27.22545242 1.36901236 0.14984374 27.43075943 0 0.14984374 27.46490097 1.38080204 0.21529832 27.66698837 0 0.21529832 27.70142365 2.6380837 0.00602272 26.36367798 2.61365604 0 26.11955833 1.39241731 0.29227966 27.89972496 0 0.29227966 27.93445015 2.6624527 0.02407637 26.60720825 1.40383053 0.38060233 28.12840843 0 0.38060233 28.16341782 2.68670416 0.05411745 26.8495636 1.41501379 0.48005354 28.35248756 0 0.48005354 28.38777542 2.71077967 0.0960736 27.09016228 1.42594039 0.59039366 28.57142258 0 0.59039366 28.60698318 2.73462105 0.14984374 27.32842255 1.436584 0.71135694 28.78468704 0 0.71135694 28.82051277 2.75817108 0.21529832 27.56376839 1.44691896 0.84265196 28.99176788 0 0.84265196 29.0278511 3.94892526 0.00602272 26.19940758 3.91235948 0 25.95681 2.78137302 0.29227966 27.79563713 1.45692027 0.98396236 29.19216347 0 0.98396236 29.22849655 3.98540306 0.02407637 26.44142151 2.80417085 0.38060233 28.02346611 1.46656394 1.13494778 29.38539314 0 1.13494778 29.42196655 4.02170467 0.05411745 26.68226814 2.82650971 0.48005354 28.24670982 1.47582674 1.29524434 29.57098961 0 1.29524434 29.60779572 4.05774307 0.0960736 26.92136574 2.84833574 0.59039366 28.46482849 1.48468637 1.46446609 29.74850845 0 1.46446609 29.78553391 4.093431 0.14984374 27.15814018 2.86959648 0.71135694 28.67729759 1.49312127 1.64220524 29.91751862 0 1.64220524 29.95475578 4.12868309 0.21529832 27.39202118 2.89024067 0.84265196 28.88360596 1.50111151 1.82803357 30.07761765 0 1.82803357 30.11505318 5.24994898 0.00602272 25.97000122 5.20133638 0 25.72952843 4.16341352 0.29227966 27.62244415 2.91021848 0.98396236 29.08325386 1.50863743 2.02150345 30.22841454 0 2.02150345 30.26603699 0 2.2221489 30.40734863 5.29844475 0.02407637 26.20989609 4.19753933 0.38060233 27.84885597 2.92948174 1.13494778 29.27576256 1.51568115 2.2221489 30.3695488 5.34670687 0.05411745 26.44863319 4.23097849 0.48005354 28.07070732 2.94798446 1.29524434 29.46066666 1.52222574 2.42948627 30.50068092 0 2.42948627 30.53864288 5.39461803 0.0960736 26.68563843 4.26364946 0.59039366 28.28746796 2.96568155 1.46446609 29.63752365 1.52825522 2.64301634 30.62149429 0 2.64301634 30.65960693 5.44206429 0.14984374 26.92033958 4.29547453 0.71135694 28.49861145 2.98253059 1.64220524 29.80590439 1.53375518 2.86222458 30.73169708 0 2.86222458 30.76994705 5.48893023 0.21529832 27.152174 4.32637691 0.84265196 28.70363426 2.99849081 1.82803357 29.96540451 1.5387125 3.0865829 30.83102417 0 3.0865829 30.86939812 6.53792095 0.00602272 25.67603111 6.47738171 0 25.4382782 5.53510332 0.29227966 27.38057899 4.35628128 0.98396236 28.90203857 3.01352429 2.02150345 30.11563873 1.54311502 3.3155508 30.91923714 0 3.3155508 30.9577198 0 3.54857659 31.0347023 6.59831381 0.02407637 25.91320992 5.58047247 0.38060233 27.60500717 4.38511658 1.13494778 29.09334755 3.02759409 2.2221489 30.25624657 1.54695225 3.54857659 30.99612236 6.65841579 0.05411745 26.14924431 5.624928 0.48005354 27.82491684 4.41281271 1.29524434 29.27709961 3.04066682 2.42948627 30.38689041 1.55021489 3.78509903 31.06149673 0 3.78509903 31.10015678 6.71808147 0.0960736 26.3835659 5.66836357 0.59039366 28.03977776 4.4393034 1.46446609 29.45285416 3.05271101 2.64301634 30.50725174 1.55289507 4.02454853 31.11520004 0 4.02454853 31.15392685 0 4.26634741 31.1958828 6.77716732 0.14984374 26.61561203 5.71067381 0.71135694 28.24907494 4.46452475 1.64220524 29.62018585 3.06369734 2.86222458 30.61704445 1.55498636 4.26634741 31.15710449 0 4.5099144 31.22592354 6.83553123 0.21529832 26.84482002 5.75175667 0.84265196 28.45230103 4.48841572 1.82803357 29.77869225 3.07359934 3.0865829 30.71600151 1.55648386 4.5099144 31.18710709 0 4.75466156 31.24397659 7.80963802 0.00602272 25.31822395 7.73732328 0 25.08378601 8.9780283 0 24.66693115 6.89303207 0.29227966 27.07064056 5.79151392 0.98396236 28.64896774 4.51091862 2.02150345 29.92799187 3.08239365 3.3155508 30.80388451 1.55738378 4.75466156 31.20513916 0 5 31.25 1.55768394 5 31.21115303 7.88177872 0.02407637 25.55209923 6.94953156 0.38060233 27.29252815 5.82984924 1.13494778 28.83860207 4.53198004 2.2221489 30.06772232 3.09005833 3.54857659 30.88048363 7.95357132 0.05411745 25.78484535 7.00489378 0.48005354 27.50994873 5.86667013 1.29524434 29.02074623 4.55154848 2.42948627 30.19755173 3.0965755 3.78509903 30.94561195 8.02484226 0.0960736 26.01590157 7.05898476 0.59039366 27.72237778 5.90188885 1.46446609 29.19496155 4.56957722 2.64301634 30.31716347 3.10192943 4.02454853 30.99911499 8.09542179 0.14984374 26.24471283 7.11167479 0.71135694 27.92930603 5.93541908 1.64220524 29.36082649 4.58602238 2.86222458 30.42627144 3.10610676 4.26634741 31.04086304 8.16513824 0.21529832 26.47072601 7.16283703 0.84265196 28.13023186 5.96718168 1.82803357 29.51794624 4.60084486 3.0865829 30.52461243 3.10909796 4.5099144 31.070755 9.06193924 0.00602272 24.89747429 8.23382378 0.29227966 26.69339943 7.21234751 0.98396236 28.3246727 5.99709845 2.02150345 29.66593742 4.6140089 3.3155508 30.61194801 3.11089563 4.75466156 31.08871841 3.11149526 5 31.0947113 9.145648 0.02407637 25.12746048 8.3013134 0.38060233 26.91219521 7.26008797 1.13494778 28.51215935 6.0250988 2.2221489 29.80444527 4.62548208 3.54857659 30.6880703 9.22895241 0.05411745 25.3563385 8.36744404 0.48005354 27.12658691 7.30594254 1.29524434 28.69224167 6.05111456 2.42948627 29.93313789 4.63523769 3.78509903 30.75279236 9.31165314 0.0960736 25.58355522 8.43205643 0.59039366 27.33605576 7.34980106 1.46446609 28.86448479 6.07508278 2.64301634 30.0517025 4.6432519 4.02454853 30.80596352 9.39354897 0.14984374 25.80856514 8.49499512 0.71135694 27.5401001 7.39155769 1.64220524 29.0284729 6.09694624 2.86222458 30.15985489 4.64950514 4.26634741 30.84745026 9.47444439 0.21529832 26.03082275 8.55610943 0.84265196 27.73822594 7.43111181 1.82803357 29.1838131 6.11665201 3.0865829 30.25733376 4.65398264 4.5099144 30.8771553 10.29171181 0.00602272 24.41482353 10.19641304 0 24.18875122 9.55414391 0.29227966 26.24979591 8.61525059 0.98396236 27.92995644 7.46836853 2.02150345 29.33012962 6.13415289 3.3155508 30.3439064 4.65667295 4.75466156 30.89500809 4.65757084 5 30.90096283 10.38677979 0.02407637 24.64035225 9.63245583 0.38060233 26.46495438 8.6722765 1.13494778 28.11483192 7.5032382 2.2221489 29.46706963 6.14940643 3.54857659 30.41936111 10.48138905 0.05411745 24.86479378 9.70919132 0.48005354 26.67578316 8.72705078 1.29524434 28.29240417 7.53563595 2.42948627 29.59430504 6.16237593 3.78509903 30.48351669 10.57531261 0.0960736 25.08760643 9.78416443 0.59039366 26.88177109 8.77943993 1.46446609 28.46224594 7.56548452 2.64301634 29.71152878 6.17303038 4.02454853 30.53622246 10.66832352 0.14984374 25.30825233 9.85719585 0.71135694 27.08242416 8.829319 1.64220524 28.62394905 7.59271193 2.86222458 29.81845665 6.18134403 4.26634741 30.57734489 10.76019669 0.21529832 25.52620316 9.92811012 0.84265196 27.27725792 8.87656784 1.82803357 28.7771244 7.61725235 3.0865829 29.91483116 6.18729639 4.5099144 30.60679054 11.49589634 0.00602272 23.87147522 11.38944817 0 23.65043259 10.85071182 0.29227966 25.74093056 9.99673462 0.98396236 27.46580315 8.92107105 2.02150345 28.92140198 7.63904667 3.3155508 30.00042343 6.19087362 4.75466156 30.62448692 6.19206715 5 30.63039017 11.60208797 0.02407637 24.0919838 10.93965149 0.38060233 25.95191956 10.06290531 1.13494778 27.64760399 8.96272278 2.2221489 29.05643463 7.65804243 3.54857659 30.07502365 11.70776844 0.05411745 24.31142998 11.02680016 0.48005354 26.15865898 10.12646198 1.29524434 27.82222557 9.00142288 2.42948627 29.18189621 7.67419386 3.78509903 30.13845444 11.8126812 0.0960736 24.52928352 11.11194801 0.59039366 26.36065483 10.187253 1.46446609 27.98924637 9.0370779 2.64301634 29.29748535 7.68746185 4.02454853 30.1905632 11.91657352 0.14984374 24.74501991 11.19489002 0.71135694 26.55741692 10.24512959 1.64220524 28.14826202 9.06960106 2.86222458 29.40292358 7.69781494 4.26634741 30.23122215 12.01919746 0.21529832 24.95812035 11.27542782 0.84265196 26.74847412 10.29995441 1.82803357 28.29889297 9.0989151 3.0865829 29.49795723 7.70522785 4.5099144 30.26033401 12.67150116 0.00602272 23.26877785 12.55416679 0 23.05331612 13.68767452 0 22.39888573 12.12030315 0.29227966 25.16806984 11.35336494 0.98396236 26.93336487 10.35159492 2.02150345 28.44077301 9.1249485 3.3155508 29.5823555 7.70968246 4.75466156 30.27782822 7.71116877 5 30.2836647 12.78855228 0.02407637 23.48372078 12.21964836 0.38060233 25.37436295 11.42851543 1.13494778 27.11164284 10.39992523 2.2221489 28.57356071 9.14763927 3.54857659 29.65591621 12.90503883 0.05411745 23.69762611 12.31699371 0.48005354 25.57650185 11.50069809 1.29524434 27.28287888 10.44483089 2.42948627 28.69693756 9.16693211 3.78509903 29.7184639 13.02068043 0.0960736 23.90997887 12.41210461 0.59039366 25.77400208 11.56973743 1.46446609 27.446661 10.48620319 2.64301634 28.810606 9.18278122 4.02454853 29.76984406 13.13519859 0.14984374 24.12026787 12.50475216 0.71135694 25.96638489 11.63546944 1.64220524 27.60259438 10.52394104 2.86222458 28.91429138 9.19514751 4.26634741 29.80993652 13.24831581 0.21529832 24.32798767 12.59471226 0.84265196 26.15319061 11.69773388 1.82803357 27.75030518 10.55795574 3.0865829 29.00774574 9.20400238 4.5099144 29.83864403 13.8156023 0.00602272 22.60823059 13.35976124 0.29227966 24.53263664 12.68176937 0.98396236 26.3339653 11.75638199 2.02150345 27.88943291 10.58816433 3.3155508 29.09074211 9.20932388 4.75466156 29.85589409 9.21109962 5 29.86165047 13.94322205 0.02407637 22.81707191 13.46926594 0.38060233 24.73372078 12.76571274 1.13494778 26.50827599 11.81127167 2.2221489 28.0196476 10.61449337 3.54857659 29.16308022 14.07022667 0.05411745 23.02490425 13.5765667 0.48005354 24.93075752 12.84634113 1.29524434 26.67570114 11.86227131 2.42948627 28.14063263 10.63687992 3.78509903 29.22458649 14.19630909 0.0960736 23.23122978 13.68140411 0.59039366 25.12327003 12.92345905 1.46446609 26.83583832 11.90925789 2.64301634 28.25209808 10.65527058 4.02454853 29.27511406 14.32116604 0.14984374 23.43554878 13.78352547 0.71135694 25.31079674 12.99688148 1.64220524 26.98830223 11.95211792 2.86222458 28.35377312 10.66962051 4.26634741 29.31454086 14.44449711 0.21529832 23.63737106 13.88268566 0.84265196 25.49288559 13.06643105 1.82803357 27.13272476 11.99074841 3.0865829 28.4454155 10.67989445 4.5099144 29.34276962 14.92535591 0.00602272 21.89147568 14.78715134 0 21.68876839 14.56600571 0.29227966 23.83621025 13.97864437 0.98396236 25.66909599 13.1319418 2.02150345 27.26875687 12.02505589 3.3155508 28.52680206 10.68606949 4.75466156 29.35973549 10.68812943 5 29.36539459 15.0632267 0.02407637 22.09369469 14.68539715 0.38060233 24.0315876 14.07117271 1.13494778 25.83900642 13.19325352 2.2221489 27.3960743 12.05495834 3.54857659 28.59774017 15.20043278 0.05411745 22.29493904 14.80238533 0.48005354 24.22303009 14.16004562 1.29524434 26.0022049 13.2502203 2.42948627 27.51436615 12.0803833 3.78509903 28.65805435 15.33664322 0.0960736 22.49472427 14.91668797 0.59039366 24.41007805 14.24505043 1.46446609 26.15829849 13.30270481 2.64301634 27.62335014 12.10126877 4.02454853 28.70760155 15.47152996 0.14984374 22.69256592 15.0280304 0.71135694 24.59228134 14.32598114 1.64220524 26.30691338 13.35057926 2.86222458 27.72276306 12.11756611 4.26634741 28.7462635 15.6047678 0.21529832 22.88799095 15.13614368 0.84265196 24.76920128 14.4026432 1.82803357 26.44768906 13.39372921 3.0865829 27.81236649 12.12923527 4.5099144 28.77394676 15.99800205 0.00602272 21.12029457 15.84986591 0 20.92472839 16.87317467 0 20.10866737 15.73603535 0.29227966 23.08052444 15.24076748 0.98396236 24.94040871 14.47485256 2.02150345 26.58028793 13.43205166 3.3155508 27.89194298 12.13624763 4.75466156 28.79058266 12.138587 5 28.79613113 16.14578247 0.02407637 21.31539154 15.86501789 0.38060233 23.26970673 15.34164906 1.13494778 25.10549545 14.54243565 2.2221489 26.70438957 13.46545219 3.54857659 27.9612999 16.29284859 0.05411745 21.50954628 15.99140358 0.48005354 23.45508003 15.43854618 1.29524434 25.26406097 14.60522747 2.42948627 26.81969452 13.49385166 3.78509903 28.02027321 16.4388485 0.0960736 21.7022934 16.11488724 0.59039366 23.63619995 15.53122616 1.46446609 25.4157238 14.66307831 2.64301634 26.92592812 13.51718235 4.02454853 28.06871796 16.58342743 0.14984374 21.89316559 16.23517418 0.71135694 23.81262589 15.61946392 1.64220524 25.56011963 14.71584892 2.86222458 27.02283096 13.53538609 4.26634741 28.1065197 16.72624207 0.21529832 22.08170509 16.35197067 0.84265196 23.98393631 15.70304871 1.82803357 25.69689941 14.76341248 3.0865829 27.11017036 13.54842091 4.5099144 28.13358498 17.03087616 0.00602272 20.29660606 16.86694336 0.29227966 22.26745796 16.46499825 0.98396236 24.14971733 15.78177738 2.02150345 25.82573318 14.80565262 3.3155508 27.18773842 13.55625343 4.75466156 28.14985085 13.5588665 5 28.15527725 17.18819618 0.02407637 20.48409462 17.00519562 0.38060233 22.44997597 16.57398415 1.13494778 24.30957031 15.85546207 2.2221489 25.94631195 14.84246922 3.54857659 27.25534439 17.34475708 0.05411745 20.67067719 17.14066315 0.48005354 22.62881851 16.67866516 1.29524434 24.46310806 15.92392349 2.42948627 26.05834579 14.87377357 3.78509903 27.31282806 17.50018311 0.0960736 20.85590553 17.27302361 0.59039366 22.80355644 16.77878952 1.46446609 24.60996246 15.9869976 2.64301634 26.16156197 14.8994894 4.02454853 27.3600502 17.65409851 0.14984374 21.03933525 17.40195274 0.71135694 22.97376823 16.87411499 1.64220524 24.74978065 16.04453278 2.86222458 26.25571442 14.91955471 4.26634741 27.39689636 17.80613136 0.21529832 21.22052193 17.52714539 0.84265196 23.13904381 16.96441269 1.82803357 24.88222313 16.09638977 3.0865829 26.34057617 14.93392181 4.5099144 27.42328072 18.02140617 0.00602272 19.42245674 17.85453415 0 19.24261093 17.95591736 0.29227966 21.39902878 17.64829445 0.98396236 23.29898453 17.04946518 2.02150345 25.00697327 16.14244461 3.3155508 26.41594124 14.94255638 4.75466156 27.4391346 14.94543648 5 27.44442368 18.18787766 0.02407637 19.60186958 18.10309601 0.38060233 21.57442856 17.76511383 1.13494778 23.45320511 17.12906837 2.2221489 25.12372971 16.18258667 3.54857659 26.48162842 18.35354424 0.05411745 19.78041649 18.24731064 0.48005354 21.74629784 17.87731743 1.29524434 23.60133553 17.20302963 2.42948627 25.23221016 16.21671677 3.78509903 26.5374794 18.51800919 0.0960736 19.9576683 18.38821411 0.59039366 21.91422081 17.98463631 1.46446609 23.7430172 17.27117157 2.64301634 25.33215523 16.24475479 4.02454853 26.58336067 18.68087769 0.14984374 20.13319778 18.52546883 0.71135694 22.07779503 18.08681297 1.64220524 23.87790871 17.33332825 2.86222458 25.42332268 16.26663208 4.26634741 26.61916161 18.84175301 0.21529832 20.30657959 18.6587429 0.84265196 22.23662376 18.18360138 1.82803357 24.00568771 17.38935089 3.0865829 25.50549316 16.28229523 4.5099144 26.64479637 18.96713448 0.00602272 18.50002098 18.79150391 0 18.32871628 19.00025177 0.29227966 20.47739983 18.78771591 0.98396236 22.39032745 18.27476692 2.02150345 24.12604332 17.43910408 3.3155508 25.57846832 16.2917099 4.75466156 26.66020012 16.2948494 5 26.66534042 19.14234161 0.02407637 18.67091179 19.15598869 0.38060233 20.64524651 18.91207504 1.13494778 22.53853416 18.36009026 2.2221489 24.23868561 17.48246956 3.54857659 25.64207458 19.31670189 0.05411745 18.84097862 19.30859184 0.48005354 20.80971146 19.03152275 1.29524434 22.68088722 18.43936729 2.42948627 24.34334564 17.51934242 3.78509903 25.69615555 19.48979759 0.0960736 19.00981331 19.45769119 0.59039366 20.97040367 19.14577293 1.46446609 22.8170433 18.5124054 2.64301634 24.43976974 17.54963112 4.02454853 25.74058151 19.66121292 0.14984374 19.17700577 19.60292816 0.71135694 21.12693214 19.25454521 1.64220524 22.94667435 18.57902908 2.86222458 24.52772522 17.57326698 4.26634741 25.77524757 19.83053017 0.21529832 19.34215355 19.7439537 0.84265196 21.27892113 19.35758209 1.82803357 23.06946754 18.63907814 3.0865829 24.60700035 17.59018898 4.5099144 25.80006981 19.8657074 0.00602272 17.53158951 19.68175697 0 17.36925316 19.99734688 0.29227966 19.50486183 19.88042641 0.98396236 21.42600441 19.45463371 2.02150345 23.18512917 18.69240761 3.3155508 24.6774044 17.60035896 4.75466156 25.81498528 17.60375214 5 25.81996155 20.04921341 0.02407637 17.69353676 20.16125679 0.38060233 19.66473389 20.01202011 1.13494778 21.56782722 19.54546738 2.2221489 23.29338074 18.73888969 3.54857659 24.73876953 20.23183441 0.05411745 17.85470009 20.32186699 0.48005354 19.82139015 20.13841438 1.29524434 21.70405006 19.62986183 2.42948627 23.39395714 18.77841187 3.78509903 24.79094505 20.41313171 0.0960736 18.01469612 20.47879219 0.59039366 19.97444916 20.25930786 1.46446609 21.83434105 19.7076149 2.64301634 23.48662186 18.81087875 4.02454853 24.83380699 20.59266663 0.14984374 18.17313576 20.63165092 0.71135694 20.12354469 20.37440872 1.64220524 21.95838928 19.77853966 2.86222458 23.57114601 18.83621216 4.26634741 24.86725235 20.77000618 0.21529832 18.32963943 20.78007698 0.84265196 20.26831436 20.48343849 1.82803357 22.07589531 19.84246635 3.0865829 23.64733124 18.85435104 4.5099144 24.89119911 20.71488953 0.00602272 16.51957321 20.52307701 0 16.36660767 20.94472504 0.29227966 18.4838295 20.92371178 0.98396236 20.40841293 20.58613396 2.02150345 22.18657494 19.89923859 3.3155508 23.71498871 18.86525154 4.75466156 24.90559006 18.86888695 5 24.91039085 20.90624046 0.02407637 16.67217064 21.11640167 0.38060233 18.63533401 21.06221008 1.13494778 20.5435009 20.68224907 2.2221489 22.29016304 19.94872093 3.54857659 23.77396011 21.09666824 0.05411745 16.82403183 21.28462029 0.48005354 18.78378868 21.19523811 1.29524434 20.67325211 20.77155304 2.42948627 22.38640976 19.99079514 3.78509903 23.8241024 21.2857151 0.0960736 16.97479057 21.44897842 0.59039366 18.92883682 21.32247543 1.46446609 20.79735565 20.85382843 2.64301634 22.4750824 20.0253582 4.02454853 23.8652916 21.47292328 0.14984374 17.12408638 21.60907936 0.71135694 19.07012558 21.44361687 1.64220524 20.91551399 20.92887878 2.86222458 22.55596733 20.0523262 4.26634741 23.89743233 21.65784454 0.21529832 17.27155495 21.76453781 0.84265196 19.20731735 21.55836678 1.82803357 21.02743912 20.9965229 3.0865829 22.62887001 20.0716362 4.5099144 23.92044449 21.51257133 0.00602272 15.46648598 21.31337357 0 15.32327175 22.05068016 0 14.24183941 21.84003258 0.29227966 17.41684341 21.91497803 0.98396236 19.34008217 21.66645241 2.02150345 21.13286209 21.05659676 3.3155508 22.69361496 20.08324242 4.75466156 23.93427467 20.08711243 5 23.93888855 21.71129227 0.02407637 15.60935593 22.01904678 0.38060233 17.55960274 22.06003761 1.13494778 19.46809769 21.76761246 2.2221489 21.23152924 21.10895729 3.54857659 22.75004578 21.9090538 0.05411745 15.75153637 22.1944561 0.48005354 17.69948769 22.19936752 1.29524434 19.59105873 21.86160278 2.42948627 21.32320404 21.15347862 3.78509903 22.79802704 22.1053791 0.0960736 15.89268494 22.36584091 0.59039366 17.83616257 22.33263397 1.46446609 19.70866585 21.94819641 2.64301634 21.40766525 21.19005203 4.02454853 22.83744431 22.29979706 0.14984374 16.03246117 22.53278542 0.71135694 17.9692955 22.45951271 1.64220524 19.82063675 22.02718544 2.86222458 21.48470879 21.21858978 4.26634741 22.8682003 22.49183846 0.21529832 16.17053032 22.69488716 0.84265196 18.09856987 22.57970047 1.82803357 19.92670441 22.09837914 3.0865829 21.55414963 21.2390213 4.5099144 22.89022255 22.25677109 0.00602272 14.37494659 22.68104172 0.29227966 16.30655861 22.85175896 0.98396236 18.22366905 22.69290543 2.02150345 20.02660942 22.16160583 3.3155508 21.61581993 21.25130081 4.75466156 22.90345573 21.2553978 5 22.90787125 22.4623661 0.02407637 14.50773335 22.86694908 0.38060233 16.44021606 23.00301933 1.13494778 18.3442955 22.79885864 2.2221489 20.12011147 22.21671486 3.54857659 21.66957092 22.66696739 0.05411745 14.63988018 23.04911423 0.48005354 16.57118416 23.14830589 1.29524434 18.46015739 22.89730072 2.42948627 20.20698738 22.26357079 3.78509903 21.71527481 22.87008476 0.0960736 14.77106667 23.22709656 0.59039366 16.69914627 23.28726768 1.46446609 18.57097626 22.98799706 2.64301634 20.28702736 22.30206299 4.02454853 21.75281906 23.07122803 0.14984374 14.90097904 23.40047073 0.71135694 16.82379341 23.41957092 1.64220524 18.67648506 23.0707283 2.86222458 20.36003685 22.33209801 4.26634741 21.78211403 23.26991463 0.21529832 15.02930355 23.56881523 0.84265196 16.94482422 23.54489517 1.82803357 18.77642822 23.14529419 3.0865829 20.42584419 22.35360336 4.5099144 21.80308914 22.94563675 0.00602272 13.24766922 22.73316765 0 13.125 23.465662 0.29227966 15.1557312 23.7317276 0.98396236 17.06195068 23.66294098 2.02150345 18.87056541 23.21151733 3.3155508 20.48428535 22.36652756 4.75466156 21.81569481 22.37083817 5 21.81990051 23.15759277 0.02407637 13.3700428 23.65800095 0.38060233 15.27995682 23.88881302 1.13494778 17.1748867 23.77342224 2.2221489 18.95867157 23.26923561 3.54857659 20.53522301 23.36852837 0.05411745 13.49182606 23.84646797 0.48005354 15.4016819 24.03969383 1.29524434 17.28336334 23.87607193 2.42948627 19.04053307 23.31831169 3.78509903 20.57853317 23.57793236 0.0960736 13.61272621 24.03060722 0.59039366 15.52061176 24.18400764 1.46446609 17.38711739 23.9706459 2.64301634 19.11595154 23.35862923 4.02454853 20.61411095 23.78530121 0.14984374 13.73245049 24.2099781 0.71135694 15.63646221 24.32140541 1.64220524 17.48589897 24.05691338 2.86222458 19.1847477 23.39008713 4.26634741 20.64187431 23.9901371 0.21529832 13.85071182 24.38414764 0.84265196 15.74895191 24.45155525 1.82803357 17.57947159 24.13466644 3.0865829 19.24675369 23.41261101 4.5099144 20.66175079 23.57745552 0.00602272 12.08745575 23.35913467 0 11.97552967 24.19194221 0.29227966 13.96722507 24.55269432 0.98396236 15.85781193 24.57414627 2.02150345 17.66760826 24.20372009 3.3155508 19.30182266 23.42614746 4.75466156 20.67369652 23.43066216 5 20.67768288 23.79524803 0.02407637 12.19911194 24.39023399 0.38060233 14.08170891 24.71521378 1.13494778 15.96277809 24.68888092 2.2221489 17.75009727 24.26390648 3.54857659 19.34981918 24.0119915 0.05411745 12.31023026 24.5845356 0.48005354 14.19388771 24.871315 1.29524434 16.06359863 24.79548454 2.42948627 17.82674026 24.31508064 3.78509903 19.39063072 24.22716141 0.0960736 12.42054081 24.77437401 0.59039366 14.30349159 25.02062035 1.46446609 16.16003036 24.89369965 2.64301634 17.89735031 24.35712051 4.02454853 19.42415619 24.44024086 0.14984374 12.52978039 24.95929718 0.71135694 14.41025639 25.16277122 1.64220524 16.25184059 24.98328972 2.86222458 17.96176147 24.3899231 4.26634741 19.45031548 24.65071487 0.21529832 12.63768482 25.13885689 0.84265196 14.51392555 25.29742432 1.82803357 16.33880997 25.06403732 3.0865829 18.01981544 24.41341019 4.5099144 19.46904564 24.15065575 0.00602272 10.89719105 23.92702866 0 10.79628658 24.858078 0.29227966 12.74399376 25.31262016 0.98396236 14.61424828 25.42425537 2.02150345 16.42072487 25.13574982 3.3155508 18.07137299 24.42752457 4.75466156 19.4803009 24.43223381 5 19.48405647 24.37374496 0.02407637 10.99785233 25.06183052 0.38060233 12.84845066 25.4801712 1.13494778 14.71098328 25.54296112 2.2221489 16.49739265 25.19825363 3.54857659 18.11631012 24.59575653 0.05411745 11.09802818 25.26148033 0.48005354 12.95080566 25.64110184 1.29524434 14.80389786 25.65325165 2.42948627 16.5686264 25.25139809 3.78509903 18.15452003 24.81615829 0.0960736 11.19747734 25.45654869 0.59039366 13.05081081 25.79502869 1.46446609 14.89276695 25.75486374 2.64301634 16.63425446 25.2950573 4.02454853 18.18590736 25.03441811 0.14984374 11.29595947 25.64656258 0.71135694 13.14822578 25.94157982 1.64220524 14.97737789 25.84755325 2.86222458 16.69412041 25.32912254 4.26634741 18.21039963 25.25000954 0.21529832 11.39323807 25.83106613 0.84265196 13.24281502 26.08040047 1.82803357 15.05752659 25.93109512 3.0865829 16.74807549 25.35351372 4.5099144 18.22793579 24.66381454 0.00602272 9.67983437 24.43543625 0 9.59020233 24.88309288 0 8.36027431 25.46241379 0.29227966 11.48907852 26.00961494 0.98396236 13.33435154 26.21115685 2.02150345 15.13301849 26.00528717 3.3155508 16.79599571 25.36817169 4.75466156 18.23847389 25.37306213 5 18.24198914 24.89164352 0.02407637 9.76924992 25.67111969 0.38060233 11.58325005 26.18177795 1.13494778 13.42261505 26.33353615 2.2221489 15.20367432 26.06995392 3.54857659 16.83776093 25.11837387 0.05411745 9.85823536 25.8756237 0.48005354 11.67552567 26.34714127 1.29524434 13.50739193 26.44724083 2.42948627 15.26932144 26.12493706 3.78509903 16.87327385 25.34345818 0.0960736 9.94657421 26.07543373 0.59039366 11.76568317 26.50530624 1.46446609 13.58847809 26.55199814 2.64301634 15.32980347 26.17010498 4.02454853 16.90244675 25.56635475 0.14984374 10.03405476 26.27006721 0.71135694 11.85350513 26.65589333 1.64220524 13.66567898 26.6475544 2.86222458 15.38497353 26.20535088 4.26634741 16.92520905 25.78652763 0.21529832 10.12046623 26.45905685 0.84265196 11.93878078 26.7985363 1.82803357 13.73880768 26.73368263 3.0865829 15.43469906 26.2305851 4.5099144 16.94150734 25.1156559 0.00602272 8.43841171 25.26888657 0 7.1095624 26.00344467 0.29227966 10.20560074 26.64194489 0.98396236 12.02130413 26.93289375 2.02150345 13.80768871 26.81017303 3.3155508 15.4788599 26.24575043 4.75466156 16.95130348 26.25081062 5 16.95457077 25.34765816 0.02407637 8.51636028 26.21658516 0.38060233 10.28925133 26.81829453 1.13494778 12.1008749 27.05864143 2.2221489 13.87215614 26.87684059 3.54857659 15.51735115 25.57854271 0.05411745 8.59393311 26.42543411 0.48005354 10.37121868 26.98767853 1.29524434 12.17730427 27.17547798 2.42948627 13.93205452 26.93352509 3.78509903 15.55007839 25.8077507 0.0960736 8.67094326 26.6294899 0.59039366 10.45130444 27.14968872 1.46446609 12.25040627 27.2831192 2.64301634 13.98723888 26.98009109 4.02454853 15.57696342 26.03473091 0.14984374 8.74720383 26.82826042 0.71135694 10.52931595 27.303936 1.64220524 12.32000446 27.3813076 2.86222458 14.03757763 27.01642609 4.26634741 15.5979414 26.25893593 0.21529832 8.82253361 27.02126503 0.84265196 10.60506535 27.45004654 1.82803357 12.38593292 27.46980667 3.0865829 14.08294773 27.04244232 4.5099144 15.61296177 25.50505447 0.00602272 7.17600965 26.47982788 0.29227966 8.8967495 27.20804024 0.98396236 10.67836857 27.58767128 2.02150345 12.44803143 27.54840279 3.3155508 14.12324238 27.05807877 4.75466156 15.6219883 27.06329346 5 15.625 25.74065399 0.02407637 7.24229717 26.69687271 0.38060233 8.9696722 27.38813591 1.13494778 10.74905109 27.71647644 2.2221489 12.50615025 27.61690521 3.54857659 14.15836143 25.97511864 0.05411745 7.30826521 26.90954781 0.48005354 9.0411272 27.56111908 1.29524434 10.81694221 27.83615112 2.42948627 12.56015015 27.67515182 3.78509903 14.18822289 26.20788002 0.0960736 7.37375402 27.117342 0.59039366 9.11094284 27.72657204 1.46446609 10.8818779 27.94641113 2.64301634 12.60990047 27.72300148 4.02454853 14.2127533 26.43837929 0.14984374 7.43860674 27.31975365 0.71135694 9.1789484 27.88409615 1.64220524 10.94370079 28.04698563 2.86222458 12.65528202 27.76033592 4.26634741 14.23189449 26.6660614 0.21529832 7.50266647 27.51629448 0.84265196 9.24498272 28.03331184 1.82803357 11.00226402 28.13763618 3.0865829 12.69618511 27.78706932 4.5099144 14.24559879 25.83104515 0.00602272 5.89576721 25.59185791 0 5.8411746 25.85120392 0 4.55826473 26.89037895 0.29227966 7.56577921 27.70649147 0.98396236 9.30888557 28.17386055 2.02150345 11.0574255 28.21814346 3.3155508 12.73251152 27.80313492 4.75466156 14.25383568 27.80849457 5 14.25658321 26.06965637 0.02407637 5.95022869 27.11078835 0.38060233 7.62779331 27.88988686 1.13494778 9.37050343 28.30540276 2.2221489 11.1090517 28.28831291 3.54857659 12.76417255 26.30711555 0.05411745 6.00442743 27.32676125 0.48005354 7.68855858 28.06603813 1.29524434 9.4296875 28.42762184 2.42948627 11.15701866 28.34797478 3.78509903 12.79109287 26.5428524 0.0960736 6.05823278 27.53777695 0.59039366 7.74792862 28.23452187 1.46446609 9.48629475 28.54022217 2.64301634 11.20121193 28.39698601 4.02454853 12.81320858 26.77629852 0.14984374 6.11151552 27.74332619 0.71135694 7.80576134 28.39493179 1.64220524 9.54018974 28.6429348 2.86222458 11.24152374 28.43523026 4.26634741 12.83046436 27.00689125 0.21529832 6.16414642 27.94291306 0.84265196 7.86191702 28.54688072 1.82803357 9.59124184 28.73551178 3.0865829 11.27785778 28.46261215 4.5099144 12.84281921 26.0928154 0.00602272 4.60086727 27.23407364 0.29227966 6.2159996 28.13605881 0.98396236 7.91625977 28.69000435 2.02150345 9.63932896 28.81772995 3.3155508 11.31012535 28.47906876 4.75466156 12.85024452 28.48455811 5 12.85272217 26.33384323 0.02407637 4.64336729 27.45730209 0.38060233 6.26694965 28.32229805 1.13494778 7.96865892 28.82395744 2.2221489 9.68433475 28.88938904 3.54857659 11.33825016 26.57370949 0.05411745 4.68566227 27.67603493 0.48005354 6.3168745 28.50118065 1.29524434 8.01898861 28.94841576 2.42948627 9.72615051 28.95031929 3.78509903 11.36216259 26.81183624 0.0960736 4.72765017 27.88974762 0.59039366 6.36565256 28.67227745 1.46446609 8.06712818 29.06307983 2.64301634 9.76467514 29.00037193 4.02454853 11.38180733 27.04764748 0.14984374 4.76922989 28.09792328 0.71135694 6.41316748 28.83517456 1.64220524 8.11295986 29.16767311 2.86222458 9.79981709 29.03942871 4.26634741 11.39713573 27.28057671 0.21529832 4.81030178 28.30006218 0.84265196 6.45930433 28.98947906 1.82803357 8.15637493 29.26194572 3.0865829 9.83149147 29.06739235 4.5099144 11.40811062 26.28971291 0.00602272 3.29452848 26.04627991 0 3.26402235 26.1765995 0 1.96166492 27.51006126 0.29227966 4.85076618 28.49567795 0.98396236 6.5039525 29.13482094 2.02150345 8.19726753 29.34566879 3.3155508 9.85962105 29.084198 4.75466156 11.41470623 29.0898037 5 11.41690731 26.53256226 0.02407637 3.32496142 27.73555183 0.38060233 4.89052629 28.68429565 1.13494778 6.54700327 29.27085114 2.2221489 8.23554039 29.41864204 3.54857659 9.88413811 26.77423859 0.05411745 3.35524726 27.95650101 0.48005354 4.92948532 28.86546516 1.29524434 6.58835411 29.39723778 2.42948627 8.27110004 29.4806881 3.78509903 9.90498447 27.01416016 0.0960736 3.38531351 28.17237854 0.59039366 4.96755075 29.03874779 1.46446609 6.62790489 29.5136795 2.64301634 8.30386257 29.53165817 4.02454853 9.9221096 27.25175095 0.14984374 3.41508746 28.38266563 0.71135694 5.00462961 29.20372772 1.64220524 6.66556025 29.61989594 2.86222458 8.33374691 29.57143021 4.26634741 9.93547249 27.48643875 0.21529832 3.44449759 28.58685303 0.84265196 5.04063368 29.36000443 1.82803357 6.70122957 29.71563148 3.0865829 8.36068249 29.59990692 4.5099144 9.94503975 26.4212513 0.00602272 1.97999907 26.24184036 0 0.65443069 27.71765518 0.29227966 3.47347283 28.78445053 0.98396236 5.07547522 29.50720406 2.02150345 6.73482704 29.80065155 3.3155508 8.3846035 29.61701965 4.75466156 9.95078945 29.62273026 5 9.95270824 26.66531563 0.02407637 1.99828911 27.94484711 0.38060233 3.50194359 28.97498131 1.13494778 5.10907078 29.64497185 2.2221489 6.76627159 29.87475586 3.54857659 8.40545273 26.90820122 0.05411745 2.01649094 28.1674633 0.48005354 3.52984118 29.15798569 1.29524434 5.14133978 29.77297592 2.42948627 6.7954874 29.93776512 3.78509903 8.42318058 27.14932442 0.0960736 2.03456044 28.38497162 0.59039366 3.55709839 29.33302498 1.46446609 5.17220354 29.89090538 2.64301634 6.82240438 29.98952484 4.02454853 8.43774414 27.38810349 0.14984374 2.05245471 28.59684372 0.71135694 3.5836494 29.49967575 1.64220524 5.20158863 29.99847984 2.86222458 6.84695721 30.02991295 4.26634741 8.44910717 27.62396431 0.21529832 2.07012987 28.80257225 0.84265196 3.60943055 29.65753746 1.82803357 5.229424 30.095438 3.0865829 6.86908722 30.05883217 4.5099144 8.45724392 26.48710251 0.00602272 0.66054714 26.24184036 0 -0.65443069 27.8563385 0.29227966 2.08754396 29.00165939 0.98396236 3.63437963 29.80622864 2.02150345 5.25564241 30.18154526 3.3155508 6.88874102 30.07621002 4.75466156 8.46213341 30.08200836 5 8.46376419 26.73177528 0.02407637 0.66664881 28.08466721 0.38060233 2.10465479 29.19362831 1.13494778 3.6584363 29.94539261 2.2221489 5.28018045 30.25659752 3.54857659 6.90587091 26.9752655 0.05411745 0.67272115 28.30839729 0.48005354 2.1214211 29.37801552 1.29524434 3.68154287 30.07469177 2.42948627 5.30297995 30.32040977 3.78509903 6.92043591 27.21698952 0.0960736 0.67874932 28.5269928 0.59039366 2.1378026 29.55437469 1.46446609 3.70364356 30.19381714 2.64301634 5.32398462 30.37283325 4.02454853 6.9324007 27.45636368 0.14984374 0.68471897 28.73992538 0.71135694 2.15375972 29.72228241 1.64220524 3.72468519 30.3024826 2.86222458 5.34314489 30.41373634 4.26634741 6.9417367 27.69281387 0.21529832 0.69061565 28.94668388 0.84265196 2.16925406 29.88133621 1.82803357 3.74461722 30.40042305 3.0865829 5.36041451 30.44302368 4.5099144 6.94842148 26.48710251 0.00602272 -0.66054714 27.92576599 0.29227966 0.69642514 29.14676857 0.98396236 2.18424821 30.03114891 2.02150345 3.76339126 30.48740387 3.3155508 5.3757515 30.46062469 4.75466156 6.95243883 30.46649742 5 6.95377922 26.73177528 0.02407637 -0.66664881 28.15466309 0.38060233 0.70213348 29.33969688 1.13494778 2.19870639 30.17136383 2.2221489 3.78096223 30.56321526 3.54857659 5.38911963 26.9752655 0.05411745 -0.67272115 28.37895203 0.48005354 0.7077269 29.52500534 1.29524434 2.21259332 30.30163956 2.42948627 3.79728794 30.6276741 3.78509903 5.40048552 27.21698952 0.0960736 -0.67874932 28.59809303 0.59039366 0.71319187 29.70224762 1.46446609 2.22587585 30.42166328 2.64301634 3.81232905 30.68062782 4.02454853 5.40982246 27.45636368 0.14984374 -0.68471897 28.81155586 0.71135694 0.71851534 29.87099648 1.64220524 2.23852158 30.531147 2.86222458 3.82604909 30.72194672 4.26634741 5.41710806 27.69281387 0.21529832 -0.69061565 29.01882935 0.84265196 0.72368443 30.03084373 1.82803357 2.25050068 30.6298275 3.0865829 3.83841538 30.7515316 4.5099144 5.42232466 26.4212513 0.00602272 -1.97999907 26.1765995 0 -1.96166492 26.04627991 0 -3.26402235 27.92576599 0.29227966 -0.69642514 29.21941185 0.98396236 0.72868663 30.18140793 2.02150345 2.26178384 30.71746445 3.3155508 3.84939766 30.7693119 4.75466156 5.42545986 30.77524185 5 5.42650557 26.66531563 0.02407637 -1.99828911 28.15466309 0.38060233 -0.70213348 29.41282082 1.13494778 0.73350996 30.32232285 2.2221489 2.27234387 30.79384804 3.54857659 3.85896969 26.90820122 0.05411745 -2.01649094 28.37895203 0.48005354 -0.7077269 29.59859276 1.29524434 0.73814279 30.45325089 2.42948627 2.28215575 30.85879517 3.78509903 3.86710858 27.14932442 0.0960736 -2.03456044 28.59809303 0.59039366 -0.71319187 29.77627563 1.46446609 0.74257398 30.57387543 2.64301634 2.29119515 30.91214752 4.02454853 3.87379456 27.38810349 0.14984374 -2.05245471 28.81155586 0.71135694 -0.71851534 29.94544601 1.64220524 0.74679279 30.68390656 2.86222458 2.29944086 30.95377731 4.26634741 3.87901163 27.62396431 0.21529832 -2.07012987 29.01882935 0.84265196 -0.72368443 30.10569191 1.82803357 0.75078911 30.78308105 3.0865829 2.30687308 30.98358536 4.5099144 3.88274693 26.28971291 0.00602272 -3.29452848 25.85120392 0 -4.55826473 27.8563385 0.29227966 -2.08754396 29.21941185 0.98396236 -0.72868663 30.25662994 2.02150345 0.75455326 30.87115669 3.3155508 2.31347322 31.00149918 4.75466156 3.88499188 31.0074749 5 3.88574076 26.53256226 0.02407637 -3.32496142 28.08466721 0.38060233 -2.10465479 29.41282082 1.13494778 -0.73350996 30.39789772 2.2221489 0.75807625 30.94792175 3.54857659 2.31922626 26.77423859 0.05411745 -3.35524726 28.30839729 0.48005354 -2.1214211 29.59859276 1.29524434 -0.73814279 30.52915192 2.42948627 0.7613495 31.01319313 3.78509903 2.32411766 27.01416016 0.0960736 -3.38531351 28.5269928 0.59039366 -2.1378026 29.77627563 1.46446609 -0.74257398 30.65007591 2.64301634 0.7643652 31.06681442 4.02454853 2.32813573 27.25175095 0.14984374 -3.41508746 28.73992538 0.71135694 -2.15375972 29.94544601 1.64220524 -0.74679279 30.7603817 2.86222458 0.76711607 31.10865211 4.26634741 2.33127117 27.48643875 0.21529832 -3.44449759 28.94668388 0.84265196 -2.16925406 30.10569191 1.82803357 -0.75078911 30.85980225 3.0865829 0.76959544 31.13860893 4.5099144 2.33351612 26.0928154 0.00602272 -4.60086727 25.59185791 0 -5.8411746 27.71765518 0.29227966 -3.47347283 29.14676857 0.98396236 -2.18424821 30.25662994 2.02150345 -0.75455326 30.94809723 3.3155508 0.77179736 31.1566124 4.75466156 2.33486533 31.16261864 5 2.33531547 26.33384323 0.02407637 -4.64336729 27.94484711 0.38060233 -3.50194359 29.33969688 1.13494778 -2.19870639 30.39789772 2.2221489 -0.75807625 31.02505493 3.54857659 0.77371657 26.57370949 0.05411745 -4.68566227 28.1674633 0.48005354 -3.52984118 29.52500534 1.29524434 -2.21259332 30.52915192 2.42948627 -0.7613495 31.09049034 3.78509903 0.77534842 26.81183624 0.0960736 -4.72765017 28.38497162 0.59039366 -3.55709839 29.70224762 1.46446609 -2.22587585 30.65007591 2.64301634 -0.7643652 31.14424324 4.02454853 0.77668893 27.04764748 0.14984374 -4.76922989 28.59684372 0.71135694 -3.5836494 29.87099648 1.64220524 -2.23852158 30.7603817 2.86222458 -0.76711607 31.18618584 4.26634741 0.77773494 27.28057671 0.21529832 -4.81030178 28.80257225 0.84265196 -3.60943055 30.03084373 1.82803357 -2.25050068 30.85980225 3.0865829 -0.76959544 31.21621895 4.5099144 0.77848387 25.83104515 0.00602272 -5.89576721 25.26888657 0 -7.1095624 27.51006126 0.29227966 -4.85076618 29.00165939 0.98396236 -3.63437963 30.18140793 2.02150345 -2.26178384 30.94809723 3.3155508 -0.77179736 31.23426628 4.75466156 0.77893394 31.24028778 5 0.77908415 26.06965637 0.02407637 -5.95022869 27.73555183 0.38060233 -4.89052629 29.19362831 1.13494778 -3.6584363 30.32232285 2.2221489 -2.27234387 31.02505493 3.54857659 -0.77371657 26.30711555 0.05411745 -6.00442743 27.95650101 0.48005354 -4.92948532 29.37801552 1.29524434 -3.68154287 30.45325089 2.42948627 -2.28215575 31.09049034 3.78509903 -0.77534842 26.5428524 0.0960736 -6.05823278 28.17237854 0.59039366 -4.96755075 29.55437469 1.46446609 -3.70364356 30.57387543 2.64301634 -2.29119515 31.14424324 4.02454853 -0.77668893 26.77629852 0.14984374 -6.11151552 28.38266563 0.71135694 -5.00462961 29.72228241 1.64220524 -3.72468519 30.68390656 2.86222458 -2.29944086 31.18618584 4.26634741 -0.77773494 27.00689125 0.21529832 -6.16414642 28.58685303 0.84265196 -5.04063368 29.88133621 1.82803357 -3.74461722 30.78308105 3.0865829 -2.30687308 31.21621895 4.5099144 -0.77848387 25.50505447 0.00602272 -7.17600965 27.23407364 0.29227966 -6.2159996 28.78445053 0.98396236 -5.07547522 30.03114891 2.02150345 -3.76339126 30.87115669 3.3155508 -2.31347322 31.23426628 4.75466156 -0.77893394 31.24028778 5 -0.77908415 25.74065399 0.02407637 -7.24229717 27.45730209 0.38060233 -6.26694965 28.97498131 1.13494778 -5.10907078 30.17136383 2.2221489 -3.78096223 30.94792175 3.54857659 -2.31922626 25.97511864 0.05411745 -7.30826521 27.67603493 0.48005354 -6.3168745 29.15798569 1.29524434 -5.14133978 30.30163956 2.42948627 -3.79728794 31.01319313 3.78509903 -2.32411766 26.20788002 0.0960736 -7.37375402 27.88974762 0.59039366 -6.36565256 29.33302498 1.46446609 -5.17220354 30.42166328 2.64301634 -3.81232905 31.06681442 4.02454853 -2.32813573 26.43837929 0.14984374 -7.43860674 28.09792328 0.71135694 -6.41316748 29.49967575 1.64220524 -5.20158863 30.531147 2.86222458 -3.82604909 31.10865211 4.26634741 -2.33127117 26.6660614 0.21529832 -7.50266647 28.30006218 0.84265196 -6.45930433 29.65753746 1.82803357 -5.229424 30.6298275 3.0865829 -3.83841538 31.13860893 4.5099144 -2.33351612 25.1156559 0.00602272 -8.43841171 24.88309288 0 -8.36027431 26.89037895 0.29227966 -7.56577921 28.49567795 0.98396236 -6.5039525 29.80622864 2.02150345 -5.25564241 30.71746445 3.3155508 -3.84939766 31.1566124 4.75466156 -2.33486533 31.16261864 5 -2.33531547 25.34765816 0.02407637 -8.51636028 27.11078835 0.38060233 -7.62779331 28.68429565 1.13494778 -6.54700327 29.94539261 2.2221489 -5.28018045 30.79384804 3.54857659 -3.85896969 25.57854271 0.05411745 -8.59393311 27.32676125 0.48005354 -7.68855858 28.86546516 1.29524434 -6.58835411 30.07469177 2.42948627 -5.30297995 30.85879517 3.78509903 -3.86710858 25.8077507 0.0960736 -8.67094326 27.53777695 0.59039366 -7.74792862 29.03874779 1.46446609 -6.62790489 30.19381714 2.64301634 -5.32398462 30.91214752 4.02454853 -3.87379456 26.03473091 0.14984374 -8.74720383 27.74332619 0.71135694 -7.80576134 29.20372772 1.64220524 -6.66556025 30.3024826 2.86222458 -5.34314489 30.95377731 4.26634741 -3.87901163 26.25893593 0.21529832 -8.82253361 27.94291306 0.84265196 -7.86191702 29.36000443 1.82803357 -6.70122957 30.40042305 3.0865829 -5.36041451 30.98358536 4.5099144 -3.88274693 24.66381454 0.00602272 -9.67983437 24.43543625 0 -9.59020233 23.92702866 0 -10.79628658 26.47982788 0.29227966 -8.8967495 28.13605881 0.98396236 -7.91625977 29.50720406 2.02150345 -6.73482704 30.48740387 3.3155508 -5.3757515 31.00149918 4.75466156 -3.88499188 31.0074749 5 -3.88574076 24.89164352 0.02407637 -9.76924992 26.69687271 0.38060233 -8.9696722 28.32229805 1.13494778 -7.96865892 29.64497185 2.2221489 -6.76627159 30.56321526 3.54857659 -5.38911963 25.11837387 0.05411745 -9.85823536 26.90954781 0.48005354 -9.0411272 28.50118065 1.29524434 -8.01898861 29.77297592 2.42948627 -6.7954874 30.6276741 3.78509903 -5.40048552 25.34345818 0.0960736 -9.94657421 27.117342 0.59039366 -9.11094284 28.67227745 1.46446609 -8.06712818 29.89090538 2.64301634 -6.82240438 30.68062782 4.02454853 -5.40982246 25.56635475 0.14984374 -10.03405476 27.31975365 0.71135694 -9.1789484 28.83517456 1.64220524 -8.11295986 29.99847984 2.86222458 -6.84695721 30.72194672 4.26634741 -5.41710806 25.78652763 0.21529832 -10.12046623 27.51629448 0.84265196 -9.24498272 28.98947906 1.82803357 -8.15637493 30.095438 3.0865829 -6.86908722 30.7515316 4.5099144 -5.42232466 24.15065575 0.00602272 -10.89719105 26.00344467 0.29227966 -10.20560074 27.70649147 0.98396236 -9.30888557 29.13482094 2.02150345 -8.19726753 30.18154526 3.3155508 -6.88874102 30.7693119 4.75466156 -5.42545986 30.77524185 5 -5.42650557 24.37374496 0.02407637 -10.99785233 26.21658516 0.38060233 -10.28925133 27.88988686 1.13494778 -9.37050343 29.27085114 2.2221489 -8.23554039 30.25659752 3.54857659 -6.90587091 24.59575653 0.05411745 -11.09802818 26.42543411 0.48005354 -10.37121868 28.06603813 1.29524434 -9.4296875 29.39723778 2.42948627 -8.27110004 30.32040977 3.78509903 -6.92043591 24.81615829 0.0960736 -11.19747734 26.6294899 0.59039366 -10.45130444 28.23452187 1.46446609 -9.48629475 29.5136795 2.64301634 -8.30386257 30.37283325 4.02454853 -6.9324007 25.03441811 0.14984374 -11.29595947 26.82826042 0.71135694 -10.52931595 28.39493179 1.64220524 -9.54018974 29.61989594 2.86222458 -8.33374691 30.41373634 4.26634741 -6.9417367 25.25000954 0.21529832 -11.39323807 27.02126503 0.84265196 -10.60506535 28.54688072 1.82803357 -9.59124184 29.71563148 3.0865829 -8.36068249 30.44302368 4.5099144 -6.94842148 23.57745552 0.00602272 -12.08745575 23.35913467 0 -11.97552967 25.46241379 0.29227966 -11.48907852 27.20804024 0.98396236 -10.67836857 28.69000435 2.02150345 -9.63932896 29.80065155 3.3155508 -8.3846035 30.46062469 4.75466156 -6.95243883 30.46649742 5 -6.95377922 23.79524803 0.02407637 -12.19911194 25.67111969 0.38060233 -11.58325005 27.38813591 1.13494778 -10.74905109 28.82395744 2.2221489 -9.68433475 29.87475586 3.54857659 -8.40545273 24.0119915 0.05411745 -12.31023026 25.8756237 0.48005354 -11.67552567 27.56111908 1.29524434 -10.81694221 28.94841576 2.42948627 -9.72615051 29.93776512 3.78509903 -8.42318058 24.22716141 0.0960736 -12.42054081 26.07543373 0.59039366 -11.76568317 27.72657204 1.46446609 -10.8818779 29.06307983 2.64301634 -9.76467514 29.98952484 4.02454853 -8.43774414 24.44024086 0.14984374 -12.52978039 26.27006721 0.71135694 -11.85350513 27.88409615 1.64220524 -10.94370079 29.16767311 2.86222458 -9.79981709 30.02991295 4.26634741 -8.44910717 24.65071487 0.21529832 -12.63768482 26.45905685 0.84265196 -11.93878078 28.03331184 1.82803357 -11.00226402 29.26194572 3.0865829 -9.83149147 30.05883217 4.5099144 -8.45724392 22.94563675 0.00602272 -13.24766922 22.73316765 0 -13.125 24.858078 0.29227966 -12.74399376 26.64194489 0.98396236 -12.02130413 28.17386055 2.02150345 -11.0574255 29.34566879 3.3155508 -9.85962105 30.07621002 4.75466156 -8.46213341 30.08200836 5 -8.46376419 23.15759277 0.02407637 -13.3700428 25.06183052 0.38060233 -12.84845066 26.81829453 1.13494778 -12.1008749 28.30540276 2.2221489 -11.1090517 29.41864204 3.54857659 -9.88413811 23.36852837 0.05411745 -13.49182606 25.26148033 0.48005354 -12.95080566 26.98767853 1.29524434 -12.17730427 28.42762184 2.42948627 -11.15701866 29.4806881 3.78509903 -9.90498447 23.57793236 0.0960736 -13.61272621 25.45654869 0.59039366 -13.05081081 27.14968872 1.46446609 -12.25040627 28.54022217 2.64301634 -11.20121193 29.53165817 4.02454853 -9.9221096 23.78530121 0.14984374 -13.73245049 25.64656258 0.71135694 -13.14822578 27.303936 1.64220524 -12.32000446 28.6429348 2.86222458 -11.24152374 29.57143021 4.26634741 -9.93547249 23.9901371 0.21529832 -13.85071182 25.83106613 0.84265196 -13.24281502 27.45004654 1.82803357 -12.38593292 28.73551178 3.0865829 -11.27785778 29.59990692 4.5099144 -9.94503975 22.25677109 0.00602272 -14.37494659 22.05068016 0 -14.24183941 21.31337357 0 -15.32327175 24.19194221 0.29227966 -13.96722507 26.00961494 0.98396236 -13.33435154 27.58767128 2.02150345 -12.44803143 28.81772995 3.3155508 -11.31012535 29.61701965 4.75466156 -9.95078945 29.62273026 5 -9.95270824 22.4623661 0.02407637 -14.50773335 24.39023399 0.38060233 -14.08170891 26.18177795 1.13494778 -13.42261505 27.71647644 2.2221489 -12.50615025 28.88938904 3.54857659 -11.33825016 22.66696739 0.05411745 -14.63988018 24.5845356 0.48005354 -14.19388771 26.34714127 1.29524434 -13.50739193 27.83615112 2.42948627 -12.56015015 28.95031929 3.78509903 -11.36216259 22.87008476 0.0960736 -14.77106667 24.77437401 0.59039366 -14.30349159 26.50530624 1.46446609 -13.58847809 27.94641113 2.64301634 -12.60990047 29.00037193 4.02454853 -11.38180733 23.07122803 0.14984374 -14.90097904 24.95929718 0.71135694 -14.41025639 26.65589333 1.64220524 -13.66567898 28.04698563 2.86222458 -12.65528202 29.03942871 4.26634741 -11.39713573 23.26991463 0.21529832 -15.02930355 25.13885689 0.84265196 -14.51392555 26.7985363 1.82803357 -13.73880768 28.13763618 3.0865829 -12.69618511 29.06739235 4.5099144 -11.40811062 21.51257133 0.00602272 -15.46648598 23.465662 0.29227966 -15.1557312 25.31262016 0.98396236 -14.61424828 26.93289375 2.02150345 -13.80768871 28.21814346 3.3155508 -12.73251152 29.084198 4.75466156 -11.41470623 29.0898037 5 -11.41690731 21.71129227 0.02407637 -15.60935593 23.65800095 0.38060233 -15.27995682 25.4801712 1.13494778 -14.71098328 27.05864143 2.2221489 -13.87215614 28.28831291 3.54857659 -12.76417255 21.9090538 0.05411745 -15.75153637 23.84646797 0.48005354 -15.4016819 25.64110184 1.29524434 -14.80389786 27.17547798 2.42948627 -13.93205452 28.34797478 3.78509903 -12.79109287 22.1053791 0.0960736 -15.89268494 24.03060722 0.59039366 -15.52061176 25.79502869 1.46446609 -14.89276695 27.2831192 2.64301634 -13.98723888 28.39698601 4.02454853 -12.81320858 22.29979706 0.14984374 -16.03246117 24.2099781 0.71135694 -15.63646221 25.94157982 1.64220524 -14.97737789 27.3813076 2.86222458 -14.03757763 28.43523026 4.26634741 -12.83046436 22.49183846 0.21529832 -16.17053032 24.38414764 0.84265196 -15.74895191 26.08040047 1.82803357 -15.05752659 27.46980667 3.0865829 -14.08294773 28.46261215 4.5099144 -12.84281921 20.71488953 0.00602272 -16.51957321 20.52307701 0 -16.36660767 19.68175697 0 -17.36925316 22.68104172 0.29227966 -16.30655861 24.55269432 0.98396236 -15.85781193 26.21115685 2.02150345 -15.13301849 27.54840279 3.3155508 -14.12324238 28.47906876 4.75466156 -12.85024452 28.48455811 5 -12.85272217 20.90624046 0.02407637 -16.67217064 22.86694908 0.38060233 -16.44021606 24.71521378 1.13494778 -15.96277809 26.33353615 2.2221489 -15.20367432 27.61690521 3.54857659 -14.15836143 21.09666824 0.05411745 -16.82403183 23.04911423 0.48005354 -16.57118416 24.871315 1.29524434 -16.06359863 26.44724083 2.42948627 -15.26932144 27.67515182 3.78509903 -14.18822289 21.2857151 0.0960736 -16.97479057 23.22709656 0.59039366 -16.69914627 25.02062035 1.46446609 -16.16003036 26.55199814 2.64301634 -15.32980347 27.72300148 4.02454853 -14.2127533 21.47292328 0.14984374 -17.12408638 23.40047073 0.71135694 -16.82379341 25.16277122 1.64220524 -16.25184059 26.6475544 2.86222458 -15.38497353 27.76033592 4.26634741 -14.23189449 21.65784454 0.21529832 -17.27155495 23.56881523 0.84265196 -16.94482422 25.29742432 1.82803357 -16.33880997 26.73368263 3.0865829 -15.43469906 27.78706932 4.5099144 -14.24559879 19.8657074 0.00602272 -17.53158951 18.79150391 0 -18.32871628 21.84003258 0.29227966 -17.41684341 23.7317276 0.98396236 -17.06195068 25.42425537 2.02150345 -16.42072487 26.81017303 3.3155508 -15.4788599 27.80313492 4.75466156 -14.25383568 27.80849457 5 -14.25658321 20.04921341 0.02407637 -17.69353676 22.01904678 0.38060233 -17.55960274 23.88881302 1.13494778 -17.1748867 25.54296112 2.2221489 -16.49739265 26.87684059 3.54857659 -15.51735115 20.23183441 0.05411745 -17.85470009 22.1944561 0.48005354 -17.69948769 24.03969383 1.29524434 -17.28336334 25.65325165 2.42948627 -16.5686264 26.93352509 3.78509903 -15.55007839 20.41313171 0.0960736 -18.01469612 22.36584091 0.59039366 -17.83616257 24.18400764 1.46446609 -17.38711739 25.75486374 2.64301634 -16.63425446 26.98009109 4.02454853 -15.57696342 20.59266663 0.14984374 -18.17313576 22.53278542 0.71135694 -17.9692955 24.32140541 1.64220524 -17.48589897 25.84755325 2.86222458 -16.69412041 27.01642609 4.26634741 -15.5979414 20.77000618 0.21529832 -18.32963943 22.69488716 0.84265196 -18.09856987 24.45155525 1.82803357 -17.57947159 25.93109512 3.0865829 -16.74807549 27.04244232 4.5099144 -15.61296177 18.96713448 0.00602272 -18.50002098 20.94472504 0.29227966 -18.4838295 22.85175896 0.98396236 -18.22366905 24.57414627 2.02150345 -17.66760826 26.00528717 3.3155508 -16.79599571 27.05807877 4.75466156 -15.6219883 27.06329346 5 -15.625 26.25081062 5 -16.95457077 19.14234161 0.02407637 -18.67091179 21.11640167 0.38060233 -18.63533401 23.00301933 1.13494778 -18.3442955 24.68888092 2.2221489 -17.75009727 26.06995392 3.54857659 -16.83776093 19.31670189 0.05411745 -18.84097862 21.28462029 0.48005354 -18.78378868 23.14830589 1.29524434 -18.46015739 24.79548454 2.42948627 -17.82674026 26.12493706 3.78509903 -16.87327385 19.48979759 0.0960736 -19.00981331 21.44897842 0.59039366 -18.92883682 23.28726768 1.46446609 -18.57097626 24.89369965 2.64301634 -17.89735031 26.17010498 4.02454853 -16.90244675 19.66121292 0.14984374 -19.17700577 21.60907936 0.71135694 -19.07012558 23.41957092 1.64220524 -18.67648506 24.98328972 2.86222458 -17.96176147 26.20535088 4.26634741 -16.92520905 19.83053017 0.21529832 -19.34215355 21.76453781 0.84265196 -19.20731735 23.54489517 1.82803357 -18.77642822 25.06403732 3.0865829 -18.01981544 26.2305851 4.5099144 -16.94150734 18.02140617 0.00602272 -19.42245674 17.85453415 0 -19.24261093 16.87317467 0 -20.10866737 19.99734688 0.29227966 -19.50486183 21.91497803 0.98396236 -19.34008217 23.66294098 2.02150345 -18.87056541 25.13574982 3.3155508 -18.07137299 26.24575043 4.75466156 -16.95130348 18.18787766 0.02407637 -19.60186958 20.16125679 0.38060233 -19.66473389 22.06003761 1.13494778 -19.46809769 23.77342224 2.2221489 -18.95867157 25.19825363 3.54857659 -18.11631012 18.35354424 0.05411745 -19.78041649 20.32186699 0.48005354 -19.82139015 22.19936752 1.29524434 -19.59105873 23.87607193 2.42948627 -19.04053307 25.25139809 3.78509903 -18.15452003 18.51800919 0.0960736 -19.9576683 20.47879219 0.59039366 -19.97444916 22.33263397 1.46446609 -19.70866585 23.9706459 2.64301634 -19.11595154 25.2950573 4.02454853 -18.18590736 18.68087769 0.14984374 -20.13319778 20.63165092 0.71135694 -20.12354469 22.45951271 1.64220524 -19.82063675 24.05691338 2.86222458 -19.1847477 25.32912254 4.26634741 -18.21039963 18.84175301 0.21529832 -20.30657959 20.78007698 0.84265196 -20.26831436 22.57970047 1.82803357 -19.92670441 24.13466644 3.0865829 -19.24675369 25.35351372 4.5099144 -18.22793579 17.03087616 0.00602272 -20.29660606 19.00025177 0.29227966 -20.47739983 20.92371178 0.98396236 -20.40841293 22.69290543 2.02150345 -20.02660942 24.20372009 3.3155508 -19.30182266 25.36817169 4.75466156 -18.23847389 25.37306213 5 -18.24198914 17.18819618 0.02407637 -20.48409462 19.15598869 0.38060233 -20.64524651 21.06221008 1.13494778 -20.5435009 22.79885864 2.2221489 -20.12011147 24.26390648 3.54857659 -19.34981918 17.34475708 0.05411745 -20.67067719 19.30859184 0.48005354 -20.80971146 21.19523811 1.29524434 -20.67325211 22.89730072 2.42948627 -20.20698738 24.31508064 3.78509903 -19.39063072 17.50018311 0.0960736 -20.85590553 19.45769119 0.59039366 -20.97040367 21.32247543 1.46446609 -20.79735565 22.98799706 2.64301634 -20.28702736 24.35712051 4.02454853 -19.42415619 17.65409851 0.14984374 -21.03933525 19.60292816 0.71135694 -21.12693214 21.44361687 1.64220524 -20.91551399 23.0707283 2.86222458 -20.36003685 24.3899231 4.26634741 -19.45031548 17.80613136 0.21529832 -21.22052193 19.7439537 0.84265196 -21.27892113 21.55836678 1.82803357 -21.02743912 23.14529419 3.0865829 -20.42584419 24.41341019 4.5099144 -19.46904564 15.99800205 0.00602272 -21.12029457 15.84986591 0 -20.92472839 14.78715134 0 -21.68876839 17.95591736 0.29227966 -21.39902878 19.88042641 0.98396236 -21.42600441 21.66645241 2.02150345 -21.13286209 23.21151733 3.3155508 -20.48428535 24.42752457 4.75466156 -19.4803009 24.43223381 5 -19.48405647 16.14578247 0.02407637 -21.31539154 18.10309601 0.38060233 -21.57442856 20.01202011 1.13494778 -21.56782722 21.76761246 2.2221489 -21.23152924 23.26923561 3.54857659 -20.53522301 16.29284859 0.05411745 -21.50954628 18.24731064 0.48005354 -21.74629784 20.13841438 1.29524434 -21.70405006 21.86160278 2.42948627 -21.32320404 23.31831169 3.78509903 -20.57853317 16.4388485 0.0960736 -21.7022934 18.38821411 0.59039366 -21.91422081 20.25930786 1.46446609 -21.83434105 21.94819641 2.64301634 -21.40766525 23.35862923 4.02454853 -20.61411095 16.58342743 0.14984374 -21.89316559 18.52546883 0.71135694 -22.07779503 20.37440872 1.64220524 -21.95838928 22.02718544 2.86222458 -21.48470879 23.39008713 4.26634741 -20.64187431 16.72624207 0.21529832 -22.08170509 18.6587429 0.84265196 -22.23662376 20.48343849 1.82803357 -22.07589531 22.09837914 3.0865829 -21.55414963 23.41261101 4.5099144 -20.66175079 14.92535591 0.00602272 -21.89147568 13.68767452 0 -22.39888573 16.86694336 0.29227966 -22.26745796 18.78771591 0.98396236 -22.39032745 20.58613396 2.02150345 -22.18657494 22.16160583 3.3155508 -21.61581993 23.42614746 4.75466156 -20.67369652 23.43066216 5 -20.67768288 15.0632267 0.02407637 -22.09369469 17.00519562 0.38060233 -22.44997597 18.91207504 1.13494778 -22.53853416 20.68224907 2.2221489 -22.29016304 22.21671486 3.54857659 -21.66957092 15.20043278 0.05411745 -22.29493904 17.14066315 0.48005354 -22.62881851 19.03152275 1.29524434 -22.68088722 20.77155304 2.42948627 -22.38640976 22.26357079 3.78509903 -21.71527481 15.33664322 0.0960736 -22.49472427 17.27302361 0.59039366 -22.80355644 19.14577293 1.46446609 -22.8170433 20.85382843 2.64301634 -22.4750824 22.30206299 4.02454853 -21.75281906 15.47152996 0.14984374 -22.69256592 17.40195274 0.71135694 -22.97376823 19.25454521 1.64220524 -22.94667435 20.92887878 2.86222458 -22.55596733 22.33209801 4.26634741 -21.78211403 15.6047678 0.21529832 -22.88799095 17.52714539 0.84265196 -23.13904381 19.35758209 1.82803357 -23.06946754 20.9965229 3.0865829 -22.62887001 22.35360336 4.5099144 -21.80308914 13.8156023 0.00602272 -22.60823059 15.73603535 0.29227966 -23.08052444 17.64829445 0.98396236 -23.29898453 19.45463371 2.02150345 -23.18512917 21.05659676 3.3155508 -22.69361496 22.36652756 4.75466156 -21.81569481 22.37083817 5 -21.81990051 13.94322205 0.02407637 -22.81707191 15.86501789 0.38060233 -23.26970673 17.76511383 1.13494778 -23.45320511 19.54546738 2.2221489 -23.29338074 21.10895729 3.54857659 -22.75004578 14.07022667 0.05411745 -23.02490425 15.99140358 0.48005354 -23.45508003 17.87731743 1.29524434 -23.60133553 19.62986183 2.42948627 -23.39395714 21.15347862 3.78509903 -22.79802704 14.19630909 0.0960736 -23.23122978 16.11488724 0.59039366 -23.63619995 17.98463631 1.46446609 -23.7430172 19.7076149 2.64301634 -23.48662186 21.19005203 4.02454853 -22.83744431 14.32116604 0.14984374 -23.43554878 16.23517418 0.71135694 -23.81262589 18.08681297 1.64220524 -23.87790871 19.77853966 2.86222458 -23.57114601 21.21858978 4.26634741 -22.8682003 14.44449711 0.21529832 -23.63737106 16.35197067 0.84265196 -23.98393631 18.18360138 1.82803357 -24.00568771 19.84246635 3.0865829 -23.64733124 21.2390213 4.5099144 -22.89022255 12.67150116 0.00602272 -23.26877785 12.55416679 0 -23.05331612 14.56600571 0.29227966 -23.83621025 16.46499825 0.98396236 -24.14971733 18.27476692 2.02150345 -24.12604332 19.89923859 3.3155508 -23.71498871 21.25130081 4.75466156 -22.90345573 21.2553978 5 -22.90787125 12.78855228 0.02407637 -23.48372078 14.68539715 0.38060233 -24.0315876 16.57398415 1.13494778 -24.30957031 18.36009026 2.2221489 -24.23868561 19.94872093 3.54857659 -23.77396011 12.90503883 0.05411745 -23.69762611 14.80238533 0.48005354 -24.22303009 16.67866516 1.29524434 -24.46310806 18.43936729 2.42948627 -24.34334564 19.99079514 3.78509903 -23.8241024 13.02068043 0.0960736 -23.90997887 14.91668797 0.59039366 -24.41007805 16.77878952 1.46446609 -24.60996246 18.5124054 2.64301634 -24.43976974 20.0253582 4.02454853 -23.8652916 13.13519859 0.14984374 -24.12026787 15.0280304 0.71135694 -24.59228134 16.87411499 1.64220524 -24.74978065 18.57902908 2.86222458 -24.52772522 20.0523262 4.26634741 -23.89743233 13.24831581 0.21529832 -24.32798767 15.13614368 0.84265196 -24.76920128 16.96441269 1.82803357 -24.88222313 18.63907814 3.0865829 -24.60700035 20.0716362 4.5099144 -23.92044449 11.49589634 0.00602272 -23.87147522 11.38944817 0 -23.65043259 10.19641304 0 -24.18875122 13.35976124 0.29227966 -24.53263664 15.24076748 0.98396236 -24.94040871 17.04946518 2.02150345 -25.00697327 18.69240761 3.3155508 -24.6774044 20.08324242 4.75466156 -23.93427467 20.08711243 5 -23.93888855 11.60208797 0.02407637 -24.0919838 13.46926594 0.38060233 -24.73372078 15.34164906 1.13494778 -25.10549545 17.12906837 2.2221489 -25.12372971 18.73888969 3.54857659 -24.73876953 11.70776844 0.05411745 -24.31142998 13.5765667 0.48005354 -24.93075752 15.43854618 1.29524434 -25.26406097 17.20302963 2.42948627 -25.23221016 18.77841187 3.78509903 -24.79094505 11.8126812 0.0960736 -24.52928352 13.68140411 0.59039366 -25.12327003 15.53122616 1.46446609 -25.4157238 17.27117157 2.64301634 -25.33215523 18.81087875 4.02454853 -24.83380699 11.91657352 0.14984374 -24.74501991 13.78352547 0.71135694 -25.31079674 15.61946392 1.64220524 -25.56011963 17.33332825 2.86222458 -25.42332268 18.83621216 4.26634741 -24.86725235 12.01919746 0.21529832 -24.95812035 13.88268566 0.84265196 -25.49288559 15.70304871 1.82803357 -25.69689941 17.38935089 3.0865829 -25.50549316 18.85435104 4.5099144 -24.89119911 10.29171181 0.00602272 -24.41482353 8.9780283 0 -24.66693115 12.12030315 0.29227966 -25.16806984 13.97864437 0.98396236 -25.66909599 15.78177738 2.02150345 -25.82573318 17.43910408 3.3155508 -25.57846832 18.86525154 4.75466156 -24.90559006 18.86888695 5 -24.91039085 17.60375214 5 -25.81996155 10.38677979 0.02407637 -24.64035225 12.21964836 0.38060233 -25.37436295 14.07117271 1.13494778 -25.83900642 15.85546207 2.2221489 -25.94631195 17.48246956 3.54857659 -25.64207458 10.48138905 0.05411745 -24.86479378 12.31699371 0.48005354 -25.57650185 14.16004562 1.29524434 -26.0022049 15.92392349 2.42948627 -26.05834579 17.51934242 3.78509903 -25.69615555 10.57531261 0.0960736 -25.08760643 12.41210461 0.59039366 -25.77400208 14.24505043 1.46446609 -26.15829849 15.9869976 2.64301634 -26.16156197 17.54963112 4.02454853 -25.74058151 10.66832352 0.14984374 -25.30825233 12.50475216 0.71135694 -25.96638489 14.32598114 1.64220524 -26.30691338 16.04453278 2.86222458 -26.25571442 17.57326698 4.26634741 -25.77524757 10.76019669 0.21529832 -25.52620316 12.59471226 0.84265196 -26.15319061 14.4026432 1.82803357 -26.44768906 16.09638977 3.0865829 -26.34057617 17.59018898 4.5099144 -25.80006981 9.06193924 0.00602272 -24.89747429 10.85071182 0.29227966 -25.74093056 12.68176937 0.98396236 -26.3339653 14.47485256 2.02150345 -26.58028793 16.14244461 3.3155508 -26.41594124 17.60035896 4.75466156 -25.81498528 9.145648 0.02407637 -25.12746048 10.93965149 0.38060233 -25.95191956 12.76571274 1.13494778 -26.50827599 14.54243565 2.2221489 -26.70438957 16.18258667 3.54857659 -26.48162842 9.22895241 0.05411745 -25.3563385 11.02680016 0.48005354 -26.15865898 12.84634113 1.29524434 -26.67570114 14.60522747 2.42948627 -26.81969452 16.21671677 3.78509903 -26.5374794 9.31165314 0.0960736 -25.58355522 11.11194801 0.59039366 -26.36065483 12.92345905 1.46446609 -26.83583832 14.66307831 2.64301634 -26.92592812 16.24475479 4.02454853 -26.58336067 9.39354897 0.14984374 -25.80856514 11.19489002 0.71135694 -26.55741692 12.99688148 1.64220524 -26.98830223 14.71584892 2.86222458 -27.02283096 16.26663208 4.26634741 -26.61916161 9.47444439 0.21529832 -26.03082275 11.27542782 0.84265196 -26.74847412 13.06643105 1.82803357 -27.13272476 14.76341248 3.0865829 -27.11017036 16.28229523 4.5099144 -26.64479637 7.80963802 0.00602272 -25.31822395 7.73732328 0 -25.08378601 6.47738171 0 -25.4382782 9.55414391 0.29227966 -26.24979591 11.35336494 0.98396236 -26.93336487 13.1319418 2.02150345 -27.26875687 14.80565262 3.3155508 -27.18773842 16.2917099 4.75466156 -26.66020012 16.2948494 5 -26.66534042 7.88177872 0.02407637 -25.55209923 9.63245583 0.38060233 -26.46495438 11.42851543 1.13494778 -27.11164284 13.19325352 2.2221489 -27.3960743 14.84246922 3.54857659 -27.25534439 7.95357132 0.05411745 -25.78484535 9.70919132 0.48005354 -26.67578316 11.50069809 1.29524434 -27.28287888 13.2502203 2.42948627 -27.51436615 14.87377357 3.78509903 -27.31282806 8.02484226 0.0960736 -26.01590157 9.78416443 0.59039366 -26.88177109 11.56973743 1.46446609 -27.446661 13.30270481 2.64301634 -27.62335014 14.8994894 4.02454853 -27.3600502 8.09542179 0.14984374 -26.24471283 9.85719585 0.71135694 -27.08242416 11.63546944 1.64220524 -27.60259438 13.35057926 2.86222458 -27.72276306 14.91955471 4.26634741 -27.39689636 8.16513824 0.21529832 -26.47072601 9.92811012 0.84265196 -27.27725792 11.69773388 1.82803357 -27.75030518 13.39372921 3.0865829 -27.81236649 14.93392181 4.5099144 -27.42328072 6.53792095 0.00602272 -25.67603111 5.20133638 0 -25.72952843 8.23382378 0.29227966 -26.69339943 9.99673462 0.98396236 -27.46580315 11.75638199 2.02150345 -27.88943291 13.43205166 3.3155508 -27.89194298 14.94255638 4.75466156 -27.4391346 14.94543648 5 -27.44442368 6.59831381 0.02407637 -25.91320992 8.3013134 0.38060233 -26.91219521 10.06290531 1.13494778 -27.64760399 11.81127167 2.2221489 -28.0196476 13.46545219 3.54857659 -27.9612999 6.65841579 0.05411745 -26.14924431 8.36744404 0.48005354 -27.12658691 10.12646198 1.29524434 -27.82222557 11.86227131 2.42948627 -28.14063263 13.49385166 3.78509903 -28.02027321 6.71808147 0.0960736 -26.3835659 8.43205643 0.59039366 -27.33605576 10.187253 1.46446609 -27.98924637 11.90925789 2.64301634 -28.25209808 13.51718235 4.02454853 -28.06871796 6.77716732 0.14984374 -26.61561203 8.49499512 0.71135694 -27.5401001 10.24512959 1.64220524 -28.14826202 11.95211792 2.86222458 -28.35377312 13.53538609 4.26634741 -28.1065197 6.83553123 0.21529832 -26.84482002 8.55610943 0.84265196 -27.73822594 10.29995441 1.82803357 -28.29889297 11.99074841 3.0865829 -28.4454155 13.54842091 4.5099144 -28.13358498 5.24994898 0.00602272 -25.97000122 3.91235948 0 -25.95681 6.89303207 0.29227966 -27.07064056 8.61525059 0.98396236 -27.92995644 10.35159492 2.02150345 -28.44077301 12.02505589 3.3155508 -28.52680206 13.55625343 4.75466156 -28.14985085 13.5588665 5 -28.15527725 5.29844475 0.02407637 -26.20989609 6.94953156 0.38060233 -27.29252815 8.6722765 1.13494778 -28.11483192 10.39992523 2.2221489 -28.57356071 12.05495834 3.54857659 -28.59774017 5.34670687 0.05411745 -26.44863319 7.00489378 0.48005354 -27.50994873 8.72705078 1.29524434 -28.29240417 10.44483089 2.42948627 -28.69693756 12.0803833 3.78509903 -28.65805435 5.39461803 0.0960736 -26.68563843 7.05898476 0.59039366 -27.72237778 8.77943993 1.46446609 -28.46224594 10.48620319 2.64301634 -28.810606 12.10126877 4.02454853 -28.70760155 5.44206429 0.14984374 -26.92033958 7.11167479 0.71135694 -27.92930603 8.829319 1.64220524 -28.62394905 10.52394104 2.86222458 -28.91429138 12.11756611 4.26634741 -28.7462635 5.48893023 0.21529832 -27.152174 7.16283703 0.84265196 -28.13023186 8.87656784 1.82803357 -28.7771244 10.55795574 3.0865829 -29.00774574 12.12923527 4.5099144 -28.77394676 3.94892526 0.00602272 -26.19940758 5.53510332 0.29227966 -27.38057899 7.21234751 0.98396236 -28.3246727 8.92107105 2.02150345 -28.92140198 10.58816433 3.3155508 -29.09074211 12.13624763 4.75466156 -28.79058266 12.138587 5 -28.79613113 3.98540306 0.02407637 -26.44142151 5.58047247 0.38060233 -27.60500717 7.26008797 1.13494778 -28.51215935 8.96272278 2.2221489 -29.05643463 10.61449337 3.54857659 -29.16308022 4.02170467 0.05411745 -26.68226814 5.624928 0.48005354 -27.82491684 7.30594254 1.29524434 -28.69224167 9.00142288 2.42948627 -29.18189621 10.63687992 3.78509903 -29.22458649 4.05774307 0.0960736 -26.92136574 5.66836357 0.59039366 -28.03977776 7.34980106 1.46446609 -28.86448479 9.0370779 2.64301634 -29.29748535 10.65527058 4.02454853 -29.27511406 4.093431 0.14984374 -27.15814018 5.71067381 0.71135694 -28.24907494 7.39155769 1.64220524 -29.0284729 9.06960106 2.86222458 -29.40292358 10.66962051 4.26634741 -29.31454086 4.12868309 0.21529832 -27.39202118 5.75175667 0.84265196 -28.45230103 7.43111181 1.82803357 -29.1838131 9.0989151 3.0865829 -29.49795723 10.67989445 4.5099144 -29.34276962 2.6380837 0.00602272 -26.36367798 2.61365604 0 -26.11955833 4.16341352 0.29227966 -27.62244415 5.79151392 0.98396236 -28.64896774 7.46836853 2.02150345 -29.33012962 9.1249485 3.3155508 -29.5823555 10.68606949 4.75466156 -29.35973549 10.68812943 5 -29.36539459 2.6624527 0.02407637 -26.60720825 4.19753933 0.38060233 -27.84885597 5.82984924 1.13494778 -28.83860207 7.5032382 2.2221489 -29.46706963 9.14763927 3.54857659 -29.65591621 2.68670416 0.05411745 -26.8495636 4.23097849 0.48005354 -28.07070732 5.86667013 1.29524434 -29.02074623 7.53563595 2.42948627 -29.59430504 9.16693211 3.78509903 -29.7184639 2.71077967 0.0960736 -27.09016228 4.26364946 0.59039366 -28.28746796 5.90188885 1.46446609 -29.19496155 7.56548452 2.64301634 -29.71152878 9.18278122 4.02454853 -29.76984406 2.73462105 0.14984374 -27.32842255 4.29547453 0.71135694 -28.49861145 5.93541908 1.64220524 -29.36082649 7.59271193 2.86222458 -29.81845665 9.19514751 4.26634741 -29.80993652 2.75817108 0.21529832 -27.56376839 4.32637691 0.84265196 -28.70363426 5.96718168 1.82803357 -29.51794624 7.61725235 3.0865829 -29.91483116 9.20400238 4.5099144 -29.83864403 1.3206836 0.00602272 -26.46240234 1.30845451 0 -26.21736908 0 0 -26.25 0 0.00602272 -26.49533844 0 0.02407637 -26.7400856 2.78137302 0.29227966 -27.79563713 4.35628128 0.98396236 -28.90203857 5.99709845 2.02150345 -29.66593742 7.63904667 3.3155508 -30.00042343 9.20932388 4.75466156 -29.85589409 9.21109962 5 -29.86165047 1.33288324 0.02407637 -26.70684624 2.80417085 0.38060233 -28.02346611 4.38511658 1.13494778 -29.09334755 6.0250988 2.2221489 -29.80444527 7.65804243 3.54857659 -30.07502365 1.34502411 0.05411745 -26.95010948 0 0.05411745 -26.98365211 0 0.0960736 -27.22545242 2.82650971 0.48005354 -28.24670982 4.41281271 1.29524434 -29.27709961 6.05111456 2.42948627 -29.93313789 7.67419386 3.78509903 -30.13845444 1.35707676 0.0960736 -27.19160843 2.84833574 0.59039366 -28.46482849 4.4393034 1.46446609 -29.45285416 6.07508278 2.64301634 -30.0517025 7.68746185 4.02454853 -30.1905632 1.36901236 0.14984374 -27.43075943 0 0.14984374 -27.46490097 2.86959648 0.71135694 -28.67729759 4.46452475 1.64220524 -29.62018585 6.09694624 2.86222458 -30.15985489 7.69781494 4.26634741 -30.23122215 1.38080204 0.21529832 -27.66698837 0 0.21529832 -27.70142365 0 0.29227966 -27.93445015 2.89024067 0.84265196 -28.88360596 4.48841572 1.82803357 -29.77869225 6.11665201 3.0865829 -30.25733376 7.70522785 4.5099144 -30.26033401 1.39241731 0.29227966 -27.89972496 2.91021848 0.98396236 -29.08325386 4.51091862 2.02150345 -29.92799187 6.13415289 3.3155508 -30.3439064 7.70968246 4.75466156 -30.27782822 7.71116877 5 -30.2836647 1.40383053 0.38060233 -28.12840843 0 0.38060233 -28.16341782 0 0.48005354 -28.38777542 2.92948174 1.13494778 -29.27576256 4.53198004 2.2221489 -30.06772232 6.14940643 3.54857659 -30.41936111 1.41501379 0.48005354 -28.35248756 2.94798446 1.29524434 -29.46066666 4.55154848 2.42948627 -30.19755173 6.16237593 3.78509903 -30.48351669 1.42594039 0.59039366 -28.57142258 0 0.59039366 -28.60698318 2.96568155 1.46446609 -29.63752365 4.56957722 2.64301634 -30.31716347 6.17303038 4.02454853 -30.53622246 1.436584 0.71135694 -28.78468704 0 0.71135694 -28.82051277 2.98253059 1.64220524 -29.80590439 4.58602238 2.86222458 -30.42627144 6.18134403 4.26634741 -30.57734489 1.44691896 0.84265196 -28.99176788 0 0.84265196 -29.0278511 2.99849081 1.82803357 -29.96540451 4.60084486 3.0865829 -30.52461243 6.18729639 4.5099144 -30.60679054 1.45692027 0.98396236 -29.19216347 0 0.98396236 -29.22849655 0 1.13494778 -29.42196655 3.01352429 2.02150345 -30.11563873 4.6140089 3.3155508 -30.61194801 6.19087362 4.75466156 -30.62448692 6.19206715 5 -30.63039017 1.46656394 1.13494778 -29.38539314 0 1.29524434 -29.60779572 3.02759409 2.2221489 -30.25624657 4.62548208 3.54857659 -30.6880703 1.47582674 1.29524434 -29.57098961 3.04066682 2.42948627 -30.38689041 4.63523769 3.78509903 -30.75279236 1.48468637 1.46446609 -29.74850845 0 1.46446609 -29.78553391 0 1.64220524 -29.95475578 3.05271101 2.64301634 -30.50725174 4.6432519 4.02454853 -30.80596352 1.49312127 1.64220524 -29.91751862 3.06369734 2.86222458 -30.61704445 4.64950514 4.26634741 -30.84745026 1.50111151 1.82803357 -30.07761765 0 1.82803357 -30.11505318 3.07359934 3.0865829 -30.71600151 4.65398264 4.5099144 -30.8771553 1.50863743 2.02150345 -30.22841454 0 2.02150345 -30.26603699 0 2.2221489 -30.40734863 3.08239365 3.3155508 -30.80388451 4.65667295 4.75466156 -30.89500809 4.65757084 5 -30.90096283 1.51568115 2.2221489 -30.3695488 0 2.42948627 -30.53864288 3.09005833 3.54857659 -30.88048363 1.52222574 2.42948627 -30.50068092 3.0965755 3.78509903 -30.94561195 1.52825522 2.64301634 -30.62149429 0 2.64301634 -30.65960693 3.10192943 4.02454853 -30.99911499 1.53375518 2.86222458 -30.73169708 0 2.86222458 -30.76994705 0 3.0865829 -30.86939812 3.10610676 4.26634741 -31.04086304 1.5387125 3.0865829 -30.83102417 0 3.3155508 -30.9577198 3.10909796 4.5099144 -31.070755 1.54311502 3.3155508 -30.91923714 3.11089563 4.75466156 -31.08871841 3.11149526 5 -31.0947113 1.54695225 3.54857659 -30.99612236 0 3.54857659 -31.0347023 0 3.78509903 -31.10015678 1.55021489 3.78509903 -31.06149673 1.55289507 4.02454853 -31.11520004 0 4.02454853 -31.15392685 1.55498636 4.26634741 -31.15710449 0 4.26634741 -31.1958828 1.55648386 4.5099144 -31.18710709 0 4.5099144 -31.22592354 0 4.75466156 -31.24397659 1.55738378 4.75466156 -31.20513916 1.55768394 5 -31.21115303 0 5 -31.25 1.4825474 64.60342407 -29.70565033 0 63.98685837 -30.02505302 0 64.60342407 -29.74262238 0 63.98685837 30.02505302 1.4825474 64.60342407 29.70565033 0 64.60342407 29.74262238 1.49662542 63.98685837 -29.98773003 1.50929987 63.35816193 -30.24168777 0 63.35816193 -30.27932739 1.52054489 62.71860886 -30.46700287 0 62.71860886 -30.50492287 2.98952985 63.98685837 -29.87585258 2.96140885 64.60342407 -29.59482384 1.53033757 62.06951523 -30.66321754 0 62.06951523 -30.70138168 3.01484728 63.35816193 -30.12886238 1.53865767 61.41220474 -30.82992744 0 61.41220474 -30.86829948 3.03730941 62.71860886 -30.35333633 4.47500181 63.98685837 -29.68969727 4.43290806 64.60342407 -29.41042137 1.54548848 60.74802017 -30.96679497 0 60.74802017 -31.00533676 3.05687046 62.06951523 -30.54881859 4.5128994 63.35816193 -29.94113159 1.55081582 60.07832336 -31.07353783 0 60.07832336 -31.11221313 3.07349014 61.41220474 -30.71490669 4.54652262 62.71860886 -30.16420746 5.94934845 63.98685837 -29.42973137 5.89338589 64.60342407 -29.1529007 1.55462885 59.40447998 -31.14993858 0 59.40447998 -31.18870926 0 58.72786331 -31.23466873 3.0871346 60.74802017 -30.85126305 4.57580328 62.06951523 -30.35847092 5.99973154 63.35816193 -29.67896271 1.55691981 58.72786331 -31.19584274 0 58.04986572 -31.25 1.55768394 58.04986572 -31.21115303 3.09777594 60.07832336 -30.95760918 4.6006813 61.41220474 -30.52352524 6.04443264 62.71860886 -29.90008545 7.40890408 63.98685837 -29.09659767 7.33921194 64.60342407 -28.82289886 3.10539269 59.40447998 -31.03372574 4.62110567 60.74802017 -30.65903282 6.0833602 62.06951523 -30.09264946 7.47164774 63.35816193 -29.34300804 3.10996866 58.72786331 -31.07945824 3.11149526 58.04986572 -31.0947113 4.63703442 60.07832336 -30.76471519 6.11643457 61.41220474 -30.25625801 7.52731514 62.71860886 -29.56162834 8.85003948 63.98685837 -28.69112396 8.7667923 64.60342407 -28.42124176 4.64843607 59.40447998 -30.84035683 6.14358759 60.74802017 -30.39057732 7.57579279 62.06951523 -29.75201035 8.92498779 63.35816193 -28.9341011 4.65528584 58.72786331 -30.88580322 4.65757084 58.04986572 -30.90096283 6.16476488 60.07832336 -30.49533463 7.61698103 61.41220474 -29.91376686 8.99148369 62.71860886 -29.14967537 10.26917267 63.98685837 -28.21432114 10.17257595 64.60342407 -27.94892311 6.17992258 59.40447998 -30.57031441 7.65079594 60.74802017 -30.04656792 9.04939079 62.06951523 -29.33740425 10.35613918 63.35816193 -28.45326042 6.18902922 58.72786331 -30.61536407 6.19206715 58.04986572 -30.63039017 7.67716837 60.07832336 -30.15013885 9.09859085 61.41220474 -29.49690628 10.43329811 62.71860886 -28.66525078 11.66277504 63.98685837 -27.66737175 11.55306911 64.60342407 -27.40711975 7.69604445 59.40447998 -30.22426987 9.13898373 60.74802017 -29.6278553 10.50049114 62.06951523 -28.84986115 11.76154423 63.35816193 -27.90167999 7.70738554 58.72786331 -30.26880836 7.71116877 58.04986572 -30.2836647 9.1704855 60.07832336 -29.72998428 10.55757999 61.41220474 -29.00671196 11.84917355 62.71860886 -28.10956001 13.0273819 63.98685837 -27.05163765 12.90484047 64.60342407 -26.79717636 9.19303322 59.40447998 -29.80308151 10.60444927 60.74802017 -29.1354866 11.92548466 62.06951523 -28.29059219 13.13770771 63.35816193 -27.2807312 9.20658016 58.72786331 -29.84700012 9.21109962 58.04986572 -29.86165047 10.64100361 60.07832336 -29.23591614 11.99032116 61.41220474 -28.44440269 13.23558998 62.71860886 -27.4839859 14.35960102 63.98685837 -26.36864853 14.22452736 64.60342407 -26.1206131 10.66716671 59.40447998 -29.30780029 12.04355145 60.74802017 -28.57068062 13.32083035 62.06951523 -27.66098785 14.4812088 63.35816193 -26.59195709 10.68288612 58.72786331 -29.35098839 10.68812943 58.04986572 -29.36539459 12.08506584 60.07832336 -28.66916275 13.39325333 61.41220474 -27.81137657 14.58910084 62.71860886 -26.79008102 15.65611935 63.98685837 -25.62010384 15.5088501 64.60342407 -25.37910843 16.75461578 64.60342407 -24.57450867 12.11477947 59.40447998 -28.73965263 13.45271111 60.74802017 -27.93484306 14.68305779 62.06951523 -26.96261406 15.78870678 63.35816193 -25.83707237 12.13263226 58.72786331 -28.78200531 12.138587 58.04986572 -28.79613113 13.49908257 60.07832336 -28.03113556 14.762887 61.41220474 -27.10920525 15.9063406 62.71860886 -26.02957153 16.91371536 63.98685837 -24.80786324 13.53227329 59.40447998 -28.10005569 14.82842541 60.74802017 -27.22955513 16.00878143 62.06951523 -26.1972084 17.05695152 63.35816193 -25.01795387 13.55221558 58.72786331 -28.14146423 13.5588665 58.04986572 -28.15527725 14.87953949 60.07832336 -27.32341576 16.09581757 61.41220474 -26.33963776 17.18403435 62.71860886 -25.20434952 18.12925911 63.98685837 -23.93394661 17.95872688 64.60342407 -23.70881081 14.91612434 59.40447998 -27.39059639 16.16727448 60.74802017 -26.45657158 17.29470444 62.06951523 -25.36667061 18.28279114 63.35816193 -24.13663483 14.93810463 58.72786331 -27.4309597 14.94543648 58.04986572 -27.44442368 16.22300339 60.07832336 -26.54776764 17.38873291 61.41220474 -25.50458527 18.41900635 62.71860886 -24.31646538 19.29973221 63.98685837 -23.00052452 19.11818886 64.60342407 -22.78417015 16.26288986 59.40447998 -26.61304092 17.46592712 60.74802017 -25.6178112 18.53763008 62.06951523 -24.47306824 19.46317673 63.35816193 -23.19531059 16.2868557 58.72786331 -26.65225792 16.2948494 58.04986572 -26.66534042 17.52613258 60.07832336 -25.70611572 18.63841438 61.41220474 -24.60612488 19.60818672 62.71860886 -23.36812592 20.42222214 63.98685837 -22.00992203 20.23012161 64.60342407 -21.80288506 17.56922531 59.40447998 -25.76932144 18.72115898 60.74802017 -24.71536064 19.73446655 62.06951523 -23.51862144 20.59517288 63.35816193 -22.19631767 17.59511566 58.72786331 -25.80729485 17.60375214 58.04986572 -25.81996155 18.78569031 60.07832336 -24.80055618 19.84176064 61.41220474 -23.64648819 20.74861717 62.71860886 -22.36169052 21.49394035 63.98685837 -20.9645977 21.29175758 64.60342407 -20.76739311 22.30045891 64.60342407 -19.68027115 18.83188057 59.40447998 -24.86153412 19.92984581 60.74802017 -23.75146484 20.8822422 62.06951523 -22.50570488 21.67596626 63.35816193 -21.14214134 18.85963058 58.72786331 -24.89817047 18.86888695 58.04986572 -24.91039085 19.99854469 60.07832336 -23.83333778 20.99577522 61.41220474 -22.62806511 21.83746338 62.71860886 -21.29965973 22.51222038 63.98685837 -19.86715317 20.04771614 59.40447998 -23.89193726 21.08898354 60.74802017 -22.72851944 21.97810173 62.06951523 -21.43683434 22.70286942 63.35816193 -20.0354023 20.07725906 58.72786331 -23.927145 20.08711243 58.04986572 -23.93888855 21.16167831 60.07832336 -22.80686569 22.0975914 61.41220474 -21.55338287 22.87201691 62.71860886 -20.18467522 23.47453117 63.98685837 -18.72031403 23.25371933 64.60342407 -18.54422188 21.21370888 59.40447998 -22.86294174 22.19569206 60.74802017 -21.64906693 23.01931763 62.06951523 -20.31466866 23.67333031 63.35816193 -18.87885094 21.24497032 58.72786331 -22.89663315 21.2553978 58.04986572 -22.90787125 22.27220154 60.07832336 -21.72369194 23.14447021 61.41220474 -20.42511559 23.84970856 62.71860886 -19.01950836 24.37848091 63.98685837 -17.52693558 24.14916611 64.60342407 -17.36206818 24.98457336 64.60342407 -16.13674927 22.32696342 59.40447998 -21.77710533 23.24721909 60.74802017 -20.51579285 24.00330544 62.06951523 -19.14199829 24.58493614 63.35816193 -17.67536545 22.35986519 58.72786331 -21.80919647 22.37083817 58.04986572 -21.81990051 23.32735252 60.07832336 -20.5865097 24.13380814 61.41220474 -19.24606895 24.76810646 62.71860886 -17.80705643 25.22182274 63.98685837 -16.28997993 25.75786591 64.60342407 -14.87131119 23.3847084 59.40447998 -20.63712692 24.24094772 60.74802017 -19.33151054 24.92761803 62.06951523 -17.92173767 25.43541908 63.35816193 -16.42793465 23.41916847 58.72786331 -20.66753769 23.43066216 58.04986572 -20.67768288 24.32450676 60.07832336 -19.39814758 25.06314468 61.41220474 -18.01917458 25.62492561 62.71860886 -16.55033112 26.00245857 63.98685837 -15.01252651 26.46712112 64.60342407 -13.56890106 24.38431358 59.40447998 -19.44584274 25.17441177 60.74802017 -18.09916878 25.78995514 62.06951523 -16.65691948 26.22266579 63.35816193 -15.1396637 24.42024803 58.72786331 -19.47449875 24.43223381 58.04986572 -19.48405647 25.26118851 60.07832336 -18.16155624 25.93017197 61.41220474 -16.74748039 26.41803741 62.71860886 -15.25246143 26.71844864 63.98685837 -13.69774914 25.3232975 59.40447998 -18.20621109 26.04528618 60.74802017 -16.82182884 26.58817482 62.06951523 -15.35069084 26.94471931 63.35816193 -13.81375122 25.36061478 58.72786331 -18.23303986 25.37306213 58.04986572 -18.24198914 26.13506508 60.07832336 -16.87981415 26.73273087 61.41220474 -15.43414974 27.14547157 62.71860886 -13.9166708 27.36801147 63.98685837 -12.34891701 27.11057472 64.60342407 -12.23275661 26.19932365 59.40447998 -16.92131805 26.851408 60.74802017 -15.50266838 27.32029343 62.06951523 -14.00629711 27.59978294 63.35816193 -12.45349693 26.23793221 58.72786331 -16.94625282 26.25081062 58.04986572 -16.95457077 26.94396591 60.07832336 -15.55610657 27.4688282 61.41220474 -14.08244705 27.80541611 62.71860886 -12.54628086 27.94953346 63.98685837 -10.96938324 27.68662643 64.60342407 -10.86620045 28.19384575 64.60342407 -9.47262859 27.01021385 59.40447998 -15.59435463 27.59077454 60.74802017 -14.14496517 27.98448753 62.06951523 -12.62708187 28.18622971 63.35816193 -11.0622797 27.0500164 58.72786331 -15.61733437 27.06329346 58.04986572 -15.625 27.68588066 60.07832336 -14.19372272 28.13663483 61.41220474 -12.69573307 28.3962326 62.71860886 -11.14470005 28.46156883 63.98685837 -9.5625782 27.75395203 59.40447998 -14.22862148 28.26154518 60.74802017 -12.75209522 28.57910919 62.06951523 -11.21647358 28.70260239 63.35816193 -9.64356136 27.7948513 58.72786331 -14.24958897 27.80849457 58.04986572 -14.25658321 28.35896301 60.07832336 -12.79605198 28.73448944 61.41220474 -11.27745628 28.9164505 62.71860886 -9.71541023 28.90284348 63.98685837 -8.13199902 28.63097 64.60342407 -8.05550575 28.996912 64.60342407 -6.61835623 28.42868996 59.40447998 -12.82751369 28.86205292 60.74802017 -11.32752132 29.1026783 62.06951523 -9.77797985 29.14761353 63.35816193 -8.2008667 28.47058487 58.72786331 -12.84641647 28.48455811 58.04986572 -12.85272217 28.96154213 60.07832336 -11.36656761 29.26090431 61.41220474 -9.83114147 29.36477852 62.71860886 -8.26196766 29.27226257 63.98685837 -6.68120289 29.29076576 64.60342407 -5.16475201 29.03275108 59.40447998 -11.39451504 29.3908062 60.74802017 -9.87478542 29.55389404 62.06951523 -8.31517601 29.52016068 63.35816193 -6.73778391 29.07553291 58.72786331 -11.41130638 29.0898037 58.04986572 -11.41690731 29.49211693 60.07832336 -9.90882397 29.71457291 61.41220474 -8.36038494 29.74010086 62.71860886 -6.78798389 29.56890488 63.98685837 -5.21379566 29.56463051 59.40447998 -9.93318748 29.84648895 60.74802017 -8.39750004 29.931633 62.06951523 -6.83169985 29.81931496 63.35816193 -5.25794983 29.60819817 58.72786331 -9.94782543 29.62273026 58.04986572 -9.95270824 29.94936943 60.07832336 -8.42644596 30.09436607 61.41220474 -6.8688426 30.04148483 62.71860886 -5.29712439 29.79203415 63.98685837 -3.73342633 29.51179695 64.60342407 -3.69830775 30.02300644 59.40447998 -8.44716454 30.22796822 60.74802017 -6.89933634 30.23495865 62.06951523 -5.33123875 30.04433441 63.35816193 -3.76504374 30.0672493 58.72786331 -8.45961285 30.08200836 58.04986572 -8.46376419 30.33216476 60.07832336 -6.92311859 30.39933968 61.41220474 -5.36022377 30.26818085 62.71860886 -3.79309511 29.94109726 63.98685837 -2.24377513 29.65945625 64.60342407 -2.22266889 30.4067421 59.40447998 -6.94014072 30.53429604 60.74802017 -5.38402033 30.46311378 62.06951523 -3.81752348 30.19466019 63.35816193 -2.26277685 30.45155144 58.72786331 -6.95036793 30.46649742 58.04986572 -6.95377922 30.63954735 60.07832336 -5.40257883 30.6287365 61.41220474 -3.83827877 30.41962433 62.71860886 -2.27963567 30.01572037 63.98685837 -0.74854535 29.73337746 64.60342407 -0.74150413 30.7148819 59.40447998 -5.41586256 30.76470947 60.74802017 -3.85531831 30.61553383 62.06951523 -2.29431701 30.26991463 63.35816193 -0.75488454 30.76014519 58.72786331 -5.42384338 30.77524185 58.04986572 -5.42650557 30.87075615 60.07832336 -3.86860776 30.78198433 61.41220474 -2.30679083 30.49544144 62.71860886 -0.76050884 30.01572037 63.98685837 0.74854535 29.73337746 64.60342407 0.74150413 29.65945625 64.60342407 2.22266889 30.94665909 59.40447998 -3.87811971 30.91863823 60.74802017 -2.31703162 30.69183922 62.06951523 -0.76540667 30.26991463 63.35816193 0.75488454 30.99226379 58.72786331 -3.8838346 31.0074749 58.04986572 -3.88574076 31.02521706 60.07832336 -2.32501864 30.85870552 61.41220474 -0.76956803 30.49544144 62.71860886 0.76050884 29.94109726 63.98685837 2.24377513 31.10149956 59.40447998 -2.33073521 30.99569893 60.74802017 -0.7729845 30.69183922 62.06951523 0.76540667 30.19466019 63.35816193 2.26277685 31.14733124 58.72786331 -2.33416986 31.16261864 58.04986572 -2.33531547 31.10254288 60.07832336 -0.77564895 30.85870552 61.41220474 0.76956803 30.41962433 62.71860886 2.27963567 29.79203415 63.98685837 3.73342633 29.51179695 64.60342407 3.69830775 29.29076576 64.60342407 5.16475201 31.17901421 59.40447998 -0.77755606 30.99569893 60.74802017 0.7729845 30.61553383 62.06951523 2.29431701 30.04433441 63.35816193 3.76504374 31.22496033 58.72786331 -0.7787019 31.24028778 58.04986572 -0.77908415 31.10254288 60.07832336 0.77564895 30.78198433 61.41220474 2.30679083 30.26818085 62.71860886 3.79309511 29.56890488 63.98685837 5.21379566 31.17901421 59.40447998 0.77755606 30.91863823 60.74802017 2.31703162 30.46311378 62.06951523 3.81752348 29.81931496 63.35816193 5.25794983 31.22496033 58.72786331 0.7787019 31.24028778 58.04986572 0.77908415 31.02521706 60.07832336 2.32501864 30.6287365 61.41220474 3.83827877 30.04148483 62.71860886 5.29712439 29.27226257 63.98685837 6.68120289 28.996912 64.60342407 6.61835623 31.10149956 59.40447998 2.33073521 30.76470947 60.74802017 3.85531831 30.23495865 62.06951523 5.33123875 29.52016068 63.35816193 6.73778391 31.14733124 58.72786331 2.33416986 31.16261864 58.04986572 2.33531547 30.87075615 60.07832336 3.86860776 30.39933968 61.41220474 5.36022377 29.74010086 62.71860886 6.78798389 28.90284348 63.98685837 8.13199902 28.63097 64.60342407 8.05550575 30.94665909 59.40447998 3.87811971 30.53429604 60.74802017 5.38402033 29.931633 62.06951523 6.83169985 29.14761353 63.35816193 8.2008667 30.99226379 58.72786331 3.8838346 31.0074749 58.04986572 3.88574076 30.63954735 60.07832336 5.40257883 30.09436607 61.41220474 6.8688426 29.36477852 62.71860886 8.26196766 28.46156883 63.98685837 9.5625782 28.19384575 64.60342407 9.47262859 27.68662643 64.60342407 10.86620045 30.7148819 59.40447998 5.41586256 30.22796822 60.74802017 6.89933634 29.55389404 62.06951523 8.31517601 28.70260239 63.35816193 9.64356136 30.76014519 58.72786331 5.42384338 30.77524185 58.04986572 5.42650557 30.33216476 60.07832336 6.92311859 29.71457291 61.41220474 8.36038494 28.9164505 62.71860886 9.71541023 27.94953346 63.98685837 10.96938324 30.4067421 59.40447998 6.94014072 29.84648895 60.74802017 8.39750004 29.1026783 62.06951523 9.77797985 28.18622971 63.35816193 11.0622797 30.45155144 58.72786331 6.95036793 30.46649742 58.04986572 6.95377922 29.94936943 60.07832336 8.42644596 29.26090431 61.41220474 9.83114147 28.3962326 62.71860886 11.14470005 27.36801147 63.98685837 12.34891701 27.11057472 64.60342407 12.23275661 26.46712112 64.60342407 13.56890106 30.02300644 59.40447998 8.44716454 29.3908062 60.74802017 9.87478542 28.57910919 62.06951523 11.21647358 27.59978294 63.35816193 12.45349693 30.0672493 58.72786331 8.45961285 30.08200836 58.04986572 8.46376419 29.49211693 60.07832336 9.90882397 28.73448944 61.41220474 11.27745628 27.80541611 62.71860886 12.54628086 26.71844864 63.98685837 13.69774914 29.56463051 59.40447998 9.93318748 28.86205292 60.74802017 11.32752132 27.98448753 62.06951523 12.62708187 26.94471931 63.35816193 13.81375122 29.60819817 58.72786331 9.94782543 29.62273026 58.04986572 9.95270824 28.96154213 60.07832336 11.36656761 28.13663483 61.41220474 12.69573307 27.14547157 62.71860886 13.9166708 26.00245857 63.98685837 15.01252651 25.75786591 64.60342407 14.87131119 29.03275108 59.40447998 11.39451504 28.26154518 60.74802017 12.75209522 27.32029343 62.06951523 14.00629711 26.22266579 63.35816193 15.1396637 29.07553291 58.72786331 11.41130638 29.0898037 58.04986572 11.41690731 28.35896301 60.07832336 12.79605198 27.4688282 61.41220474 14.08244705 26.41803741 62.71860886 15.25246143 25.22182274 63.98685837 16.28997993 24.98457336 64.60342407 16.13674927 28.42868996 59.40447998 12.82751369 27.59077454 60.74802017 14.14496517 26.58817482 62.06951523 15.35069084 25.43541908 63.35816193 16.42793465 28.47058487 58.72786331 12.84641647 28.48455811 58.04986572 12.85272217 27.68588066 60.07832336 14.19372272 26.73273087 61.41220474 15.43414974 25.62492561 62.71860886 16.55033112 24.37848091 63.98685837 17.52693558 24.14916611 64.60342407 17.36206818 27.75395203 59.40447998 14.22862148 26.851408 60.74802017 15.50266838 25.78995514 62.06951523 16.65691948 24.58493614 63.35816193 17.67536545 27.7948513 58.72786331 14.24958897 27.80849457 58.04986572 14.25658321 26.94396591 60.07832336 15.55610657 25.93017197 61.41220474 16.74748039 24.76810646 62.71860886 17.80705643 23.47453117 63.98685837 18.72031403 23.25371933 64.60342407 18.54422188 27.01021385 59.40447998 15.59435463 26.04528618 60.74802017 16.82182884 24.92761803 62.06951523 17.92173767 23.67333031 63.35816193 18.87885094 27.0500164 58.72786331 15.61733437 27.06329346 58.04986572 15.625 26.13506508 60.07832336 16.87981415 25.06314468 61.41220474 18.01917458 23.84970856 62.71860886 19.01950836 22.51222038 63.98685837 19.86715317 22.30045891 64.60342407 19.68027115 26.19932365 59.40447998 16.92131805 25.17441177 60.74802017 18.09916878 24.00330544 62.06951523 19.14199829 22.70286942 63.35816193 20.0354023 26.23793221 58.72786331 16.94625282 26.25081062 58.04986572 16.95457077 25.26118851 60.07832336 18.16155624 24.13380814 61.41220474 19.24606895 22.87201691 62.71860886 20.18467522 21.49394035 63.98685837 20.9645977 21.29175758 64.60342407 20.76739311 25.3232975 59.40447998 18.20621109 24.24094772 60.74802017 19.33151054 23.01931763 62.06951523 20.31466866 21.67596626 63.35816193 21.14214134 25.36061478 58.72786331 18.23303986 25.37306213 58.04986572 18.24198914 24.32450676 60.07832336 19.39814758 23.14447021 61.41220474 20.42511559 21.83746338 62.71860886 21.29965973 20.42222214 63.98685837 22.00992203 20.23012161 64.60342407 21.80288506 24.38431358 59.40447998 19.44584274 23.24721909 60.74802017 20.51579285 21.97810173 62.06951523 21.43683434 20.59517288 63.35816193 22.19631767 24.42024803 58.72786331 19.47449875 24.43223381 58.04986572 19.48405647 23.32735252 60.07832336 20.5865097 22.0975914 61.41220474 21.55338287 20.74861717 62.71860886 22.36169052 19.29973221 63.98685837 23.00052452 19.11818886 64.60342407 22.78417015 23.3847084 59.40447998 20.63712692 22.19569206 60.74802017 21.64906693 20.8822422 62.06951523 22.50570488 19.46317673 63.35816193 23.19531059 23.41916847 58.72786331 20.66753769 23.43066216 58.04986572 20.67768288 22.27220154 60.07832336 21.72369194 20.99577522 61.41220474 22.62806511 19.60818672 62.71860886 23.36812592 18.12925911 63.98685837 23.93394661 17.95872688 64.60342407 23.70881081 22.32696342 59.40447998 21.77710533 21.08898354 60.74802017 22.72851944 19.73446655 62.06951523 23.51862144 18.28279114 63.35816193 24.13663483 22.35986519 58.72786331 21.80919647 22.37083817 58.04986572 21.81990051 21.16167831 60.07832336 22.80686569 19.84176064 61.41220474 23.64648819 18.41900635 62.71860886 24.31646538 16.91371536 63.98685837 24.80786324 16.75461578 64.60342407 24.57450867 21.21370888 59.40447998 22.86294174 19.92984581 60.74802017 23.75146484 18.53763008 62.06951523 24.47306824 17.05695152 63.35816193 25.01795387 21.24497032 58.72786331 22.89663315 21.2553978 58.04986572 22.90787125 19.99854469 60.07832336 23.83333778 18.63841438 61.41220474 24.60612488 17.18403435 62.71860886 25.20434952 15.65611935 63.98685837 25.62010384 15.5088501 64.60342407 25.37910843 20.04771614 59.40447998 23.89193726 18.72115898 60.74802017 24.71536064 17.29470444 62.06951523 25.36667061 15.78870678 63.35816193 25.83707237 20.07725906 58.72786331 23.927145 20.08711243 58.04986572 23.93888855 18.78569031 60.07832336 24.80055618 17.38873291 61.41220474 25.50458527 15.9063406 62.71860886 26.02957153 14.35960102 63.98685837 26.36864853 14.22452736 64.60342407 26.1206131 18.83188057 59.40447998 24.86153412 17.46592712 60.74802017 25.6178112 16.00878143 62.06951523 26.1972084 14.4812088 63.35816193 26.59195709 18.85963058 58.72786331 24.89817047 18.86888695 58.04986572 24.91039085 17.60375214 58.04986572 25.81996155 17.52613258 60.07832336 25.70611572 16.09581757 61.41220474 26.33963776 14.58910084 62.71860886 26.79008102 13.0273819 63.98685837 27.05163765 12.90484047 64.60342407 26.79717636 17.56922531 59.40447998 25.76932144 16.16727448 60.74802017 26.45657158 14.68305779 62.06951523 26.96261406 13.13770771 63.35816193 27.2807312 17.59511566 58.72786331 25.80729485 16.22300339 60.07832336 26.54776764 14.762887 61.41220474 27.10920525 13.23558998 62.71860886 27.4839859 11.66277504 63.98685837 27.66737175 11.55306911 64.60342407 27.40711975 16.26288986 59.40447998 26.61304092 14.82842541 60.74802017 27.22955513 13.32083035 62.06951523 27.66098785 11.76154423 63.35816193 27.90167999 16.2868557 58.72786331 26.65225792 16.2948494 58.04986572 26.66534042 14.94543648 58.04986572 27.44442368 14.87953949 60.07832336 27.32341576 13.39325333 61.41220474 27.81137657 11.84917355 62.71860886 28.10956001 10.26917267 63.98685837 28.21432114 10.17257595 64.60342407 27.94892311 14.91612434 59.40447998 27.39059639 13.45271111 60.74802017 27.93484306 11.92548466 62.06951523 28.29059219 10.35613918 63.35816193 28.45326042 14.93810463 58.72786331 27.4309597 13.49908257 60.07832336 28.03113556 11.99032116 61.41220474 28.44440269 10.43329811 62.71860886 28.66525078 8.85003948 63.98685837 28.69112396 8.7667923 64.60342407 28.42124176 13.53227329 59.40447998 28.10005569 12.04355145 60.74802017 28.57068062 10.50049114 62.06951523 28.84986115 8.92498779 63.35816193 28.9341011 13.55221558 58.72786331 28.14146423 13.5588665 58.04986572 28.15527725 12.08506584 60.07832336 28.66916275 10.55757999 61.41220474 29.00671196 8.99148369 62.71860886 29.14967537 7.40890408 63.98685837 29.09659767 7.33921194 64.60342407 28.82289886 12.11477947 59.40447998 28.73965263 10.60444927 60.74802017 29.1354866 9.04939079 62.06951523 29.33740425 7.47164774 63.35816193 29.34300804 12.13263226 58.72786331 28.78200531 12.138587 58.04986572 28.79613113 10.64100361 60.07832336 29.23591614 9.09859085 61.41220474 29.49690628 7.52731514 62.71860886 29.56162834 5.94934845 63.98685837 29.42973137 5.89338589 64.60342407 29.1529007 4.43290806 64.60342407 29.41042137 10.66716671 59.40447998 29.30780029 9.13898373 60.74802017 29.6278553 7.57579279 62.06951523 29.75201035 5.99973154 63.35816193 29.67896271 10.68288612 58.72786331 29.35098839 10.68812943 58.04986572 29.36539459 9.1704855 60.07832336 29.72998428 7.61698103 61.41220474 29.91376686 6.04443264 62.71860886 29.90008545 4.47500181 63.98685837 29.68969727 9.19303322 59.40447998 29.80308151 7.65079594 60.74802017 30.04656792 6.0833602 62.06951523 30.09264946 4.5128994 63.35816193 29.94113159 9.20658016 58.72786331 29.84700012 9.21109962 58.04986572 29.86165047 7.67716837 60.07832336 30.15013885 6.11643457 61.41220474 30.25625801 4.54652262 62.71860886 30.16420746 2.98952985 63.98685837 29.87585258 2.96140885 64.60342407 29.59482384 7.69604445 59.40447998 30.22426987 6.14358759 60.74802017 30.39057732 4.57580328 62.06951523 30.35847092 3.01484728 63.35816193 30.12886238 7.70738554 58.72786331 30.26880836 7.71116877 58.04986572 30.2836647 6.16476488 60.07832336 30.49533463 4.6006813 61.41220474 30.52352524 3.03730941 62.71860886 30.35333633 1.49662542 63.98685837 29.98773003 6.17992258 59.40447998 30.57031441 4.62110567 60.74802017 30.65903282 3.05687046 62.06951523 30.54881859 1.50929987 63.35816193 30.24168777 0 63.35816193 30.27932739 0 62.71860886 30.50492287 6.18902922 58.72786331 30.61536407 6.19206715 58.04986572 30.63039017 4.63703442 60.07832336 30.76471519 3.07349014 61.41220474 30.71490669 1.52054489 62.71860886 30.46700287 4.64843607 59.40447998 30.84035683 3.0871346 60.74802017 30.85126305 1.53033757 62.06951523 30.66321754 0 62.06951523 30.70138168 4.65528584 58.72786331 30.88580322 4.65757084 58.04986572 30.90096283 3.09777594 60.07832336 30.95760918 1.53865767 61.41220474 30.82992744 0 61.41220474 30.86829948 3.10539269 59.40447998 31.03372574 1.54548848 60.74802017 30.96679497 0 60.74802017 31.00533676 0 60.07832336 31.11221313 3.10996866 58.72786331 31.07945824 3.11149526 58.04986572 31.0947113 1.55081582 60.07832336 31.07353783 1.55462885 59.40447998 31.14993858 0 59.40447998 31.18870926 1.55691981 58.72786331 31.19584274 1.55768394 58.04986572 31.21115303 0 58.04986572 31.25 0 58.72786331 31.23466873 0.71030384 100.5 14.23228645 0 96.5 14.25 0.71030384 96.5 14.23228645 0 100.5 14.25 1.41884184 100.5 14.17918873 1.41884184 96.5 14.17918873 2.12385225 100.5 14.09083939 2.12385225 96.5 14.09083939 2.82358265 100.5 13.96745777 2.82358265 96.5 13.96745777 3.51629281 100.5 13.80935097 3.51629281 96.5 13.80935097 4.20026112 100.5 13.61691284 4.20026112 96.5 13.61691284 4.87378693 96.5 13.39062023 4.87378693 100.5 13.39062023 5.53519583 100.5 13.1310358 5.53519583 96.5 13.1310358 6.18284321 100.5 12.83880615 6.18284321 96.5 12.83880615 6.81511927 100.5 12.51465702 6.81511927 96.5 12.51465702 7.43045187 100.5 12.15939522 7.43045187 96.5 12.15939522 8.02731037 100.5 11.77390289 8.02731037 96.5 11.77390289 8.60421276 100.5 11.35913849 8.60421276 96.5 11.35913849 9.15972328 100.5 10.91613293 9.15972328 96.5 10.91613293 9.69246197 100.5 10.44598961 9.69246197 96.5 10.44598961 10.20110226 100.5 9.94987488 10.20110226 96.5 9.94987488 10.68438244 100.5 9.42902279 10.68438244 96.5 9.42902279 11.14109898 100.5 8.88472939 11.14109898 96.5 8.88472939 11.570117 100.5 8.31834698 11.570117 96.5 8.31834698 11.97036934 96.5 7.73128414 11.97036934 100.5 7.73128414 12.34086227 96.5 7.125 12.34086227 100.5 7.125 12.6806736 100.5 6.50100183 12.6806736 96.5 6.50100183 12.98895836 100.5 5.86084127 12.98895836 96.5 5.86084127 13.26495075 100.5 5.20610952 13.26495075 96.5 5.20610952 13.50796509 100.5 4.53843498 13.50796509 96.5 4.53843498 13.71739578 100.5 3.85947657 13.71739578 96.5 3.85947657 13.89272308 100.5 3.17092323 13.89272308 96.5 3.17092323 14.03351021 100.5 2.47448659 14.03351021 96.5 2.47448659 14.13940907 100.5 1.77189779 14.13940907 96.5 1.77189779 14.21015453 100.5 1.06490386 14.21015453 96.5 1.06490386 14.24557114 100.5 0.35526237 14.24557114 96.5 0.35526237 14.24557114 100.5 -0.35526237 14.24557114 96.5 -0.35526237 14.21015453 96.5 -1.06490386 14.21015453 100.5 -1.06490386 14.13940907 100.5 -1.77189779 14.13940907 96.5 -1.77189779 14.03351021 100.5 -2.47448659 14.03351021 96.5 -2.47448659 13.89272308 100.5 -3.17092323 13.89272308 96.5 -3.17092323 13.71739578 100.5 -3.85947657 13.71739578 96.5 -3.85947657 13.50796509 100.5 -4.53843498 13.50796509 96.5 -4.53843498 13.26495075 100.5 -5.20610952 13.26495075 96.5 -5.20610952 12.98895836 100.5 -5.86084127 12.98895836 96.5 -5.86084127 12.6806736 100.5 -6.50100183 12.6806736 96.5 -6.50100183 12.34086227 96.5 -7.125 12.34086227 100.5 -7.125 11.97036934 100.5 -7.73128414 11.97036934 96.5 -7.73128414 11.570117 100.5 -8.31834698 11.570117 96.5 -8.31834698 11.14109898 100.5 -8.88472939 11.14109898 96.5 -8.88472939 10.68438244 100.5 -9.42902279 10.68438244 96.5 -9.42902279 10.20110226 100.5 -9.94987488 10.20110226 96.5 -9.94987488 9.69246197 100.5 -10.44598961 9.69246197 96.5 -10.44598961 9.15972328 100.5 -10.91613293 9.15972328 96.5 -10.91613293 8.60421276 100.5 -11.35913849 8.60421276 96.5 -11.35913849 8.02731037 100.5 -11.77390289 8.02731037 96.5 -11.77390289 7.43045187 100.5 -12.15939522 7.43045187 96.5 -12.15939522 6.81511927 100.5 -12.51465702 6.81511927 96.5 -12.51465702 6.18284321 100.5 -12.83880615 6.18284321 96.5 -12.83880615 5.53519583 100.5 -13.1310358 5.53519583 96.5 -13.1310358 4.87378693 100.5 -13.39062023 4.87378693 96.5 -13.39062023 4.20026112 100.5 -13.61691284 4.20026112 96.5 -13.61691284 3.51629281 100.5 -13.80935097 3.51629281 96.5 -13.80935097 2.82358265 100.5 -13.96745777 2.82358265 96.5 -13.96745777 2.12385225 100.5 -14.09083939 2.12385225 96.5 -14.09083939 1.41884184 100.5 -14.17918873 1.41884184 96.5 -14.17918873 0.71030384 100.5 -14.23228645 0.71030384 96.5 -14.23228645 0 96.5 -14.25 0 100.5 -14.25 0 100.5 14.625 0.7289961 100.5 14.60682011 1.45617974 100.5 14.55232525 2.17974305 100.5 14.46165085 2.89788723 100.5 14.33502293 3.60882688 100.5 14.17275524 4.31079435 100.5 13.97525215 5.00204468 100.5 13.7430048 5.68085909 100.5 13.4765892 6.34554958 100.5 13.17667007 6.9944644 100.5 12.84399033 7.62598991 100.5 12.4793787 8.23855591 100.5 12.08374214 8.83063984 100.5 11.65806293 9.40076923 100.5 11.20339966 9.94752598 100.5 10.72088337 10.46955299 100.5 10.21171379 10.96555042 100.5 9.67715549 11.43428516 100.5 9.1185379 11.87459373 100.5 8.53725147 12.28537941 100.5 7.93473911 12.66562176 100.5 7.3125 13.01437473 100.5 6.67208099 13.33077335 100.5 6.01507378 13.61402893 100.5 5.34311247 13.86343765 100.5 4.65786743 14.07837963 100.5 3.96104193 14.25832081 100.5 3.25436854 14.40281296 100.5 2.53960466 14.51149845 100.5 1.81852663 14.58410549 100.5 1.09292758 14.62045383 100.5 0.36461136 14.62045383 100.5 -0.36461136 14.58410549 100.5 -1.09292758 14.51149845 100.5 -1.81852663 14.40281296 100.5 -2.53960466 14.25832081 100.5 -3.25436854 14.07837963 100.5 -3.96104193 13.86343765 100.5 -4.65786743 13.61402893 100.5 -5.34311247 13.33077335 100.5 -6.01507378 13.01437473 100.5 -6.67208099 12.66562176 100.5 -7.3125 12.28537941 100.5 -7.93473911 11.87459373 100.5 -8.53725147 11.43428516 100.5 -9.1185379 10.96555042 100.5 -9.67715549 10.46955299 100.5 -10.21171379 9.94752598 100.5 -10.72088337 9.40076923 100.5 -11.20339966 8.83063984 100.5 -11.65806293 8.23855591 100.5 -12.08374214 7.62598991 100.5 -12.4793787 6.9944644 100.5 -12.84399033 6.34554958 100.5 -13.17667007 5.68085909 100.5 -13.4765892 5.00204468 100.5 -13.7430048 4.31079435 100.5 -13.97525215 3.60882688 100.5 -14.17275524 2.89788723 100.5 -14.33502293 2.17974305 100.5 -14.46165085 1.45617974 100.5 -14.55232525 0.7289961 100.5 -14.60682011 0 100.5 -14.625 16.10731888 91.18390656 4.88610172 21.67622757 75.23561859 -11.5861845 19.39901543 80.55171204 -10.36898899 20.32194138 80.55171204 -8.41762352 20.43620491 75.23561859 -13.65503597 18.28926468 80.55171204 -12.22049618 21.57365799 80.55171204 -4.2912674 18.57823753 85.86780548 -5.63564682 19.04116821 85.86780548 -3.78752398 21.0491581 80.55171204 -6.38519192 19.32072258 85.86780548 1.90292513 19.41420746 85.86780548 0 16.75105286 91.18390656 1.64983463 20.99536514 69.91951752 -17.23044968 19.20538712 69.91951752 -19.20538712 18.99937248 75.23561859 -15.59238148 15.55083656 91.18390656 6.44136715 22.70749474 75.23561859 -9.40575218 21.8903923 80.55171204 -2.15601563 19.32072258 85.86780548 -1.90292513 19.04116821 85.86780548 3.78752398 16.50868034 91.18390656 3.28378057 22.58314514 69.91951752 -15.08957577 14.84459019 91.18390656 7.93459892 23.52007675 75.23561859 -7.13473701 21.99631119 80.55171204 0 18.57823753 85.86780548 5.63564682 23.95343971 69.91951752 -12.80338001 13.99538231 91.18390656 9.35141563 24.10614777 75.23561859 -4.79501104 21.8903923 80.55171204 2.15601563 17.93638802 85.86780548 7.42949533 25.0930481 69.91951752 -10.39388084 13.01139259 91.18390656 10.67817402 24.46006393 75.23561859 -2.40910602 21.57365799 80.55171204 4.2912674 17.12180328 85.86780548 9.15179443 25.99099541 69.91951752 -7.88428259 11.90209484 91.18390656 11.90209484 24.57841492 75.23561859 0 21.0491581 80.55171204 6.38519192 16.14232445 85.86780548 10.78595543 26.63863754 69.91951752 -5.29875422 10.67817402 91.18390656 13.01139259 24.46006393 75.23561859 2.40910602 20.32194138 80.55171204 8.41762352 15.00738525 85.86780548 12.31624317 27.02973366 69.91951752 -2.6621964 9.35141563 91.18390656 13.99538231 24.10614777 75.23561859 4.79501104 19.39901543 80.55171204 10.36898899 13.72791767 85.86780548 13.72791767 27.16051865 69.91951752 0 7.93459892 91.18390656 14.84459019 23.52007675 75.23561859 7.13473701 18.28926468 80.55171204 12.22049618 12.31624317 85.86780548 15.00738525 27.02973366 69.91951752 2.6621964 6.44136715 91.18390656 15.55083656 22.70749474 75.23561859 9.40575218 17.00337791 80.55171204 13.95431232 10.78595543 85.86780548 16.14232445 26.63863754 69.91951752 5.29875422 4.88610172 91.18390656 16.10731888 21.67622757 75.23561859 11.5861845 15.5537405 80.55171204 15.5537405 9.15179443 85.86780548 17.12180328 25.99099541 69.91951752 7.88428259 3.28378057 91.18390656 16.50868034 20.43620491 75.23561859 13.65503597 13.95431232 80.55171204 17.00337791 7.42949533 85.86780548 17.93638802 25.0930481 69.91951752 10.39388084 1.64983463 91.18390656 16.75105286 18.99937248 75.23561859 15.59238148 12.22049618 80.55171204 18.28926468 5.63564682 85.86780548 18.57823753 23.95343971 69.91951752 12.80338001 17.37956429 75.23561859 17.37956429 10.36898899 80.55171204 19.39901543 3.78752398 85.86780548 19.04116821 22.58314514 69.91951752 15.08957577 15.59238148 75.23561859 18.99937248 8.41762352 80.55171204 20.32194138 1.90292513 85.86780548 19.32072258 20.99536514 69.91951752 17.23044968 13.65503597 75.23561859 20.43620491 6.38519192 80.55171204 21.0491581 19.20538712 69.91951752 19.20538712 11.5861845 75.23561859 21.67622757 4.2912674 80.55171204 21.57365799 17.23044968 69.91951752 20.99536514 9.40575218 75.23561859 22.70749474 2.15601563 80.55171204 21.8903923 15.08957577 69.91951752 22.58314514 7.13473701 75.23561859 23.52007675 12.80338001 69.91951752 23.95343971 4.79501104 75.23561859 24.10614777 10.39388084 69.91951752 25.0930481 2.40910602 75.23561859 24.46006393 7.88428259 69.91951752 25.99099541 5.29875422 69.91951752 26.63863754 2.6621964 69.91951752 27.02973366 1.64983463 91.18390656 -16.75105286 3.28378057 91.18390656 -16.50868034 4.88610172 91.18390656 -16.10731888 1.90292513 85.86780548 -19.32072258 6.44136715 91.18390656 -15.55083656 3.78752398 85.86780548 -19.04116821 7.93459892 91.18390656 -14.84459019 5.63564682 85.86780548 -18.57823753 9.35141563 91.18390656 -13.99538231 2.15601563 80.55171204 -21.8903923 7.42949533 85.86780548 -17.93638802 10.67817402 91.18390656 -13.01139259 4.2912674 80.55171204 -21.57365799 9.15179443 85.86780548 -17.12180328 11.90209484 91.18390656 -11.90209484 6.38519192 80.55171204 -21.0491581 10.78595543 85.86780548 -16.14232445 13.01139259 91.18390656 -10.67817402 2.40910602 75.23561859 -24.46006393 8.41762352 80.55171204 -20.32194138 12.31624317 85.86780548 -15.00738525 13.99538231 91.18390656 -9.35141563 4.79501104 75.23561859 -24.10614777 10.36898899 80.55171204 -19.39901543 13.72791767 85.86780548 -13.72791767 14.84459019 91.18390656 -7.93459892 7.13473701 75.23561859 -23.52007675 12.22049618 80.55171204 -18.28926468 15.00738525 85.86780548 -12.31624317 2.6621964 69.91951752 -27.02973366 15.55083656 91.18390656 -6.44136715 9.40575218 75.23561859 -22.70749474 13.95431232 80.55171204 -17.00337791 16.14232445 85.86780548 -10.78595543 5.29875422 69.91951752 -26.63863754 16.10731888 91.18390656 -4.88610172 11.5861845 75.23561859 -21.67622757 15.5537405 80.55171204 -15.5537405 17.12180328 85.86780548 -9.15179443 7.88428259 69.91951752 -25.99099541 16.50868034 91.18390656 -3.28378057 13.65503597 75.23561859 -20.43620491 17.00337791 80.55171204 -13.95431232 17.93638802 85.86780548 -7.42949533 10.39388084 69.91951752 -25.0930481 16.75105286 91.18390656 -1.64983463 15.59238148 75.23561859 -18.99937248 12.80338001 69.91951752 -23.95343971 16.83210373 91.18390656 0 17.37956429 75.23561859 -17.37956429 15.08957577 69.91951752 -22.58314514 17.23044968 69.91951752 -20.99536514 -1.55768394 5 31.21115303 -1.55768394 58.04986572 31.21115303 -3.11149526 5 31.0947113 -3.11149526 58.04986572 31.0947113 -4.65757084 5 30.90096283 -4.65757084 58.04986572 30.90096283 -6.19206715 5 30.63039017 -6.19206715 58.04986572 30.63039017 -7.71116877 5 30.2836647 -7.71116877 58.04986572 30.2836647 -9.21109962 5 29.86165047 -9.21109962 58.04986572 29.86165047 -10.68812943 5 29.36539459 -10.68812943 58.04986572 29.36539459 -12.138587 5 28.79613113 -12.138587 58.04986572 28.79613113 -13.5588665 5 28.15527725 -13.5588665 58.04986572 28.15527725 -14.94543648 5 27.44442368 -14.94543648 58.04986572 27.44442368 -16.2948494 5 26.66534042 -16.2948494 58.04986572 26.66534042 -17.60375214 5 25.81996155 -17.60375214 58.04986572 25.81996155 -18.86888695 5 24.91039085 -18.86888695 58.04986572 24.91039085 -20.08711243 5 23.93888855 -20.08711243 58.04986572 23.93888855 -21.2553978 5 22.90787125 -21.2553978 58.04986572 22.90787125 -22.37083817 5 21.81990051 -22.37083817 58.04986572 21.81990051 -23.43066216 5 20.67768288 -23.43066216 58.04986572 20.67768288 -24.43223381 5 19.48405647 -24.43223381 58.04986572 19.48405647 -25.37306213 5 18.24198914 -25.37306213 58.04986572 18.24198914 -26.25081062 5 16.95457077 -26.25081062 58.04986572 16.95457077 -27.06329346 5 15.625 -27.06329346 58.04986572 15.625 -27.80849457 5 14.25658321 -27.80849457 58.04986572 14.25658321 -28.48455811 5 12.85272217 -28.48455811 58.04986572 12.85272217 -29.0898037 5 11.41690731 -29.0898037 58.04986572 11.41690731 -29.62273026 5 9.95270824 -29.62273026 58.04986572 9.95270824 -30.08200836 5 8.46376419 -30.08200836 58.04986572 8.46376419 -30.46649742 5 6.95377922 -30.46649742 58.04986572 6.95377922 -30.77524185 5 5.42650557 -30.77524185 58.04986572 5.42650557 -31.0074749 5 3.88574076 -31.0074749 58.04986572 3.88574076 -31.16261864 5 2.33531547 -31.16261864 58.04986572 2.33531547 -31.24028778 5 0.77908415 -31.24028778 58.04986572 0.77908415 -31.24028778 5 -0.77908415 -31.24028778 58.04986572 -0.77908415 -31.16261864 5 -2.33531547 -31.16261864 58.04986572 -2.33531547 -31.0074749 5 -3.88574076 -31.0074749 58.04986572 -3.88574076 -30.77524185 5 -5.42650557 -30.77524185 58.04986572 -5.42650557 -30.46649742 5 -6.95377922 -30.46649742 58.04986572 -6.95377922 -30.08200836 5 -8.46376419 -30.08200836 58.04986572 -8.46376419 -29.62273026 5 -9.95270824 -29.62273026 58.04986572 -9.95270824 -29.0898037 5 -11.41690731 -29.0898037 58.04986572 -11.41690731 -28.48455811 5 -12.85272217 -28.48455811 58.04986572 -12.85272217 -27.80849457 5 -14.25658321 -27.80849457 58.04986572 -14.25658321 -27.06329346 5 -15.625 -27.06329346 58.04986572 -15.625 -26.25081062 5 -16.95457077 -26.25081062 58.04986572 -16.95457077 -25.37306213 5 -18.24198914 -25.37306213 58.04986572 -18.24198914 -24.43223381 5 -19.48405647 -24.43223381 58.04986572 -19.48405647 -23.43066216 5 -20.67768288 -23.43066216 58.04986572 -20.67768288 -22.37083817 5 -21.81990051 -22.37083817 58.04986572 -21.81990051 -21.2553978 5 -22.90787125 -21.2553978 58.04986572 -22.90787125 -20.08711243 5 -23.93888855 -20.08711243 58.04986572 -23.93888855 -18.86888695 5 -24.91039085 -18.86888695 58.04986572 -24.91039085 -17.60375214 5 -25.81996155 -17.60375214 58.04986572 -25.81996155 -16.2948494 5 -26.66534042 -16.2948494 58.04986572 -26.66534042 -14.94543648 5 -27.44442368 -14.94543648 58.04986572 -27.44442368 -13.5588665 5 -28.15527725 -13.5588665 58.04986572 -28.15527725 -12.138587 5 -28.79613113 -12.138587 58.04986572 -28.79613113 -10.68812943 5 -29.36539459 -10.68812943 58.04986572 -29.36539459 -9.21109962 58.04986572 -29.86165047 -9.21109962 5 -29.86165047 -7.71116877 5 -30.2836647 -7.71116877 58.04986572 -30.2836647 -6.19206715 5 -30.63039017 -6.19206715 58.04986572 -30.63039017 -4.65757084 5 -30.90096283 -4.65757084 58.04986572 -30.90096283 -3.11149526 5 -31.0947113 -3.11149526 58.04986572 -31.0947113 -1.55768394 5 -31.21115303 -1.55768394 58.04986572 -31.21115303 -16.87317467 0 -20.10866737 -15.84986591 0 -20.92472839 -17.85453415 0 -19.24261093 -19.68175697 0 -17.36925316 -21.31337357 0 -15.32327175 -20.52307701 0 -16.36660767 -18.79150391 0 -18.32871628 -14.78715134 0 -21.68876839 -22.73316765 0 -13.125 -22.05068016 0 -14.24183941 -13.68767452 0 -22.39888573 -11.38944817 0 -23.65043259 -12.55416679 0 -23.05331612 -23.92702866 0 -10.79628658 -23.35913467 0 -11.97552967 -10.19641304 0 -24.18875122 -8.9780283 0 -24.66693115 -24.43543625 0 -9.59020233 -25.26888657 0 -7.1095624 -24.88309288 0 -8.36027431 -7.73732328 0 -25.08378601 -6.47738171 0 -25.4382782 -25.59185791 0 -5.8411746 -5.20133638 0 -25.72952843 -3.91235948 0 -25.95681 -2.61365604 0 -26.11955833 -1.30845451 0 -26.21736908 -26.24184036 0 0.65443069 -26.04627991 0 3.26402235 -26.1765995 0 1.96166492 -26.24184036 0 -0.65443069 -25.59185791 0 5.8411746 -25.85120392 0 4.55826473 -26.1765995 0 -1.96166492 -26.04627991 0 -3.26402235 -25.85120392 0 -4.55826473 -24.88309288 0 8.36027431 -25.26888657 0 7.1095624 -24.43543625 0 9.59020233 -23.35913467 0 11.97552967 -23.92702866 0 10.79628658 -21.31337357 0 15.32327175 -22.73316765 0 13.125 -22.05068016 0 14.24183941 -19.68175697 0 17.36925316 -20.52307701 0 16.36660767 -17.85453415 0 19.24261093 -18.79150391 0 18.32871628 -16.87317467 0 20.10866737 -13.68767452 0 22.39888573 -11.38944817 0 23.65043259 -12.55416679 0 23.05331612 -14.78715134 0 21.68876839 -15.84986591 0 20.92472839 -8.9780283 0 24.66693115 -10.19641304 0 24.18875122 -6.47738171 0 25.4382782 -7.73732328 0 25.08378601 -3.91235948 0 25.95681 -5.20133638 0 25.72952843 -2.61365604 0 26.11955833 -1.30845451 0 26.21736908 -21.67622757 75.23561859 11.5861845 -19.39901543 80.55171204 10.36898899 -20.32194138 80.55171204 8.41762352 -20.43620491 75.23561859 13.65503597 -18.28926468 80.55171204 12.22049618 -21.57365799 80.55171204 4.2912674 -21.0491581 80.55171204 6.38519192 -18.57823753 85.86780548 5.63564682 -19.04116821 85.86780548 3.78752398 -19.32072258 85.86780548 -1.90292513 -16.83210373 91.18390656 0 -16.75105286 91.18390656 -1.64983463 -19.41420746 85.86780548 0 -16.50868034 91.18390656 -3.28378057 -20.99536514 69.91951752 17.23044968 -24.14916611 64.60342407 17.36206818 -23.25371933 64.60342407 18.54422188 -22.30045891 64.60342407 19.68027115 -19.20538712 69.91951752 19.20538712 -18.99937248 75.23561859 15.59238148 -15.55083656 91.18390656 -6.44136715 -13.26495075 96.5 -5.20610952 -12.98895836 96.5 -5.86084127 -13.50796509 96.5 -4.53843498 -16.10731888 91.18390656 -4.88610172 -22.70749474 75.23561859 9.40575218 -21.8903923 80.55171204 2.15601563 -19.32072258 85.86780548 1.90292513 -19.04116821 85.86780548 -3.78752398 -22.58314514 69.91951752 15.08957577 -25.75786591 64.60342407 14.87131119 -24.98457336 64.60342407 16.13674927 -14.84459019 91.18390656 -7.93459892 -12.6806736 96.5 -6.50100183 -12.34086227 96.5 -7.125 -23.52007675 75.23561859 7.13473701 -21.99631119 80.55171204 0 -18.57823753 85.86780548 -5.63564682 -23.95343971 69.91951752 12.80338001 -27.11057472 64.60342407 12.23275661 -26.46712112 64.60342407 13.56890106 -13.99538231 91.18390656 -9.35141563 -11.97036934 96.5 -7.73128414 -11.570117 96.5 -8.31834698 -24.10614777 75.23561859 4.79501104 -21.8903923 80.55171204 -2.15601563 -17.93638802 85.86780548 -7.42949533 -25.0930481 69.91951752 10.39388084 -28.19384575 64.60342407 9.47262859 -27.68662643 64.60342407 10.86620045 -13.01139259 91.18390656 -10.67817402 -11.14109898 96.5 -8.88472939 -10.68438244 96.5 -9.42902279 -24.46006393 75.23561859 2.40910602 -21.57365799 80.55171204 -4.2912674 -17.12180328 85.86780548 -9.15179443 -25.99099541 69.91951752 7.88428259 -28.996912 64.60342407 6.61835623 -28.63097 64.60342407 8.05550575 -11.90209484 91.18390656 -11.90209484 -10.20110226 96.5 -9.94987488 -9.69246197 96.5 -10.44598961 -24.57841492 75.23561859 0 -21.0491581 80.55171204 -6.38519192 -16.14232445 85.86780548 -10.78595543 -26.63863754 69.91951752 5.29875422 -29.29076576 64.60342407 5.16475201 -29.51179695 64.60342407 3.69830775 -10.67817402 91.18390656 -13.01139259 -9.15972328 96.5 -10.91613293 -8.60421276 96.5 -11.35913849 -24.46006393 75.23561859 -2.40910602 -20.32194138 80.55171204 -8.41762352 -15.00738525 85.86780548 -12.31624317 -27.02973366 69.91951752 2.6621964 -29.73337746 64.60342407 0.74150413 -29.65945625 64.60342407 2.22266889 -9.35141563 91.18390656 -13.99538231 -8.02731037 96.5 -11.77390289 -7.43045187 96.5 -12.15939522 -24.10614777 75.23561859 -4.79501104 -19.39901543 80.55171204 -10.36898899 -13.72791767 85.86780548 -13.72791767 -27.16051865 69.91951752 0 -29.73337746 64.60342407 -0.74150413 -7.93459892 91.18390656 -14.84459019 -6.81511927 96.5 -12.51465702 -6.18284321 96.5 -12.83880615 -23.52007675 75.23561859 -7.13473701 -18.28926468 80.55171204 -12.22049618 -12.31624317 85.86780548 -15.00738525 -27.02973366 69.91951752 -2.6621964 -29.51179695 64.60342407 -3.69830775 -29.65945625 64.60342407 -2.22266889 -6.44136715 91.18390656 -15.55083656 -5.53519583 96.5 -13.1310358 -4.87378693 96.5 -13.39062023 -22.70749474 75.23561859 -9.40575218 -17.00337791 80.55171204 -13.95431232 -10.78595543 85.86780548 -16.14232445 -26.63863754 69.91951752 -5.29875422 -28.996912 64.60342407 -6.61835623 -29.29076576 64.60342407 -5.16475201 -4.88610172 91.18390656 -16.10731888 -4.20026112 96.5 -13.61691284 -3.51629281 96.5 -13.80935097 -21.67622757 75.23561859 -11.5861845 -15.5537405 80.55171204 -15.5537405 -9.15179443 85.86780548 -17.12180328 -25.99099541 69.91951752 -7.88428259 -28.19384575 64.60342407 -9.47262859 -28.63097 64.60342407 -8.05550575 -3.28378057 91.18390656 -16.50868034 -2.82358265 96.5 -13.96745777 -2.12385225 96.5 -14.09083939 -20.43620491 75.23561859 -13.65503597 -13.95431232 80.55171204 -17.00337791 -7.42949533 85.86780548 -17.93638802 -25.0930481 69.91951752 -10.39388084 -27.11057472 64.60342407 -12.23275661 -27.68662643 64.60342407 -10.86620045 -1.64983463 91.18390656 -16.75105286 -0.71030384 96.5 -14.23228645 -1.41884184 96.5 -14.17918873 -18.99937248 75.23561859 -15.59238148 -12.22049618 80.55171204 -18.28926468 -5.63564682 85.86780548 -18.57823753 -23.95343971 69.91951752 -12.80338001 -25.75786591 64.60342407 -14.87131119 -26.46712112 64.60342407 -13.56890106 -17.37956429 75.23561859 -17.37956429 -10.36898899 80.55171204 -19.39901543 -3.78752398 85.86780548 -19.04116821 -22.58314514 69.91951752 -15.08957577 -24.14916611 64.60342407 -17.36206818 -24.98457336 64.60342407 -16.13674927 -15.59238148 75.23561859 -18.99937248 -8.41762352 80.55171204 -20.32194138 -1.90292513 85.86780548 -19.32072258 -20.99536514 69.91951752 -17.23044968 -22.30045891 64.60342407 -19.68027115 -23.25371933 64.60342407 -18.54422188 -13.65503597 75.23561859 -20.43620491 -6.38519192 80.55171204 -21.0491581 -19.20538712 69.91951752 -19.20538712 -20.23012161 64.60342407 -21.80288506 -21.29175758 64.60342407 -20.76739311 -11.5861845 75.23561859 -21.67622757 -4.2912674 80.55171204 -21.57365799 -17.23044968 69.91951752 -20.99536514 -17.95872688 64.60342407 -23.70881081 -19.11818886 64.60342407 -22.78417015 -9.40575218 75.23561859 -22.70749474 -2.15601563 80.55171204 -21.8903923 -15.08957577 69.91951752 -22.58314514 -15.5088501 64.60342407 -25.37910843 -16.75461578 64.60342407 -24.57450867 -7.13473701 75.23561859 -23.52007675 -12.80338001 69.91951752 -23.95343971 -12.90484047 64.60342407 -26.79717636 -14.22452736 64.60342407 -26.1206131 -4.79501104 75.23561859 -24.10614777 -10.39388084 69.91951752 -25.0930481 -10.17257595 64.60342407 -27.94892311 -11.55306911 64.60342407 -27.40711975 -2.40910602 75.23561859 -24.46006393 -7.88428259 69.91951752 -25.99099541 -7.33921194 64.60342407 -28.82289886 -8.7667923 64.60342407 -28.42124176 -5.29875422 69.91951752 -26.63863754 -4.43290806 64.60342407 -29.41042137 -5.89338589 64.60342407 -29.1529007 -2.6621964 69.91951752 -27.02973366 -1.4825474 64.60342407 -29.70565033 -2.96140885 64.60342407 -29.59482384 -1.64983463 91.18390656 16.75105286 -1.41884184 96.5 14.17918873 -2.12385225 96.5 14.09083939 -0.71030384 96.5 14.23228645 -3.28378057 91.18390656 16.50868034 -2.82358265 96.5 13.96745777 -3.51629281 96.5 13.80935097 -4.88610172 91.18390656 16.10731888 -4.20026112 96.5 13.61691284 -4.87378693 96.5 13.39062023 -1.90292513 85.86780548 19.32072258 -6.44136715 91.18390656 15.55083656 -5.53519583 96.5 13.1310358 -6.18284321 96.5 12.83880615 -3.78752398 85.86780548 19.04116821 -7.93459892 91.18390656 14.84459019 -6.81511927 96.5 12.51465702 -7.43045187 96.5 12.15939522 -5.63564682 85.86780548 18.57823753 -9.35141563 91.18390656 13.99538231 -8.02731037 96.5 11.77390289 -8.60421276 96.5 11.35913849 -2.15601563 80.55171204 21.8903923 -7.42949533 85.86780548 17.93638802 -10.67817402 91.18390656 13.01139259 -9.15972328 96.5 10.91613293 -9.69246197 96.5 10.44598961 -4.2912674 80.55171204 21.57365799 -9.15179443 85.86780548 17.12180328 -11.90209484 91.18390656 11.90209484 -10.20110226 96.5 9.94987488 -10.68438244 96.5 9.42902279 -6.38519192 80.55171204 21.0491581 -10.78595543 85.86780548 16.14232445 -13.01139259 91.18390656 10.67817402 -11.14109898 96.5 8.88472939 -11.570117 96.5 8.31834698 -2.40910602 75.23561859 24.46006393 -8.41762352 80.55171204 20.32194138 -12.31624317 85.86780548 15.00738525 -13.99538231 91.18390656 9.35141563 -11.97036934 96.5 7.73128414 -12.34086227 96.5 7.125 -4.79501104 75.23561859 24.10614777 -10.36898899 80.55171204 19.39901543 -13.72791767 85.86780548 13.72791767 -14.84459019 91.18390656 7.93459892 -12.6806736 96.5 6.50100183 -12.98895836 96.5 5.86084127 -7.13473701 75.23561859 23.52007675 -12.22049618 80.55171204 18.28926468 -15.00738525 85.86780548 12.31624317 -2.6621964 69.91951752 27.02973366 -4.43290806 64.60342407 29.41042137 -2.96140885 64.60342407 29.59482384 -1.4825474 64.60342407 29.70565033 -15.55083656 91.18390656 6.44136715 -13.26495075 96.5 5.20610952 -13.50796509 96.5 4.53843498 -9.40575218 75.23561859 22.70749474 -13.95431232 80.55171204 17.00337791 -16.14232445 85.86780548 10.78595543 -5.29875422 69.91951752 26.63863754 -7.33921194 64.60342407 28.82289886 -5.89338589 64.60342407 29.1529007 -16.10731888 91.18390656 4.88610172 -13.71739578 96.5 3.85947657 -13.89272308 96.5 3.17092323 -11.5861845 75.23561859 21.67622757 -15.5537405 80.55171204 15.5537405 -17.12180328 85.86780548 9.15179443 -7.88428259 69.91951752 25.99099541 -10.17257595 64.60342407 27.94892311 -8.7667923 64.60342407 28.42124176 -16.50868034 91.18390656 3.28378057 -14.03351021 96.5 2.47448659 -14.13940907 96.5 1.77189779 -13.65503597 75.23561859 20.43620491 -17.00337791 80.55171204 13.95431232 -17.93638802 85.86780548 7.42949533 -10.39388084 69.91951752 25.0930481 -12.90484047 64.60342407 26.79717636 -11.55306911 64.60342407 27.40711975 -16.75105286 91.18390656 1.64983463 -14.21015453 96.5 1.06490386 -14.24557114 96.5 0.35526237 -15.59238148 75.23561859 18.99937248 -12.80338001 69.91951752 23.95343971 -15.5088501 64.60342407 25.37910843 -14.22452736 64.60342407 26.1206131 -14.24557114 96.5 -0.35526237 -17.37956429 75.23561859 17.37956429 -15.08957577 69.91951752 22.58314514 -17.95872688 64.60342407 23.70881081 -16.75461578 64.60342407 24.57450867 -14.21015453 96.5 -1.06490386 -14.13940907 96.5 -1.77189779 -17.23044968 69.91951752 20.99536514 -20.23012161 64.60342407 21.80288506 -19.11818886 64.60342407 22.78417015 -14.03351021 96.5 -2.47448659 -13.89272308 96.5 -3.17092323 -21.29175758 64.60342407 20.76739311 -13.71739578 96.5 -3.85947657 -0.7289961 111.5 -14.60682011 -0.7289961 100.5 -14.60682011 -1.45617974 111.5 -14.55232525 -1.45617974 100.5 -14.55232525 -2.17974305 111.5 -14.46165085 -2.17974305 100.5 -14.46165085 -2.89788723 111.5 -14.33502293 -2.89788723 100.5 -14.33502293 -3.60882688 111.5 -14.17275524 -3.60882688 100.5 -14.17275524 -4.31079435 111.5 -13.97525215 -4.31079435 100.5 -13.97525215 -5.00204468 111.5 -13.7430048 -5.00204468 100.5 -13.7430048 -5.68085909 111.5 -13.4765892 -5.68085909 100.5 -13.4765892 -6.34554958 111.5 -13.17667007 -6.34554958 100.5 -13.17667007 -6.9944644 111.5 -12.84399033 -6.9944644 100.5 -12.84399033 -7.62598991 111.5 -12.4793787 -7.62598991 100.5 -12.4793787 -8.23855591 111.5 -12.08374214 -8.23855591 100.5 -12.08374214 -8.83063984 111.5 -11.65806293 -8.83063984 100.5 -11.65806293 -9.40076923 111.5 -11.20339966 -9.40076923 100.5 -11.20339966 -9.94752598 111.5 -10.72088337 -9.94752598 100.5 -10.72088337 -10.46955299 111.5 -10.21171379 -10.46955299 100.5 -10.21171379 -10.96555042 111.5 -9.67715549 -10.96555042 100.5 -9.67715549 -11.43428516 111.5 -9.1185379 -11.43428516 100.5 -9.1185379 -11.87459373 111.5 -8.53725147 -11.87459373 100.5 -8.53725147 -12.28537941 111.5 -7.93473911 -12.28537941 100.5 -7.93473911 -12.66562176 111.5 -7.3125 -12.66562176 100.5 -7.3125 -13.01437473 111.5 -6.67208099 -13.01437473 100.5 -6.67208099 -13.33077335 111.5 -6.01507378 -13.33077335 100.5 -6.01507378 -13.61402893 111.5 -5.34311247 -13.61402893 100.5 -5.34311247 -13.86343765 111.5 -4.65786743 -13.86343765 100.5 -4.65786743 -14.07837963 111.5 -3.96104193 -14.07837963 100.5 -3.96104193 -14.25832081 111.5 -3.25436854 -14.25832081 100.5 -3.25436854 -14.40281296 111.5 -2.53960466 -14.40281296 100.5 -2.53960466 -14.51149845 111.5 -1.81852663 -14.51149845 100.5 -1.81852663 -14.58410549 111.5 -1.09292758 -14.58410549 100.5 -1.09292758 -14.62045383 111.5 -0.36461136 -14.62045383 100.5 -0.36461136 -14.62045383 111.5 0.36461136 -14.62045383 100.5 0.36461136 -14.58410549 111.5 1.09292758 -14.58410549 100.5 1.09292758 -14.51149845 111.5 1.81852663 -14.51149845 100.5 1.81852663 -14.40281296 111.5 2.53960466 -14.40281296 100.5 2.53960466 -14.25832081 111.5 3.25436854 -14.25832081 100.5 3.25436854 -14.07837963 111.5 3.96104193 -14.07837963 100.5 3.96104193 -13.86343765 111.5 4.65786743 -13.86343765 100.5 4.65786743 -13.61402893 111.5 5.34311247 -13.61402893 100.5 5.34311247 -13.33077335 111.5 6.01507378 -13.33077335 100.5 6.01507378 -13.01437473 111.5 6.67208099 -13.01437473 100.5 6.67208099 -12.66562176 111.5 7.3125 -12.66562176 100.5 7.3125 -12.28537941 111.5 7.93473911 -12.28537941 100.5 7.93473911 -11.87459373 111.5 8.53725147 -11.87459373 100.5 8.53725147 -11.43428516 111.5 9.1185379 -11.43428516 100.5 9.1185379 -10.96555042 111.5 9.67715549 -10.96555042 100.5 9.67715549 -10.46955299 111.5 10.21171379 -10.46955299 100.5 10.21171379 -9.94752598 100.5 10.72088337 -9.94752598 111.5 10.72088337 -9.40076923 111.5 11.20339966 -9.40076923 100.5 11.20339966 -8.83063984 111.5 11.65806293 -8.83063984 100.5 11.65806293 -8.23855591 111.5 12.08374214 -8.23855591 100.5 12.08374214 -7.62598991 111.5 12.4793787 -7.62598991 100.5 12.4793787 -6.9944644 111.5 12.84399033 -6.9944644 100.5 12.84399033 -6.34554958 111.5 13.17667007 -6.34554958 100.5 13.17667007 -5.68085909 111.5 13.4765892 -5.68085909 100.5 13.4765892 -5.00204468 111.5 13.7430048 -5.00204468 100.5 13.7430048 -4.31079435 111.5 13.97525215 -4.31079435 100.5 13.97525215 -3.60882688 111.5 14.17275524 -3.60882688 100.5 14.17275524 -2.89788723 111.5 14.33502293 -2.89788723 100.5 14.33502293 -2.17974305 111.5 14.46165085 -2.17974305 100.5 14.46165085 -1.45617974 111.5 14.55232525 -1.45617974 100.5 14.55232525 -0.7289961 100.5 14.60682011 -0.7289961 111.5 14.60682011 -9.69246197 100.5 10.44598961 -10.20110226 100.5 9.94987488 -10.68438244 100.5 9.42902279 -9.15972328 100.5 10.91613293 -11.14109898 100.5 8.88472939 -8.60421276 100.5 11.35913849 -11.570117 100.5 8.31834698 -8.02731037 100.5 11.77390289 -11.97036934 100.5 7.73128414 -7.43045187 100.5 12.15939522 -12.34086227 100.5 7.125 -6.81511927 100.5 12.51465702 -12.6806736 100.5 6.50100183 -6.18284321 100.5 12.83880615 -12.98895836 100.5 5.86084127 -5.53519583 100.5 13.1310358 -13.26495075 100.5 5.20610952 -4.87378693 100.5 13.39062023 -13.50796509 100.5 4.53843498 -4.20026112 100.5 13.61691284 -13.71739578 100.5 3.85947657 -3.51629281 100.5 13.80935097 -13.89272308 100.5 3.17092323 -2.82358265 100.5 13.96745777 -14.03351021 100.5 2.47448659 -2.12385225 100.5 14.09083939 -14.13940907 100.5 1.77189779 -1.41884184 100.5 14.17918873 -14.21015453 100.5 1.06490386 -0.71030384 100.5 14.23228645 -14.24557114 100.5 0.35526237 -14.24557114 100.5 -0.35526237 -14.21015453 100.5 -1.06490386 -14.13940907 100.5 -1.77189779 -14.03351021 100.5 -2.47448659 -13.89272308 100.5 -3.17092323 -13.71739578 100.5 -3.85947657 -13.50796509 100.5 -4.53843498 -13.26495075 100.5 -5.20610952 -12.98895836 100.5 -5.86084127 -12.6806736 100.5 -6.50100183 -12.34086227 100.5 -7.125 -11.97036934 100.5 -7.73128414 -11.570117 100.5 -8.31834698 -11.14109898 100.5 -8.88472939 -10.68438244 100.5 -9.42902279 -10.20110226 100.5 -9.94987488 -9.69246197 100.5 -10.44598961 -9.15972328 100.5 -10.91613293 -8.60421276 100.5 -11.35913849 -8.02731037 100.5 -11.77390289 -7.43045187 100.5 -12.15939522 -6.81511927 100.5 -12.51465702 -6.18284321 100.5 -12.83880615 -5.53519583 100.5 -13.1310358 -4.87378693 100.5 -13.39062023 -4.20026112 100.5 -13.61691284 -3.51629281 100.5 -13.80935097 -2.82358265 100.5 -13.96745777 -2.12385225 100.5 -14.09083939 -1.41884184 100.5 -14.17918873 -0.71030384 100.5 -14.23228645 -7.67523575 112.5 -11.25750351 -8.22683525 112.5 -10.86093044 -8.7579813 112.5 -10.437356 -9.26735401 112.5 -9.98783207 -9.75368595 112.5 -9.51347637 -10.21576881 112.5 -9.01546955 -10.65245438 112.5 -8.49504852 -11.06265545 112.5 -7.95350742 -12.12450314 112.5 -6.21587038 -11.44535351 112.5 -7.39219284 -11.79959583 112.5 -6.8125 -5.91166592 112.5 -12.27570057 -6.51621056 112.5 -11.96576881 -7.10455465 112.5 -11.62608814 -12.41926765 112.5 -5.60378695 -4.01603937 112.5 -13.01967907 -4.66002464 112.5 -12.8033123 -5.2924242 112.5 -12.55511379 -13.11575508 112.5 -3.69020128 -12.68315506 112.5 -4.97777128 -12.91551018 112.5 -4.33938074 -2.69974113 112.5 -13.35484982 -3.36206961 112.5 -13.20367813 -13.51925945 112.5 -1.69418299 -13.28339291 112.5 -3.03184772 -13.41800594 112.5 -2.36595631 -1.35661197 112.5 -13.55729389 -2.03070092 112.5 -13.47282028 -0.67915016 112.5 -13.60806274 -13.62076473 112.5 0.33968067 -13.58690166 112.5 -1.01819754 -13.62076473 112.5 -0.33968067 -13.41800594 112.5 2.36595631 -13.58690166 112.5 1.01819754 -13.51925945 112.5 1.69418299 -13.11575508 112.5 3.69020128 -13.28339291 112.5 3.03184772 -12.68315506 112.5 4.97777128 -12.91551018 112.5 4.33938074 -11.79959583 112.5 6.8125 -12.41926765 112.5 5.60378695 -12.12450314 112.5 6.21587038 -11.44535351 112.5 7.39219284 -10.65245438 112.5 8.49504852 -11.06265545 112.5 7.95350742 -9.26735401 112.5 9.98783207 -10.21576881 112.5 9.01546955 -9.75368595 112.5 9.51347637 -8.7579813 112.5 10.437356 -7.67523575 112.5 11.25750351 -8.22683525 112.5 10.86093044 -5.91166592 112.5 12.27570057 -7.10455465 112.5 11.62608814 -6.51621056 112.5 11.96576881 -5.2924242 112.5 12.55511379 -4.66002464 112.5 12.8033123 -2.69974113 112.5 13.35484982 -4.01603937 112.5 13.01967907 -3.36206961 112.5 13.20367813 -1.35661197 112.5 13.55729389 -2.03070092 112.5 13.47282028 -0.67915016 112.5 13.60806274 -1.49662542 63.98685837 29.98773003 -1.50929987 63.35816193 30.24168777 -1.52054489 62.71860886 30.46700287 -2.98952985 63.98685837 29.87585258 -1.53033757 62.06951523 30.66321754 -3.01484728 63.35816193 30.12886238 -1.53865767 61.41220474 30.82992744 -3.03730941 62.71860886 30.35333633 -4.47500181 63.98685837 29.68969727 -1.54548848 60.74802017 30.96679497 -3.05687046 62.06951523 30.54881859 -4.5128994 63.35816193 29.94113159 -1.55081582 60.07832336 31.07353783 -3.07349014 61.41220474 30.71490669 -4.54652262 62.71860886 30.16420746 -5.94934845 63.98685837 29.42973137 -1.55462885 59.40447998 31.14993858 -3.0871346 60.74802017 30.85126305 -4.57580328 62.06951523 30.35847092 -5.99973154 63.35816193 29.67896271 -1.55691981 58.72786331 31.19584274 -3.09777594 60.07832336 30.95760918 -4.6006813 61.41220474 30.52352524 -6.04443264 62.71860886 29.90008545 -7.40890408 63.98685837 29.09659767 -3.10539269 59.40447998 31.03372574 -4.62110567 60.74802017 30.65903282 -6.0833602 62.06951523 30.09264946 -7.47164774 63.35816193 29.34300804 -3.10996866 58.72786331 31.07945824 -4.63703442 60.07832336 30.76471519 -6.11643457 61.41220474 30.25625801 -7.52731514 62.71860886 29.56162834 -8.85003948 63.98685837 28.69112396 -4.64843607 59.40447998 30.84035683 -6.14358759 60.74802017 30.39057732 -7.57579279 62.06951523 29.75201035 -8.92498779 63.35816193 28.9341011 -4.65528584 58.72786331 30.88580322 -6.16476488 60.07832336 30.49533463 -7.61698103 61.41220474 29.91376686 -8.99148369 62.71860886 29.14967537 -10.26917267 63.98685837 28.21432114 -6.17992258 59.40447998 30.57031441 -7.65079594 60.74802017 30.04656792 -9.04939079 62.06951523 29.33740425 -10.35613918 63.35816193 28.45326042 -6.18902922 58.72786331 30.61536407 -7.67716837 60.07832336 30.15013885 -9.09859085 61.41220474 29.49690628 -10.43329811 62.71860886 28.66525078 -11.66277504 63.98685837 27.66737175 -7.69604445 59.40447998 30.22426987 -9.13898373 60.74802017 29.6278553 -10.50049114 62.06951523 28.84986115 -11.76154423 63.35816193 27.90167999 -7.70738554 58.72786331 30.26880836 -9.1704855 60.07832336 29.72998428 -10.55757999 61.41220474 29.00671196 -11.84917355 62.71860886 28.10956001 -13.0273819 63.98685837 27.05163765 -9.19303322 59.40447998 29.80308151 -10.60444927 60.74802017 29.1354866 -11.92548466 62.06951523 28.29059219 -13.13770771 63.35816193 27.2807312 -9.20658016 58.72786331 29.84700012 -10.64100361 60.07832336 29.23591614 -11.99032116 61.41220474 28.44440269 -13.23558998 62.71860886 27.4839859 -14.35960102 63.98685837 26.36864853 -10.66716671 59.40447998 29.30780029 -12.04355145 60.74802017 28.57068062 -13.32083035 62.06951523 27.66098785 -14.4812088 63.35816193 26.59195709 -10.68288612 58.72786331 29.35098839 -12.08506584 60.07832336 28.66916275 -13.39325333 61.41220474 27.81137657 -14.58910084 62.71860886 26.79008102 -15.65611935 63.98685837 25.62010384 -12.11477947 59.40447998 28.73965263 -13.45271111 60.74802017 27.93484306 -14.68305779 62.06951523 26.96261406 -15.78870678 63.35816193 25.83707237 -12.13263226 58.72786331 28.78200531 -13.49908257 60.07832336 28.03113556 -14.762887 61.41220474 27.10920525 -15.9063406 62.71860886 26.02957153 -16.91371536 63.98685837 24.80786324 -13.53227329 59.40447998 28.10005569 -14.82842541 60.74802017 27.22955513 -16.00878143 62.06951523 26.1972084 -17.05695152 63.35816193 25.01795387 -13.55221558 58.72786331 28.14146423 -14.87953949 60.07832336 27.32341576 -16.09581757 61.41220474 26.33963776 -17.18403435 62.71860886 25.20434952 -18.12925911 63.98685837 23.93394661 -14.91612434 59.40447998 27.39059639 -16.16727448 60.74802017 26.45657158 -17.29470444 62.06951523 25.36667061 -18.28279114 63.35816193 24.13663483 -14.93810463 58.72786331 27.4309597 -16.22300339 60.07832336 26.54776764 -17.38873291 61.41220474 25.50458527 -18.41900635 62.71860886 24.31646538 -19.29973221 63.98685837 23.00052452 -16.26288986 59.40447998 26.61304092 -17.46592712 60.74802017 25.6178112 -18.53763008 62.06951523 24.47306824 -19.46317673 63.35816193 23.19531059 -16.2868557 58.72786331 26.65225792 -17.52613258 60.07832336 25.70611572 -18.63841438 61.41220474 24.60612488 -19.60818672 62.71860886 23.36812592 -20.42222214 63.98685837 22.00992203 -17.56922531 59.40447998 25.76932144 -18.72115898 60.74802017 24.71536064 -19.73446655 62.06951523 23.51862144 -20.59517288 63.35816193 22.19631767 -17.59511566 58.72786331 25.80729485 -18.78569031 60.07832336 24.80055618 -19.84176064 61.41220474 23.64648819 -20.74861717 62.71860886 22.36169052 -21.49394035 63.98685837 20.9645977 -18.83188057 59.40447998 24.86153412 -19.92984581 60.74802017 23.75146484 -20.8822422 62.06951523 22.50570488 -21.67596626 63.35816193 21.14214134 -18.85963058 58.72786331 24.89817047 -19.99854469 60.07832336 23.83333778 -20.99577522 61.41220474 22.62806511 -21.83746338 62.71860886 21.29965973 -22.51222038 63.98685837 19.86715317 -20.04771614 59.40447998 23.89193726 -21.08898354 60.74802017 22.72851944 -21.97810173 62.06951523 21.43683434 -22.70286942 63.35816193 20.0354023 -20.07725906 58.72786331 23.927145 -21.16167831 60.07832336 22.80686569 -22.0975914 61.41220474 21.55338287 -22.87201691 62.71860886 20.18467522 -23.47453117 63.98685837 18.72031403 -21.21370888 59.40447998 22.86294174 -22.19569206 60.74802017 21.64906693 -23.01931763 62.06951523 20.31466866 -23.67333031 63.35816193 18.87885094 -21.24497032 58.72786331 22.89663315 -22.27220154 60.07832336 21.72369194 -23.14447021 61.41220474 20.42511559 -23.84970856 62.71860886 19.01950836 -24.37848091 63.98685837 17.52693558 -22.32696342 59.40447998 21.77710533 -23.24721909 60.74802017 20.51579285 -24.00330544 62.06951523 19.14199829 -24.58493614 63.35816193 17.67536545 -22.35986519 58.72786331 21.80919647 -23.32735252 60.07832336 20.5865097 -24.13380814 61.41220474 19.24606895 -24.76810646 62.71860886 17.80705643 -25.22182274 63.98685837 16.28997993 -23.3847084 59.40447998 20.63712692 -24.24094772 60.74802017 19.33151054 -24.92761803 62.06951523 17.92173767 -25.43541908 63.35816193 16.42793465 -23.41916847 58.72786331 20.66753769 -24.32450676 60.07832336 19.39814758 -25.06314468 61.41220474 18.01917458 -25.62492561 62.71860886 16.55033112 -26.00245857 63.98685837 15.01252651 -24.38431358 59.40447998 19.44584274 -25.17441177 60.74802017 18.09916878 -25.78995514 62.06951523 16.65691948 -26.22266579 63.35816193 15.1396637 -24.42024803 58.72786331 19.47449875 -25.26118851 60.07832336 18.16155624 -25.93017197 61.41220474 16.74748039 -26.41803741 62.71860886 15.25246143 -26.71844864 63.98685837 13.69774914 -25.3232975 59.40447998 18.20621109 -26.04528618 60.74802017 16.82182884 -26.58817482 62.06951523 15.35069084 -26.94471931 63.35816193 13.81375122 -25.36061478 58.72786331 18.23303986 -26.13506508 60.07832336 16.87981415 -26.73273087 61.41220474 15.43414974 -27.14547157 62.71860886 13.9166708 -27.36801147 63.98685837 12.34891701 -26.19932365 59.40447998 16.92131805 -26.851408 60.74802017 15.50266838 -27.32029343 62.06951523 14.00629711 -27.59978294 63.35816193 12.45349693 -26.23793221 58.72786331 16.94625282 -26.94396591 60.07832336 15.55610657 -27.4688282 61.41220474 14.08244705 -27.80541611 62.71860886 12.54628086 -27.94953346 63.98685837 10.96938324 -27.01021385 59.40447998 15.59435463 -27.59077454 60.74802017 14.14496517 -27.98448753 62.06951523 12.62708187 -28.18622971 63.35816193 11.0622797 -27.0500164 58.72786331 15.61733437 -27.68588066 60.07832336 14.19372272 -28.13663483 61.41220474 12.69573307 -28.3962326 62.71860886 11.14470005 -28.46156883 63.98685837 9.5625782 -27.75395203 59.40447998 14.22862148 -28.26154518 60.74802017 12.75209522 -28.57910919 62.06951523 11.21647358 -28.70260239 63.35816193 9.64356136 -27.7948513 58.72786331 14.24958897 -28.35896301 60.07832336 12.79605198 -28.73448944 61.41220474 11.27745628 -28.9164505 62.71860886 9.71541023 -28.90284348 63.98685837 8.13199902 -28.42868996 59.40447998 12.82751369 -28.86205292 60.74802017 11.32752132 -29.1026783 62.06951523 9.77797985 -29.14761353 63.35816193 8.2008667 -28.47058487 58.72786331 12.84641647 -28.96154213 60.07832336 11.36656761 -29.26090431 61.41220474 9.83114147 -29.36477852 62.71860886 8.26196766 -29.27226257 63.98685837 6.68120289 -29.03275108 59.40447998 11.39451504 -29.3908062 60.74802017 9.87478542 -29.55389404 62.06951523 8.31517601 -29.52016068 63.35816193 6.73778391 -29.07553291 58.72786331 11.41130638 -29.49211693 60.07832336 9.90882397 -29.71457291 61.41220474 8.36038494 -29.74010086 62.71860886 6.78798389 -29.56890488 63.98685837 5.21379566 -29.56463051 59.40447998 9.93318748 -29.84648895 60.74802017 8.39750004 -29.931633 62.06951523 6.83169985 -29.81931496 63.35816193 5.25794983 -29.60819817 58.72786331 9.94782543 -29.94936943 60.07832336 8.42644596 -30.09436607 61.41220474 6.8688426 -30.04148483 62.71860886 5.29712439 -29.79203415 63.98685837 3.73342633 -30.02300644 59.40447998 8.44716454 -30.22796822 60.74802017 6.89933634 -30.23495865 62.06951523 5.33123875 -30.04433441 63.35816193 3.76504374 -30.0672493 58.72786331 8.45961285 -30.33216476 60.07832336 6.92311859 -30.39933968 61.41220474 5.36022377 -30.26818085 62.71860886 3.79309511 -29.94109726 63.98685837 2.24377513 -30.4067421 59.40447998 6.94014072 -30.53429604 60.74802017 5.38402033 -30.46311378 62.06951523 3.81752348 -30.19466019 63.35816193 2.26277685 -30.45155144 58.72786331 6.95036793 -30.63954735 60.07832336 5.40257883 -30.6287365 61.41220474 3.83827877 -30.41962433 62.71860886 2.27963567 -30.01572037 63.98685837 0.74854535 -30.7148819 59.40447998 5.41586256 -30.76470947 60.74802017 3.85531831 -30.61553383 62.06951523 2.29431701 -30.26991463 63.35816193 0.75488454 -30.76014519 58.72786331 5.42384338 -30.87075615 60.07832336 3.86860776 -30.78198433 61.41220474 2.30679083 -30.49544144 62.71860886 0.76050884 -30.01572037 63.98685837 -0.74854535 -30.94665909 59.40447998 3.87811971 -30.91863823 60.74802017 2.31703162 -30.69183922 62.06951523 0.76540667 -30.26991463 63.35816193 -0.75488454 -30.99226379 58.72786331 3.8838346 -31.02521706 60.07832336 2.32501864 -30.85870552 61.41220474 0.76956803 -30.49544144 62.71860886 -0.76050884 -29.94109726 63.98685837 -2.24377513 -31.10149956 59.40447998 2.33073521 -30.99569893 60.74802017 0.7729845 -30.69183922 62.06951523 -0.76540667 -30.19466019 63.35816193 -2.26277685 -31.14733124 58.72786331 2.33416986 -31.10254288 60.07832336 0.77564895 -30.85870552 61.41220474 -0.76956803 -30.41962433 62.71860886 -2.27963567 -29.79203415 63.98685837 -3.73342633 -31.17901421 59.40447998 0.77755606 -30.99569893 60.74802017 -0.7729845 -30.61553383 62.06951523 -2.29431701 -30.04433441 63.35816193 -3.76504374 -31.22496033 58.72786331 0.7787019 -31.10254288 60.07832336 -0.77564895 -30.78198433 61.41220474 -2.30679083 -30.26818085 62.71860886 -3.79309511 -29.56890488 63.98685837 -5.21379566 -31.17901421 59.40447998 -0.77755606 -30.91863823 60.74802017 -2.31703162 -30.46311378 62.06951523 -3.81752348 -29.81931496 63.35816193 -5.25794983 -31.22496033 58.72786331 -0.7787019 -31.02521706 60.07832336 -2.32501864 -30.6287365 61.41220474 -3.83827877 -30.04148483 62.71860886 -5.29712439 -29.27226257 63.98685837 -6.68120289 -31.10149956 59.40447998 -2.33073521 -30.76470947 60.74802017 -3.85531831 -30.23495865 62.06951523 -5.33123875 -29.52016068 63.35816193 -6.73778391 -31.14733124 58.72786331 -2.33416986 -30.87075615 60.07832336 -3.86860776 -30.39933968 61.41220474 -5.36022377 -29.74010086 62.71860886 -6.78798389 -28.90284348 63.98685837 -8.13199902 -30.94665909 59.40447998 -3.87811971 -30.53429604 60.74802017 -5.38402033 -29.931633 62.06951523 -6.83169985 -29.14761353 63.35816193 -8.2008667 -30.99226379 58.72786331 -3.8838346 -30.63954735 60.07832336 -5.40257883 -30.09436607 61.41220474 -6.8688426 -29.36477852 62.71860886 -8.26196766 -28.46156883 63.98685837 -9.5625782 -30.7148819 59.40447998 -5.41586256 -30.22796822 60.74802017 -6.89933634 -29.55389404 62.06951523 -8.31517601 -28.70260239 63.35816193 -9.64356136 -30.76014519 58.72786331 -5.42384338 -30.33216476 60.07832336 -6.92311859 -29.71457291 61.41220474 -8.36038494 -28.9164505 62.71860886 -9.71541023 -27.94953346 63.98685837 -10.96938324 -30.4067421 59.40447998 -6.94014072 -29.84648895 60.74802017 -8.39750004 -29.1026783 62.06951523 -9.77797985 -28.18622971 63.35816193 -11.0622797 -30.45155144 58.72786331 -6.95036793 -29.94936943 60.07832336 -8.42644596 -29.26090431 61.41220474 -9.83114147 -28.3962326 62.71860886 -11.14470005 -27.36801147 63.98685837 -12.34891701 -30.02300644 59.40447998 -8.44716454 -29.3908062 60.74802017 -9.87478542 -28.57910919 62.06951523 -11.21647358 -27.59978294 63.35816193 -12.45349693 -30.0672493 58.72786331 -8.45961285 -29.49211693 60.07832336 -9.90882397 -28.73448944 61.41220474 -11.27745628 -27.80541611 62.71860886 -12.54628086 -26.71844864 63.98685837 -13.69774914 -29.56463051 59.40447998 -9.93318748 -28.86205292 60.74802017 -11.32752132 -27.98448753 62.06951523 -12.62708187 -26.94471931 63.35816193 -13.81375122 -29.60819817 58.72786331 -9.94782543 -28.96154213 60.07832336 -11.36656761 -28.13663483 61.41220474 -12.69573307 -27.14547157 62.71860886 -13.9166708 -26.00245857 63.98685837 -15.01252651 -29.03275108 59.40447998 -11.39451504 -28.26154518 60.74802017 -12.75209522 -27.32029343 62.06951523 -14.00629711 -26.22266579 63.35816193 -15.1396637 -29.07553291 58.72786331 -11.41130638 -28.35896301 60.07832336 -12.79605198 -27.4688282 61.41220474 -14.08244705 -26.41803741 62.71860886 -15.25246143 -25.22182274 63.98685837 -16.28997993 -28.42868996 59.40447998 -12.82751369 -27.59077454 60.74802017 -14.14496517 -26.58817482 62.06951523 -15.35069084 -25.43541908 63.35816193 -16.42793465 -28.47058487 58.72786331 -12.84641647 -27.68588066 60.07832336 -14.19372272 -26.73273087 61.41220474 -15.43414974 -25.62492561 62.71860886 -16.55033112 -24.37848091 63.98685837 -17.52693558 -27.75395203 59.40447998 -14.22862148 -26.851408 60.74802017 -15.50266838 -25.78995514 62.06951523 -16.65691948 -24.58493614 63.35816193 -17.67536545 -27.7948513 58.72786331 -14.24958897 -26.94396591 60.07832336 -15.55610657 -25.93017197 61.41220474 -16.74748039 -24.76810646 62.71860886 -17.80705643 -23.47453117 63.98685837 -18.72031403 -27.01021385 59.40447998 -15.59435463 -26.04528618 60.74802017 -16.82182884 -24.92761803 62.06951523 -17.92173767 -23.67333031 63.35816193 -18.87885094 -27.0500164 58.72786331 -15.61733437 -26.13506508 60.07832336 -16.87981415 -25.06314468 61.41220474 -18.01917458 -23.84970856 62.71860886 -19.01950836 -22.51222038 63.98685837 -19.86715317 -26.19932365 59.40447998 -16.92131805 -25.17441177 60.74802017 -18.09916878 -24.00330544 62.06951523 -19.14199829 -22.70286942 63.35816193 -20.0354023 -26.23793221 58.72786331 -16.94625282 -25.26118851 60.07832336 -18.16155624 -24.13380814 61.41220474 -19.24606895 -22.87201691 62.71860886 -20.18467522 -21.49394035 63.98685837 -20.9645977 -25.3232975 59.40447998 -18.20621109 -24.24094772 60.74802017 -19.33151054 -23.01931763 62.06951523 -20.31466866 -21.67596626 63.35816193 -21.14214134 -25.36061478 58.72786331 -18.23303986 -24.32450676 60.07832336 -19.39814758 -23.14447021 61.41220474 -20.42511559 -21.83746338 62.71860886 -21.29965973 -20.42222214 63.98685837 -22.00992203 -24.38431358 59.40447998 -19.44584274 -23.24721909 60.74802017 -20.51579285 -21.97810173 62.06951523 -21.43683434 -20.59517288 63.35816193 -22.19631767 -24.42024803 58.72786331 -19.47449875 -23.32735252 60.07832336 -20.5865097 -22.0975914 61.41220474 -21.55338287 -20.74861717 62.71860886 -22.36169052 -19.29973221 63.98685837 -23.00052452 -23.3847084 59.40447998 -20.63712692 -22.19569206 60.74802017 -21.64906693 -20.8822422 62.06951523 -22.50570488 -19.46317673 63.35816193 -23.19531059 -23.41916847 58.72786331 -20.66753769 -22.27220154 60.07832336 -21.72369194 -20.99577522 61.41220474 -22.62806511 -19.60818672 62.71860886 -23.36812592 -18.12925911 63.98685837 -23.93394661 -22.32696342 59.40447998 -21.77710533 -21.08898354 60.74802017 -22.72851944 -19.73446655 62.06951523 -23.51862144 -18.28279114 63.35816193 -24.13663483 -22.35986519 58.72786331 -21.80919647 -21.16167831 60.07832336 -22.80686569 -19.84176064 61.41220474 -23.64648819 -18.41900635 62.71860886 -24.31646538 -16.91371536 63.98685837 -24.80786324 -21.21370888 59.40447998 -22.86294174 -19.92984581 60.74802017 -23.75146484 -18.53763008 62.06951523 -24.47306824 -17.05695152 63.35816193 -25.01795387 -21.24497032 58.72786331 -22.89663315 -19.99854469 60.07832336 -23.83333778 -18.63841438 61.41220474 -24.60612488 -17.18403435 62.71860886 -25.20434952 -15.65611935 63.98685837 -25.62010384 -20.04771614 59.40447998 -23.89193726 -18.72115898 60.74802017 -24.71536064 -17.29470444 62.06951523 -25.36667061 -15.78870678 63.35816193 -25.83707237 -20.07725906 58.72786331 -23.927145 -18.78569031 60.07832336 -24.80055618 -17.38873291 61.41220474 -25.50458527 -15.9063406 62.71860886 -26.02957153 -14.35960102 63.98685837 -26.36864853 -18.83188057 59.40447998 -24.86153412 -17.46592712 60.74802017 -25.6178112 -16.00878143 62.06951523 -26.1972084 -14.4812088 63.35816193 -26.59195709 -18.85963058 58.72786331 -24.89817047 -17.52613258 60.07832336 -25.70611572 -16.09581757 61.41220474 -26.33963776 -14.58910084 62.71860886 -26.79008102 -13.0273819 63.98685837 -27.05163765 -17.56922531 59.40447998 -25.76932144 -16.16727448 60.74802017 -26.45657158 -14.68305779 62.06951523 -26.96261406 -13.13770771 63.35816193 -27.2807312 -17.59511566 58.72786331 -25.80729485 -16.22300339 60.07832336 -26.54776764 -14.762887 61.41220474 -27.10920525 -13.23558998 62.71860886 -27.4839859 -11.66277504 63.98685837 -27.66737175 -16.26288986 59.40447998 -26.61304092 -14.82842541 60.74802017 -27.22955513 -13.32083035 62.06951523 -27.66098785 -11.76154423 63.35816193 -27.90167999 -16.2868557 58.72786331 -26.65225792 -14.87953949 60.07832336 -27.32341576 -13.39325333 61.41220474 -27.81137657 -11.84917355 62.71860886 -28.10956001 -10.26917267 63.98685837 -28.21432114 -14.91612434 59.40447998 -27.39059639 -13.45271111 60.74802017 -27.93484306 -11.92548466 62.06951523 -28.29059219 -10.35613918 63.35816193 -28.45326042 -14.93810463 58.72786331 -27.4309597 -13.49908257 60.07832336 -28.03113556 -11.99032116 61.41220474 -28.44440269 -10.43329811 62.71860886 -28.66525078 -8.85003948 63.98685837 -28.69112396 -13.53227329 59.40447998 -28.10005569 -12.04355145 60.74802017 -28.57068062 -10.50049114 62.06951523 -28.84986115 -8.92498779 63.35816193 -28.9341011 -13.55221558 58.72786331 -28.14146423 -12.08506584 60.07832336 -28.66916275 -10.55757999 61.41220474 -29.00671196 -8.99148369 62.71860886 -29.14967537 -7.40890408 63.98685837 -29.09659767 -12.11477947 59.40447998 -28.73965263 -10.60444927 60.74802017 -29.1354866 -9.04939079 62.06951523 -29.33740425 -7.47164774 63.35816193 -29.34300804 -12.13263226 58.72786331 -28.78200531 -10.64100361 60.07832336 -29.23591614 -9.09859085 61.41220474 -29.49690628 -7.52731514 62.71860886 -29.56162834 -5.94934845 63.98685837 -29.42973137 -10.66716671 59.40447998 -29.30780029 -9.13898373 60.74802017 -29.6278553 -7.57579279 62.06951523 -29.75201035 -5.99973154 63.35816193 -29.67896271 -10.68288612 58.72786331 -29.35098839 -9.1704855 60.07832336 -29.72998428 -7.61698103 61.41220474 -29.91376686 -6.04443264 62.71860886 -29.90008545 -4.47500181 63.98685837 -29.68969727 -9.19303322 59.40447998 -29.80308151 -7.65079594 60.74802017 -30.04656792 -6.0833602 62.06951523 -30.09264946 -4.5128994 63.35816193 -29.94113159 -9.20658016 58.72786331 -29.84700012 -7.67716837 60.07832336 -30.15013885 -6.11643457 61.41220474 -30.25625801 -4.54652262 62.71860886 -30.16420746 -2.98952985 63.98685837 -29.87585258 -7.69604445 59.40447998 -30.22426987 -6.14358759 60.74802017 -30.39057732 -4.57580328 62.06951523 -30.35847092 -3.01484728 63.35816193 -30.12886238 -7.70738554 58.72786331 -30.26880836 -6.16476488 60.07832336 -30.49533463 -4.6006813 61.41220474 -30.52352524 -3.03730941 62.71860886 -30.35333633 -1.49662542 63.98685837 -29.98773003 -6.17992258 59.40447998 -30.57031441 -4.62110567 60.74802017 -30.65903282 -3.05687046 62.06951523 -30.54881859 -1.50929987 63.35816193 -30.24168777 -6.18902922 58.72786331 -30.61536407 -4.63703442 60.07832336 -30.76471519 -3.07349014 61.41220474 -30.71490669 -1.52054489 62.71860886 -30.46700287 -4.64843607 59.40447998 -30.84035683 -3.0871346 60.74802017 -30.85126305 -1.53033757 62.06951523 -30.66321754 -4.65528584 58.72786331 -30.88580322 -3.09777594 60.07832336 -30.95760918 -1.53865767 61.41220474 -30.82992744 -3.10539269 59.40447998 -31.03372574 -1.54548848 60.74802017 -30.96679497 -3.10996866 58.72786331 -31.07945824 -1.55081582 60.07832336 -31.07353783 -1.55462885 59.40447998 -31.14993858 -1.55691981 58.72786331 -31.19584274 -1.3206836 0.00602272 -26.46240234 -1.33288324 0.02407637 -26.70684624 -1.34502411 0.05411745 -26.95010948 -1.35707676 0.0960736 -27.19160843 -1.36901236 0.14984374 -27.43075943 -1.38080204 0.21529832 -27.66698837 -2.6380837 0.00602272 -26.36367798 -1.39241731 0.29227966 -27.89972496 -2.6624527 0.02407637 -26.60720825 -1.40383053 0.38060233 -28.12840843 -2.68670416 0.05411745 -26.8495636 -1.41501379 0.48005354 -28.35248756 -2.71077967 0.0960736 -27.09016228 -1.42594039 0.59039366 -28.57142258 -2.73462105 0.14984374 -27.32842255 -1.436584 0.71135694 -28.78468704 -2.75817108 0.21529832 -27.56376839 -1.44691896 0.84265196 -28.99176788 -3.94892526 0.00602272 -26.19940758 -2.78137302 0.29227966 -27.79563713 -1.45692027 0.98396236 -29.19216347 -3.98540306 0.02407637 -26.44142151 -2.80417085 0.38060233 -28.02346611 -1.46656394 1.13494778 -29.38539314 -4.02170467 0.05411745 -26.68226814 -2.82650971 0.48005354 -28.24670982 -1.47582674 1.29524434 -29.57098961 -4.05774307 0.0960736 -26.92136574 -2.84833574 0.59039366 -28.46482849 -1.48468637 1.46446609 -29.74850845 -4.093431 0.14984374 -27.15814018 -2.86959648 0.71135694 -28.67729759 -1.49312127 1.64220524 -29.91751862 -4.12868309 0.21529832 -27.39202118 -2.89024067 0.84265196 -28.88360596 -1.50111151 1.82803357 -30.07761765 -5.24994898 0.00602272 -25.97000122 -4.16341352 0.29227966 -27.62244415 -2.91021848 0.98396236 -29.08325386 -1.50863743 2.02150345 -30.22841454 -5.29844475 0.02407637 -26.20989609 -4.19753933 0.38060233 -27.84885597 -2.92948174 1.13494778 -29.27576256 -1.51568115 2.2221489 -30.3695488 -5.34670687 0.05411745 -26.44863319 -4.23097849 0.48005354 -28.07070732 -2.94798446 1.29524434 -29.46066666 -1.52222574 2.42948627 -30.50068092 -5.39461803 0.0960736 -26.68563843 -4.26364946 0.59039366 -28.28746796 -2.96568155 1.46446609 -29.63752365 -1.52825522 2.64301634 -30.62149429 -5.44206429 0.14984374 -26.92033958 -4.29547453 0.71135694 -28.49861145 -2.98253059 1.64220524 -29.80590439 -1.53375518 2.86222458 -30.73169708 -5.48893023 0.21529832 -27.152174 -4.32637691 0.84265196 -28.70363426 -2.99849081 1.82803357 -29.96540451 -1.5387125 3.0865829 -30.83102417 -6.53792095 0.00602272 -25.67603111 -5.53510332 0.29227966 -27.38057899 -4.35628128 0.98396236 -28.90203857 -3.01352429 2.02150345 -30.11563873 -1.54311502 3.3155508 -30.91923714 -6.59831381 0.02407637 -25.91320992 -5.58047247 0.38060233 -27.60500717 -4.38511658 1.13494778 -29.09334755 -3.02759409 2.2221489 -30.25624657 -1.54695225 3.54857659 -30.99612236 -6.65841579 0.05411745 -26.14924431 -5.624928 0.48005354 -27.82491684 -4.41281271 1.29524434 -29.27709961 -3.04066682 2.42948627 -30.38689041 -1.55021489 3.78509903 -31.06149673 -6.71808147 0.0960736 -26.3835659 -5.66836357 0.59039366 -28.03977776 -4.4393034 1.46446609 -29.45285416 -3.05271101 2.64301634 -30.50725174 -1.55289507 4.02454853 -31.11520004 -6.77716732 0.14984374 -26.61561203 -5.71067381 0.71135694 -28.24907494 -4.46452475 1.64220524 -29.62018585 -3.06369734 2.86222458 -30.61704445 -1.55498636 4.26634741 -31.15710449 -6.83553123 0.21529832 -26.84482002 -5.75175667 0.84265196 -28.45230103 -4.48841572 1.82803357 -29.77869225 -3.07359934 3.0865829 -30.71600151 -1.55648386 4.5099144 -31.18710709 -7.80963802 0.00602272 -25.31822395 -6.89303207 0.29227966 -27.07064056 -5.79151392 0.98396236 -28.64896774 -4.51091862 2.02150345 -29.92799187 -3.08239365 3.3155508 -30.80388451 -1.55738378 4.75466156 -31.20513916 -7.88177872 0.02407637 -25.55209923 -6.94953156 0.38060233 -27.29252815 -5.82984924 1.13494778 -28.83860207 -4.53198004 2.2221489 -30.06772232 -3.09005833 3.54857659 -30.88048363 -7.95357132 0.05411745 -25.78484535 -7.00489378 0.48005354 -27.50994873 -5.86667013 1.29524434 -29.02074623 -4.55154848 2.42948627 -30.19755173 -3.0965755 3.78509903 -30.94561195 -8.02484226 0.0960736 -26.01590157 -7.05898476 0.59039366 -27.72237778 -5.90188885 1.46446609 -29.19496155 -4.56957722 2.64301634 -30.31716347 -3.10192943 4.02454853 -30.99911499 -8.09542179 0.14984374 -26.24471283 -7.11167479 0.71135694 -27.92930603 -5.93541908 1.64220524 -29.36082649 -4.58602238 2.86222458 -30.42627144 -3.10610676 4.26634741 -31.04086304 -8.16513824 0.21529832 -26.47072601 -7.16283703 0.84265196 -28.13023186 -5.96718168 1.82803357 -29.51794624 -4.60084486 3.0865829 -30.52461243 -3.10909796 4.5099144 -31.070755 -9.06193924 0.00602272 -24.89747429 -8.23382378 0.29227966 -26.69339943 -7.21234751 0.98396236 -28.3246727 -5.99709845 2.02150345 -29.66593742 -4.6140089 3.3155508 -30.61194801 -3.11089563 4.75466156 -31.08871841 -9.145648 0.02407637 -25.12746048 -8.3013134 0.38060233 -26.91219521 -7.26008797 1.13494778 -28.51215935 -6.0250988 2.2221489 -29.80444527 -4.62548208 3.54857659 -30.6880703 -9.22895241 0.05411745 -25.3563385 -8.36744404 0.48005354 -27.12658691 -7.30594254 1.29524434 -28.69224167 -6.05111456 2.42948627 -29.93313789 -4.63523769 3.78509903 -30.75279236 -9.31165314 0.0960736 -25.58355522 -8.43205643 0.59039366 -27.33605576 -7.34980106 1.46446609 -28.86448479 -6.07508278 2.64301634 -30.0517025 -4.6432519 4.02454853 -30.80596352 -9.39354897 0.14984374 -25.80856514 -8.49499512 0.71135694 -27.5401001 -7.39155769 1.64220524 -29.0284729 -6.09694624 2.86222458 -30.15985489 -4.64950514 4.26634741 -30.84745026 -9.47444439 0.21529832 -26.03082275 -8.55610943 0.84265196 -27.73822594 -7.43111181 1.82803357 -29.1838131 -6.11665201 3.0865829 -30.25733376 -4.65398264 4.5099144 -30.8771553 -10.29171181 0.00602272 -24.41482353 -9.55414391 0.29227966 -26.24979591 -8.61525059 0.98396236 -27.92995644 -7.46836853 2.02150345 -29.33012962 -6.13415289 3.3155508 -30.3439064 -4.65667295 4.75466156 -30.89500809 -10.38677979 0.02407637 -24.64035225 -9.63245583 0.38060233 -26.46495438 -8.6722765 1.13494778 -28.11483192 -7.5032382 2.2221489 -29.46706963 -6.14940643 3.54857659 -30.41936111 -10.48138905 0.05411745 -24.86479378 -9.70919132 0.48005354 -26.67578316 -8.72705078 1.29524434 -28.29240417 -7.53563595 2.42948627 -29.59430504 -6.16237593 3.78509903 -30.48351669 -10.57531261 0.0960736 -25.08760643 -9.78416443 0.59039366 -26.88177109 -8.77943993 1.46446609 -28.46224594 -7.56548452 2.64301634 -29.71152878 -6.17303038 4.02454853 -30.53622246 -10.66832352 0.14984374 -25.30825233 -9.85719585 0.71135694 -27.08242416 -8.829319 1.64220524 -28.62394905 -7.59271193 2.86222458 -29.81845665 -6.18134403 4.26634741 -30.57734489 -10.76019669 0.21529832 -25.52620316 -9.92811012 0.84265196 -27.27725792 -8.87656784 1.82803357 -28.7771244 -7.61725235 3.0865829 -29.91483116 -6.18729639 4.5099144 -30.60679054 -11.49589634 0.00602272 -23.87147522 -10.85071182 0.29227966 -25.74093056 -9.99673462 0.98396236 -27.46580315 -8.92107105 2.02150345 -28.92140198 -7.63904667 3.3155508 -30.00042343 -6.19087362 4.75466156 -30.62448692 -11.60208797 0.02407637 -24.0919838 -10.93965149 0.38060233 -25.95191956 -10.06290531 1.13494778 -27.64760399 -8.96272278 2.2221489 -29.05643463 -7.65804243 3.54857659 -30.07502365 -11.70776844 0.05411745 -24.31142998 -11.02680016 0.48005354 -26.15865898 -10.12646198 1.29524434 -27.82222557 -9.00142288 2.42948627 -29.18189621 -7.67419386 3.78509903 -30.13845444 -11.8126812 0.0960736 -24.52928352 -11.11194801 0.59039366 -26.36065483 -10.187253 1.46446609 -27.98924637 -9.0370779 2.64301634 -29.29748535 -7.68746185 4.02454853 -30.1905632 -11.91657352 0.14984374 -24.74501991 -11.19489002 0.71135694 -26.55741692 -10.24512959 1.64220524 -28.14826202 -9.06960106 2.86222458 -29.40292358 -7.69781494 4.26634741 -30.23122215 -12.01919746 0.21529832 -24.95812035 -11.27542782 0.84265196 -26.74847412 -10.29995441 1.82803357 -28.29889297 -9.0989151 3.0865829 -29.49795723 -7.70522785 4.5099144 -30.26033401 -12.67150116 0.00602272 -23.26877785 -12.12030315 0.29227966 -25.16806984 -11.35336494 0.98396236 -26.93336487 -10.35159492 2.02150345 -28.44077301 -9.1249485 3.3155508 -29.5823555 -7.70968246 4.75466156 -30.27782822 -12.78855228 0.02407637 -23.48372078 -12.21964836 0.38060233 -25.37436295 -11.42851543 1.13494778 -27.11164284 -10.39992523 2.2221489 -28.57356071 -9.14763927 3.54857659 -29.65591621 -12.90503883 0.05411745 -23.69762611 -12.31699371 0.48005354 -25.57650185 -11.50069809 1.29524434 -27.28287888 -10.44483089 2.42948627 -28.69693756 -9.16693211 3.78509903 -29.7184639 -13.02068043 0.0960736 -23.90997887 -12.41210461 0.59039366 -25.77400208 -11.56973743 1.46446609 -27.446661 -10.48620319 2.64301634 -28.810606 -9.18278122 4.02454853 -29.76984406 -13.13519859 0.14984374 -24.12026787 -12.50475216 0.71135694 -25.96638489 -11.63546944 1.64220524 -27.60259438 -10.52394104 2.86222458 -28.91429138 -9.19514751 4.26634741 -29.80993652 -13.24831581 0.21529832 -24.32798767 -12.59471226 0.84265196 -26.15319061 -11.69773388 1.82803357 -27.75030518 -10.55795574 3.0865829 -29.00774574 -9.20400238 4.5099144 -29.83864403 -13.8156023 0.00602272 -22.60823059 -13.35976124 0.29227966 -24.53263664 -12.68176937 0.98396236 -26.3339653 -11.75638199 2.02150345 -27.88943291 -10.58816433 3.3155508 -29.09074211 -9.20932388 4.75466156 -29.85589409 -13.94322205 0.02407637 -22.81707191 -13.46926594 0.38060233 -24.73372078 -12.76571274 1.13494778 -26.50827599 -11.81127167 2.2221489 -28.0196476 -10.61449337 3.54857659 -29.16308022 -14.07022667 0.05411745 -23.02490425 -13.5765667 0.48005354 -24.93075752 -12.84634113 1.29524434 -26.67570114 -11.86227131 2.42948627 -28.14063263 -10.63687992 3.78509903 -29.22458649 -14.19630909 0.0960736 -23.23122978 -13.68140411 0.59039366 -25.12327003 -12.92345905 1.46446609 -26.83583832 -11.90925789 2.64301634 -28.25209808 -10.65527058 4.02454853 -29.27511406 -14.32116604 0.14984374 -23.43554878 -13.78352547 0.71135694 -25.31079674 -12.99688148 1.64220524 -26.98830223 -11.95211792 2.86222458 -28.35377312 -10.66962051 4.26634741 -29.31454086 -14.44449711 0.21529832 -23.63737106 -13.88268566 0.84265196 -25.49288559 -13.06643105 1.82803357 -27.13272476 -11.99074841 3.0865829 -28.4454155 -10.67989445 4.5099144 -29.34276962 -14.92535591 0.00602272 -21.89147568 -14.56600571 0.29227966 -23.83621025 -13.97864437 0.98396236 -25.66909599 -13.1319418 2.02150345 -27.26875687 -12.02505589 3.3155508 -28.52680206 -10.68606949 4.75466156 -29.35973549 -15.0632267 0.02407637 -22.09369469 -14.68539715 0.38060233 -24.0315876 -14.07117271 1.13494778 -25.83900642 -13.19325352 2.2221489 -27.3960743 -12.05495834 3.54857659 -28.59774017 -15.20043278 0.05411745 -22.29493904 -14.80238533 0.48005354 -24.22303009 -14.16004562 1.29524434 -26.0022049 -13.2502203 2.42948627 -27.51436615 -12.0803833 3.78509903 -28.65805435 -15.33664322 0.0960736 -22.49472427 -14.91668797 0.59039366 -24.41007805 -14.24505043 1.46446609 -26.15829849 -13.30270481 2.64301634 -27.62335014 -12.10126877 4.02454853 -28.70760155 -15.47152996 0.14984374 -22.69256592 -15.0280304 0.71135694 -24.59228134 -14.32598114 1.64220524 -26.30691338 -13.35057926 2.86222458 -27.72276306 -12.11756611 4.26634741 -28.7462635 -15.6047678 0.21529832 -22.88799095 -15.13614368 0.84265196 -24.76920128 -14.4026432 1.82803357 -26.44768906 -13.39372921 3.0865829 -27.81236649 -12.12923527 4.5099144 -28.77394676 -15.99800205 0.00602272 -21.12029457 -15.73603535 0.29227966 -23.08052444 -15.24076748 0.98396236 -24.94040871 -14.47485256 2.02150345 -26.58028793 -13.43205166 3.3155508 -27.89194298 -12.13624763 4.75466156 -28.79058266 -16.14578247 0.02407637 -21.31539154 -15.86501789 0.38060233 -23.26970673 -15.34164906 1.13494778 -25.10549545 -14.54243565 2.2221489 -26.70438957 -13.46545219 3.54857659 -27.9612999 -16.29284859 0.05411745 -21.50954628 -15.99140358 0.48005354 -23.45508003 -15.43854618 1.29524434 -25.26406097 -14.60522747 2.42948627 -26.81969452 -13.49385166 3.78509903 -28.02027321 -16.4388485 0.0960736 -21.7022934 -16.11488724 0.59039366 -23.63619995 -15.53122616 1.46446609 -25.4157238 -14.66307831 2.64301634 -26.92592812 -13.51718235 4.02454853 -28.06871796 -16.58342743 0.14984374 -21.89316559 -16.23517418 0.71135694 -23.81262589 -15.61946392 1.64220524 -25.56011963 -14.71584892 2.86222458 -27.02283096 -13.53538609 4.26634741 -28.1065197 -16.72624207 0.21529832 -22.08170509 -16.35197067 0.84265196 -23.98393631 -15.70304871 1.82803357 -25.69689941 -14.76341248 3.0865829 -27.11017036 -13.54842091 4.5099144 -28.13358498 -17.03087616 0.00602272 -20.29660606 -16.86694336 0.29227966 -22.26745796 -16.46499825 0.98396236 -24.14971733 -15.78177738 2.02150345 -25.82573318 -14.80565262 3.3155508 -27.18773842 -13.55625343 4.75466156 -28.14985085 -17.18819618 0.02407637 -20.48409462 -17.00519562 0.38060233 -22.44997597 -16.57398415 1.13494778 -24.30957031 -15.85546207 2.2221489 -25.94631195 -14.84246922 3.54857659 -27.25534439 -17.34475708 0.05411745 -20.67067719 -17.14066315 0.48005354 -22.62881851 -16.67866516 1.29524434 -24.46310806 -15.92392349 2.42948627 -26.05834579 -14.87377357 3.78509903 -27.31282806 -17.50018311 0.0960736 -20.85590553 -17.27302361 0.59039366 -22.80355644 -16.77878952 1.46446609 -24.60996246 -15.9869976 2.64301634 -26.16156197 -14.8994894 4.02454853 -27.3600502 -17.65409851 0.14984374 -21.03933525 -17.40195274 0.71135694 -22.97376823 -16.87411499 1.64220524 -24.74978065 -16.04453278 2.86222458 -26.25571442 -14.91955471 4.26634741 -27.39689636 -17.80613136 0.21529832 -21.22052193 -17.52714539 0.84265196 -23.13904381 -16.96441269 1.82803357 -24.88222313 -16.09638977 3.0865829 -26.34057617 -14.93392181 4.5099144 -27.42328072 -18.02140617 0.00602272 -19.42245674 -17.95591736 0.29227966 -21.39902878 -17.64829445 0.98396236 -23.29898453 -17.04946518 2.02150345 -25.00697327 -16.14244461 3.3155508 -26.41594124 -14.94255638 4.75466156 -27.4391346 -18.18787766 0.02407637 -19.60186958 -18.10309601 0.38060233 -21.57442856 -17.76511383 1.13494778 -23.45320511 -17.12906837 2.2221489 -25.12372971 -16.18258667 3.54857659 -26.48162842 -18.35354424 0.05411745 -19.78041649 -18.24731064 0.48005354 -21.74629784 -17.87731743 1.29524434 -23.60133553 -17.20302963 2.42948627 -25.23221016 -16.21671677 3.78509903 -26.5374794 -18.51800919 0.0960736 -19.9576683 -18.38821411 0.59039366 -21.91422081 -17.98463631 1.46446609 -23.7430172 -17.27117157 2.64301634 -25.33215523 -16.24475479 4.02454853 -26.58336067 -18.68087769 0.14984374 -20.13319778 -18.52546883 0.71135694 -22.07779503 -18.08681297 1.64220524 -23.87790871 -17.33332825 2.86222458 -25.42332268 -16.26663208 4.26634741 -26.61916161 -18.84175301 0.21529832 -20.30657959 -18.6587429 0.84265196 -22.23662376 -18.18360138 1.82803357 -24.00568771 -17.38935089 3.0865829 -25.50549316 -16.28229523 4.5099144 -26.64479637 -18.96713448 0.00602272 -18.50002098 -19.00025177 0.29227966 -20.47739983 -18.78771591 0.98396236 -22.39032745 -18.27476692 2.02150345 -24.12604332 -17.43910408 3.3155508 -25.57846832 -16.2917099 4.75466156 -26.66020012 -19.14234161 0.02407637 -18.67091179 -19.15598869 0.38060233 -20.64524651 -18.91207504 1.13494778 -22.53853416 -18.36009026 2.2221489 -24.23868561 -17.48246956 3.54857659 -25.64207458 -19.31670189 0.05411745 -18.84097862 -19.30859184 0.48005354 -20.80971146 -19.03152275 1.29524434 -22.68088722 -18.43936729 2.42948627 -24.34334564 -17.51934242 3.78509903 -25.69615555 -19.48979759 0.0960736 -19.00981331 -19.45769119 0.59039366 -20.97040367 -19.14577293 1.46446609 -22.8170433 -18.5124054 2.64301634 -24.43976974 -17.54963112 4.02454853 -25.74058151 -19.66121292 0.14984374 -19.17700577 -19.60292816 0.71135694 -21.12693214 -19.25454521 1.64220524 -22.94667435 -18.57902908 2.86222458 -24.52772522 -17.57326698 4.26634741 -25.77524757 -19.83053017 0.21529832 -19.34215355 -19.7439537 0.84265196 -21.27892113 -19.35758209 1.82803357 -23.06946754 -18.63907814 3.0865829 -24.60700035 -17.59018898 4.5099144 -25.80006981 -19.8657074 0.00602272 -17.53158951 -19.99734688 0.29227966 -19.50486183 -19.88042641 0.98396236 -21.42600441 -19.45463371 2.02150345 -23.18512917 -18.69240761 3.3155508 -24.6774044 -17.60035896 4.75466156 -25.81498528 -20.04921341 0.02407637 -17.69353676 -20.16125679 0.38060233 -19.66473389 -20.01202011 1.13494778 -21.56782722 -19.54546738 2.2221489 -23.29338074 -18.73888969 3.54857659 -24.73876953 -20.23183441 0.05411745 -17.85470009 -20.32186699 0.48005354 -19.82139015 -20.13841438 1.29524434 -21.70405006 -19.62986183 2.42948627 -23.39395714 -18.77841187 3.78509903 -24.79094505 -20.41313171 0.0960736 -18.01469612 -20.47879219 0.59039366 -19.97444916 -20.25930786 1.46446609 -21.83434105 -19.7076149 2.64301634 -23.48662186 -18.81087875 4.02454853 -24.83380699 -20.59266663 0.14984374 -18.17313576 -20.63165092 0.71135694 -20.12354469 -20.37440872 1.64220524 -21.95838928 -19.77853966 2.86222458 -23.57114601 -18.83621216 4.26634741 -24.86725235 -20.77000618 0.21529832 -18.32963943 -20.78007698 0.84265196 -20.26831436 -20.48343849 1.82803357 -22.07589531 -19.84246635 3.0865829 -23.64733124 -18.85435104 4.5099144 -24.89119911 -20.71488953 0.00602272 -16.51957321 -20.94472504 0.29227966 -18.4838295 -20.92371178 0.98396236 -20.40841293 -20.58613396 2.02150345 -22.18657494 -19.89923859 3.3155508 -23.71498871 -18.86525154 4.75466156 -24.90559006 -20.90624046 0.02407637 -16.67217064 -21.11640167 0.38060233 -18.63533401 -21.06221008 1.13494778 -20.5435009 -20.68224907 2.2221489 -22.29016304 -19.94872093 3.54857659 -23.77396011 -21.09666824 0.05411745 -16.82403183 -21.28462029 0.48005354 -18.78378868 -21.19523811 1.29524434 -20.67325211 -20.77155304 2.42948627 -22.38640976 -19.99079514 3.78509903 -23.8241024 -21.2857151 0.0960736 -16.97479057 -21.44897842 0.59039366 -18.92883682 -21.32247543 1.46446609 -20.79735565 -20.85382843 2.64301634 -22.4750824 -20.0253582 4.02454853 -23.8652916 -21.47292328 0.14984374 -17.12408638 -21.60907936 0.71135694 -19.07012558 -21.44361687 1.64220524 -20.91551399 -20.92887878 2.86222458 -22.55596733 -20.0523262 4.26634741 -23.89743233 -21.65784454 0.21529832 -17.27155495 -21.76453781 0.84265196 -19.20731735 -21.55836678 1.82803357 -21.02743912 -20.9965229 3.0865829 -22.62887001 -20.0716362 4.5099144 -23.92044449 -21.51257133 0.00602272 -15.46648598 -21.84003258 0.29227966 -17.41684341 -21.91497803 0.98396236 -19.34008217 -21.66645241 2.02150345 -21.13286209 -21.05659676 3.3155508 -22.69361496 -20.08324242 4.75466156 -23.93427467 -21.71129227 0.02407637 -15.60935593 -22.01904678 0.38060233 -17.55960274 -22.06003761 1.13494778 -19.46809769 -21.76761246 2.2221489 -21.23152924 -21.10895729 3.54857659 -22.75004578 -21.9090538 0.05411745 -15.75153637 -22.1944561 0.48005354 -17.69948769 -22.19936752 1.29524434 -19.59105873 -21.86160278 2.42948627 -21.32320404 -21.15347862 3.78509903 -22.79802704 -22.1053791 0.0960736 -15.89268494 -22.36584091 0.59039366 -17.83616257 -22.33263397 1.46446609 -19.70866585 -21.94819641 2.64301634 -21.40766525 -21.19005203 4.02454853 -22.83744431 -22.29979706 0.14984374 -16.03246117 -22.53278542 0.71135694 -17.9692955 -22.45951271 1.64220524 -19.82063675 -22.02718544 2.86222458 -21.48470879 -21.21858978 4.26634741 -22.8682003 -22.49183846 0.21529832 -16.17053032 -22.69488716 0.84265196 -18.09856987 -22.57970047 1.82803357 -19.92670441 -22.09837914 3.0865829 -21.55414963 -21.2390213 4.5099144 -22.89022255 -22.25677109 0.00602272 -14.37494659 -22.68104172 0.29227966 -16.30655861 -22.85175896 0.98396236 -18.22366905 -22.69290543 2.02150345 -20.02660942 -22.16160583 3.3155508 -21.61581993 -21.25130081 4.75466156 -22.90345573 -22.4623661 0.02407637 -14.50773335 -22.86694908 0.38060233 -16.44021606 -23.00301933 1.13494778 -18.3442955 -22.79885864 2.2221489 -20.12011147 -22.21671486 3.54857659 -21.66957092 -22.66696739 0.05411745 -14.63988018 -23.04911423 0.48005354 -16.57118416 -23.14830589 1.29524434 -18.46015739 -22.89730072 2.42948627 -20.20698738 -22.26357079 3.78509903 -21.71527481 -22.87008476 0.0960736 -14.77106667 -23.22709656 0.59039366 -16.69914627 -23.28726768 1.46446609 -18.57097626 -22.98799706 2.64301634 -20.28702736 -22.30206299 4.02454853 -21.75281906 -23.07122803 0.14984374 -14.90097904 -23.40047073 0.71135694 -16.82379341 -23.41957092 1.64220524 -18.67648506 -23.0707283 2.86222458 -20.36003685 -22.33209801 4.26634741 -21.78211403 -23.26991463 0.21529832 -15.02930355 -23.56881523 0.84265196 -16.94482422 -23.54489517 1.82803357 -18.77642822 -23.14529419 3.0865829 -20.42584419 -22.35360336 4.5099144 -21.80308914 -22.94563675 0.00602272 -13.24766922 -23.465662 0.29227966 -15.1557312 -23.7317276 0.98396236 -17.06195068 -23.66294098 2.02150345 -18.87056541 -23.21151733 3.3155508 -20.48428535 -22.36652756 4.75466156 -21.81569481 -23.15759277 0.02407637 -13.3700428 -23.65800095 0.38060233 -15.27995682 -23.88881302 1.13494778 -17.1748867 -23.77342224 2.2221489 -18.95867157 -23.26923561 3.54857659 -20.53522301 -23.36852837 0.05411745 -13.49182606 -23.84646797 0.48005354 -15.4016819 -24.03969383 1.29524434 -17.28336334 -23.87607193 2.42948627 -19.04053307 -23.31831169 3.78509903 -20.57853317 -23.57793236 0.0960736 -13.61272621 -24.03060722 0.59039366 -15.52061176 -24.18400764 1.46446609 -17.38711739 -23.9706459 2.64301634 -19.11595154 -23.35862923 4.02454853 -20.61411095 -23.78530121 0.14984374 -13.73245049 -24.2099781 0.71135694 -15.63646221 -24.32140541 1.64220524 -17.48589897 -24.05691338 2.86222458 -19.1847477 -23.39008713 4.26634741 -20.64187431 -23.9901371 0.21529832 -13.85071182 -24.38414764 0.84265196 -15.74895191 -24.45155525 1.82803357 -17.57947159 -24.13466644 3.0865829 -19.24675369 -23.41261101 4.5099144 -20.66175079 -23.57745552 0.00602272 -12.08745575 -24.19194221 0.29227966 -13.96722507 -24.55269432 0.98396236 -15.85781193 -24.57414627 2.02150345 -17.66760826 -24.20372009 3.3155508 -19.30182266 -23.42614746 4.75466156 -20.67369652 -23.79524803 0.02407637 -12.19911194 -24.39023399 0.38060233 -14.08170891 -24.71521378 1.13494778 -15.96277809 -24.68888092 2.2221489 -17.75009727 -24.26390648 3.54857659 -19.34981918 -24.0119915 0.05411745 -12.31023026 -24.5845356 0.48005354 -14.19388771 -24.871315 1.29524434 -16.06359863 -24.79548454 2.42948627 -17.82674026 -24.31508064 3.78509903 -19.39063072 -24.22716141 0.0960736 -12.42054081 -24.77437401 0.59039366 -14.30349159 -25.02062035 1.46446609 -16.16003036 -24.89369965 2.64301634 -17.89735031 -24.35712051 4.02454853 -19.42415619 -24.44024086 0.14984374 -12.52978039 -24.95929718 0.71135694 -14.41025639 -25.16277122 1.64220524 -16.25184059 -24.98328972 2.86222458 -17.96176147 -24.3899231 4.26634741 -19.45031548 -24.65071487 0.21529832 -12.63768482 -25.13885689 0.84265196 -14.51392555 -25.29742432 1.82803357 -16.33880997 -25.06403732 3.0865829 -18.01981544 -24.41341019 4.5099144 -19.46904564 -24.15065575 0.00602272 -10.89719105 -24.858078 0.29227966 -12.74399376 -25.31262016 0.98396236 -14.61424828 -25.42425537 2.02150345 -16.42072487 -25.13574982 3.3155508 -18.07137299 -24.42752457 4.75466156 -19.4803009 -24.37374496 0.02407637 -10.99785233 -25.06183052 0.38060233 -12.84845066 -25.4801712 1.13494778 -14.71098328 -25.54296112 2.2221489 -16.49739265 -25.19825363 3.54857659 -18.11631012 -24.59575653 0.05411745 -11.09802818 -25.26148033 0.48005354 -12.95080566 -25.64110184 1.29524434 -14.80389786 -25.65325165 2.42948627 -16.5686264 -25.25139809 3.78509903 -18.15452003 -24.81615829 0.0960736 -11.19747734 -25.45654869 0.59039366 -13.05081081 -25.79502869 1.46446609 -14.89276695 -25.75486374 2.64301634 -16.63425446 -25.2950573 4.02454853 -18.18590736 -25.03441811 0.14984374 -11.29595947 -25.64656258 0.71135694 -13.14822578 -25.94157982 1.64220524 -14.97737789 -25.84755325 2.86222458 -16.69412041 -25.32912254 4.26634741 -18.21039963 -25.25000954 0.21529832 -11.39323807 -25.83106613 0.84265196 -13.24281502 -26.08040047 1.82803357 -15.05752659 -25.93109512 3.0865829 -16.74807549 -25.35351372 4.5099144 -18.22793579 -24.66381454 0.00602272 -9.67983437 -25.46241379 0.29227966 -11.48907852 -26.00961494 0.98396236 -13.33435154 -26.21115685 2.02150345 -15.13301849 -26.00528717 3.3155508 -16.79599571 -25.36817169 4.75466156 -18.23847389 -24.89164352 0.02407637 -9.76924992 -25.67111969 0.38060233 -11.58325005 -26.18177795 1.13494778 -13.42261505 -26.33353615 2.2221489 -15.20367432 -26.06995392 3.54857659 -16.83776093 -25.11837387 0.05411745 -9.85823536 -25.8756237 0.48005354 -11.67552567 -26.34714127 1.29524434 -13.50739193 -26.44724083 2.42948627 -15.26932144 -26.12493706 3.78509903 -16.87327385 -25.34345818 0.0960736 -9.94657421 -26.07543373 0.59039366 -11.76568317 -26.50530624 1.46446609 -13.58847809 -26.55199814 2.64301634 -15.32980347 -26.17010498 4.02454853 -16.90244675 -25.56635475 0.14984374 -10.03405476 -26.27006721 0.71135694 -11.85350513 -26.65589333 1.64220524 -13.66567898 -26.6475544 2.86222458 -15.38497353 -26.20535088 4.26634741 -16.92520905 -25.78652763 0.21529832 -10.12046623 -26.45905685 0.84265196 -11.93878078 -26.7985363 1.82803357 -13.73880768 -26.73368263 3.0865829 -15.43469906 -26.2305851 4.5099144 -16.94150734 -25.1156559 0.00602272 -8.43841171 -26.00344467 0.29227966 -10.20560074 -26.64194489 0.98396236 -12.02130413 -26.93289375 2.02150345 -13.80768871 -26.81017303 3.3155508 -15.4788599 -26.24575043 4.75466156 -16.95130348 -25.34765816 0.02407637 -8.51636028 -26.21658516 0.38060233 -10.28925133 -26.81829453 1.13494778 -12.1008749 -27.05864143 2.2221489 -13.87215614 -26.87684059 3.54857659 -15.51735115 -25.57854271 0.05411745 -8.59393311 -26.42543411 0.48005354 -10.37121868 -26.98767853 1.29524434 -12.17730427 -27.17547798 2.42948627 -13.93205452 -26.93352509 3.78509903 -15.55007839 -25.8077507 0.0960736 -8.67094326 -26.6294899 0.59039366 -10.45130444 -27.14968872 1.46446609 -12.25040627 -27.2831192 2.64301634 -13.98723888 -26.98009109 4.02454853 -15.57696342 -26.03473091 0.14984374 -8.74720383 -26.82826042 0.71135694 -10.52931595 -27.303936 1.64220524 -12.32000446 -27.3813076 2.86222458 -14.03757763 -27.01642609 4.26634741 -15.5979414 -26.25893593 0.21529832 -8.82253361 -27.02126503 0.84265196 -10.60506535 -27.45004654 1.82803357 -12.38593292 -27.46980667 3.0865829 -14.08294773 -27.04244232 4.5099144 -15.61296177 -25.50505447 0.00602272 -7.17600965 -26.47982788 0.29227966 -8.8967495 -27.20804024 0.98396236 -10.67836857 -27.58767128 2.02150345 -12.44803143 -27.54840279 3.3155508 -14.12324238 -27.05807877 4.75466156 -15.6219883 -25.74065399 0.02407637 -7.24229717 -26.69687271 0.38060233 -8.9696722 -27.38813591 1.13494778 -10.74905109 -27.71647644 2.2221489 -12.50615025 -27.61690521 3.54857659 -14.15836143 -25.97511864 0.05411745 -7.30826521 -26.90954781 0.48005354 -9.0411272 -27.56111908 1.29524434 -10.81694221 -27.83615112 2.42948627 -12.56015015 -27.67515182 3.78509903 -14.18822289 -26.20788002 0.0960736 -7.37375402 -27.117342 0.59039366 -9.11094284 -27.72657204 1.46446609 -10.8818779 -27.94641113 2.64301634 -12.60990047 -27.72300148 4.02454853 -14.2127533 -26.43837929 0.14984374 -7.43860674 -27.31975365 0.71135694 -9.1789484 -27.88409615 1.64220524 -10.94370079 -28.04698563 2.86222458 -12.65528202 -27.76033592 4.26634741 -14.23189449 -26.6660614 0.21529832 -7.50266647 -27.51629448 0.84265196 -9.24498272 -28.03331184 1.82803357 -11.00226402 -28.13763618 3.0865829 -12.69618511 -27.78706932 4.5099144 -14.24559879 -25.83104515 0.00602272 -5.89576721 -26.89037895 0.29227966 -7.56577921 -27.70649147 0.98396236 -9.30888557 -28.17386055 2.02150345 -11.0574255 -28.21814346 3.3155508 -12.73251152 -27.80313492 4.75466156 -14.25383568 -26.06965637 0.02407637 -5.95022869 -27.11078835 0.38060233 -7.62779331 -27.88988686 1.13494778 -9.37050343 -28.30540276 2.2221489 -11.1090517 -28.28831291 3.54857659 -12.76417255 -26.30711555 0.05411745 -6.00442743 -27.32676125 0.48005354 -7.68855858 -28.06603813 1.29524434 -9.4296875 -28.42762184 2.42948627 -11.15701866 -28.34797478 3.78509903 -12.79109287 -26.5428524 0.0960736 -6.05823278 -27.53777695 0.59039366 -7.74792862 -28.23452187 1.46446609 -9.48629475 -28.54022217 2.64301634 -11.20121193 -28.39698601 4.02454853 -12.81320858 -26.77629852 0.14984374 -6.11151552 -27.74332619 0.71135694 -7.80576134 -28.39493179 1.64220524 -9.54018974 -28.6429348 2.86222458 -11.24152374 -28.43523026 4.26634741 -12.83046436 -27.00689125 0.21529832 -6.16414642 -27.94291306 0.84265196 -7.86191702 -28.54688072 1.82803357 -9.59124184 -28.73551178 3.0865829 -11.27785778 -28.46261215 4.5099144 -12.84281921 -26.0928154 0.00602272 -4.60086727 -27.23407364 0.29227966 -6.2159996 -28.13605881 0.98396236 -7.91625977 -28.69000435 2.02150345 -9.63932896 -28.81772995 3.3155508 -11.31012535 -28.47906876 4.75466156 -12.85024452 -26.33384323 0.02407637 -4.64336729 -27.45730209 0.38060233 -6.26694965 -28.32229805 1.13494778 -7.96865892 -28.82395744 2.2221489 -9.68433475 -28.88938904 3.54857659 -11.33825016 -26.57370949 0.05411745 -4.68566227 -27.67603493 0.48005354 -6.3168745 -28.50118065 1.29524434 -8.01898861 -28.94841576 2.42948627 -9.72615051 -28.95031929 3.78509903 -11.36216259 -26.81183624 0.0960736 -4.72765017 -27.88974762 0.59039366 -6.36565256 -28.67227745 1.46446609 -8.06712818 -29.06307983 2.64301634 -9.76467514 -29.00037193 4.02454853 -11.38180733 -27.04764748 0.14984374 -4.76922989 -28.09792328 0.71135694 -6.41316748 -28.83517456 1.64220524 -8.11295986 -29.16767311 2.86222458 -9.79981709 -29.03942871 4.26634741 -11.39713573 -27.28057671 0.21529832 -4.81030178 -28.30006218 0.84265196 -6.45930433 -28.98947906 1.82803357 -8.15637493 -29.26194572 3.0865829 -9.83149147 -29.06739235 4.5099144 -11.40811062 -26.28971291 0.00602272 -3.29452848 -27.51006126 0.29227966 -4.85076618 -28.49567795 0.98396236 -6.5039525 -29.13482094 2.02150345 -8.19726753 -29.34566879 3.3155508 -9.85962105 -29.084198 4.75466156 -11.41470623 -26.53256226 0.02407637 -3.32496142 -27.73555183 0.38060233 -4.89052629 -28.68429565 1.13494778 -6.54700327 -29.27085114 2.2221489 -8.23554039 -29.41864204 3.54857659 -9.88413811 -26.77423859 0.05411745 -3.35524726 -27.95650101 0.48005354 -4.92948532 -28.86546516 1.29524434 -6.58835411 -29.39723778 2.42948627 -8.27110004 -29.4806881 3.78509903 -9.90498447 -27.01416016 0.0960736 -3.38531351 -28.17237854 0.59039366 -4.96755075 -29.03874779 1.46446609 -6.62790489 -29.5136795 2.64301634 -8.30386257 -29.53165817 4.02454853 -9.9221096 -27.25175095 0.14984374 -3.41508746 -28.38266563 0.71135694 -5.00462961 -29.20372772 1.64220524 -6.66556025 -29.61989594 2.86222458 -8.33374691 -29.57143021 4.26634741 -9.93547249 -27.48643875 0.21529832 -3.44449759 -28.58685303 0.84265196 -5.04063368 -29.36000443 1.82803357 -6.70122957 -29.71563148 3.0865829 -8.36068249 -29.59990692 4.5099144 -9.94503975 -26.4212513 0.00602272 -1.97999907 -27.71765518 0.29227966 -3.47347283 -28.78445053 0.98396236 -5.07547522 -29.50720406 2.02150345 -6.73482704 -29.80065155 3.3155508 -8.3846035 -29.61701965 4.75466156 -9.95078945 -26.66531563 0.02407637 -1.99828911 -27.94484711 0.38060233 -3.50194359 -28.97498131 1.13494778 -5.10907078 -29.64497185 2.2221489 -6.76627159 -29.87475586 3.54857659 -8.40545273 -26.90820122 0.05411745 -2.01649094 -28.1674633 0.48005354 -3.52984118 -29.15798569 1.29524434 -5.14133978 -29.77297592 2.42948627 -6.7954874 -29.93776512 3.78509903 -8.42318058 -27.14932442 0.0960736 -2.03456044 -28.38497162 0.59039366 -3.55709839 -29.33302498 1.46446609 -5.17220354 -29.89090538 2.64301634 -6.82240438 -29.98952484 4.02454853 -8.43774414 -27.38810349 0.14984374 -2.05245471 -28.59684372 0.71135694 -3.5836494 -29.49967575 1.64220524 -5.20158863 -29.99847984 2.86222458 -6.84695721 -30.02991295 4.26634741 -8.44910717 -27.62396431 0.21529832 -2.07012987 -28.80257225 0.84265196 -3.60943055 -29.65753746 1.82803357 -5.229424 -30.095438 3.0865829 -6.86908722 -30.05883217 4.5099144 -8.45724392 -26.48710251 0.00602272 -0.66054714 -27.8563385 0.29227966 -2.08754396 -29.00165939 0.98396236 -3.63437963 -29.80622864 2.02150345 -5.25564241 -30.18154526 3.3155508 -6.88874102 -30.07621002 4.75466156 -8.46213341 -26.73177528 0.02407637 -0.66664881 -28.08466721 0.38060233 -2.10465479 -29.19362831 1.13494778 -3.6584363 -29.94539261 2.2221489 -5.28018045 -30.25659752 3.54857659 -6.90587091 -26.9752655 0.05411745 -0.67272115 -28.30839729 0.48005354 -2.1214211 -29.37801552 1.29524434 -3.68154287 -30.07469177 2.42948627 -5.30297995 -30.32040977 3.78509903 -6.92043591 -27.21698952 0.0960736 -0.67874932 -28.5269928 0.59039366 -2.1378026 -29.55437469 1.46446609 -3.70364356 -30.19381714 2.64301634 -5.32398462 -30.37283325 4.02454853 -6.9324007 -27.45636368 0.14984374 -0.68471897 -28.73992538 0.71135694 -2.15375972 -29.72228241 1.64220524 -3.72468519 -30.3024826 2.86222458 -5.34314489 -30.41373634 4.26634741 -6.9417367 -27.69281387 0.21529832 -0.69061565 -28.94668388 0.84265196 -2.16925406 -29.88133621 1.82803357 -3.74461722 -30.40042305 3.0865829 -5.36041451 -30.44302368 4.5099144 -6.94842148 -26.48710251 0.00602272 0.66054714 -27.92576599 0.29227966 -0.69642514 -29.14676857 0.98396236 -2.18424821 -30.03114891 2.02150345 -3.76339126 -30.48740387 3.3155508 -5.3757515 -30.46062469 4.75466156 -6.95243883 -26.73177528 0.02407637 0.66664881 -28.15466309 0.38060233 -0.70213348 -29.33969688 1.13494778 -2.19870639 -30.17136383 2.2221489 -3.78096223 -30.56321526 3.54857659 -5.38911963 -26.9752655 0.05411745 0.67272115 -28.37895203 0.48005354 -0.7077269 -29.52500534 1.29524434 -2.21259332 -30.30163956 2.42948627 -3.79728794 -30.6276741 3.78509903 -5.40048552 -27.21698952 0.0960736 0.67874932 -28.59809303 0.59039366 -0.71319187 -29.70224762 1.46446609 -2.22587585 -30.42166328 2.64301634 -3.81232905 -30.68062782 4.02454853 -5.40982246 -27.45636368 0.14984374 0.68471897 -28.81155586 0.71135694 -0.71851534 -29.87099648 1.64220524 -2.23852158 -30.531147 2.86222458 -3.82604909 -30.72194672 4.26634741 -5.41710806 -27.69281387 0.21529832 0.69061565 -29.01882935 0.84265196 -0.72368443 -30.03084373 1.82803357 -2.25050068 -30.6298275 3.0865829 -3.83841538 -30.7515316 4.5099144 -5.42232466 -26.4212513 0.00602272 1.97999907 -27.92576599 0.29227966 0.69642514 -29.21941185 0.98396236 -0.72868663 -30.18140793 2.02150345 -2.26178384 -30.71746445 3.3155508 -3.84939766 -30.7693119 4.75466156 -5.42545986 -26.66531563 0.02407637 1.99828911 -28.15466309 0.38060233 0.70213348 -29.41282082 1.13494778 -0.73350996 -30.32232285 2.2221489 -2.27234387 -30.79384804 3.54857659 -3.85896969 -26.90820122 0.05411745 2.01649094 -28.37895203 0.48005354 0.7077269 -29.59859276 1.29524434 -0.73814279 -30.45325089 2.42948627 -2.28215575 -30.85879517 3.78509903 -3.86710858 -27.14932442 0.0960736 2.03456044 -28.59809303 0.59039366 0.71319187 -29.77627563 1.46446609 -0.74257398 -30.57387543 2.64301634 -2.29119515 -30.91214752 4.02454853 -3.87379456 -27.38810349 0.14984374 2.05245471 -28.81155586 0.71135694 0.71851534 -29.94544601 1.64220524 -0.74679279 -30.68390656 2.86222458 -2.29944086 -30.95377731 4.26634741 -3.87901163 -27.62396431 0.21529832 2.07012987 -29.01882935 0.84265196 0.72368443 -30.10569191 1.82803357 -0.75078911 -30.78308105 3.0865829 -2.30687308 -30.98358536 4.5099144 -3.88274693 -26.28971291 0.00602272 3.29452848 -27.8563385 0.29227966 2.08754396 -29.21941185 0.98396236 0.72868663 -30.25662994 2.02150345 -0.75455326 -30.87115669 3.3155508 -2.31347322 -31.00149918 4.75466156 -3.88499188 -26.53256226 0.02407637 3.32496142 -28.08466721 0.38060233 2.10465479 -29.41282082 1.13494778 0.73350996 -30.39789772 2.2221489 -0.75807625 -30.94792175 3.54857659 -2.31922626 -26.77423859 0.05411745 3.35524726 -28.30839729 0.48005354 2.1214211 -29.59859276 1.29524434 0.73814279 -30.52915192 2.42948627 -0.7613495 -31.01319313 3.78509903 -2.32411766 -27.01416016 0.0960736 3.38531351 -28.5269928 0.59039366 2.1378026 -29.77627563 1.46446609 0.74257398 -30.65007591 2.64301634 -0.7643652 -31.06681442 4.02454853 -2.32813573 -27.25175095 0.14984374 3.41508746 -28.73992538 0.71135694 2.15375972 -29.94544601 1.64220524 0.74679279 -30.7603817 2.86222458 -0.76711607 -31.10865211 4.26634741 -2.33127117 -27.48643875 0.21529832 3.44449759 -28.94668388 0.84265196 2.16925406 -30.10569191 1.82803357 0.75078911 -30.85980225 3.0865829 -0.76959544 -31.13860893 4.5099144 -2.33351612 -26.0928154 0.00602272 4.60086727 -27.71765518 0.29227966 3.47347283 -29.14676857 0.98396236 2.18424821 -30.25662994 2.02150345 0.75455326 -30.94809723 3.3155508 -0.77179736 -31.1566124 4.75466156 -2.33486533 -26.33384323 0.02407637 4.64336729 -27.94484711 0.38060233 3.50194359 -29.33969688 1.13494778 2.19870639 -30.39789772 2.2221489 0.75807625 -31.02505493 3.54857659 -0.77371657 -26.57370949 0.05411745 4.68566227 -28.1674633 0.48005354 3.52984118 -29.52500534 1.29524434 2.21259332 -30.52915192 2.42948627 0.7613495 -31.09049034 3.78509903 -0.77534842 -26.81183624 0.0960736 4.72765017 -28.38497162 0.59039366 3.55709839 -29.70224762 1.46446609 2.22587585 -30.65007591 2.64301634 0.7643652 -31.14424324 4.02454853 -0.77668893 -27.04764748 0.14984374 4.76922989 -28.59684372 0.71135694 3.5836494 -29.87099648 1.64220524 2.23852158 -30.7603817 2.86222458 0.76711607 -31.18618584 4.26634741 -0.77773494 -27.28057671 0.21529832 4.81030178 -28.80257225 0.84265196 3.60943055 -30.03084373 1.82803357 2.25050068 -30.85980225 3.0865829 0.76959544 -31.21621895 4.5099144 -0.77848387 -25.83104515 0.00602272 5.89576721 -27.51006126 0.29227966 4.85076618 -29.00165939 0.98396236 3.63437963 -30.18140793 2.02150345 2.26178384 -30.94809723 3.3155508 0.77179736 -31.23426628 4.75466156 -0.77893394 -26.06965637 0.02407637 5.95022869 -27.73555183 0.38060233 4.89052629 -29.19362831 1.13494778 3.6584363 -30.32232285 2.2221489 2.27234387 -31.02505493 3.54857659 0.77371657 -26.30711555 0.05411745 6.00442743 -27.95650101 0.48005354 4.92948532 -29.37801552 1.29524434 3.68154287 -30.45325089 2.42948627 2.28215575 -31.09049034 3.78509903 0.77534842 -26.5428524 0.0960736 6.05823278 -28.17237854 0.59039366 4.96755075 -29.55437469 1.46446609 3.70364356 -30.57387543 2.64301634 2.29119515 -31.14424324 4.02454853 0.77668893 -26.77629852 0.14984374 6.11151552 -28.38266563 0.71135694 5.00462961 -29.72228241 1.64220524 3.72468519 -30.68390656 2.86222458 2.29944086 -31.18618584 4.26634741 0.77773494 -27.00689125 0.21529832 6.16414642 -28.58685303 0.84265196 5.04063368 -29.88133621 1.82803357 3.74461722 -30.78308105 3.0865829 2.30687308 -31.21621895 4.5099144 0.77848387 -25.50505447 0.00602272 7.17600965 -27.23407364 0.29227966 6.2159996 -28.78445053 0.98396236 5.07547522 -30.03114891 2.02150345 3.76339126 -30.87115669 3.3155508 2.31347322 -31.23426628 4.75466156 0.77893394 -25.74065399 0.02407637 7.24229717 -27.45730209 0.38060233 6.26694965 -28.97498131 1.13494778 5.10907078 -30.17136383 2.2221489 3.78096223 -30.94792175 3.54857659 2.31922626 -25.97511864 0.05411745 7.30826521 -27.67603493 0.48005354 6.3168745 -29.15798569 1.29524434 5.14133978 -30.30163956 2.42948627 3.79728794 -31.01319313 3.78509903 2.32411766 -26.20788002 0.0960736 7.37375402 -27.88974762 0.59039366 6.36565256 -29.33302498 1.46446609 5.17220354 -30.42166328 2.64301634 3.81232905 -31.06681442 4.02454853 2.32813573 -26.43837929 0.14984374 7.43860674 -28.09792328 0.71135694 6.41316748 -29.49967575 1.64220524 5.20158863 -30.531147 2.86222458 3.82604909 -31.10865211 4.26634741 2.33127117 -26.6660614 0.21529832 7.50266647 -28.30006218 0.84265196 6.45930433 -29.65753746 1.82803357 5.229424 -30.6298275 3.0865829 3.83841538 -31.13860893 4.5099144 2.33351612 -25.1156559 0.00602272 8.43841171 -26.89037895 0.29227966 7.56577921 -28.49567795 0.98396236 6.5039525 -29.80622864 2.02150345 5.25564241 -30.71746445 3.3155508 3.84939766 -31.1566124 4.75466156 2.33486533 -25.34765816 0.02407637 8.51636028 -27.11078835 0.38060233 7.62779331 -28.68429565 1.13494778 6.54700327 -29.94539261 2.2221489 5.28018045 -30.79384804 3.54857659 3.85896969 -25.57854271 0.05411745 8.59393311 -27.32676125 0.48005354 7.68855858 -28.86546516 1.29524434 6.58835411 -30.07469177 2.42948627 5.30297995 -30.85879517 3.78509903 3.86710858 -25.8077507 0.0960736 8.67094326 -27.53777695 0.59039366 7.74792862 -29.03874779 1.46446609 6.62790489 -30.19381714 2.64301634 5.32398462 -30.91214752 4.02454853 3.87379456 -26.03473091 0.14984374 8.74720383 -27.74332619 0.71135694 7.80576134 -29.20372772 1.64220524 6.66556025 -30.3024826 2.86222458 5.34314489 -30.95377731 4.26634741 3.87901163 -26.25893593 0.21529832 8.82253361 -27.94291306 0.84265196 7.86191702 -29.36000443 1.82803357 6.70122957 -30.40042305 3.0865829 5.36041451 -30.98358536 4.5099144 3.88274693 -24.66381454 0.00602272 9.67983437 -26.47982788 0.29227966 8.8967495 -28.13605881 0.98396236 7.91625977 -29.50720406 2.02150345 6.73482704 -30.48740387 3.3155508 5.3757515 -31.00149918 4.75466156 3.88499188 -24.89164352 0.02407637 9.76924992 -26.69687271 0.38060233 8.9696722 -28.32229805 1.13494778 7.96865892 -29.64497185 2.2221489 6.76627159 -30.56321526 3.54857659 5.38911963 -25.11837387 0.05411745 9.85823536 -26.90954781 0.48005354 9.0411272 -28.50118065 1.29524434 8.01898861 -29.77297592 2.42948627 6.7954874 -30.6276741 3.78509903 5.40048552 -25.34345818 0.0960736 9.94657421 -27.117342 0.59039366 9.11094284 -28.67227745 1.46446609 8.06712818 -29.89090538 2.64301634 6.82240438 -30.68062782 4.02454853 5.40982246 -25.56635475 0.14984374 10.03405476 -27.31975365 0.71135694 9.1789484 -28.83517456 1.64220524 8.11295986 -29.99847984 2.86222458 6.84695721 -30.72194672 4.26634741 5.41710806 -25.78652763 0.21529832 10.12046623 -27.51629448 0.84265196 9.24498272 -28.98947906 1.82803357 8.15637493 -30.095438 3.0865829 6.86908722 -30.7515316 4.5099144 5.42232466 -24.15065575 0.00602272 10.89719105 -26.00344467 0.29227966 10.20560074 -27.70649147 0.98396236 9.30888557 -29.13482094 2.02150345 8.19726753 -30.18154526 3.3155508 6.88874102 -30.7693119 4.75466156 5.42545986 -24.37374496 0.02407637 10.99785233 -26.21658516 0.38060233 10.28925133 -27.88988686 1.13494778 9.37050343 -29.27085114 2.2221489 8.23554039 -30.25659752 3.54857659 6.90587091 -24.59575653 0.05411745 11.09802818 -26.42543411 0.48005354 10.37121868 -28.06603813 1.29524434 9.4296875 -29.39723778 2.42948627 8.27110004 -30.32040977 3.78509903 6.92043591 -24.81615829 0.0960736 11.19747734 -26.6294899 0.59039366 10.45130444 -28.23452187 1.46446609 9.48629475 -29.5136795 2.64301634 8.30386257 -30.37283325 4.02454853 6.9324007 -25.03441811 0.14984374 11.29595947 -26.82826042 0.71135694 10.52931595 -28.39493179 1.64220524 9.54018974 -29.61989594 2.86222458 8.33374691 -30.41373634 4.26634741 6.9417367 -25.25000954 0.21529832 11.39323807 -27.02126503 0.84265196 10.60506535 -28.54688072 1.82803357 9.59124184 -29.71563148 3.0865829 8.36068249 -30.44302368 4.5099144 6.94842148 -23.57745552 0.00602272 12.08745575 -25.46241379 0.29227966 11.48907852 -27.20804024 0.98396236 10.67836857 -28.69000435 2.02150345 9.63932896 -29.80065155 3.3155508 8.3846035 -30.46062469 4.75466156 6.95243883 -23.79524803 0.02407637 12.19911194 -25.67111969 0.38060233 11.58325005 -27.38813591 1.13494778 10.74905109 -28.82395744 2.2221489 9.68433475 -29.87475586 3.54857659 8.40545273 -24.0119915 0.05411745 12.31023026 -25.8756237 0.48005354 11.67552567 -27.56111908 1.29524434 10.81694221 -28.94841576 2.42948627 9.72615051 -29.93776512 3.78509903 8.42318058 -24.22716141 0.0960736 12.42054081 -26.07543373 0.59039366 11.76568317 -27.72657204 1.46446609 10.8818779 -29.06307983 2.64301634 9.76467514 -29.98952484 4.02454853 8.43774414 -24.44024086 0.14984374 12.52978039 -26.27006721 0.71135694 11.85350513 -27.88409615 1.64220524 10.94370079 -29.16767311 2.86222458 9.79981709 -30.02991295 4.26634741 8.44910717 -24.65071487 0.21529832 12.63768482 -26.45905685 0.84265196 11.93878078 -28.03331184 1.82803357 11.00226402 -29.26194572 3.0865829 9.83149147 -30.05883217 4.5099144 8.45724392 -22.94563675 0.00602272 13.24766922 -24.858078 0.29227966 12.74399376 -26.64194489 0.98396236 12.02130413 -28.17386055 2.02150345 11.0574255 -29.34566879 3.3155508 9.85962105 -30.07621002 4.75466156 8.46213341 -23.15759277 0.02407637 13.3700428 -25.06183052 0.38060233 12.84845066 -26.81829453 1.13494778 12.1008749 -28.30540276 2.2221489 11.1090517 -29.41864204 3.54857659 9.88413811 -23.36852837 0.05411745 13.49182606 -25.26148033 0.48005354 12.95080566 -26.98767853 1.29524434 12.17730427 -28.42762184 2.42948627 11.15701866 -29.4806881 3.78509903 9.90498447 -23.57793236 0.0960736 13.61272621 -25.45654869 0.59039366 13.05081081 -27.14968872 1.46446609 12.25040627 -28.54022217 2.64301634 11.20121193 -29.53165817 4.02454853 9.9221096 -23.78530121 0.14984374 13.73245049 -25.64656258 0.71135694 13.14822578 -27.303936 1.64220524 12.32000446 -28.6429348 2.86222458 11.24152374 -29.57143021 4.26634741 9.93547249 -23.9901371 0.21529832 13.85071182 -25.83106613 0.84265196 13.24281502 -27.45004654 1.82803357 12.38593292 -28.73551178 3.0865829 11.27785778 -29.59990692 4.5099144 9.94503975 -22.25677109 0.00602272 14.37494659 -24.19194221 0.29227966 13.96722507 -26.00961494 0.98396236 13.33435154 -27.58767128 2.02150345 12.44803143 -28.81772995 3.3155508 11.31012535 -29.61701965 4.75466156 9.95078945 -22.4623661 0.02407637 14.50773335 -24.39023399 0.38060233 14.08170891 -26.18177795 1.13494778 13.42261505 -27.71647644 2.2221489 12.50615025 -28.88938904 3.54857659 11.33825016 -22.66696739 0.05411745 14.63988018 -24.5845356 0.48005354 14.19388771 -26.34714127 1.29524434 13.50739193 -27.83615112 2.42948627 12.56015015 -28.95031929 3.78509903 11.36216259 -22.87008476 0.0960736 14.77106667 -24.77437401 0.59039366 14.30349159 -26.50530624 1.46446609 13.58847809 -27.94641113 2.64301634 12.60990047 -29.00037193 4.02454853 11.38180733 -23.07122803 0.14984374 14.90097904 -24.95929718 0.71135694 14.41025639 -26.65589333 1.64220524 13.66567898 -28.04698563 2.86222458 12.65528202 -29.03942871 4.26634741 11.39713573 -23.26991463 0.21529832 15.02930355 -25.13885689 0.84265196 14.51392555 -26.7985363 1.82803357 13.73880768 -28.13763618 3.0865829 12.69618511 -29.06739235 4.5099144 11.40811062 -21.51257133 0.00602272 15.46648598 -23.465662 0.29227966 15.1557312 -25.31262016 0.98396236 14.61424828 -26.93289375 2.02150345 13.80768871 -28.21814346 3.3155508 12.73251152 -29.084198 4.75466156 11.41470623 -21.71129227 0.02407637 15.60935593 -23.65800095 0.38060233 15.27995682 -25.4801712 1.13494778 14.71098328 -27.05864143 2.2221489 13.87215614 -28.28831291 3.54857659 12.76417255 -21.9090538 0.05411745 15.75153637 -23.84646797 0.48005354 15.4016819 -25.64110184 1.29524434 14.80389786 -27.17547798 2.42948627 13.93205452 -28.34797478 3.78509903 12.79109287 -22.1053791 0.0960736 15.89268494 -24.03060722 0.59039366 15.52061176 -25.79502869 1.46446609 14.89276695 -27.2831192 2.64301634 13.98723888 -28.39698601 4.02454853 12.81320858 -22.29979706 0.14984374 16.03246117 -24.2099781 0.71135694 15.63646221 -25.94157982 1.64220524 14.97737789 -27.3813076 2.86222458 14.03757763 -28.43523026 4.26634741 12.83046436 -22.49183846 0.21529832 16.17053032 -24.38414764 0.84265196 15.74895191 -26.08040047 1.82803357 15.05752659 -27.46980667 3.0865829 14.08294773 -28.46261215 4.5099144 12.84281921 -20.71488953 0.00602272 16.51957321 -22.68104172 0.29227966 16.30655861 -24.55269432 0.98396236 15.85781193 -26.21115685 2.02150345 15.13301849 -27.54840279 3.3155508 14.12324238 -28.47906876 4.75466156 12.85024452 -20.90624046 0.02407637 16.67217064 -22.86694908 0.38060233 16.44021606 -24.71521378 1.13494778 15.96277809 -26.33353615 2.2221489 15.20367432 -27.61690521 3.54857659 14.15836143 -21.09666824 0.05411745 16.82403183 -23.04911423 0.48005354 16.57118416 -24.871315 1.29524434 16.06359863 -26.44724083 2.42948627 15.26932144 -27.67515182 3.78509903 14.18822289 -21.2857151 0.0960736 16.97479057 -23.22709656 0.59039366 16.69914627 -25.02062035 1.46446609 16.16003036 -26.55199814 2.64301634 15.32980347 -27.72300148 4.02454853 14.2127533 -21.47292328 0.14984374 17.12408638 -23.40047073 0.71135694 16.82379341 -25.16277122 1.64220524 16.25184059 -26.6475544 2.86222458 15.38497353 -27.76033592 4.26634741 14.23189449 -21.65784454 0.21529832 17.27155495 -23.56881523 0.84265196 16.94482422 -25.29742432 1.82803357 16.33880997 -26.73368263 3.0865829 15.43469906 -27.78706932 4.5099144 14.24559879 -19.8657074 0.00602272 17.53158951 -21.84003258 0.29227966 17.41684341 -23.7317276 0.98396236 17.06195068 -25.42425537 2.02150345 16.42072487 -26.81017303 3.3155508 15.4788599 -27.80313492 4.75466156 14.25383568 -20.04921341 0.02407637 17.69353676 -22.01904678 0.38060233 17.55960274 -23.88881302 1.13494778 17.1748867 -25.54296112 2.2221489 16.49739265 -26.87684059 3.54857659 15.51735115 -20.23183441 0.05411745 17.85470009 -22.1944561 0.48005354 17.69948769 -24.03969383 1.29524434 17.28336334 -25.65325165 2.42948627 16.5686264 -26.93352509 3.78509903 15.55007839 -20.41313171 0.0960736 18.01469612 -22.36584091 0.59039366 17.83616257 -24.18400764 1.46446609 17.38711739 -25.75486374 2.64301634 16.63425446 -26.98009109 4.02454853 15.57696342 -20.59266663 0.14984374 18.17313576 -22.53278542 0.71135694 17.9692955 -24.32140541 1.64220524 17.48589897 -25.84755325 2.86222458 16.69412041 -27.01642609 4.26634741 15.5979414 -20.77000618 0.21529832 18.32963943 -22.69488716 0.84265196 18.09856987 -24.45155525 1.82803357 17.57947159 -25.93109512 3.0865829 16.74807549 -27.04244232 4.5099144 15.61296177 -18.96713448 0.00602272 18.50002098 -20.94472504 0.29227966 18.4838295 -22.85175896 0.98396236 18.22366905 -24.57414627 2.02150345 17.66760826 -26.00528717 3.3155508 16.79599571 -27.05807877 4.75466156 15.6219883 -19.14234161 0.02407637 18.67091179 -21.11640167 0.38060233 18.63533401 -23.00301933 1.13494778 18.3442955 -24.68888092 2.2221489 17.75009727 -26.06995392 3.54857659 16.83776093 -19.31670189 0.05411745 18.84097862 -21.28462029 0.48005354 18.78378868 -23.14830589 1.29524434 18.46015739 -24.79548454 2.42948627 17.82674026 -26.12493706 3.78509903 16.87327385 -19.48979759 0.0960736 19.00981331 -21.44897842 0.59039366 18.92883682 -23.28726768 1.46446609 18.57097626 -24.89369965 2.64301634 17.89735031 -26.17010498 4.02454853 16.90244675 -19.66121292 0.14984374 19.17700577 -21.60907936 0.71135694 19.07012558 -23.41957092 1.64220524 18.67648506 -24.98328972 2.86222458 17.96176147 -26.20535088 4.26634741 16.92520905 -19.83053017 0.21529832 19.34215355 -21.76453781 0.84265196 19.20731735 -23.54489517 1.82803357 18.77642822 -25.06403732 3.0865829 18.01981544 -26.2305851 4.5099144 16.94150734 -18.02140617 0.00602272 19.42245674 -19.99734688 0.29227966 19.50486183 -21.91497803 0.98396236 19.34008217 -23.66294098 2.02150345 18.87056541 -25.13574982 3.3155508 18.07137299 -26.24575043 4.75466156 16.95130348 -18.18787766 0.02407637 19.60186958 -20.16125679 0.38060233 19.66473389 -22.06003761 1.13494778 19.46809769 -23.77342224 2.2221489 18.95867157 -25.19825363 3.54857659 18.11631012 -18.35354424 0.05411745 19.78041649 -20.32186699 0.48005354 19.82139015 -22.19936752 1.29524434 19.59105873 -23.87607193 2.42948627 19.04053307 -25.25139809 3.78509903 18.15452003 -18.51800919 0.0960736 19.9576683 -20.47879219 0.59039366 19.97444916 -22.33263397 1.46446609 19.70866585 -23.9706459 2.64301634 19.11595154 -25.2950573 4.02454853 18.18590736 -18.68087769 0.14984374 20.13319778 -20.63165092 0.71135694 20.12354469 -22.45951271 1.64220524 19.82063675 -24.05691338 2.86222458 19.1847477 -25.32912254 4.26634741 18.21039963 -18.84175301 0.21529832 20.30657959 -20.78007698 0.84265196 20.26831436 -22.57970047 1.82803357 19.92670441 -24.13466644 3.0865829 19.24675369 -25.35351372 4.5099144 18.22793579 -17.03087616 0.00602272 20.29660606 -19.00025177 0.29227966 20.47739983 -20.92371178 0.98396236 20.40841293 -22.69290543 2.02150345 20.02660942 -24.20372009 3.3155508 19.30182266 -25.36817169 4.75466156 18.23847389 -17.18819618 0.02407637 20.48409462 -19.15598869 0.38060233 20.64524651 -21.06221008 1.13494778 20.5435009 -22.79885864 2.2221489 20.12011147 -24.26390648 3.54857659 19.34981918 -17.34475708 0.05411745 20.67067719 -19.30859184 0.48005354 20.80971146 -21.19523811 1.29524434 20.67325211 -22.89730072 2.42948627 20.20698738 -24.31508064 3.78509903 19.39063072 -17.50018311 0.0960736 20.85590553 -19.45769119 0.59039366 20.97040367 -21.32247543 1.46446609 20.79735565 -22.98799706 2.64301634 20.28702736 -24.35712051 4.02454853 19.42415619 -17.65409851 0.14984374 21.03933525 -19.60292816 0.71135694 21.12693214 -21.44361687 1.64220524 20.91551399 -23.0707283 2.86222458 20.36003685 -24.3899231 4.26634741 19.45031548 -17.80613136 0.21529832 21.22052193 -19.7439537 0.84265196 21.27892113 -21.55836678 1.82803357 21.02743912 -23.14529419 3.0865829 20.42584419 -24.41341019 4.5099144 19.46904564 -15.99800205 0.00602272 21.12029457 -17.95591736 0.29227966 21.39902878 -19.88042641 0.98396236 21.42600441 -21.66645241 2.02150345 21.13286209 -23.21151733 3.3155508 20.48428535 -24.42752457 4.75466156 19.4803009 -16.14578247 0.02407637 21.31539154 -18.10309601 0.38060233 21.57442856 -20.01202011 1.13494778 21.56782722 -21.76761246 2.2221489 21.23152924 -23.26923561 3.54857659 20.53522301 -16.29284859 0.05411745 21.50954628 -18.24731064 0.48005354 21.74629784 -20.13841438 1.29524434 21.70405006 -21.86160278 2.42948627 21.32320404 -23.31831169 3.78509903 20.57853317 -16.4388485 0.0960736 21.7022934 -18.38821411 0.59039366 21.91422081 -20.25930786 1.46446609 21.83434105 -21.94819641 2.64301634 21.40766525 -23.35862923 4.02454853 20.61411095 -16.58342743 0.14984374 21.89316559 -18.52546883 0.71135694 22.07779503 -20.37440872 1.64220524 21.95838928 -22.02718544 2.86222458 21.48470879 -23.39008713 4.26634741 20.64187431 -16.72624207 0.21529832 22.08170509 -18.6587429 0.84265196 22.23662376 -20.48343849 1.82803357 22.07589531 -22.09837914 3.0865829 21.55414963 -23.41261101 4.5099144 20.66175079 -14.92535591 0.00602272 21.89147568 -16.86694336 0.29227966 22.26745796 -18.78771591 0.98396236 22.39032745 -20.58613396 2.02150345 22.18657494 -22.16160583 3.3155508 21.61581993 -23.42614746 4.75466156 20.67369652 -15.0632267 0.02407637 22.09369469 -17.00519562 0.38060233 22.44997597 -18.91207504 1.13494778 22.53853416 -20.68224907 2.2221489 22.29016304 -22.21671486 3.54857659 21.66957092 -15.20043278 0.05411745 22.29493904 -17.14066315 0.48005354 22.62881851 -19.03152275 1.29524434 22.68088722 -20.77155304 2.42948627 22.38640976 -22.26357079 3.78509903 21.71527481 -15.33664322 0.0960736 22.49472427 -17.27302361 0.59039366 22.80355644 -19.14577293 1.46446609 22.8170433 -20.85382843 2.64301634 22.4750824 -22.30206299 4.02454853 21.75281906 -15.47152996 0.14984374 22.69256592 -17.40195274 0.71135694 22.97376823 -19.25454521 1.64220524 22.94667435 -20.92887878 2.86222458 22.55596733 -22.33209801 4.26634741 21.78211403 -15.6047678 0.21529832 22.88799095 -17.52714539 0.84265196 23.13904381 -19.35758209 1.82803357 23.06946754 -20.9965229 3.0865829 22.62887001 -22.35360336 4.5099144 21.80308914 -13.8156023 0.00602272 22.60823059 -15.73603535 0.29227966 23.08052444 -17.64829445 0.98396236 23.29898453 -19.45463371 2.02150345 23.18512917 -21.05659676 3.3155508 22.69361496 -22.36652756 4.75466156 21.81569481 -13.94322205 0.02407637 22.81707191 -15.86501789 0.38060233 23.26970673 -17.76511383 1.13494778 23.45320511 -19.54546738 2.2221489 23.29338074 -21.10895729 3.54857659 22.75004578 -14.07022667 0.05411745 23.02490425 -15.99140358 0.48005354 23.45508003 -17.87731743 1.29524434 23.60133553 -19.62986183 2.42948627 23.39395714 -21.15347862 3.78509903 22.79802704 -14.19630909 0.0960736 23.23122978 -16.11488724 0.59039366 23.63619995 -17.98463631 1.46446609 23.7430172 -19.7076149 2.64301634 23.48662186 -21.19005203 4.02454853 22.83744431 -14.32116604 0.14984374 23.43554878 -16.23517418 0.71135694 23.81262589 -18.08681297 1.64220524 23.87790871 -19.77853966 2.86222458 23.57114601 -21.21858978 4.26634741 22.8682003 -14.44449711 0.21529832 23.63737106 -16.35197067 0.84265196 23.98393631 -18.18360138 1.82803357 24.00568771 -19.84246635 3.0865829 23.64733124 -21.2390213 4.5099144 22.89022255 -12.67150116 0.00602272 23.26877785 -14.56600571 0.29227966 23.83621025 -16.46499825 0.98396236 24.14971733 -18.27476692 2.02150345 24.12604332 -19.89923859 3.3155508 23.71498871 -21.25130081 4.75466156 22.90345573 -12.78855228 0.02407637 23.48372078 -14.68539715 0.38060233 24.0315876 -16.57398415 1.13494778 24.30957031 -18.36009026 2.2221489 24.23868561 -19.94872093 3.54857659 23.77396011 -12.90503883 0.05411745 23.69762611 -14.80238533 0.48005354 24.22303009 -16.67866516 1.29524434 24.46310806 -18.43936729 2.42948627 24.34334564 -19.99079514 3.78509903 23.8241024 -13.02068043 0.0960736 23.90997887 -14.91668797 0.59039366 24.41007805 -16.77878952 1.46446609 24.60996246 -18.5124054 2.64301634 24.43976974 -20.0253582 4.02454853 23.8652916 -13.13519859 0.14984374 24.12026787 -15.0280304 0.71135694 24.59228134 -16.87411499 1.64220524 24.74978065 -18.57902908 2.86222458 24.52772522 -20.0523262 4.26634741 23.89743233 -13.24831581 0.21529832 24.32798767 -15.13614368 0.84265196 24.76920128 -16.96441269 1.82803357 24.88222313 -18.63907814 3.0865829 24.60700035 -20.0716362 4.5099144 23.92044449 -11.49589634 0.00602272 23.87147522 -13.35976124 0.29227966 24.53263664 -15.24076748 0.98396236 24.94040871 -17.04946518 2.02150345 25.00697327 -18.69240761 3.3155508 24.6774044 -20.08324242 4.75466156 23.93427467 -11.60208797 0.02407637 24.0919838 -13.46926594 0.38060233 24.73372078 -15.34164906 1.13494778 25.10549545 -17.12906837 2.2221489 25.12372971 -18.73888969 3.54857659 24.73876953 -11.70776844 0.05411745 24.31142998 -13.5765667 0.48005354 24.93075752 -15.43854618 1.29524434 25.26406097 -17.20302963 2.42948627 25.23221016 -18.77841187 3.78509903 24.79094505 -11.8126812 0.0960736 24.52928352 -13.68140411 0.59039366 25.12327003 -15.53122616 1.46446609 25.4157238 -17.27117157 2.64301634 25.33215523 -18.81087875 4.02454853 24.83380699 -11.91657352 0.14984374 24.74501991 -13.78352547 0.71135694 25.31079674 -15.61946392 1.64220524 25.56011963 -17.33332825 2.86222458 25.42332268 -18.83621216 4.26634741 24.86725235 -12.01919746 0.21529832 24.95812035 -13.88268566 0.84265196 25.49288559 -15.70304871 1.82803357 25.69689941 -17.38935089 3.0865829 25.50549316 -18.85435104 4.5099144 24.89119911 -10.29171181 0.00602272 24.41482353 -12.12030315 0.29227966 25.16806984 -13.97864437 0.98396236 25.66909599 -15.78177738 2.02150345 25.82573318 -17.43910408 3.3155508 25.57846832 -18.86525154 4.75466156 24.90559006 -10.38677979 0.02407637 24.64035225 -12.21964836 0.38060233 25.37436295 -14.07117271 1.13494778 25.83900642 -15.85546207 2.2221489 25.94631195 -17.48246956 3.54857659 25.64207458 -10.48138905 0.05411745 24.86479378 -12.31699371 0.48005354 25.57650185 -14.16004562 1.29524434 26.0022049 -15.92392349 2.42948627 26.05834579 -17.51934242 3.78509903 25.69615555 -10.57531261 0.0960736 25.08760643 -12.41210461 0.59039366 25.77400208 -14.24505043 1.46446609 26.15829849 -15.9869976 2.64301634 26.16156197 -17.54963112 4.02454853 25.74058151 -10.66832352 0.14984374 25.30825233 -12.50475216 0.71135694 25.96638489 -14.32598114 1.64220524 26.30691338 -16.04453278 2.86222458 26.25571442 -17.57326698 4.26634741 25.77524757 -10.76019669 0.21529832 25.52620316 -12.59471226 0.84265196 26.15319061 -14.4026432 1.82803357 26.44768906 -16.09638977 3.0865829 26.34057617 -17.59018898 4.5099144 25.80006981 -9.06193924 0.00602272 24.89747429 -10.85071182 0.29227966 25.74093056 -12.68176937 0.98396236 26.3339653 -14.47485256 2.02150345 26.58028793 -16.14244461 3.3155508 26.41594124 -17.60035896 4.75466156 25.81498528 -9.145648 0.02407637 25.12746048 -10.93965149 0.38060233 25.95191956 -12.76571274 1.13494778 26.50827599 -14.54243565 2.2221489 26.70438957 -16.18258667 3.54857659 26.48162842 -9.22895241 0.05411745 25.3563385 -11.02680016 0.48005354 26.15865898 -12.84634113 1.29524434 26.67570114 -14.60522747 2.42948627 26.81969452 -16.21671677 3.78509903 26.5374794 -9.31165314 0.0960736 25.58355522 -11.11194801 0.59039366 26.36065483 -12.92345905 1.46446609 26.83583832 -14.66307831 2.64301634 26.92592812 -16.24475479 4.02454853 26.58336067 -9.39354897 0.14984374 25.80856514 -11.19489002 0.71135694 26.55741692 -12.99688148 1.64220524 26.98830223 -14.71584892 2.86222458 27.02283096 -16.26663208 4.26634741 26.61916161 -9.47444439 0.21529832 26.03082275 -11.27542782 0.84265196 26.74847412 -13.06643105 1.82803357 27.13272476 -14.76341248 3.0865829 27.11017036 -16.28229523 4.5099144 26.64479637 -7.80963802 0.00602272 25.31822395 -9.55414391 0.29227966 26.24979591 -11.35336494 0.98396236 26.93336487 -13.1319418 2.02150345 27.26875687 -14.80565262 3.3155508 27.18773842 -16.2917099 4.75466156 26.66020012 -7.88177872 0.02407637 25.55209923 -9.63245583 0.38060233 26.46495438 -11.42851543 1.13494778 27.11164284 -13.19325352 2.2221489 27.3960743 -14.84246922 3.54857659 27.25534439 -7.95357132 0.05411745 25.78484535 -9.70919132 0.48005354 26.67578316 -11.50069809 1.29524434 27.28287888 -13.2502203 2.42948627 27.51436615 -14.87377357 3.78509903 27.31282806 -8.02484226 0.0960736 26.01590157 -9.78416443 0.59039366 26.88177109 -11.56973743 1.46446609 27.446661 -13.30270481 2.64301634 27.62335014 -14.8994894 4.02454853 27.3600502 -8.09542179 0.14984374 26.24471283 -9.85719585 0.71135694 27.08242416 -11.63546944 1.64220524 27.60259438 -13.35057926 2.86222458 27.72276306 -14.91955471 4.26634741 27.39689636 -8.16513824 0.21529832 26.47072601 -9.92811012 0.84265196 27.27725792 -11.69773388 1.82803357 27.75030518 -13.39372921 3.0865829 27.81236649 -14.93392181 4.5099144 27.42328072 -6.53792095 0.00602272 25.67603111 -8.23382378 0.29227966 26.69339943 -9.99673462 0.98396236 27.46580315 -11.75638199 2.02150345 27.88943291 -13.43205166 3.3155508 27.89194298 -14.94255638 4.75466156 27.4391346 -6.59831381 0.02407637 25.91320992 -8.3013134 0.38060233 26.91219521 -10.06290531 1.13494778 27.64760399 -11.81127167 2.2221489 28.0196476 -13.46545219 3.54857659 27.9612999 -6.65841579 0.05411745 26.14924431 -8.36744404 0.48005354 27.12658691 -10.12646198 1.29524434 27.82222557 -11.86227131 2.42948627 28.14063263 -13.49385166 3.78509903 28.02027321 -6.71808147 0.0960736 26.3835659 -8.43205643 0.59039366 27.33605576 -10.187253 1.46446609 27.98924637 -11.90925789 2.64301634 28.25209808 -13.51718235 4.02454853 28.06871796 -6.77716732 0.14984374 26.61561203 -8.49499512 0.71135694 27.5401001 -10.24512959 1.64220524 28.14826202 -11.95211792 2.86222458 28.35377312 -13.53538609 4.26634741 28.1065197 -6.83553123 0.21529832 26.84482002 -8.55610943 0.84265196 27.73822594 -10.29995441 1.82803357 28.29889297 -11.99074841 3.0865829 28.4454155 -13.54842091 4.5099144 28.13358498 -5.24994898 0.00602272 25.97000122 -6.89303207 0.29227966 27.07064056 -8.61525059 0.98396236 27.92995644 -10.35159492 2.02150345 28.44077301 -12.02505589 3.3155508 28.52680206 -13.55625343 4.75466156 28.14985085 -5.29844475 0.02407637 26.20989609 -6.94953156 0.38060233 27.29252815 -8.6722765 1.13494778 28.11483192 -10.39992523 2.2221489 28.57356071 -12.05495834 3.54857659 28.59774017 -5.34670687 0.05411745 26.44863319 -7.00489378 0.48005354 27.50994873 -8.72705078 1.29524434 28.29240417 -10.44483089 2.42948627 28.69693756 -12.0803833 3.78509903 28.65805435 -5.39461803 0.0960736 26.68563843 -7.05898476 0.59039366 27.72237778 -8.77943993 1.46446609 28.46224594 -10.48620319 2.64301634 28.810606 -12.10126877 4.02454853 28.70760155 -5.44206429 0.14984374 26.92033958 -7.11167479 0.71135694 27.92930603 -8.829319 1.64220524 28.62394905 -10.52394104 2.86222458 28.91429138 -12.11756611 4.26634741 28.7462635 -5.48893023 0.21529832 27.152174 -7.16283703 0.84265196 28.13023186 -8.87656784 1.82803357 28.7771244 -10.55795574 3.0865829 29.00774574 -12.12923527 4.5099144 28.77394676 -3.94892526 0.00602272 26.19940758 -5.53510332 0.29227966 27.38057899 -7.21234751 0.98396236 28.3246727 -8.92107105 2.02150345 28.92140198 -10.58816433 3.3155508 29.09074211 -12.13624763 4.75466156 28.79058266 -3.98540306 0.02407637 26.44142151 -5.58047247 0.38060233 27.60500717 -7.26008797 1.13494778 28.51215935 -8.96272278 2.2221489 29.05643463 -10.61449337 3.54857659 29.16308022 -4.02170467 0.05411745 26.68226814 -5.624928 0.48005354 27.82491684 -7.30594254 1.29524434 28.69224167 -9.00142288 2.42948627 29.18189621 -10.63687992 3.78509903 29.22458649 -4.05774307 0.0960736 26.92136574 -5.66836357 0.59039366 28.03977776 -7.34980106 1.46446609 28.86448479 -9.0370779 2.64301634 29.29748535 -10.65527058 4.02454853 29.27511406 -4.093431 0.14984374 27.15814018 -5.71067381 0.71135694 28.24907494 -7.39155769 1.64220524 29.0284729 -9.06960106 2.86222458 29.40292358 -10.66962051 4.26634741 29.31454086 -4.12868309 0.21529832 27.39202118 -5.75175667 0.84265196 28.45230103 -7.43111181 1.82803357 29.1838131 -9.0989151 3.0865829 29.49795723 -10.67989445 4.5099144 29.34276962 -2.6380837 0.00602272 26.36367798 -4.16341352 0.29227966 27.62244415 -5.79151392 0.98396236 28.64896774 -7.46836853 2.02150345 29.33012962 -9.1249485 3.3155508 29.5823555 -10.68606949 4.75466156 29.35973549 -2.6624527 0.02407637 26.60720825 -4.19753933 0.38060233 27.84885597 -5.82984924 1.13494778 28.83860207 -7.5032382 2.2221489 29.46706963 -9.14763927 3.54857659 29.65591621 -2.68670416 0.05411745 26.8495636 -4.23097849 0.48005354 28.07070732 -5.86667013 1.29524434 29.02074623 -7.53563595 2.42948627 29.59430504 -9.16693211 3.78509903 29.7184639 -2.71077967 0.0960736 27.09016228 -4.26364946 0.59039366 28.28746796 -5.90188885 1.46446609 29.19496155 -7.56548452 2.64301634 29.71152878 -9.18278122 4.02454853 29.76984406 -2.73462105 0.14984374 27.32842255 -4.29547453 0.71135694 28.49861145 -5.93541908 1.64220524 29.36082649 -7.59271193 2.86222458 29.81845665 -9.19514751 4.26634741 29.80993652 -2.75817108 0.21529832 27.56376839 -4.32637691 0.84265196 28.70363426 -5.96718168 1.82803357 29.51794624 -7.61725235 3.0865829 29.91483116 -9.20400238 4.5099144 29.83864403 -1.3206836 0.00602272 26.46240234 -2.78137302 0.29227966 27.79563713 -4.35628128 0.98396236 28.90203857 -5.99709845 2.02150345 29.66593742 -7.63904667 3.3155508 30.00042343 -9.20932388 4.75466156 29.85589409 -1.33288324 0.02407637 26.70684624 -2.80417085 0.38060233 28.02346611 -4.38511658 1.13494778 29.09334755 -6.0250988 2.2221489 29.80444527 -7.65804243 3.54857659 30.07502365 -1.34502411 0.05411745 26.95010948 -2.82650971 0.48005354 28.24670982 -4.41281271 1.29524434 29.27709961 -6.05111456 2.42948627 29.93313789 -7.67419386 3.78509903 30.13845444 -1.35707676 0.0960736 27.19160843 -2.84833574 0.59039366 28.46482849 -4.4393034 1.46446609 29.45285416 -6.07508278 2.64301634 30.0517025 -7.68746185 4.02454853 30.1905632 -1.36901236 0.14984374 27.43075943 -2.86959648 0.71135694 28.67729759 -4.46452475 1.64220524 29.62018585 -6.09694624 2.86222458 30.15985489 -7.69781494 4.26634741 30.23122215 -1.38080204 0.21529832 27.66698837 -2.89024067 0.84265196 28.88360596 -4.48841572 1.82803357 29.77869225 -6.11665201 3.0865829 30.25733376 -7.70522785 4.5099144 30.26033401 -1.39241731 0.29227966 27.89972496 -2.91021848 0.98396236 29.08325386 -4.51091862 2.02150345 29.92799187 -6.13415289 3.3155508 30.3439064 -7.70968246 4.75466156 30.27782822 -1.40383053 0.38060233 28.12840843 -2.92948174 1.13494778 29.27576256 -4.53198004 2.2221489 30.06772232 -6.14940643 3.54857659 30.41936111 -1.41501379 0.48005354 28.35248756 -2.94798446 1.29524434 29.46066666 -4.55154848 2.42948627 30.19755173 -6.16237593 3.78509903 30.48351669 -1.42594039 0.59039366 28.57142258 -2.96568155 1.46446609 29.63752365 -4.56957722 2.64301634 30.31716347 -6.17303038 4.02454853 30.53622246 -1.436584 0.71135694 28.78468704 -2.98253059 1.64220524 29.80590439 -4.58602238 2.86222458 30.42627144 -6.18134403 4.26634741 30.57734489 -1.44691896 0.84265196 28.99176788 -2.99849081 1.82803357 29.96540451 -4.60084486 3.0865829 30.52461243 -6.18729639 4.5099144 30.60679054 -1.45692027 0.98396236 29.19216347 -3.01352429 2.02150345 30.11563873 -4.6140089 3.3155508 30.61194801 -6.19087362 4.75466156 30.62448692 -1.46656394 1.13494778 29.38539314 -3.02759409 2.2221489 30.25624657 -4.62548208 3.54857659 30.6880703 -1.47582674 1.29524434 29.57098961 -3.04066682 2.42948627 30.38689041 -4.63523769 3.78509903 30.75279236 -1.48468637 1.46446609 29.74850845 -3.05271101 2.64301634 30.50725174 -4.6432519 4.02454853 30.80596352 -1.49312127 1.64220524 29.91751862 -3.06369734 2.86222458 30.61704445 -4.64950514 4.26634741 30.84745026 -1.50111151 1.82803357 30.07761765 -3.07359934 3.0865829 30.71600151 -4.65398264 4.5099144 30.8771553 -1.50863743 2.02150345 30.22841454 -3.08239365 3.3155508 30.80388451 -4.65667295 4.75466156 30.89500809 -1.51568115 2.2221489 30.3695488 -3.09005833 3.54857659 30.88048363 -1.52222574 2.42948627 30.50068092 -3.0965755 3.78509903 30.94561195 -1.52825522 2.64301634 30.62149429 -3.10192943 4.02454853 30.99911499 -1.53375518 2.86222458 30.73169708 -3.10610676 4.26634741 31.04086304 -1.5387125 3.0865829 30.83102417 -3.10909796 4.5099144 31.070755 -1.54311502 3.3155508 30.91923714 -3.11089563 4.75466156 31.08871841 -1.54695225 3.54857659 30.99612236 -1.55021489 3.78509903 31.06149673 -1.55289507 4.02454853 31.11520004 -1.55498636 4.26634741 31.15710449 -1.55648386 4.5099144 31.18710709 -1.55738378 4.75466156 31.20513916 -0.72893602 111.54906464 -14.60561657 -0.72875607 111.59801483 -14.60201073 -0.72845656 111.64672852 -14.59601021 -0.72803831 111.69509125 -14.58762932 -0.72750229 111.74298096 -14.57688808 -0.72684973 111.7902832 -14.56381416 -0.72608227 111.83689117 -14.54843712 -0.72520179 111.8826828 -14.53079414 -0.72421032 111.9275589 -14.51092815 -0.72311032 111.9713974 -14.48888779 -0.72190446 112.01409912 -14.46472549 -0.72059554 112.05557251 -14.43849945 -0.71918678 112.0956955 -14.4102726 -0.71768159 112.13439178 -14.38011265 -0.71608359 112.17156219 -14.34809303 -1.45605981 111.54906464 -14.55112648 -0.71439654 112.20710754 -14.314291 -1.45570028 111.59801483 -14.54753399 -0.71262467 112.24095154 -14.27878761 -1.45510209 111.64672852 -14.5415554 -0.7107721 112.27301025 -14.24166775 -1.45426655 111.69509125 -14.53320599 -0.70884335 112.3032074 -14.203022 -1.45319581 111.74298096 -14.52250481 -0.70684308 112.33146667 -14.16294289 -1.45189238 111.7902832 -14.50947952 -0.70477611 112.35772705 -14.12152672 -1.45035946 111.83689117 -14.4941597 -0.70264739 112.38191986 -14.07887363 -1.44860065 111.8826828 -14.47658253 -0.70046204 112.4039917 -14.03508663 -1.44662023 111.9275589 -14.45679188 -0.69822538 112.42388153 -13.99027061 -1.44442296 111.9713974 -14.43483353 -0.69594276 112.44154358 -13.9445343 -1.4420141 112.01409912 -14.41076088 -0.69361967 112.4569397 -13.89798641 -1.4393996 112.05557251 -14.38463211 -0.69126177 112.47003174 -13.85074139 -1.43658555 112.0956955 -14.35651016 -0.68887466 112.48078156 -13.8029108 -1.43357885 112.13439178 -14.3264637 -0.68646413 112.48917389 -13.75461102 -1.43038678 112.17156219 -14.29456329 -2.17956352 111.54906464 -14.46045971 -0.68403596 112.49518585 -13.70595837 -1.42701697 112.20710754 -14.26088715 -2.17902541 111.59801483 -14.45688915 -0.68159604 112.49879456 -13.65707016 -1.42347753 112.24095154 -14.22551632 -2.17812991 111.64672852 -14.45094776 -1.41977704 112.27301025 -14.18853474 -2.17687941 111.69509125 -14.44265079 -1.41592443 112.3032074 -14.150033 -2.17527652 111.74298096 -14.43201637 -1.41192889 112.33146667 -14.11010361 -2.17332554 111.7902832 -14.41907215 -1.40779996 112.35772705 -14.06884193 -2.17103076 111.83689117 -14.40384769 -1.40354788 112.38191986 -14.02634811 -2.1683979 111.8826828 -14.3863802 -1.39918268 112.4039917 -13.98272514 -2.16543341 111.9275589 -14.36671257 -1.39471483 112.42388153 -13.93807602 -2.16214442 111.9713974 -14.34489059 -1.39015532 112.44154358 -13.89251041 -2.15853858 112.01409912 -14.32096863 -1.38551497 112.4569397 -13.84613609 -2.15462494 112.05557251 -14.29500294 -1.3808049 112.47003174 -13.7990675 -2.1504128 112.0956955 -14.26705647 -1.37603664 112.48078156 -13.75141525 -2.14591217 112.13439178 -14.23719692 -1.37122154 112.48917389 -13.70329571 -2.14113402 112.17156219 -14.20549488 -2.89764857 111.54906464 -14.33384228 -1.36637127 112.49518585 -13.65482426 -2.13608956 112.20710754 -14.17202854 -2.89693332 111.59801483 -14.33030319 -1.36149752 112.49879456 -13.6061182 -2.13079166 112.24095154 -14.13687801 -2.89574265 111.64672852 -14.3244133 -2.12525225 112.27301025 -14.10012722 -2.89407992 111.69509125 -14.31618881 -2.11948514 112.3032074 -14.06186581 -2.89194918 111.74298096 -14.30564785 -2.11350441 112.33146667 -14.02218533 -2.88935518 111.7902832 -14.29281712 -2.10732388 112.35772705 -13.98118019 -2.88630462 111.83689117 -14.27772617 -2.10095882 112.38191986 -13.93895149 -2.88280439 111.8826828 -14.26041126 -2.09442472 112.4039917 -13.89559937 -2.8788631 111.9275589 -14.2409153 -2.08773685 112.42388153 -13.85122871 -2.8744905 111.9713974 -14.21928501 -2.08091164 112.44154358 -13.8059473 -2.86969686 112.01409912 -14.1955719 -2.07396555 112.4569397 -13.7598629 -2.86449361 112.05557251 -14.16983414 -2.06691527 112.47003174 -13.71308613 -2.85889363 112.0956955 -14.14213181 -2.0597775 112.48078156 -13.66573143 -2.85291028 112.13439178 -14.11253357 -2.05256987 112.48917389 -13.61791134 -2.84655786 112.17156219 -14.08111 -3.60852981 111.54906464 -14.17158794 -2.04530954 112.49518585 -13.5697422 -2.83985162 112.20710754 -14.04793644 -3.60763884 111.59801483 -14.16808891 -2.03801394 112.49879456 -13.52133942 -2.83280802 112.24095154 -14.01309395 -3.60615611 111.64672852 -14.16226673 -2.82544374 112.27301025 -13.97666454 -3.60408568 111.69509125 -14.15413475 -2.81777668 112.3032074 -13.93873787 -3.60143185 111.74298096 -14.143713 -2.80982518 112.33146667 -13.89940453 -3.59820175 111.7902832 -14.13102722 -2.80160856 112.35772705 -13.85875988 -3.59440255 111.83689117 -14.11610699 -2.79314661 112.38191986 -13.81690025 -3.59004354 111.8826828 -14.09898853 -2.78445959 112.4039917 -13.77392769 -3.5851357 111.9275589 -14.07971382 -2.77556849 112.42388153 -13.72994614 -3.57969022 111.9713974 -14.05832767 -2.76649451 112.44154358 -13.6850605 -3.57372046 112.01409912 -14.0348835 -2.75726008 112.4569397 -13.6393795 -3.56724072 112.05557251 -14.00943661 -2.7478869 112.47003174 -13.59301281 -3.56026697 112.0956955 -13.98204803 -2.7383976 112.48078156 -13.54607201 -3.55281568 112.13439178 -13.95278454 -2.72881532 112.48917389 -13.49867153 -3.54490471 112.17156219 -13.92171669 -4.31043959 111.54906464 -13.97410107 -2.71916294 112.49518585 -13.45092392 -3.53655338 112.20710754 -13.88891888 -4.30937529 111.59801483 -13.97065067 -2.70946383 112.49879456 -13.40294456 -3.52778172 112.24095154 -13.85447025 -4.30760431 111.64672852 -13.96490955 -3.51861072 112.27301025 -13.81845379 -4.30513096 111.69509125 -13.95689106 -3.50906277 112.3032074 -13.78095627 -4.30196095 111.74298096 -13.94661522 -3.49916053 112.33146667 -13.74206829 -4.29810238 111.7902832 -13.93410587 -3.48892832 112.35772705 -13.70188332 -4.29356432 111.83689117 -13.91939354 -3.47839022 112.38191986 -13.66049767 -4.28835773 111.8826828 -13.9025135 -3.46757197 112.4039917 -13.61801243 -4.28249454 111.9275589 -13.88350677 -3.45649958 112.42388153 -13.57452774 -4.27599001 111.9713974 -13.86241913 -3.44519949 112.44154358 -13.53015041 -4.26885939 112.01409912 -13.83930206 -3.43369937 112.4569397 -13.48498631 -4.26111937 112.05557251 -13.81420898 -3.42202663 112.47003174 -13.43914413 -4.25278902 112.0956955 -13.78720284 -3.41020942 112.48078156 -13.39273548 -4.2438879 112.13439178 -13.75834751 -3.39827633 112.48917389 -13.34587097 -4.23443842 112.17156219 -13.72771263 -5.00163269 111.54906464 -13.74187279 -3.38625598 112.49518585 -13.29866409 -4.22446251 112.20710754 -13.69537163 -5.00039768 111.59801483 -13.73847961 -3.37417746 112.49879456 -13.25122833 -4.21398497 112.24095154 -13.6614027 -4.99834251 111.64672852 -13.73283386 -4.20303011 112.27301025 -13.62588882 -4.99547291 111.69509125 -13.72494888 -4.19162464 112.3032074 -13.58891392 -4.99179459 111.74298096 -13.7148428 -4.17979622 112.33146667 -13.55056763 -4.98731709 111.7902832 -13.70254135 -4.16757393 112.35772705 -13.51094246 -4.98205137 111.83689117 -13.68807411 -4.1549859 112.38191986 -13.47013378 -4.97600985 111.8826828 -13.67147446 -4.14206314 112.4039917 -13.42823982 -4.96920681 111.9275589 -13.65278435 -4.12883711 112.42388153 -13.38536167 -4.96165943 111.9713974 -13.6320467 -4.11533928 112.44154358 -13.34160233 -4.95338488 112.01409912 -13.60931301 -4.10160208 112.4569397 -13.29706764 -4.94440365 112.05557251 -13.58463764 -4.08765888 112.47003174 -13.25186443 -4.93473768 112.0956955 -13.55807972 -4.07354307 112.48078156 -13.20610237 -4.92440939 112.13439178 -13.52970409 -4.05928898 112.48917389 -13.15989113 -4.91344452 112.17156219 -13.49957848 -5.68039083 111.54906464 -13.47548008 -4.04493046 112.49518585 -13.11334229 -4.9018693 112.20710754 -13.46777534 -5.67898846 111.59801483 -13.47215271 -4.03050232 112.49879456 -13.06656742 -4.88971138 112.24095154 -13.43437099 -5.67665482 111.64672852 -13.46661568 -4.87699986 112.27301025 -13.39944649 -5.67339516 111.69509125 -13.45888329 -4.86376572 112.3032074 -13.36308575 -5.66921806 111.74298096 -13.44897366 -4.85004044 112.33146667 -13.32537746 -5.66413307 111.7902832 -13.43691158 -4.83585787 112.35772705 -13.28641033 -5.65815258 111.83689117 -13.42272377 -4.82125187 112.38191986 -13.24627972 -5.65129089 111.8826828 -13.40644646 -4.80625677 112.4039917 -13.20508194 -5.64356518 111.9275589 -13.38811779 -4.79090977 112.42388153 -13.16291714 -5.63499308 111.9713974 -13.36778259 -4.77524757 112.44154358 -13.11988449 -5.62559557 112.01409912 -13.3454895 -4.75930786 112.4569397 -13.07608986 -5.61539602 112.05557251 -13.32129288 -4.74312878 112.47003174 -13.0316391 -5.6044178 112.0956955 -13.29524994 -4.72674942 112.48078156 -12.98663712 -5.59268808 112.13439178 -13.26742458 -4.71020937 112.48917389 -12.94119358 -5.58023548 112.17156219 -13.23788261 -6.34502697 111.54906464 -13.17558479 -4.6935482 112.49518585 -12.89541817 -5.56708908 112.20710754 -13.20669556 -6.34346056 111.59801483 -13.17233086 -4.67680645 112.49879456 -12.84942055 -5.55328083 112.24095154 -13.17393875 -6.34085369 111.64672852 -13.1669178 -5.53884459 112.27301025 -13.13969135 -6.33721256 111.69509125 -13.15935802 -5.5238142 112.3032074 -13.10403633 -6.33254671 111.74298096 -13.14966869 -5.50822687 112.33146667 -13.06705856 -6.32686663 111.7902832 -13.1378746 -5.49211931 112.35772705 -13.02884674 -6.32018661 111.83689117 -13.12400246 -5.4755311 112.38191986 -12.98949432 -6.31252241 111.8826828 -13.10808754 -5.45850134 112.4039917 -12.94909477 -6.30389214 111.9275589 -13.09016705 -5.44107151 112.42388153 -12.90774727 -6.29431725 111.9713974 -13.07028484 -5.42328405 112.44154358 -12.86554909 -6.28382063 112.01409912 -13.04848766 -5.40518093 112.4569397 -12.82260418 -6.27242708 112.05557251 -13.02482891 -5.38680601 112.47003174 -12.77901363 -6.26016474 112.0956955 -12.99936581 -5.36820412 112.48078156 -12.73488426 -6.24706268 112.13439178 -12.97215939 -5.34941912 112.48917389 -12.69032192 -6.23315239 112.17156219 -12.9432745 -6.99388838 111.54906464 -12.8429327 -5.33049726 112.49518585 -12.64543343 -6.21846819 112.20710754 -12.91278172 -6.99216175 111.59801483 -12.83976173 -5.31148386 112.49879456 -12.60032845 -6.20304441 112.24095154 -12.88075447 -6.98928785 111.64672852 -12.83448505 -6.18691874 112.27301025 -12.84726906 -6.98527479 111.69509125 -12.82711601 -6.17013025 112.3032074 -12.81240749 -6.98013163 111.74298096 -12.81767178 -6.15271902 112.33146667 -12.77625275 -6.97387075 111.7902832 -12.80617428 -6.134727 112.35772705 -12.7388916 -6.96650743 111.83689117 -12.79265308 -6.11619711 112.38191986 -12.70041466 -6.95805931 111.8826828 -12.77713966 -6.09717512 112.4039917 -12.66091442 -6.94854689 111.9275589 -12.75967216 -6.07770586 112.42388153 -12.62048626 -6.93799305 111.9713974 -12.7402916 -6.05783701 112.44154358 -12.5792284 -6.9264226 112.01409912 -12.71904469 -6.03761578 112.4569397 -12.53723812 -6.91386414 112.05557251 -12.69598389 -6.01709127 112.47003174 -12.49461842 -6.90034771 112.0956955 -12.67116356 -5.99631262 112.48078156 -12.45147133 -6.88590574 112.13439178 -12.64464378 -5.97532988 112.48917389 -12.40790081 -6.87057352 112.17156219 -12.61648846 -7.62536192 111.54906464 -12.47835159 -5.95419407 112.49518585 -12.36401081 -6.85438728 112.20710754 -12.58676529 -7.62347889 111.59801483 -12.47527027 -5.93295574 112.49879456 -12.3199091 -6.83738613 112.24095154 -12.55554676 -7.62034607 111.64672852 -12.47014332 -6.81961155 112.27301025 -12.52290726 -7.61597061 111.69509125 -12.46298313 -6.80110598 112.3032074 -12.48892498 -7.61036301 111.74298096 -12.45380688 -6.78191423 112.33146667 -12.4536829 -7.60353708 111.7902832 -12.44263649 -6.7620821 112.35772705 -12.41726494 -7.59550905 111.83689117 -12.42949963 -6.74165773 112.38191986 -12.37975979 -7.58629799 111.8826828 -12.41442585 -6.72069025 112.4039917 -12.3412571 -7.5759263 111.9275589 -12.39745426 -6.69923019 112.42388153 -12.30184937 -7.56441927 111.9713974 -12.37862396 -6.67732954 112.44154358 -12.26163292 -7.55180454 112.01409912 -12.35798073 -6.65504026 112.4569397 -12.22070312 -7.53811216 112.05557251 -12.33557415 -6.63241673 112.47003174 -12.17915916 -7.52337551 112.0956955 -12.31145763 -6.60951328 112.48078156 -12.13710117 -7.50762939 112.13439178 -12.28569126 -6.58638477 112.48917389 -12.0946312 -7.49091244 112.17156219 -12.25833511 -8.23787689 111.54906464 -12.08274651 -6.56308746 112.49518585 -12.05184937 -7.47326517 112.20710754 -12.22945595 -8.23584366 111.59801483 -12.07976341 -6.53967714 112.49879456 -12.00886154 -7.45472908 112.24095154 -12.19912338 -8.23245907 111.64672852 -12.07479954 -7.43534946 112.27301025 -12.1674099 -8.2277317 111.69509125 -12.06786633 -7.41517305 112.3032074 -12.13439274 -8.22167397 111.74298096 -12.05898094 -7.39424849 112.33146667 -12.10015106 -8.2142992 111.7902832 -12.04816437 -7.37262583 112.35772705 -12.06476784 -8.20562649 111.83689117 -12.03544331 -7.35035753 112.38191986 -12.02832699 -8.19567585 111.8826828 -12.02084827 -7.32749701 112.4039917 -11.99091721 -8.18447113 111.9275589 -12.00441456 -7.30409908 112.42388153 -11.95262814 -8.17203999 111.9713974 -11.98618126 -7.28022099 112.44154358 -11.91355324 -8.15841198 112.01409912 -11.96619225 -7.25591946 112.4569397 -11.87378597 -8.14361954 112.05557251 -11.94449615 -7.23125315 112.47003174 -11.83342075 -8.1276989 112.0956955 -11.92114449 -7.20628166 112.48078156 -11.79255676 -8.11068821 112.13439178 -11.89619446 -7.18106508 112.48917389 -11.75129223 -8.09262848 112.17156219 -11.86970615 -8.82991219 111.54906464 -11.65710258 -7.15566444 112.49518585 -11.70972538 -8.07356358 112.20710754 -11.84174252 -8.82773209 111.59801483 -11.6542244 -7.1301403 112.49879456 -11.66795731 -8.05353832 112.24095154 -11.81237125 -8.82410431 111.64672852 -11.64943504 -8.03260231 112.27301025 -11.78166389 -8.81903744 111.69509125 -11.64274597 -8.01080513 112.3032074 -11.74969292 -8.81254387 111.74298096 -11.63417339 -7.98819971 112.33146667 -11.71653652 -8.80463982 111.7902832 -11.62373829 -7.96484041 112.35772705 -11.68227482 -8.7953434 111.83689117 -11.61146545 -7.94078302 112.38191986 -11.64698982 -8.78467751 111.8826828 -11.59738445 -7.9160862 112.4039917 -11.61076546 -8.77266788 111.9275589 -11.58152962 -7.89080906 112.42388153 -11.57369137 -8.75934315 111.9713974 -11.56393814 -7.86501265 112.44154358 -11.53585434 -8.74473572 112.01409912 -11.54465389 -7.83875895 112.4569397 -11.49734783 -8.72887993 112.05557251 -11.52372169 -7.81211138 112.47003174 -11.4582634 -8.71181488 112.0956955 -11.50119305 -7.78513432 112.48078156 -11.4186945 -8.69358253 112.13439178 -11.47712231 -7.75789213 112.48917389 -11.37873745 -8.67422485 112.17156219 -11.4515667 -9.39999485 111.54906464 -11.20247746 -7.73045063 112.49518585 -11.33848858 -8.65378952 112.20710754 -11.4245882 -9.39767361 111.59801483 -11.19971085 -7.70287657 112.49879456 -11.29804516 -8.63232517 112.24095154 -11.39625168 -9.39381123 111.64672852 -11.19510841 -8.60988426 112.27301025 -11.36662579 -9.3884182 111.69509125 -11.18868065 -8.58652115 112.3032074 -11.33578205 -9.38150501 111.74298096 -11.18044281 -8.56229115 112.33146667 -11.30379391 -9.37309074 111.7902832 -11.17041397 -8.53725243 112.35772705 -11.2707386 -9.36319447 111.83689117 -11.15861988 -8.51146698 112.38191986 -11.23669624 -9.35183907 111.8826828 -11.1450882 -8.48499489 112.4039917 -11.20174885 -9.33905411 111.9275589 -11.12985134 -8.457901 112.42388153 -11.16597939 -9.32486916 111.9713974 -11.11294651 -8.43025112 112.44154358 -11.12947655 -9.30931854 112.01409912 -11.09441376 -8.4021101 112.4569397 -11.09232616 -9.29243946 112.05557251 -11.0742979 -8.37354755 112.47003174 -11.05461788 -9.27427292 112.0956955 -11.05264854 -8.3446312 112.48078156 -11.01644325 -9.25486279 112.13439178 -11.02951622 -8.31543159 112.48917389 -10.97789383 -9.23425579 112.17156219 -11.0049572 -9.94670677 111.54906464 -10.72000027 -8.28601837 112.49518585 -10.93906307 -9.21250057 112.20710754 -10.97903061 -9.94425106 111.59801483 -10.71735382 -8.2564621 112.49879456 -10.90004349 -9.18965054 112.24095154 -10.95179939 -9.94016457 111.64672852 -10.71294975 -9.16576099 112.27301025 -10.92332935 -9.93445683 111.69509125 -10.70679855 -9.14088917 112.3032074 -10.89368725 -9.92714214 111.74298096 -10.69891453 -9.11509514 112.33146667 -10.86294746 -9.91823864 111.7902832 -10.68931866 -9.08843994 112.35772705 -10.83118153 -9.90776634 111.83689117 -10.67803192 -9.06098938 112.38191986 -10.79846668 -9.895751 111.8826828 -10.66508293 -9.0328083 112.4039917 -10.76488209 -9.88222218 111.9275589 -10.65050316 -9.00396538 112.42388153 -10.73050785 -9.8672123 111.9713974 -10.63432598 -8.97453022 112.44154358 -10.69542789 -9.8507576 112.01409912 -10.61659145 -8.94457245 112.4569397 -10.65972614 -9.83289623 112.05557251 -10.59734249 -8.9141655 112.47003174 -10.62348938 -9.81367302 112.0956955 -10.57662487 -8.8833828 112.48078156 -10.58680344 -9.79313374 112.13439178 -10.55448818 -8.85229778 112.48917389 -10.54975796 -9.77132797 112.17156219 -10.53098774 -10.46868992 111.54906464 -10.21087265 -8.82098579 112.49518585 -10.51244068 -9.74830818 112.20710754 -10.5061779 -10.46610546 111.59801483 -10.20835114 -8.78952122 112.49879456 -10.47494316 -9.72412968 112.24095154 -10.48011971 -10.46180439 111.64672852 -10.20415592 -9.69885063 112.27301025 -10.45287514 -10.4557972 111.69509125 -10.1982975 -9.67253208 112.3032074 -10.42451 -10.44809914 111.74298096 -10.19078827 -9.64523697 112.33146667 -10.39509392 -10.43872738 111.7902832 -10.1816473 -9.61703205 112.35772705 -10.36469555 -10.42770576 111.83689117 -10.17089748 -9.58798504 112.38191986 -10.33339024 -10.415061 111.8826828 -10.15856361 -9.5581646 112.4039917 -10.30125141 -10.40082169 111.9275589 -10.14467525 -9.52764416 112.42388153 -10.26835823 -10.38502407 111.9713974 -10.12926674 -9.49649715 112.44154358 -10.23478985 -10.36770535 112.01409912 -10.11237431 -9.46479702 112.4569397 -10.20062542 -10.34890747 112.05557251 -10.09403896 -9.43262196 112.47003174 -10.16594887 -10.32867527 112.0956955 -10.07430553 -9.40004826 112.48078156 -10.13084316 -10.30705833 112.13439178 -10.05322075 -9.36715603 112.48917389 -10.09539318 -10.28410816 112.17156219 -10.03083611 -10.96464729 111.54906464 -9.67635822 -9.33402252 112.49518585 -10.0596838 -10.25988007 112.20710754 -10.00720501 -10.96193981 111.59801483 -9.67396927 -9.30072784 112.49879456 -10.02380085 -10.23443222 112.24095154 -9.98238373 -10.95743465 111.64672852 -9.6699934 -10.20782661 112.27301025 -9.9564333 -10.95114326 111.69509125 -9.66444111 -10.18012714 112.3032074 -9.9294157 -10.94307995 111.74298096 -9.65732574 -10.15140057 112.33146667 -9.9013958 -10.93326473 111.7902832 -9.64866352 -10.12171459 112.35772705 -9.87244225 -10.9217205 111.83689117 -9.63847637 -10.09114265 112.38191986 -9.84262276 -10.90847683 111.8826828 -9.62678719 -10.05975819 112.4039917 -9.81201172 -10.89356327 111.9275589 -9.61362648 -10.02763653 112.42388153 -9.78068066 -10.87701702 111.9713974 -9.59902477 -9.99485397 112.44154358 -9.74870586 -10.85887814 112.01409912 -9.5830164 -9.96149063 112.4569397 -9.71616364 -10.83918953 112.05557251 -9.5656414 -9.92762756 112.47003174 -9.68313408 -10.81799889 112.0956955 -9.5469408 -9.89334488 112.48078156 -9.64969635 -10.7953577 112.13439178 -9.52695942 -9.85872555 112.48917389 -9.6159296 -10.77132034 112.17156219 -9.50574684 -11.43334389 111.54906464 -9.11778736 -9.82385349 112.49518585 -9.58191586 -10.74594402 112.20710754 -9.48335171 -11.43052101 111.59801483 -9.11553574 -9.78881168 112.49879456 -9.54773712 -10.71929073 112.24095154 -9.45983028 -11.42582321 111.64672852 -9.1117897 -10.69142532 112.27301025 -9.43523884 -11.41926289 111.69509125 -9.10655785 -10.66241264 112.3032074 -9.40963554 -11.41085529 111.74298096 -9.09985352 -10.63232517 112.33146667 -9.38308239 -11.40062046 111.7902832 -9.09169102 -10.60123348 112.35772705 -9.35564423 -11.38858318 111.83689117 -9.08209133 -10.56921291 112.38191986 -9.3273859 -11.37477207 111.8826828 -9.0710783 -10.53634167 112.4039917 -9.29837704 -11.35922146 111.9275589 -9.05867672 -10.50269794 112.42388153 -9.26868534 -11.34196758 111.9713974 -9.04491711 -10.46836281 112.44154358 -9.2383852 -11.32305336 112.01409912 -9.02983379 -10.43341923 112.4569397 -9.20754719 -11.30252266 112.05557251 -9.01346111 -10.39795113 112.47003174 -9.17624569 -11.28042698 112.0956955 -8.99584007 -10.36204433 112.48078156 -9.14455795 -11.25681782 112.13439178 -8.97701263 -10.32578468 112.48917389 -9.11255932 -11.2317524 112.17156219 -8.95702362 -11.87361526 111.54906464 -8.53654766 -10.28925991 112.49518585 -9.08032608 -11.2052927 112.20710754 -8.93592262 -11.87068367 111.59801483 -8.53444004 -10.25255871 112.49879456 -9.04793739 -11.17749977 112.24095154 -8.91375828 -11.86580563 111.64672852 -8.53093338 -11.14844227 112.27301025 -8.8905859 -11.85899258 111.69509125 -8.52603436 -11.11819077 112.3032074 -8.8664608 -11.85026073 111.74298096 -8.51975727 -11.08681583 112.33146667 -8.84144115 -11.83963108 111.7902832 -8.51211548 -11.05439568 112.35772705 -8.81558609 -11.82713032 111.83689117 -8.50312805 -11.02100658 112.38191986 -8.7889595 -11.81278801 111.8826828 -8.49281597 -10.98672962 112.4039917 -8.76162434 -11.79663849 111.9275589 -8.48120594 -10.95164776 112.42388153 -8.73364735 -11.77872086 111.9713974 -8.46832371 -10.91584492 112.44154358 -8.70509624 -11.75907803 112.01409912 -8.45420074 -10.87940788 112.4569397 -8.67603779 -11.73775673 112.05557251 -8.43887234 -10.84242344 112.47003174 -8.64654446 -11.71481037 112.0956955 -8.42237473 -10.80498123 112.48078156 -8.61668491 -11.69029236 112.13439178 -8.40474796 -10.76717281 112.48917389 -8.58653355 -11.66426182 112.17156219 -8.38603306 -12.28436756 111.54906464 -7.93408537 -10.72908688 112.49518585 -8.55616093 -11.63678265 112.20710754 -8.36627674 -12.28133392 111.59801483 -7.93212652 -10.69081688 112.49879456 -8.52564144 -11.60791969 112.24095154 -8.34552574 -12.27628708 111.64672852 -7.92886686 -11.57774353 112.27301025 -8.3238306 -12.26923847 111.69509125 -7.92431402 -11.54632664 112.3032074 -8.30124283 -12.26020432 111.74298096 -7.91847944 -11.51374435 112.33146667 -8.27781773 -12.2492075 111.7902832 -7.91137743 -11.48007488 112.35772705 -8.25361156 -12.23627472 111.83689117 -7.9030242 -11.44540024 112.38191986 -8.22868252 -12.22143555 111.8826828 -7.89344025 -11.40980339 112.4039917 -8.20308971 -12.20472717 111.9275589 -7.88264894 -11.37337017 112.42388153 -8.1768961 -12.18618965 111.9713974 -7.87067604 -11.33618927 112.44154358 -8.1501646 -12.16586781 112.01409912 -7.85755014 -11.29834843 112.4569397 -8.12295914 -12.14380932 112.05557251 -7.84330368 -11.25994015 112.47003174 -8.0953455 -12.12006855 112.0956955 -7.82797003 -11.22105694 112.48078156 -8.06739044 -12.09470177 112.13439178 -7.81158686 -11.18179131 112.48917389 -8.03916073 -12.06777096 112.17156219 -7.79419327 -12.66457844 111.54906464 -7.31189775 -11.14223957 112.49518585 -8.01072407 -12.03934097 112.20710754 -7.77583122 -12.66145134 111.59801483 -7.31009245 -11.10249519 112.49879456 -7.98215055 -12.00948048 112.24095154 -7.75654459 -12.65624809 111.64672852 -7.30708838 -11.97826004 112.27301025 -7.73638058 -12.64898109 111.69509125 -7.30289268 -11.94575596 112.3032074 -7.71538734 -12.63966751 111.74298096 -7.29751539 -11.91204643 112.33146667 -7.69361544 -12.62833118 111.7902832 -7.29097033 -11.87721252 112.35772705 -7.67111731 -12.61499691 111.83689117 -7.28327227 -11.84133911 112.38191986 -7.64794731 -12.59969902 111.8826828 -7.27443981 -11.80451012 112.4039917 -7.62416124 -12.58247375 111.9275589 -7.26449442 -11.76681709 112.42388153 -7.59981632 -12.56336212 111.9713974 -7.25346041 -11.72834969 112.44154358 -7.5749712 -12.54241085 112.01409912 -7.24136448 -11.68919945 112.4569397 -7.54968548 -12.51966953 112.05557251 -7.22823477 -11.6494627 112.47003174 -7.52402067 -12.49519444 112.0956955 -7.2141037 -11.60923386 112.48078156 -7.49803829 -12.46904278 112.13439178 -7.19900513 -11.56861019 112.48917389 -7.4718008 -12.44127846 112.17156219 -7.18297577 -13.01330376 111.54906464 -6.6715312 -11.52768993 112.49518585 -7.44537163 -12.41196823 112.20710754 -7.1660533 -13.01008987 111.59801483 -6.6698842 -11.48657131 112.49879456 -7.41881418 -12.38118362 112.24095154 -7.14827967 -13.00474358 111.64672852 -6.66714287 -12.34899712 112.27301025 -7.12969685 -12.99727631 111.69509125 -6.66331482 -12.31548691 112.3032074 -7.11034966 -12.98770714 111.74298096 -6.65840864 -12.28073406 112.33146667 -7.0902853 -12.97605801 111.7902832 -6.65243673 -12.2448225 112.35772705 -7.06955147 -12.96235657 111.83689117 -6.64541245 -12.20783806 112.38191986 -7.04819822 -12.94663811 111.8826828 -6.6373539 -12.16986942 112.4039917 -7.02627754 -12.92893791 111.9275589 -6.62827969 -12.13101006 112.42388153 -7.00384188 -12.90929985 111.9713974 -6.61821222 -12.09135151 112.44154358 -6.98094511 -12.88777161 112.01409912 -6.60717535 -12.0509901 112.4569397 -6.95764256 -12.86440468 112.05557251 -6.59519529 -12.01002312 112.47003174 -6.93399 -12.83925533 112.0956955 -6.58230209 -11.96854973 112.48078156 -6.91004515 -12.81238365 112.13439178 -6.56852579 -11.92666817 112.48917389 -6.88586521 -12.78385448 112.17156219 -6.55390024 -13.32967472 111.54906464 -6.01457834 -11.88448143 112.49518585 -6.86150837 -12.75373745 112.20710754 -6.53845978 -13.32638359 111.59801483 -6.01309347 -11.84208965 112.49879456 -6.83703375 -12.72210503 112.24095154 -6.52224255 -13.32090759 111.64672852 -6.0106225 -12.68903255 112.27301025 -6.50528717 -13.31325912 111.69509125 -6.00717115 -12.65459919 112.3032074 -6.48763466 -13.30345631 111.74298096 -6.00274801 -12.61888981 112.33146667 -6.46932745 -13.29152393 111.7902832 -5.99736404 -12.58198929 112.35772705 -6.45040941 -13.27749062 111.83689117 -5.99103165 -12.54398632 112.38191986 -6.43092632 -13.26138878 111.8826828 -5.98376656 -12.50497246 112.4039917 -6.41092539 -13.24325848 111.9275589 -5.97558594 -12.46504307 112.42388153 -6.39045429 -13.22314358 111.9713974 -5.96650982 -12.42429256 112.44154358 -6.3695631 -13.20109177 112.01409912 -5.95655966 -12.38281918 112.4569397 -6.34830093 -13.17715645 112.05557251 -5.9457593 -12.34072495 112.47003174 -6.32672024 -13.1513958 112.0956955 -5.93413591 -12.29810905 112.48078156 -6.30487251 -13.12387085 112.13439178 -5.92171621 -12.2550745 112.48917389 -6.28281021 -13.09464836 112.17156219 -5.90853024 -13.61290741 111.54906464 -5.34267235 -12.21172619 112.49518585 -6.26058674 -13.0637989 112.20710754 -5.89461088 -13.60954571 111.59801483 -5.34135342 -12.16816711 112.49879456 -6.2382555 -13.03139687 112.24095154 -5.8799901 -13.60395336 111.64672852 -5.33915806 -12.99752045 112.27301025 -5.86470461 -13.59614182 111.69509125 -5.33609247 -12.96225071 112.3032074 -5.84879017 -13.5861311 111.74298096 -5.33216381 -12.92567253 112.33146667 -5.83228588 -13.57394505 111.7902832 -5.32738113 -12.8878746 112.35772705 -5.81523085 -13.55961323 111.83689117 -5.32175636 -12.84894848 112.38191986 -5.79766607 -13.54316998 111.8826828 -5.31530237 -12.80898666 112.4039917 -5.77963448 -13.52465439 111.9275589 -5.30803585 -12.76808548 112.42388153 -5.76117945 -13.50411224 111.9713974 -5.29997349 -12.72634411 112.44154358 -5.74234533 -13.48159218 112.01409912 -5.29113483 -12.68386364 112.4569397 -5.72317696 -13.4571476 112.05557251 -5.28154135 -12.64074516 112.47003174 -5.70372152 -13.43083954 112.0956955 -5.27121592 -12.59709358 112.48078156 -5.68402481 -13.40272999 112.13439178 -5.26018381 -12.55301285 112.48917389 -5.66413498 -13.37288666 112.17156219 -5.24847126 -13.86229515 111.54906464 -4.65748358 -12.50861073 112.49518585 -5.64410019 -13.34138203 112.20710754 -5.2361064 -13.85887337 111.59801483 -4.65633345 -12.46399307 112.49879456 -5.62396765 -13.30829144 112.24095154 -5.22311926 -13.85317802 111.64672852 -4.6544199 -13.27369499 112.27301025 -5.20954132 -13.84522343 111.69509125 -4.6517477 -13.23767567 112.3032074 -5.19540501 -13.8350296 111.74298096 -4.64832258 -13.20032024 112.33146667 -5.18074417 -13.82262039 111.7902832 -4.64415312 -13.16171932 112.35772705 -5.1655941 -13.80802536 111.83689117 -4.6392498 -13.12196541 112.38191986 -5.14999199 -13.79128075 111.8826828 -4.63362408 -13.08115482 112.4039917 -5.13397503 -13.77242661 111.9275589 -4.6272893 -13.03938484 112.42388153 -5.11758137 -13.75150776 111.9713974 -4.62026072 -12.99675655 112.44154358 -5.10085106 -13.72857475 112.01409912 -4.6125555 -12.95337296 112.4569397 -5.08382416 -13.7036829 112.05557251 -4.60419273 -12.90933895 112.47003174 -5.06654215 -13.67689228 112.0956955 -4.59519148 -12.86475945 112.48078156 -5.04904604 -13.64826775 112.13439178 -4.58557415 -12.8197422 112.48917389 -5.03137827 -13.61787796 112.17156219 -4.57536364 -14.07721996 111.54906464 -3.96071553 -12.77439594 112.49518585 -5.01358128 -13.58579636 112.20710754 -4.56458473 -14.07374477 111.59801483 -3.95973778 -12.72883034 112.49879456 -4.99569798 -13.55209923 112.24095154 -4.55326319 -14.06796074 111.64672852 -3.95811033 -13.51686859 112.27301025 -4.54142618 -14.05988312 111.69509125 -3.95583773 -13.48018932 112.3032074 -4.5291028 -14.04953098 111.74298096 -3.95292521 -13.44215012 112.33146667 -4.51632214 -14.03692913 111.7902832 -3.94937944 -13.40284252 112.35772705 -4.50311565 -14.02210808 111.83689117 -3.9452095 -13.36236 112.38191986 -4.48951435 -14.00510406 111.8826828 -3.9404254 -13.32080078 112.4039917 -4.47555113 -13.98595715 111.9275589 -3.93503833 -13.27826595 112.42388153 -4.46126032 -13.96471405 111.9713974 -3.92906141 -13.23485756 112.44154358 -4.4466753 -13.94142532 112.01409912 -3.92250896 -13.1906786 112.4569397 -4.43183231 -13.91614819 112.05557251 -3.91539693 -13.14583778 112.47003174 -4.41676664 -13.88894272 112.0956955 -3.9077425 -13.10044193 112.48078156 -4.40151405 -13.85987377 112.13439178 -3.89956379 -13.05459976 112.48917389 -4.38611221 -13.82901287 112.17156219 -3.89088082 -14.25714684 111.54906464 -3.25410056 -13.00842285 112.49518585 -4.37059784 -13.79643345 112.20710754 -3.88171458 -14.25362587 111.59801483 -3.25329709 -12.96202278 112.49879456 -4.35500813 -13.76221466 112.24095154 -3.87208676 -14.2477684 111.64672852 -3.25196028 -13.72643757 112.27301025 -3.86202073 -14.23958778 111.69509125 -3.25009298 -13.68918991 112.3032074 -3.8515408 -14.22910309 111.74298096 -3.24769998 -13.65056038 112.33146667 -3.84067225 -14.21634102 111.7902832 -3.24478698 -13.61064339 112.35772705 -3.82944131 -14.20133018 111.83689117 -3.2413609 -13.56953335 112.38191986 -3.81787467 -14.18410873 111.8826828 -3.23743033 -13.5273304 112.4039917 -3.80600071 -14.16471767 111.9275589 -3.23300433 -13.48413563 112.42388153 -3.79384756 -14.14320278 111.9713974 -3.22809362 -13.44005394 112.44154358 -3.78144479 -14.11961651 112.01409912 -3.22271037 -13.39519024 112.4569397 -3.76882219 -14.09401608 112.05557251 -3.21686721 -13.3496542 112.47003174 -3.75601029 -14.06646252 112.0956955 -3.2105782 -13.30355358 112.48078156 -3.74303985 -14.03702259 112.13439178 -3.20385885 -13.25700188 112.48917389 -3.72994184 -14.00576687 112.17156219 -3.19672489 -14.40162754 111.54906464 -2.53939533 -13.21010876 112.49518585 -3.71674848 -13.97277069 112.20710754 -3.18919373 -14.39807129 111.59801483 -2.53876853 -13.16298866 112.49879456 -3.70349097 -13.93811417 112.24095154 -3.18128371 -14.39215469 111.64672852 -2.53772521 -13.90188026 112.27301025 -3.17301345 -14.38389015 111.69509125 -2.536268 -13.86415672 112.3032074 -3.1644032 -14.3732996 111.74298096 -2.53440046 -13.82503414 112.33146667 -3.15547371 -14.36040783 111.7902832 -2.53212738 -13.78460598 112.35772705 -3.14624643 -14.34524536 111.83689117 -2.52945375 -13.74297047 112.38191986 -3.13674331 -14.32784939 111.8826828 -2.5263865 -13.70022774 112.4039917 -3.1269877 -14.30826092 111.9275589 -2.52293253 -13.65648174 112.42388153 -3.11700273 -14.28652859 111.9713974 -2.51910043 -13.61183643 112.44154358 -3.10681272 -14.2627039 112.01409912 -2.51489949 -13.56639957 112.4569397 -3.09644222 -14.23684311 112.05557251 -2.5103395 -13.52028084 112.47003174 -3.0859158 -14.20901108 112.0956955 -2.50543189 -13.4735918 112.48078156 -3.07525945 -14.17927265 112.13439178 -2.50018835 -13.42644405 112.48917389 -3.06449842 -14.14770031 112.17156219 -2.49462128 -14.5103035 111.54906464 -1.8183769 -13.37895203 112.49518585 -3.05365849 -14.11437035 112.20710754 -2.48874426 -14.50672054 111.59801483 -1.81792796 -13.33123016 112.49879456 -3.04276633 -14.07936192 112.24095154 -2.48257136 -14.50075912 111.64672852 -1.81718087 -14.04276085 112.27301025 -2.47611761 -14.49243259 111.69509125 -1.81613743 -14.00465488 112.3032074 -2.4693985 -14.48176193 111.74298096 -1.81480026 -13.96513557 112.33146667 -2.46243024 -14.46877289 111.7902832 -1.81317246 -13.92429829 112.35772705 -2.45522952 -14.45349598 111.83689117 -1.81125808 -13.88224125 112.38191986 -2.44781351 -14.4359684 111.8826828 -1.80906153 -13.83906555 112.4039917 -2.44020057 -14.41623306 111.9275589 -1.80658841 -13.79487514 112.42388153 -2.43240881 -14.39433575 111.9713974 -1.80384433 -13.74977779 112.44154358 -2.42445683 -14.37033081 112.01409912 -1.80083609 -13.70388031 112.4569397 -2.41636372 -14.34427547 112.05557251 -1.79757094 -13.65729427 112.47003174 -2.40814948 -14.31623363 112.0956955 -1.79405677 -13.61013222 112.48078156 -2.39983344 -14.28627014 112.13439178 -1.79030192 -13.56250668 112.48917389 -2.39143586 -14.25446033 112.17156219 -1.78631556 -14.58290482 111.54906464 -1.09283757 -13.514534 112.49518585 -2.38297701 -14.2208786 112.20710754 -1.78210723 -14.57930374 111.59801483 -1.0925678 -13.46632767 112.49879456 -2.37447691 -14.185606 112.24095154 -1.77768707 -14.57331276 111.64672852 -1.09211874 -14.14872932 112.27301025 -1.77306581 -14.56494427 111.69509125 -1.0914917 -14.11033535 112.3032074 -1.7682544 -14.5542202 111.74298096 -1.09068811 -14.07051754 112.33146667 -1.76326466 -14.54116631 111.7902832 -1.08970976 -14.02937222 112.35772705 -1.75810838 -14.5258131 111.83689117 -1.08855915 -13.9869976 112.38191986 -1.7527982 -14.50819778 111.8826828 -1.08723915 -13.94349575 112.4039917 -1.74734676 -14.48836327 111.9275589 -1.08575273 -13.89897251 112.42388153 -1.74176729 -14.46635723 111.9713974 -1.08410358 -13.8535347 112.44154358 -1.73607314 -14.44223213 112.01409912 -1.08229566 -13.80729103 112.4569397 -1.73027802 -14.41604614 112.05557251 -1.08033335 -13.76035404 112.47003174 -1.72439599 -14.38786316 112.0956955 -1.07822132 -13.71283531 112.48078156 -1.71844125 -14.35775089 112.13439178 -1.07596469 -13.66485119 112.48917389 -1.71242797 -14.32578087 112.17156219 -1.07356882 -14.6192503 111.54906464 -0.36458135 -13.61651611 112.49518585 -1.70637083 -14.29203129 112.20710754 -1.07103968 -14.61564064 111.59801483 -0.36449131 -13.56794643 112.49879456 -1.70028424 -14.25658321 112.24095154 -1.06838322 -14.6096344 111.64672852 -0.36434153 -14.21952152 112.27301025 -1.06560576 -14.60124588 111.69509125 -0.36413234 -14.18093491 112.3032074 -1.06271422 -14.59049511 111.74298096 -0.36386421 -14.14091873 112.33146667 -1.05971539 -14.57740784 111.7902832 -0.36353785 -14.09956741 112.35772705 -1.05661643 -14.56201649 111.83689117 -0.36315402 -14.05698013 112.38191986 -1.05342507 -14.5443573 111.8826828 -0.36271363 -14.01326084 112.4039917 -1.05014873 -14.52447319 111.9275589 -0.36221775 -13.9685154 112.42388153 -1.04679549 -14.50241184 111.9713974 -0.36166757 -13.92284966 112.44154358 -1.04337335 -14.47822666 112.01409912 -0.36106443 -13.87637424 112.4569397 -1.03989053 -14.45197582 112.05557251 -0.3604098 -13.82920265 112.47003174 -1.0363555 -14.42372322 112.0956955 -0.35970518 -13.78144646 112.48078156 -1.03277659 -14.39353561 112.13439178 -0.35895237 -13.73322201 112.48917389 -1.02916276 -14.36148548 112.17156219 -0.3581531 -14.6192503 111.54906464 0.36458135 -13.6846447 112.49518585 -1.02552235 -14.32765198 112.20710754 -0.35730934 -14.61564064 111.59801483 0.36449131 -13.63583183 112.49879456 -1.02186441 -14.29211521 112.24095154 -0.35642311 -14.6096344 111.64672852 0.36434153 -14.25496101 112.27301025 -0.35549653 -14.60124588 111.69509125 0.36413234 -14.21627903 112.3032074 -0.35453188 -14.59049511 111.74298096 0.36386421 -14.17616272 112.33146667 -0.35353142 -14.57740784 111.7902832 0.36353785 -14.1347084 112.35772705 -0.35249761 -14.56201649 111.83689117 0.36315402 -14.09201527 112.38191986 -0.35143292 -14.5443573 111.8826828 0.36271363 -14.04818726 112.4039917 -0.35033992 -14.52447319 111.9275589 0.36221775 -14.00332928 112.42388153 -0.34922123 -14.50241184 111.9713974 0.36166757 -13.95755005 112.44154358 -0.34807956 -14.47822666 112.01409912 0.36106443 -13.91095924 112.4569397 -0.34691766 -14.45197582 112.05557251 0.3604098 -13.8636694 112.47003174 -0.34573835 -14.42372322 112.0956955 0.35970518 -13.81579494 112.48078156 -0.34454441 -14.39353561 112.13439178 0.35895237 -13.76745033 112.48917389 -0.34333876 -14.36148548 112.17156219 0.3581531 -14.58290482 111.54906464 1.09283757 -13.71875191 112.49518585 -0.34212431 -14.32765198 112.20710754 0.35730934 -14.57930374 111.59801483 1.0925678 -13.66981792 112.49879456 -0.34090397 -14.29211521 112.24095154 0.35642311 -14.57331276 111.64672852 1.09211874 -14.25496101 112.27301025 0.35549653 -14.56494427 111.69509125 1.0914917 -14.21627903 112.3032074 0.35453188 -14.5542202 111.74298096 1.09068811 -14.17616272 112.33146667 0.35353142 -14.54116631 111.7902832 1.08970976 -14.1347084 112.35772705 0.35249761 -14.5258131 111.83689117 1.08855915 -14.09201527 112.38191986 0.35143292 -14.50819778 111.8826828 1.08723915 -14.04818726 112.4039917 0.35033992 -14.48836327 111.9275589 1.08575273 -14.00332928 112.42388153 0.34922123 -14.46635723 111.9713974 1.08410358 -13.95755005 112.44154358 0.34807956 -14.44223213 112.01409912 1.08229566 -13.91095924 112.4569397 0.34691766 -14.41604614 112.05557251 1.08033335 -13.8636694 112.47003174 0.34573835 -14.38786316 112.0956955 1.07822132 -13.81579494 112.48078156 0.34454441 -14.35775089 112.13439178 1.07596469 -13.76745033 112.48917389 0.34333876 -14.32578087 112.17156219 1.07356882 -14.5103035 111.54906464 1.8183769 -13.71875191 112.49518585 0.34212431 -14.29203129 112.20710754 1.07103968 -14.50672054 111.59801483 1.81792796 -13.66981792 112.49879456 0.34090397 -14.25658321 112.24095154 1.06838322 -14.50075912 111.64672852 1.81718087 -14.21952152 112.27301025 1.06560576 -14.49243259 111.69509125 1.81613743 -14.18093491 112.3032074 1.06271422 -14.48176193 111.74298096 1.81480026 -14.14091873 112.33146667 1.05971539 -14.46877289 111.7902832 1.81317246 -14.09956741 112.35772705 1.05661643 -14.45349598 111.83689117 1.81125808 -14.05698013 112.38191986 1.05342507 -14.4359684 111.8826828 1.80906153 -14.01326084 112.4039917 1.05014873 -14.41623306 111.9275589 1.80658841 -13.9685154 112.42388153 1.04679549 -14.39433575 111.9713974 1.80384433 -13.92284966 112.44154358 1.04337335 -14.37033081 112.01409912 1.80083609 -13.87637424 112.4569397 1.03989053 -14.34427547 112.05557251 1.79757094 -13.82920265 112.47003174 1.0363555 -14.31623363 112.0956955 1.79405677 -13.78144646 112.48078156 1.03277659 -14.28627014 112.13439178 1.79030192 -13.73322201 112.48917389 1.02916276 -14.25446033 112.17156219 1.78631556 -14.40162754 111.54906464 2.53939533 -13.6846447 112.49518585 1.02552235 -14.2208786 112.20710754 1.78210723 -14.39807129 111.59801483 2.53876853 -13.63583183 112.49879456 1.02186441 -14.185606 112.24095154 1.77768707 -14.39215469 111.64672852 2.53772521 -14.14872932 112.27301025 1.77306581 -14.38389015 111.69509125 2.536268 -14.11033535 112.3032074 1.7682544 -14.3732996 111.74298096 2.53440046 -14.07051754 112.33146667 1.76326466 -14.36040783 111.7902832 2.53212738 -14.02937222 112.35772705 1.75810838 -14.34524536 111.83689117 2.52945375 -13.9869976 112.38191986 1.7527982 -14.32784939 111.8826828 2.5263865 -13.94349575 112.4039917 1.74734676 -14.30826092 111.9275589 2.52293253 -13.89897251 112.42388153 1.74176729 -14.28652859 111.9713974 2.51910043 -13.8535347 112.44154358 1.73607314 -14.2627039 112.01409912 2.51489949 -13.80729103 112.4569397 1.73027802 -14.23684311 112.05557251 2.5103395 -13.76035404 112.47003174 1.72439599 -14.20901108 112.0956955 2.50543189 -13.71283531 112.48078156 1.71844125 -14.17927265 112.13439178 2.50018835 -13.66485119 112.48917389 1.71242797 -14.14770031 112.17156219 2.49462128 -14.25714684 111.54906464 3.25410056 -13.61651611 112.49518585 1.70637083 -14.11437035 112.20710754 2.48874426 -14.25362587 111.59801483 3.25329709 -13.56794643 112.49879456 1.70028424 -14.07936192 112.24095154 2.48257136 -14.2477684 111.64672852 3.25196028 -14.04276085 112.27301025 2.47611761 -14.23958778 111.69509125 3.25009298 -14.00465488 112.3032074 2.4693985 -14.22910309 111.74298096 3.24769998 -13.96513557 112.33146667 2.46243024 -14.21634102 111.7902832 3.24478698 -13.92429829 112.35772705 2.45522952 -14.20133018 111.83689117 3.2413609 -13.88224125 112.38191986 2.44781351 -14.18410873 111.8826828 3.23743033 -13.83906555 112.4039917 2.44020057 -14.16471767 111.9275589 3.23300433 -13.79487514 112.42388153 2.43240881 -14.14320278 111.9713974 3.22809362 -13.74977779 112.44154358 2.42445683 -14.11961651 112.01409912 3.22271037 -13.70388031 112.4569397 2.41636372 -14.09401608 112.05557251 3.21686721 -13.65729427 112.47003174 2.40814948 -14.06646252 112.0956955 3.2105782 -13.61013222 112.48078156 2.39983344 -14.03702259 112.13439178 3.20385885 -13.56250668 112.48917389 2.39143586 -14.00576687 112.17156219 3.19672489 -14.07721996 111.54906464 3.96071553 -13.514534 112.49518585 2.38297701 -13.97277069 112.20710754 3.18919373 -14.07374477 111.59801483 3.95973778 -13.46632767 112.49879456 2.37447691 -13.93811417 112.24095154 3.18128371 -14.06796074 111.64672852 3.95811033 -13.90188026 112.27301025 3.17301345 -14.05988312 111.69509125 3.95583773 -13.86415672 112.3032074 3.1644032 -14.04953098 111.74298096 3.95292521 -13.82503414 112.33146667 3.15547371 -14.03692913 111.7902832 3.94937944 -13.78460598 112.35772705 3.14624643 -14.02210808 111.83689117 3.9452095 -13.74297047 112.38191986 3.13674331 -14.00510406 111.8826828 3.9404254 -13.70022774 112.4039917 3.1269877 -13.98595715 111.9275589 3.93503833 -13.65648174 112.42388153 3.11700273 -13.96471405 111.9713974 3.92906141 -13.61183643 112.44154358 3.10681272 -13.94142532 112.01409912 3.92250896 -13.56639957 112.4569397 3.09644222 -13.91614819 112.05557251 3.91539693 -13.52028084 112.47003174 3.0859158 -13.88894272 112.0956955 3.9077425 -13.4735918 112.48078156 3.07525945 -13.85987377 112.13439178 3.89956379 -13.42644405 112.48917389 3.06449842 -13.82901287 112.17156219 3.89088082 -13.86229515 111.54906464 4.65748358 -13.37895203 112.49518585 3.05365849 -13.79643345 112.20710754 3.88171458 -13.85887337 111.59801483 4.65633345 -13.33123016 112.49879456 3.04276633 -13.76221466 112.24095154 3.87208676 -13.85317802 111.64672852 4.6544199 -13.72643757 112.27301025 3.86202073 -13.84522343 111.69509125 4.6517477 -13.68918991 112.3032074 3.8515408 -13.8350296 111.74298096 4.64832258 -13.65056038 112.33146667 3.84067225 -13.82262039 111.7902832 4.64415312 -13.61064339 112.35772705 3.82944131 -13.80802536 111.83689117 4.6392498 -13.56953335 112.38191986 3.81787467 -13.79128075 111.8826828 4.63362408 -13.5273304 112.4039917 3.80600071 -13.77242661 111.9275589 4.6272893 -13.48413563 112.42388153 3.79384756 -13.75150776 111.9713974 4.62026072 -13.44005394 112.44154358 3.78144479 -13.72857475 112.01409912 4.6125555 -13.39519024 112.4569397 3.76882219 -13.7036829 112.05557251 4.60419273 -13.3496542 112.47003174 3.75601029 -13.67689228 112.0956955 4.59519148 -13.30355358 112.48078156 3.74303985 -13.64826775 112.13439178 4.58557415 -13.25700188 112.48917389 3.72994184 -13.61787796 112.17156219 4.57536364 -13.61290741 111.54906464 5.34267235 -13.21010876 112.49518585 3.71674848 -13.58579636 112.20710754 4.56458473 -13.60954571 111.59801483 5.34135342 -13.16298866 112.49879456 3.70349097 -13.55209923 112.24095154 4.55326319 -13.60395336 111.64672852 5.33915806 -13.51686859 112.27301025 4.54142618 -13.59614182 111.69509125 5.33609247 -13.48018932 112.3032074 4.5291028 -13.5861311 111.74298096 5.33216381 -13.44215012 112.33146667 4.51632214 -13.57394505 111.7902832 5.32738113 -13.40284252 112.35772705 4.50311565 -13.55961323 111.83689117 5.32175636 -13.36236 112.38191986 4.48951435 -13.54316998 111.8826828 5.31530237 -13.32080078 112.4039917 4.47555113 -13.52465439 111.9275589 5.30803585 -13.27826595 112.42388153 4.46126032 -13.50411224 111.9713974 5.29997349 -13.23485756 112.44154358 4.4466753 -13.48159218 112.01409912 5.29113483 -13.1906786 112.4569397 4.43183231 -13.4571476 112.05557251 5.28154135 -13.14583778 112.47003174 4.41676664 -13.43083954 112.0956955 5.27121592 -13.10044193 112.48078156 4.40151405 -13.40272999 112.13439178 5.26018381 -13.05459976 112.48917389 4.38611221 -13.37288666 112.17156219 5.24847126 -13.32967472 111.54906464 6.01457834 -13.00842285 112.49518585 4.37059784 -13.34138203 112.20710754 5.2361064 -13.32638359 111.59801483 6.01309347 -12.96202278 112.49879456 4.35500813 -13.30829144 112.24095154 5.22311926 -13.32090759 111.64672852 6.0106225 -13.27369499 112.27301025 5.20954132 -13.31325912 111.69509125 6.00717115 -13.23767567 112.3032074 5.19540501 -13.30345631 111.74298096 6.00274801 -13.20032024 112.33146667 5.18074417 -13.29152393 111.7902832 5.99736404 -13.16171932 112.35772705 5.1655941 -13.27749062 111.83689117 5.99103165 -13.12196541 112.38191986 5.14999199 -13.26138878 111.8826828 5.98376656 -13.08115482 112.4039917 5.13397503 -13.24325848 111.9275589 5.97558594 -13.03938484 112.42388153 5.11758137 -13.22314358 111.9713974 5.96650982 -12.99675655 112.44154358 5.10085106 -13.20109177 112.01409912 5.95655966 -12.95337296 112.4569397 5.08382416 -13.17715645 112.05557251 5.9457593 -12.90933895 112.47003174 5.06654215 -13.1513958 112.0956955 5.93413591 -12.86475945 112.48078156 5.04904604 -13.12387085 112.13439178 5.92171621 -12.8197422 112.48917389 5.03137827 -13.09464836 112.17156219 5.90853024 -13.01330376 111.54906464 6.6715312 -12.77439594 112.49518585 5.01358128 -13.0637989 112.20710754 5.89461088 -13.01008987 111.59801483 6.6698842 -12.72883034 112.49879456 4.99569798 -13.03139687 112.24095154 5.8799901 -13.00474358 111.64672852 6.66714287 -12.99752045 112.27301025 5.86470461 -12.99727631 111.69509125 6.66331482 -12.96225071 112.3032074 5.84879017 -12.98770714 111.74298096 6.65840864 -12.92567253 112.33146667 5.83228588 -12.97605801 111.7902832 6.65243673 -12.8878746 112.35772705 5.81523085 -12.96235657 111.83689117 6.64541245 -12.84894848 112.38191986 5.79766607 -12.94663811 111.8826828 6.6373539 -12.80898666 112.4039917 5.77963448 -12.92893791 111.9275589 6.62827969 -12.76808548 112.42388153 5.76117945 -12.90929985 111.9713974 6.61821222 -12.72634411 112.44154358 5.74234533 -12.88777161 112.01409912 6.60717535 -12.68386364 112.4569397 5.72317696 -12.86440468 112.05557251 6.59519529 -12.64074516 112.47003174 5.70372152 -12.83925533 112.0956955 6.58230209 -12.59709358 112.48078156 5.68402481 -12.81238365 112.13439178 6.56852579 -12.55301285 112.48917389 5.66413498 -12.78385448 112.17156219 6.55390024 -12.66457844 111.54906464 7.31189775 -12.50861073 112.49518585 5.64410019 -12.75373745 112.20710754 6.53845978 -12.66145134 111.59801483 7.31009245 -12.46399307 112.49879456 5.62396765 -12.72210503 112.24095154 6.52224255 -12.65624809 111.64672852 7.30708838 -12.68903255 112.27301025 6.50528717 -12.64898109 111.69509125 7.30289268 -12.65459919 112.3032074 6.48763466 -12.63966751 111.74298096 7.29751539 -12.61888981 112.33146667 6.46932745 -12.62833118 111.7902832 7.29097033 -12.58198929 112.35772705 6.45040941 -12.61499691 111.83689117 7.28327227 -12.54398632 112.38191986 6.43092632 -12.59969902 111.8826828 7.27443981 -12.50497246 112.4039917 6.41092539 -12.58247375 111.9275589 7.26449442 -12.46504307 112.42388153 6.39045429 -12.56336212 111.9713974 7.25346041 -12.42429256 112.44154358 6.3695631 -12.54241085 112.01409912 7.24136448 -12.38281918 112.4569397 6.34830093 -12.51966953 112.05557251 7.22823477 -12.34072495 112.47003174 6.32672024 -12.49519444 112.0956955 7.2141037 -12.29810905 112.48078156 6.30487251 -12.46904278 112.13439178 7.19900513 -12.2550745 112.48917389 6.28281021 -12.44127846 112.17156219 7.18297577 -12.28436756 111.54906464 7.93408537 -12.21172619 112.49518585 6.26058674 -12.41196823 112.20710754 7.1660533 -12.28133392 111.59801483 7.93212652 -12.16816711 112.49879456 6.2382555 -12.38118362 112.24095154 7.14827967 -12.27628708 111.64672852 7.92886686 -12.34899712 112.27301025 7.12969685 -12.26923847 111.69509125 7.92431402 -12.31548691 112.3032074 7.11034966 -12.26020432 111.74298096 7.91847944 -12.28073406 112.33146667 7.0902853 -12.2492075 111.7902832 7.91137743 -12.2448225 112.35772705 7.06955147 -12.23627472 111.83689117 7.9030242 -12.20783806 112.38191986 7.04819822 -12.22143555 111.8826828 7.89344025 -12.16986942 112.4039917 7.02627754 -12.20472717 111.9275589 7.88264894 -12.13101006 112.42388153 7.00384188 -12.18618965 111.9713974 7.87067604 -12.09135151 112.44154358 6.98094511 -12.16586781 112.01409912 7.85755014 -12.0509901 112.4569397 6.95764256 -12.14380932 112.05557251 7.84330368 -12.01002312 112.47003174 6.93399 -12.12006855 112.0956955 7.82797003 -11.96854973 112.48078156 6.91004515 -12.09470177 112.13439178 7.81158686 -11.92666817 112.48917389 6.88586521 -12.06777096 112.17156219 7.79419327 -11.87361526 111.54906464 8.53654766 -11.88448143 112.49518585 6.86150837 -12.03934097 112.20710754 7.77583122 -11.87068367 111.59801483 8.53444004 -11.84208965 112.49879456 6.83703375 -12.00948048 112.24095154 7.75654459 -11.86580563 111.64672852 8.53093338 -11.97826004 112.27301025 7.73638058 -11.85899258 111.69509125 8.52603436 -11.94575596 112.3032074 7.71538734 -11.85026073 111.74298096 8.51975727 -11.91204643 112.33146667 7.69361544 -11.83963108 111.7902832 8.51211548 -11.87721252 112.35772705 7.67111731 -11.82713032 111.83689117 8.50312805 -11.84133911 112.38191986 7.64794731 -11.81278801 111.8826828 8.49281597 -11.80451012 112.4039917 7.62416124 -11.79663849 111.9275589 8.48120594 -11.76681709 112.42388153 7.59981632 -11.77872086 111.9713974 8.46832371 -11.72834969 112.44154358 7.5749712 -11.75907803 112.01409912 8.45420074 -11.68919945 112.4569397 7.54968548 -11.73775673 112.05557251 8.43887234 -11.6494627 112.47003174 7.52402067 -11.71481037 112.0956955 8.42237473 -11.60923386 112.48078156 7.49803829 -11.69029236 112.13439178 8.40474796 -11.56861019 112.48917389 7.4718008 -11.66426182 112.17156219 8.38603306 -11.43334389 111.54906464 9.11778736 -11.52768993 112.49518585 7.44537163 -11.63678265 112.20710754 8.36627674 -11.43052101 111.59801483 9.11553574 -11.48657131 112.49879456 7.41881418 -11.60791969 112.24095154 8.34552574 -11.42582321 111.64672852 9.1117897 -11.57774353 112.27301025 8.3238306 -11.41926289 111.69509125 9.10655785 -11.54632664 112.3032074 8.30124283 -11.41085529 111.74298096 9.09985352 -11.51374435 112.33146667 8.27781773 -11.40062046 111.7902832 9.09169102 -11.48007488 112.35772705 8.25361156 -11.38858318 111.83689117 9.08209133 -11.44540024 112.38191986 8.22868252 -11.37477207 111.8826828 9.0710783 -11.40980339 112.4039917 8.20308971 -11.35922146 111.9275589 9.05867672 -11.37337017 112.42388153 8.1768961 -11.34196758 111.9713974 9.04491711 -11.33618927 112.44154358 8.1501646 -11.32305336 112.01409912 9.02983379 -11.29834843 112.4569397 8.12295914 -11.30252266 112.05557251 9.01346111 -11.25994015 112.47003174 8.0953455 -11.28042698 112.0956955 8.99584007 -11.22105694 112.48078156 8.06739044 -11.25681782 112.13439178 8.97701263 -11.18179131 112.48917389 8.03916073 -11.2317524 112.17156219 8.95702362 -10.96464729 111.54906464 9.67635822 -11.14223957 112.49518585 8.01072407 -11.2052927 112.20710754 8.93592262 -10.96193981 111.59801483 9.67396927 -11.10249519 112.49879456 7.98215055 -11.17749977 112.24095154 8.91375828 -10.95743465 111.64672852 9.6699934 -11.14844227 112.27301025 8.8905859 -10.95114326 111.69509125 9.66444111 -11.11819077 112.3032074 8.8664608 -10.94307995 111.74298096 9.65732574 -11.08681583 112.33146667 8.84144115 -10.93326473 111.7902832 9.64866352 -11.05439568 112.35772705 8.81558609 -10.9217205 111.83689117 9.63847637 -11.02100658 112.38191986 8.7889595 -10.90847683 111.8826828 9.62678719 -10.98672962 112.4039917 8.76162434 -10.89356327 111.9275589 9.61362648 -10.95164776 112.42388153 8.73364735 -10.87701702 111.9713974 9.59902477 -10.91584492 112.44154358 8.70509624 -10.85887814 112.01409912 9.5830164 -10.87940788 112.4569397 8.67603779 -10.83918953 112.05557251 9.5656414 -10.84242344 112.47003174 8.64654446 -10.81799889 112.0956955 9.5469408 -10.80498123 112.48078156 8.61668491 -10.7953577 112.13439178 9.52695942 -10.76717281 112.48917389 8.58653355 -10.77132034 112.17156219 9.50574684 -10.46868992 111.54906464 10.21087265 -10.72908688 112.49518585 8.55616093 -10.74594402 112.20710754 9.48335171 -10.46610546 111.59801483 10.20835114 -10.69081688 112.49879456 8.52564144 -10.71929073 112.24095154 9.45983028 -10.46180439 111.64672852 10.20415592 -10.69142532 112.27301025 9.43523884 -10.4557972 111.69509125 10.1982975 -10.66241264 112.3032074 9.40963554 -10.44809914 111.74298096 10.19078827 -10.63232517 112.33146667 9.38308239 -10.43872738 111.7902832 10.1816473 -10.60123348 112.35772705 9.35564423 -10.42770576 111.83689117 10.17089748 -10.56921291 112.38191986 9.3273859 -10.415061 111.8826828 10.15856361 -10.53634167 112.4039917 9.29837704 -10.40082169 111.9275589 10.14467525 -10.50269794 112.42388153 9.26868534 -10.38502407 111.9713974 10.12926674 -10.46836281 112.44154358 9.2383852 -10.36770535 112.01409912 10.11237431 -10.43341923 112.4569397 9.20754719 -10.34890747 112.05557251 10.09403896 -10.39795113 112.47003174 9.17624569 -10.32867527 112.0956955 10.07430553 -10.36204433 112.48078156 9.14455795 -10.30705833 112.13439178 10.05322075 -10.32578468 112.48917389 9.11255932 -10.28410816 112.17156219 10.03083611 -9.94670677 111.54906464 10.72000027 -10.28925991 112.49518585 9.08032608 -10.25988007 112.20710754 10.00720501 -9.94425106 111.59801483 10.71735382 -10.25255871 112.49879456 9.04793739 -10.23443222 112.24095154 9.98238373 -9.94016457 111.64672852 10.71294975 -10.20782661 112.27301025 9.9564333 -9.93445683 111.69509125 10.70679855 -10.18012714 112.3032074 9.9294157 -9.92714214 111.74298096 10.69891453 -10.15140057 112.33146667 9.9013958 -9.91823864 111.7902832 10.68931866 -10.12171459 112.35772705 9.87244225 -9.90776634 111.83689117 10.67803192 -10.09114265 112.38191986 9.84262276 -9.895751 111.8826828 10.66508293 -10.05975819 112.4039917 9.81201172 -9.88222218 111.9275589 10.65050316 -10.02763653 112.42388153 9.78068066 -9.8672123 111.9713974 10.63432598 -9.99485397 112.44154358 9.74870586 -9.8507576 112.01409912 10.61659145 -9.96149063 112.4569397 9.71616364 -9.83289623 112.05557251 10.59734249 -9.92762756 112.47003174 9.68313408 -9.81367302 112.0956955 10.57662487 -9.89334488 112.48078156 9.64969635 -9.79313374 112.13439178 10.55448818 -9.85872555 112.48917389 9.6159296 -9.77132797 112.17156219 10.53098774 -9.39999485 111.54906464 11.20247746 -9.82385349 112.49518585 9.58191586 -9.74830818 112.20710754 10.5061779 -9.39767361 111.59801483 11.19971085 -9.78881168 112.49879456 9.54773712 -9.72412968 112.24095154 10.48011971 -9.39381123 111.64672852 11.19510841 -9.69885063 112.27301025 10.45287514 -9.3884182 111.69509125 11.18868065 -9.67253208 112.3032074 10.42451 -9.38150501 111.74298096 11.18044281 -9.64523697 112.33146667 10.39509392 -9.37309074 111.7902832 11.17041397 -9.61703205 112.35772705 10.36469555 -9.36319447 111.83689117 11.15861988 -9.58798504 112.38191986 10.33339024 -9.35183907 111.8826828 11.1450882 -9.5581646 112.4039917 10.30125141 -9.33905411 111.9275589 11.12985134 -9.52764416 112.42388153 10.26835823 -9.32486916 111.9713974 11.11294651 -9.49649715 112.44154358 10.23478985 -9.30931854 112.01409912 11.09441376 -9.46479702 112.4569397 10.20062542 -9.29243946 112.05557251 11.0742979 -9.43262196 112.47003174 10.16594887 -9.27427292 112.0956955 11.05264854 -9.40004826 112.48078156 10.13084316 -9.25486279 112.13439178 11.02951622 -9.36715603 112.48917389 10.09539318 -9.23425579 112.17156219 11.0049572 -8.82991219 111.54906464 11.65710258 -9.33402252 112.49518585 10.0596838 -9.21250057 112.20710754 10.97903061 -8.82773209 111.59801483 11.6542244 -9.30072784 112.49879456 10.02380085 -9.18965054 112.24095154 10.95179939 -8.82410431 111.64672852 11.64943504 -9.16576099 112.27301025 10.92332935 -8.81903744 111.69509125 11.64274597 -9.14088917 112.3032074 10.89368725 -8.81254387 111.74298096 11.63417339 -9.11509514 112.33146667 10.86294746 -8.80463982 111.7902832 11.62373829 -9.08843994 112.35772705 10.83118153 -8.7953434 111.83689117 11.61146545 -9.06098938 112.38191986 10.79846668 -8.78467751 111.8826828 11.59738445 -9.0328083 112.4039917 10.76488209 -8.77266788 111.9275589 11.58152962 -9.00396538 112.42388153 10.73050785 -8.75934315 111.9713974 11.56393814 -8.97453022 112.44154358 10.69542789 -8.74473572 112.01409912 11.54465389 -8.94457245 112.4569397 10.65972614 -8.72887993 112.05557251 11.52372169 -8.9141655 112.47003174 10.62348938 -8.71181488 112.0956955 11.50119305 -8.8833828 112.48078156 10.58680344 -8.69358253 112.13439178 11.47712231 -8.85229778 112.48917389 10.54975796 -8.67422485 112.17156219 11.4515667 -8.23787689 111.54906464 12.08274651 -8.82098579 112.49518585 10.51244068 -8.65378952 112.20710754 11.4245882 -8.23584366 111.59801483 12.07976341 -8.78952122 112.49879456 10.47494316 -8.63232517 112.24095154 11.39625168 -8.23245907 111.64672852 12.07479954 -8.60988426 112.27301025 11.36662579 -8.2277317 111.69509125 12.06786633 -8.58652115 112.3032074 11.33578205 -8.22167397 111.74298096 12.05898094 -8.56229115 112.33146667 11.30379391 -8.2142992 111.7902832 12.04816437 -8.53725243 112.35772705 11.2707386 -8.20562649 111.83689117 12.03544331 -8.51146698 112.38191986 11.23669624 -8.19567585 111.8826828 12.02084827 -8.48499489 112.4039917 11.20174885 -8.18447113 111.9275589 12.00441456 -8.457901 112.42388153 11.16597939 -8.17203999 111.9713974 11.98618126 -8.43025112 112.44154358 11.12947655 -8.15841198 112.01409912 11.96619225 -8.4021101 112.4569397 11.09232616 -8.14361954 112.05557251 11.94449615 -8.37354755 112.47003174 11.05461788 -8.1276989 112.0956955 11.92114449 -8.3446312 112.48078156 11.01644325 -8.11068821 112.13439178 11.89619446 -8.31543159 112.48917389 10.97789383 -8.09262848 112.17156219 11.86970615 -7.62536192 111.54906464 12.47835159 -8.28601837 112.49518585 10.93906307 -8.07356358 112.20710754 11.84174252 -7.62347889 111.59801483 12.47527027 -8.2564621 112.49879456 10.90004349 -8.05353832 112.24095154 11.81237125 -7.62034607 111.64672852 12.47014332 -8.03260231 112.27301025 11.78166389 -7.61597061 111.69509125 12.46298313 -8.01080513 112.3032074 11.74969292 -7.61036301 111.74298096 12.45380688 -7.98819971 112.33146667 11.71653652 -7.60353708 111.7902832 12.44263649 -7.96484041 112.35772705 11.68227482 -7.59550905 111.83689117 12.42949963 -7.94078302 112.38191986 11.64698982 -7.58629799 111.8826828 12.41442585 -7.9160862 112.4039917 11.61076546 -7.5759263 111.9275589 12.39745426 -7.89080906 112.42388153 11.57369137 -7.56441927 111.9713974 12.37862396 -7.86501265 112.44154358 11.53585434 -7.55180454 112.01409912 12.35798073 -7.83875895 112.4569397 11.49734783 -7.53811216 112.05557251 12.33557415 -7.81211138 112.47003174 11.4582634 -7.52337551 112.0956955 12.31145763 -7.78513432 112.48078156 11.4186945 -7.50762939 112.13439178 12.28569126 -7.75789213 112.48917389 11.37873745 -7.49091244 112.17156219 12.25833511 -6.99388838 111.54906464 12.8429327 -7.73045063 112.49518585 11.33848858 -7.47326517 112.20710754 12.22945595 -6.99216175 111.59801483 12.83976173 -7.70287657 112.49879456 11.29804516 -7.45472908 112.24095154 12.19912338 -6.98928785 111.64672852 12.83448505 -7.43534946 112.27301025 12.1674099 -6.98527479 111.69509125 12.82711601 -7.41517305 112.3032074 12.13439274 -6.98013163 111.74298096 12.81767178 -7.39424849 112.33146667 12.10015106 -6.97387075 111.7902832 12.80617428 -7.37262583 112.35772705 12.06476784 -6.96650743 111.83689117 12.79265308 -7.35035753 112.38191986 12.02832699 -6.95805931 111.8826828 12.77713966 -7.32749701 112.4039917 11.99091721 -6.94854689 111.9275589 12.75967216 -7.30409908 112.42388153 11.95262814 -6.93799305 111.9713974 12.7402916 -7.28022099 112.44154358 11.91355324 -6.9264226 112.01409912 12.71904469 -7.25591946 112.4569397 11.87378597 -6.91386414 112.05557251 12.69598389 -7.23125315 112.47003174 11.83342075 -6.90034771 112.0956955 12.67116356 -7.20628166 112.48078156 11.79255676 -6.88590574 112.13439178 12.64464378 -7.18106508 112.48917389 11.75129223 -6.87057352 112.17156219 12.61648846 -6.34502697 111.54906464 13.17558479 -7.15566444 112.49518585 11.70972538 -6.85438728 112.20710754 12.58676529 -6.34346056 111.59801483 13.17233086 -7.1301403 112.49879456 11.66795731 -6.83738613 112.24095154 12.55554676 -6.34085369 111.64672852 13.1669178 -6.81961155 112.27301025 12.52290726 -6.33721256 111.69509125 13.15935802 -6.80110598 112.3032074 12.48892498 -6.33254671 111.74298096 13.14966869 -6.78191423 112.33146667 12.4536829 -6.32686663 111.7902832 13.1378746 -6.7620821 112.35772705 12.41726494 -6.32018661 111.83689117 13.12400246 -6.74165773 112.38191986 12.37975979 -6.31252241 111.8826828 13.10808754 -6.72069025 112.4039917 12.3412571 -6.30389214 111.9275589 13.09016705 -6.69923019 112.42388153 12.30184937 -6.29431725 111.9713974 13.07028484 -6.67732954 112.44154358 12.26163292 -6.28382063 112.01409912 13.04848766 -6.65504026 112.4569397 12.22070312 -6.27242708 112.05557251 13.02482891 -6.63241673 112.47003174 12.17915916 -6.26016474 112.0956955 12.99936581 -6.60951328 112.48078156 12.13710117 -6.24706268 112.13439178 12.97215939 -6.58638477 112.48917389 12.0946312 -6.23315239 112.17156219 12.9432745 -5.68039083 111.54906464 13.47548008 -6.56308746 112.49518585 12.05184937 -6.21846819 112.20710754 12.91278172 -5.67898846 111.59801483 13.47215271 -6.53967714 112.49879456 12.00886154 -6.20304441 112.24095154 12.88075447 -5.67665482 111.64672852 13.46661568 -6.18691874 112.27301025 12.84726906 -5.67339516 111.69509125 13.45888329 -6.17013025 112.3032074 12.81240749 -5.66921806 111.74298096 13.44897366 -6.15271902 112.33146667 12.77625275 -5.66413307 111.7902832 13.43691158 -6.134727 112.35772705 12.7388916 -5.65815258 111.83689117 13.42272377 -6.11619711 112.38191986 12.70041466 -5.65129089 111.8826828 13.40644646 -6.09717512 112.4039917 12.66091442 -5.64356518 111.9275589 13.38811779 -6.07770586 112.42388153 12.62048626 -5.63499308 111.9713974 13.36778259 -6.05783701 112.44154358 12.5792284 -5.62559557 112.01409912 13.3454895 -6.03761578 112.4569397 12.53723812 -5.61539602 112.05557251 13.32129288 -6.01709127 112.47003174 12.49461842 -5.6044178 112.0956955 13.29524994 -5.99631262 112.48078156 12.45147133 -5.59268808 112.13439178 13.26742458 -5.97532988 112.48917389 12.40790081 -5.58023548 112.17156219 13.23788261 -5.00163269 111.54906464 13.74187279 -5.95419407 112.49518585 12.36401081 -5.56708908 112.20710754 13.20669556 -5.00039768 111.59801483 13.73847961 -5.93295574 112.49879456 12.3199091 -5.55328083 112.24095154 13.17393875 -4.99834251 111.64672852 13.73283386 -5.53884459 112.27301025 13.13969135 -4.99547291 111.69509125 13.72494888 -5.5238142 112.3032074 13.10403633 -4.99179459 111.74298096 13.7148428 -5.50822687 112.33146667 13.06705856 -4.98731709 111.7902832 13.70254135 -5.49211931 112.35772705 13.02884674 -4.98205137 111.83689117 13.68807411 -5.4755311 112.38191986 12.98949432 -4.97600985 111.8826828 13.67147446 -5.45850134 112.4039917 12.94909477 -4.96920681 111.9275589 13.65278435 -5.44107151 112.42388153 12.90774727 -4.96165943 111.9713974 13.6320467 -5.42328405 112.44154358 12.86554909 -4.95338488 112.01409912 13.60931301 -5.40518093 112.4569397 12.82260418 -4.94440365 112.05557251 13.58463764 -5.38680601 112.47003174 12.77901363 -4.93473768 112.0956955 13.55807972 -5.36820412 112.48078156 12.73488426 -4.92440939 112.13439178 13.52970409 -5.34941912 112.48917389 12.69032192 -4.91344452 112.17156219 13.49957848 -4.31043959 111.54906464 13.97410107 -5.33049726 112.49518585 12.64543343 -4.9018693 112.20710754 13.46777534 -4.30937529 111.59801483 13.97065067 -5.31148386 112.49879456 12.60032845 -4.88971138 112.24095154 13.43437099 -4.30760431 111.64672852 13.96490955 -4.87699986 112.27301025 13.39944649 -4.30513096 111.69509125 13.95689106 -4.86376572 112.3032074 13.36308575 -4.30196095 111.74298096 13.94661522 -4.85004044 112.33146667 13.32537746 -4.29810238 111.7902832 13.93410587 -4.83585787 112.35772705 13.28641033 -4.29356432 111.83689117 13.91939354 -4.82125187 112.38191986 13.24627972 -4.28835773 111.8826828 13.9025135 -4.80625677 112.4039917 13.20508194 -4.28249454 111.9275589 13.88350677 -4.79090977 112.42388153 13.16291714 -4.27599001 111.9713974 13.86241913 -4.77524757 112.44154358 13.11988449 -4.26885939 112.01409912 13.83930206 -4.75930786 112.4569397 13.07608986 -4.26111937 112.05557251 13.81420898 -4.74312878 112.47003174 13.0316391 -4.25278902 112.0956955 13.78720284 -4.72674942 112.48078156 12.98663712 -4.2438879 112.13439178 13.75834751 -4.71020937 112.48917389 12.94119358 -4.23443842 112.17156219 13.72771263 -3.60852981 111.54906464 14.17158794 -4.6935482 112.49518585 12.89541817 -4.22446251 112.20710754 13.69537163 -3.60763884 111.59801483 14.16808891 -4.67680645 112.49879456 12.84942055 -4.21398497 112.24095154 13.6614027 -3.60615611 111.64672852 14.16226673 -4.20303011 112.27301025 13.62588882 -3.60408568 111.69509125 14.15413475 -4.19162464 112.3032074 13.58891392 -3.60143185 111.74298096 14.143713 -4.17979622 112.33146667 13.55056763 -3.59820175 111.7902832 14.13102722 -4.16757393 112.35772705 13.51094246 -3.59440255 111.83689117 14.11610699 -4.1549859 112.38191986 13.47013378 -3.59004354 111.8826828 14.09898853 -4.14206314 112.4039917 13.42823982 -3.5851357 111.9275589 14.07971382 -4.12883711 112.42388153 13.38536167 -3.57969022 111.9713974 14.05832767 -4.11533928 112.44154358 13.34160233 -3.57372046 112.01409912 14.0348835 -4.10160208 112.4569397 13.29706764 -3.56724072 112.05557251 14.00943661 -4.08765888 112.47003174 13.25186443 -3.56026697 112.0956955 13.98204803 -4.07354307 112.48078156 13.20610237 -3.55281568 112.13439178 13.95278454 -4.05928898 112.48917389 13.15989113 -3.54490471 112.17156219 13.92171669 -2.89764857 111.54906464 14.33384228 -4.04493046 112.49518585 13.11334229 -3.53655338 112.20710754 13.88891888 -2.89693332 111.59801483 14.33030319 -4.03050232 112.49879456 13.06656742 -3.52778172 112.24095154 13.85447025 -2.89574265 111.64672852 14.3244133 -3.51861072 112.27301025 13.81845379 -2.89407992 111.69509125 14.31618881 -3.50906277 112.3032074 13.78095627 -2.89194918 111.74298096 14.30564785 -3.49916053 112.33146667 13.74206829 -2.88935518 111.7902832 14.29281712 -3.48892832 112.35772705 13.70188332 -2.88630462 111.83689117 14.27772617 -3.47839022 112.38191986 13.66049767 -2.88280439 111.8826828 14.26041126 -3.46757197 112.4039917 13.61801243 -2.8788631 111.9275589 14.2409153 -3.45649958 112.42388153 13.57452774 -2.8744905 111.9713974 14.21928501 -3.44519949 112.44154358 13.53015041 -2.86969686 112.01409912 14.1955719 -3.43369937 112.4569397 13.48498631 -2.86449361 112.05557251 14.16983414 -3.42202663 112.47003174 13.43914413 -2.85889363 112.0956955 14.14213181 -3.41020942 112.48078156 13.39273548 -2.85291028 112.13439178 14.11253357 -3.39827633 112.48917389 13.34587097 -2.84655786 112.17156219 14.08111 -2.17956352 111.54906464 14.46045971 -3.38625598 112.49518585 13.29866409 -2.83985162 112.20710754 14.04793644 -2.17902541 111.59801483 14.45688915 -3.37417746 112.49879456 13.25122833 -2.83280802 112.24095154 14.01309395 -2.17812991 111.64672852 14.45094776 -2.82544374 112.27301025 13.97666454 -2.17687941 111.69509125 14.44265079 -2.81777668 112.3032074 13.93873787 -2.17527652 111.74298096 14.43201637 -2.80982518 112.33146667 13.89940453 -2.17332554 111.7902832 14.41907215 -2.80160856 112.35772705 13.85875988 -2.17103076 111.83689117 14.40384769 -2.79314661 112.38191986 13.81690025 -2.1683979 111.8826828 14.3863802 -2.78445959 112.4039917 13.77392769 -2.16543341 111.9275589 14.36671257 -2.77556849 112.42388153 13.72994614 -2.16214442 111.9713974 14.34489059 -2.76649451 112.44154358 13.6850605 -2.15853858 112.01409912 14.32096863 -2.75726008 112.4569397 13.6393795 -2.15462494 112.05557251 14.29500294 -2.7478869 112.47003174 13.59301281 -2.1504128 112.0956955 14.26705647 -2.7383976 112.48078156 13.54607201 -2.14591217 112.13439178 14.23719692 -2.72881532 112.48917389 13.49867153 -2.14113402 112.17156219 14.20549488 -1.45605981 111.54906464 14.55112648 -2.71916294 112.49518585 13.45092392 -2.13608956 112.20710754 14.17202854 -1.45570028 111.59801483 14.54753399 -2.70946383 112.49879456 13.40294456 -2.13079166 112.24095154 14.13687801 -1.45510209 111.64672852 14.5415554 -2.12525225 112.27301025 14.10012722 -1.45426655 111.69509125 14.53320599 -2.11948514 112.3032074 14.06186581 -1.45319581 111.74298096 14.52250481 -2.11350441 112.33146667 14.02218533 -1.45189238 111.7902832 14.50947952 -2.10732388 112.35772705 13.98118019 -1.45035946 111.83689117 14.4941597 -2.10095882 112.38191986 13.93895149 -1.44860065 111.8826828 14.47658253 -2.09442472 112.4039917 13.89559937 -1.44662023 111.9275589 14.45679188 -2.08773685 112.42388153 13.85122871 -1.44442296 111.9713974 14.43483353 -2.08091164 112.44154358 13.8059473 -1.4420141 112.01409912 14.41076088 -2.07396555 112.4569397 13.7598629 -1.4393996 112.05557251 14.38463211 -2.06691527 112.47003174 13.71308613 -1.43658555 112.0956955 14.35651016 -2.0597775 112.48078156 13.66573143 -1.43357885 112.13439178 14.3264637 -2.05256987 112.48917389 13.61791134 -1.43038678 112.17156219 14.29456329 -0.72893602 111.54906464 14.60561657 -2.04530954 112.49518585 13.5697422 -1.42701697 112.20710754 14.26088715 -0.72875607 111.59801483 14.60201073 -2.03801394 112.49879456 13.52133942 -1.42347753 112.24095154 14.22551632 -0.72845656 111.64672852 14.59601021 -1.41977704 112.27301025 14.18853474 -0.72803831 111.69509125 14.58762932 -1.41592443 112.3032074 14.150033 -0.72750229 111.74298096 14.57688808 -1.41192889 112.33146667 14.11010361 -0.72684973 111.7902832 14.56381416 -1.40779996 112.35772705 14.06884193 -0.72608227 111.83689117 14.54843712 -1.40354788 112.38191986 14.02634811 -0.72520179 111.8826828 14.53079414 -1.39918268 112.4039917 13.98272514 -0.72421032 111.9275589 14.51092815 -1.39471483 112.42388153 13.93807602 -0.72311032 111.9713974 14.48888779 -1.39015532 112.44154358 13.89251041 -0.72190446 112.01409912 14.46472549 -1.38551497 112.4569397 13.84613609 -0.72059554 112.05557251 14.43849945 -1.3808049 112.47003174 13.7990675 -0.71918678 112.0956955 14.4102726 -1.37603664 112.48078156 13.75141525 -0.71768159 112.13439178 14.38011265 -1.37122154 112.48917389 13.70329571 -0.71608359 112.17156219 14.34809303 -1.36637127 112.49518585 13.65482426 -0.71439654 112.20710754 14.314291 -1.36149752 112.49879456 13.6061182 -0.71262467 112.24095154 14.27878761 -0.7107721 112.27301025 14.24166775 -0.70884335 112.3032074 14.203022 -0.70684308 112.33146667 14.16294289 -0.70477611 112.35772705 14.12152672 -0.70264739 112.38191986 14.07887363 -0.70046204 112.4039917 14.03508663 -0.69822538 112.42388153 13.99027061 -0.69594276 112.44154358 13.9445343 -0.69361967 112.4569397 13.89798641 -0.69126177 112.47003174 13.85074139 -0.68887466 112.48078156 13.8029108 -0.68646413 112.48917389 13.75461102 -0.68403596 112.49518585 13.70595837 -0.68159604 112.49879456 13.65707016</float_array>
          <technique_common>
            <accessor source="#pos_0-array" count="31170" stride="3">
              <param name="X" type="float"/>
              <param name="Y" type="float"/>
              <param name="Z" type="float"/>
            </accessor>
          </technique_common>
        </source>
        <vertices id="vert_0">
          <input semantic="POSITION" source="#pos_0"/>
        </vertices>
        <triangles count="20776" material="mat_0">
          <input semantic="VERTEX" source="#vert_0" offset="0"/>
          <p>0 1 2 3 4 5 6 7 8 6 8 9 10 11 7 10 7 6 12 11 10 12 13 11 14 13 12 14 15 13 16 15 14 16 17 15 18 17 16 18 19 17 20 19 18 20 21 19 22 21 20 22 23 21 24 25 23 24 23 22 26 25 24 26 27 25 28 27 26 28 29 27 30 31 29 30 29 28 32 33 31 32 31 30 34 33 32 34 35 33 36 35 34 36 37 35 38 9 39 38 6 9 40 41 37 40 37 36 42 10 6 42 6 38 43 41 40 43 44 41 45 12 10 45 10 42 46 47 44 46 44 43 48 14 12 48 12 45 49 47 46 49 50 47 51 14 48 51 16 14 52 53 50 52 50 49 54 18 16 54 16 51 55 53 52 55 56 53 57 18 54 57 20 18 58 56 55 58 59 56 60 22 20 60 20 57 61 59 58 61 62 59 63 24 22 63 22 60 64 62 61 64 65 62 66 26 24 66 24 63 67 68 65 67 65 64 69 26 66 69 28 26 70 68 67 70 71 68 72 30 28 72 28 69 73 71 70 73 74 71 75 30 72 75 32 30 76 74 73 76 77 74 78 32 75 78 34 32 79 77 76 79 80 77 81 34 78 81 36 34 82 38 39 82 39 83 84 80 79 84 85 80 86 40 36 86 36 81 87 38 82 87 42 38 88 85 84 88 89 85 88 90 89 88 91 90 92 43 40 92 40 86 93 45 42 93 42 87 94 43 92 94 46 43 95 48 45 95 45 93 96 49 46 96 46 94 97 51 48 97 48 95 98 49 96 98 52 49 99 51 97 99 54 51 100 52 98 100 55 52 101 57 54 101 54 99 102 58 55 102 55 100 103 60 57 103 57 101 104 61 58 104 58 102 105 60 103 105 63 60 106 64 61 106 61 104 107 63 105 107 66 63 108 67 64 108 64 106 109 69 66 109 66 107 110 67 108 110 70 67 111 72 69 111 69 109 111 75 72 112 73 70 112 70 110 113 75 111 114 76 73 114 73 112 115 78 75 115 75 113 116 76 114 116 79 76 117 81 78 117 78 115 118 82 83 118 83 119 120 79 116 120 84 79 121 81 117 121 86 81 122 82 118 122 87 82 123 84 120 123 88 84 123 91 88 123 124 91 125 92 86 125 86 121 126 87 122 126 93 87 127 94 92 127 92 125 128 95 93 128 93 126 129 94 127 129 96 94 130 99 97 130 95 128 130 97 95 131 96 129 131 98 96 132 99 130 133 98 131 133 100 98 134 99 132 134 101 99 135 102 100 135 100 133 136 101 134 136 105 103 136 103 101 137 104 102 137 102 135 138 105 136 139 106 104 139 104 137 140 105 138 140 107 105 141 106 139 141 108 106 142 109 107 142 107 140 143 108 141 143 110 108 144 109 142 144 111 109 145 110 143 145 112 110 146 111 144 146 113 111 147 112 145 147 114 112 148 113 146 148 115 113 149 114 147 149 116 114 150 117 115 150 115 148 151 118 119 151 152 153 151 119 152 154 116 149 154 120 116 155 121 117 155 117 150 156 118 151 156 122 118 157 123 120 157 124 123 157 120 154 157 158 124 159 121 155 159 125 121 160 126 122 160 122 156 161 127 125 161 125 159 162 126 160 162 128 126 163 129 127 163 127 161 164 130 128 164 128 162 165 129 163 165 131 129 166 130 164 166 132 130 167 133 131 167 131 165 168 132 166 168 134 132 169 133 167 169 135 133 170 134 168 170 136 134 171 135 169 171 137 135 172 136 170 172 138 136 173 137 171 173 139 137 174 138 172 174 140 138 174 142 140 175 141 139 175 139 173 176 142 174 177 141 175 177 143 141 178 142 176 178 144 142 179 145 143 179 143 177 180 144 178 180 148 146 180 146 144 181 145 179 181 147 145 182 148 180 183 149 147 183 147 181 183 154 149 184 150 148 184 148 182 185 151 153 186 154 183 187 155 150 187 150 184 188 160 156 188 151 185 188 156 151 189 157 154 189 158 157 189 154 186 189 190 158 191 155 187 191 159 155 192 160 188 193 161 159 193 159 191 194 160 192 194 162 160 195 163 161 195 161 193 196 162 194 196 164 162 197 165 163 197 163 195 198 166 164 198 164 196 199 167 165 199 165 197 200 168 166 200 166 198 201 169 167 201 167 199 202 168 200 202 170 168 203 171 169 203 173 171 203 169 201 204 170 202 204 172 170 205 173 203 206 172 204 206 174 172 207 173 205 207 175 173 208 174 206 208 176 174 209 175 207 209 177 175 210 178 176 210 176 208 211 177 209 211 179 177 212 178 210 212 182 180 212 180 178 213 181 179 213 179 211 214 182 212 215 181 213 215 183 181 216 182 214 216 184 182 217 153 218 217 185 153 219 183 215 219 186 183 220 184 216 220 187 184 221 185 217 221 188 185 222 186 219 222 189 186 222 190 189 222 223 190 224 193 191 224 187 220 224 191 187 225 192 188 225 188 221 226 193 224 227 194 192 227 192 225 228 195 193 228 193 226 229 194 227 229 196 194 230 197 195 230 195 228 231 198 196 231 196 229 232 199 197 232 201 199 232 197 230 233 198 231 233 200 198 234 201 232 235 202 200 235 200 233 236 201 234 236 203 201 236 205 203 237 204 202 237 202 235 238 205 236 239 204 237 239 206 204 240 205 238 240 207 205 241 206 239 241 208 206 242 207 240 242 209 207 242 211 209 243 208 241 243 210 208 244 211 242 245 212 210 245 210 243 246 213 211 246 211 244 247 214 212 247 212 245 248 213 246 248 219 215 248 215 213 249 216 214 249 214 247 250 218 251 250 217 218 252 219 248 253 220 216 253 216 249 254 217 250 254 221 217 254 225 221 255 256 223 255 223 222 255 219 252 255 222 219 257 220 253 257 224 220 258 225 254 259 224 257 259 226 224 260 225 258 260 227 225 261 228 226 261 226 259 262 229 227 262 227 260 263 230 228 263 228 261 264 229 262 264 231 229 265 234 232 265 232 230 265 230 263 266 231 264 266 233 231 266 235 233 267 234 265 268 235 266 269 236 234 269 234 267 270 237 235 270 235 268 271 236 269 271 238 236 272 239 237 272 237 270 272 241 239 273 240 238 273 238 271 274 241 272 274 243 241 275 240 273 275 242 240 276 243 274 277 242 275 277 244 242 278 243 276 278 245 243 279 246 244 279 244 277 280 247 245 280 245 278 281 246 279 281 248 246 282 249 247 282 253 249 282 247 280 283 251 284 283 250 251 285 248 281 285 252 248 286 253 282 287 254 250 287 250 283 288 289 256 288 252 285 288 256 255 288 255 252 290 257 253 290 253 286 290 259 257 291 254 287 291 258 254 291 260 258 292 259 290 293 260 291 294 261 259 294 259 292 295 264 262 295 262 260 295 260 293 296 263 261 296 261 294 297 264 295 298 265 263 298 263 296 299 264 297 299 268 266 299 266 264 300 267 265 300 265 298 301 268 299 302 269 267 302 267 300 302 271 269 303 270 268 303 268 301 304 271 302 305 270 303 305 272 270 306 271 304 306 273 271 307 272 305 307 274 272 308 277 275 308 273 306 308 275 273 309 276 274 309 274 307 310 277 308 310 279 277 311 276 309 311 278 276 312 279 310 313 278 311 313 280 278 314 279 312 314 281 279 315 280 313 315 282 280 316 284 317 316 283 284 318 281 314 318 285 281 318 288 285 319 282 315 319 286 282 320 287 283 320 283 316 321 322 289 321 288 318 321 289 288 323 290 286 323 286 319 324 287 320 324 291 287 325 290 323 325 292 290 326 293 291 326 291 324 327 296 294 327 292 325 327 294 292 328 295 293 328 293 326 329 296 327 330 295 328 330 297 295 331 300 298 331 296 329 331 298 296 332 299 297 332 297 330 333 300 331 334 301 299 334 299 332 335 302 300 335 300 333 336 303 301 336 301 334 337 304 302 337 302 335 338 303 336 338 305 303 339 306 304 339 304 337 340 307 305 340 305 338 341 308 306 341 306 339 342 309 307 342 307 340 343 308 341 343 310 308 344 311 309 344 309 342 345 310 343 345 312 310 346 311 344 346 313 311 347 312 345 347 314 312 347 318 314 348 319 315 348 313 346 348 315 313 349 316 317 349 317 350 351 318 347 352 319 348 353 320 316 353 316 349 353 324 320 354 355 322 354 322 321 354 318 351 354 321 318 356 323 319 356 319 352 357 324 353 358 323 356 358 325 323 359 324 357 359 326 324 360 327 325 360 325 358 361 326 359 361 328 326 362 327 360 362 329 327 363 330 328 363 328 361 363 332 330 364 329 362 364 331 329 365 332 363 365 334 332 366 331 364 366 333 331 367 334 365 368 335 333 368 337 335 368 333 366 369 336 334 369 338 336 369 334 367 370 337 368 371 338 369 372 339 337 372 337 370 373 338 371 373 340 338 374 341 339 374 339 372 375 340 373 375 342 340 376 343 341 376 341 374 377 342 375 377 346 344 377 344 342 378 343 376 378 345 343 379 346 377 380 345 378 380 347 345 381 352 348 381 346 379 381 348 346 382 353 349 382 350 383 382 349 350 384 347 380 384 351 347 385 356 352 385 352 381 386 353 382 387 388 355 387 351 384 387 355 354 387 354 351 389 356 385 390 357 353 390 353 386 390 359 357 391 358 356 391 356 389 392 359 390 393 358 391 393 360 358 394 361 359 394 359 392 394 363 361 395 360 393 395 362 360 395 364 362 396 363 394 397 364 395 398 363 396 398 365 363 399 368 366 399 364 397 399 366 364 400 365 398 400 367 365 401 368 399 402 367 400 402 369 367 403 370 368 403 368 401 404 371 369 404 369 402 405 372 370 405 374 372 405 370 403 406 373 371 406 371 404 407 374 405 408 373 406 408 377 375 408 375 373 409 376 374 409 374 407 410 377 408 411 380 378 411 376 409 411 378 376 412 377 410 412 379 377 413 380 411 414 381 379 414 379 412 415 383 416 415 382 383 417 380 413 417 384 380 417 387 384 418 389 385 418 385 381 418 381 414 419 390 386 419 386 382 419 382 415 420 421 388 420 387 417 420 388 387 422 389 418 423 390 419 424 389 422 424 391 389 425 394 392 425 392 390 425 390 423 426 391 424 426 393 391 426 395 393 427 394 425 428 395 426 429 398 396 429 394 427 429 396 394 430 397 395 430 395 428 431 398 429 431 400 398 432 401 399 432 397 430 432 399 397 433 400 431 433 402 400 434 403 401 434 401 432 435 402 433 436 403 434 437 402 435 437 404 402 438 403 436 438 405 403 439 406 404 439 404 437 440 407 405 440 405 438 441 406 439 441 408 406 442 407 440 442 409 407 443 410 408 443 408 441 444 409 442 444 413 411 444 411 409 445 412 410 445 410 443 446 413 444 447 414 412 447 412 445 448 419 415 448 449 450 448 416 449 448 415 416 451 413 446 451 417 413 451 420 417 452 418 414 452 414 447 453 419 448 453 423 419 454 455 421 454 421 420 454 420 451 456 418 452 456 422 418 457 423 453 458 424 422 458 422 456 459 425 423 459 427 425 459 423 457 460 424 458 460 426 424 461 427 459 462 426 460 462 428 426 463 429 427 463 427 461 463 431 429 464 428 462 464 430 428 465 431 463 465 433 431 466 430 464 466 432 430 467 435 433 467 433 465 468 432 466 468 434 432 469 437 435 469 435 467 470 436 434 470 434 468 471 437 469 472 436 470 472 438 436 473 437 471 473 441 439 473 439 437 474 438 472 474 440 438 475 443 441 475 441 473 476 444 442 476 440 474 476 442 440 477 443 475 478 444 476 479 445 443 479 443 477 480 446 444 480 444 478 481 447 445 481 445 479 481 452 447 482 448 450 482 453 448 483 451 446 483 446 480 484 452 481 485 453 482 486 487 455 486 455 454 486 451 483 486 454 451 488 452 484 488 456 452 489 453 485 489 457 453 490 456 488 490 458 456 491 457 489 491 459 457 492 460 458 492 458 490 493 461 459 493 459 491 494 460 492 494 464 462 494 462 460 495 465 463 495 461 493 495 463 461 496 464 494 497 465 495 497 467 465 498 464 496 498 466 464 498 468 466 499 467 497 499 469 467 500 468 498 501 469 499 502 468 500 502 470 468 502 472 470 503 469 501 503 471 469 504 472 502 505 473 471 505 471 503 506 472 504 506 474 472 506 476 474 507 473 505 507 475 473 508 478 476 508 476 506 509 475 507 509 477 475 510 480 478 510 478 508 511 477 509 511 479 477 512 480 510 513 481 479 513 479 511 514 482 450 514 450 515 516 483 480 516 480 512 517 484 481 517 481 513 518 482 514 518 489 485 518 485 482 519 483 516 519 520 487 519 486 483 519 487 486 521 484 517 521 488 484 522 489 518 523 490 488 523 488 521 524 491 489 524 489 522 525 492 490 525 490 523 526 493 491 526 491 524 527 492 525 527 494 492 528 493 526 528 495 493 529 496 494 529 494 527 530 495 528 530 497 495 531 496 529 531 498 496 532 497 530 532 499 497 533 500 498 533 498 531 534 501 499 534 499 532 535 500 533 535 502 500 536 501 534 536 503 501 537 502 535 537 504 502 538 503 536 538 505 503 539 506 504 539 504 537 540 509 507 540 505 538 540 507 505 541 506 539 541 508 506 542 509 540 543 508 541 543 510 508 544 509 542 544 511 509 545 510 543 545 512 510 546 511 544 546 517 513 546 513 511 547 514 515 547 548 549 547 515 548 550 512 545 550 516 512 551 521 517 551 517 546 552 514 547 552 518 514 553 554 520 553 520 519 553 519 516 553 516 550 555 521 551 556 522 518 556 518 552 557 523 521 557 525 523 557 521 555 558 522 556 558 524 522 559 525 557 560 526 524 560 524 558 561 525 559 561 527 525 561 529 527 562 526 560 562 528 526 563 529 561 564 530 528 564 528 562 565 529 563 565 531 529 566 532 530 566 530 564 567 531 565 567 533 531 567 535 533 568 534 532 568 532 566 569 535 567 569 537 535 570 534 568 570 536 534 571 537 569 572 536 570 572 538 536 573 541 539 573 537 571 573 539 537 574 540 538 574 538 572 575 541 573 576 540 574 576 542 540 577 541 575 577 543 541 577 545 543 578 544 542 578 542 576 579 550 545 579 545 577 580 546 544 580 544 578 581 547 549 582 550 579 583 551 546 583 546 580 584 552 547 584 547 581 585 553 550 585 586 554 585 550 582 585 554 553 587 555 551 587 551 583 588 552 584 588 556 552 589 557 555 589 555 587 590 558 556 590 556 588 591 559 557 591 557 589 592 558 590 592 560 558 592 562 560 593 561 559 593 559 591 594 562 592 595 565 563 595 561 593 595 563 561 596 562 594 596 564 562 597 565 595 598 564 596 598 566 564 599 565 597 599 567 565 600 568 566 600 566 598 601 567 599 601 569 567 602 568 600 602 572 570 602 570 568 603 569 601 603 571 569 604 572 602 605 571 603 605 573 571 606 572 604 606 574 572 606 576 574 607 575 573 607 573 605 608 576 606 608 578 576 609 575 607 609 577 575 610 578 608 611 577 609 611 579 577 612 583 580 612 578 610 612 580 578 613 549 614 613 581 549 615 579 611 615 582 579 616 583 612 617 581 613 617 584 581 618 585 582 618 619 586 618 582 615 618 586 585 620 589 587 620 587 583 620 583 616 621 588 584 621 584 617 622 589 620 623 588 621 623 590 588 624 593 591 624 591 589 624 589 622 625 592 590 625 590 623 626 593 624 627 592 625 627 596 594 627 594 592 628 593 626 628 595 593 629 598 596 629 596 627 630 595 628 630 597 595 630 599 597 631 598 629 632 599 630 632 601 599 633 600 598 633 598 631 634 601 632 635 602 600 635 600 633 636 601 634 636 603 601 637 602 635 637 604 602 638 603 636 638 605 603 639 606 604 639 604 637 640 609 607 640 605 638 640 607 605 641 608 606 641 606 639 642 609 640 643 608 641 643 610 608 644 609 642 644 611 609 644 615 611 645 610 643 645 612 610 645 616 612 646 613 614 646 614 647 648 615 644 649 616 645 650 613 646 650 617 613 651 652 619 651 615 648 651 618 615 651 619 618 653 620 616 653 616 649 654 621 617 654 617 650 655 620 653 655 622 620 656 621 654 656 623 621 657 622 655 657 624 622 658 625 623 658 623 656 659 626 624 659 624 657 660 625 658 660 627 625 661 628 626 661 630 628 661 626 659 662 627 660 662 629 627 663 630 661 664 631 629 664 629 662 665 632 630 665 630 663 666 631 664 666 633 631 667 634 632 667 632 665 668 635 633 668 637 635 668 633 666 669 634 667 669 636 634 670 637 668 671 638 636 671 636 669 672 637 670 672 639 637 673 638 671 673 640 638 674 639 672 674 641 639 675 642 640 675 640 673 676 643 641 676 641 674 677 642 675 677 644 642 678 643 676 678 645 643 679 680 681 679 647 680 679 646 647 682 644 677 682 648 644 683 645 678 683 649 645 684 646 679 684 654 650 684 650 646 685 686 652 685 648 682 685 652 651 685 651 648 687 649 683 687 653 649 688 654 684 689 653 687 689 655 653 690 656 654 690 654 688 691 655 689 691 657 655 692 656 690 692 658 656 693 659 657 693 657 691 694 660 658 694 658 692 695 661 659 695 663 661 695 659 693 696 662 660 696 660 694 697 663 695 698 664 662 698 662 696 699 663 697 699 665 663 700 664 698 700 666 664 701 665 699 701 667 665 702 666 700 702 668 666 703 667 701 703 669 667 704 668 702 704 670 668 705 669 703 705 671 669 706 672 670 706 670 704 707 671 705 707 673 671 708 674 672 708 672 706 709 675 673 709 673 707 710 678 676 710 674 708 710 676 674 711 675 709 711 677 675 712 678 710 713 679 681 714 677 711 714 682 677 715 687 683 715 678 712 715 683 678 716 684 679 716 679 713 717 718 686 717 682 714 717 686 685 717 685 682 719 687 715 720 688 684 720 684 716 721 687 719 721 689 687 722 688 720 722 690 688 723 691 689 723 689 721 724 690 722 724 692 690 725 691 723 725 693 691 726 694 692 726 696 694 726 692 724 727 693 725 727 695 693 728 698 696 728 696 726 729 697 695 729 695 727 730 698 728 731 699 697 731 697 729 732 698 730 732 700 698 733 699 731 733 701 699 734 700 732 734 702 700 735 701 733 735 703 701 736 702 734 736 704 702 737 703 735 737 705 703 738 706 704 738 704 736 739 707 705 739 705 737 740 706 738 740 708 706 741 707 739 741 709 707 742 708 740 742 710 708 743 709 741 743 711 709 744 710 742 744 712 710 745 681 746 745 713 681 747 711 743 747 714 711 748 715 712 748 712 744 749 713 745 749 716 713 750 751 718 750 714 747 750 718 717 750 717 714 752 715 748 752 719 715 753 716 749 753 720 716 754 719 752 754 721 719 755 722 720 755 720 753 756 721 754 756 723 721 757 724 722 757 722 755 758 723 756 758 725 723 759 724 757 759 726 724 760 725 758 760 727 725 761 730 728 761 726 759 761 728 726 762 729 727 762 727 760 763 730 761 764 731 729 764 729 762 765 730 763 765 732 730 766 733 731 766 731 764 767 734 732 767 736 734 767 732 765 768 735 733 768 733 766 769 736 767 770 735 768 770 737 735 771 738 736 771 736 769 772 739 737 772 737 770 773 740 738 773 738 771 774 739 772 774 741 739 775 742 740 775 740 773 776 741 774 776 743 741 777 742 775 777 744 742 777 748 744 778 746 779 778 749 745 778 745 746 780 743 776 780 747 743 781 748 777 782 753 749 782 749 778 783 784 751 783 747 780 783 751 750 783 750 747 785 748 781 785 754 752 785 752 748 786 753 782 787 754 785 788 753 786 788 755 753 788 757 755 789 754 787 789 756 754 789 758 756 790 757 788 790 759 757 791 758 789 792 759 790 792 761 759 793 758 791 793 760 758 794 761 792 795 760 793 795 762 760 796 761 794 796 763 761 797 764 762 797 762 795 798 767 765 798 763 796 798 765 763 799 766 764 799 768 766 799 764 797 800 767 798 801 768 799 802 769 767 802 767 800 803 770 768 803 768 801 804 769 802 804 771 769 805 770 803 805 774 772 805 772 770 806 773 771 806 771 804 807 774 805 808 773 806 808 775 773 809 774 807 809 776 774 810 777 775 810 775 808 811 779 812 811 778 779 813 776 809 813 780 776 814 781 777 814 777 810 815 782 778 815 778 811 816 817 784 816 780 813 816 784 783 816 783 780 818 785 781 818 781 814 819 782 815 819 786 782 820 785 818 820 787 785 821 786 819 821 790 788 821 788 786 822 787 820 822 789 787 822 791 789 823 790 821 824 791 822 825 792 790 825 790 823 825 794 792 826 791 824 826 793 791 827 794 825 828 793 826 828 795 793 828 797 795 829 796 794 829 794 827 830 797 828 830 799 797 831 796 829 831 798 796 832 799 830 833 798 831 833 800 798 834 801 799 834 799 832 835 800 833 835 802 800 836 803 801 836 801 834 837 804 802 837 802 835 838 805 803 838 803 836 839 806 804 839 804 837 840 807 805 840 809 807 840 805 838 841 808 806 841 806 839 842 809 840 843 810 808 843 808 841 844 811 812 844 812 845 846 809 842 846 813 809 847 810 843 847 814 810 848 815 811 848 811 844 849 850 817 849 813 846 849 817 816 849 816 813 851 814 847 851 818 814 852 815 848 852 819 815 853 820 818 853 818 851 854 821 819 854 819 852 855 820 853 855 822 820 856 825 823 856 823 821 856 821 854 857 822 855 857 824 822 858 825 856 859 824 857 859 826 824 860 825 858 860 827 825 861 828 826 861 826 859 862 827 860 862 829 827 863 828 861 863 830 828 864 831 829 864 829 862 865 830 863 865 832 830 866 831 864 866 833 831 867 832 865 867 834 832 868 833 866 868 835 833 869 836 834 869 834 867 870 837 835 870 835 868 870 839 837 871 838 836 871 836 869 872 839 870 873 840 838 873 838 871 874 839 872 874 843 841 874 841 839 875 842 840 875 840 873 876 843 874 877 844 845 877 878 879 877 845 878 880 846 842 880 842 875 881 847 843 881 843 876 881 851 847 882 848 844 882 852 848 882 844 877 883 846 880 883 884 850 883 849 846 883 850 849 885 851 881 886 852 882 887 853 851 887 851 885 888 854 852 888 856 854 888 852 886 889 853 887 889 855 853 889 857 855 890 856 888 891 857 889 892 856 890 892 858 856 893 857 891 893 859 857 894 860 858 894 858 892 895 859 893 895 861 859 895 863 861 896 860 894 896 862 860 897 863 895 897 865 863 898 864 862 898 866 864 898 862 896 899 865 897 900 866 898 900 868 866 901 865 899 901 867 865 901 869 867 902 868 900 903 869 901 904 872 870 904 870 868 904 868 902 905 869 903 905 871 869 906 872 904 907 873 871 907 871 905 907 875 873 908 874 872 908 876 874 908 872 906 909 880 875 909 875 907 910 876 908 911 877 879 912 880 909 913 876 910 913 885 881 913 881 876 914 882 877 914 877 911 915 880 912 915 883 880 915 916 884 915 884 883 917 885 913 918 882 914 918 886 882 919 885 917 919 887 885 920 888 886 920 886 918 921 891 889 921 887 919 921 889 887 922 890 888 922 888 920 923 891 921 924 890 922 924 892 890 925 891 923 925 893 891 925 895 893 926 892 924 926 894 892 927 895 925 927 897 895 928 896 894 928 894 926 929 899 897 929 897 927 930 896 928 930 898 896 931 899 929 932 898 930 932 900 898 933 899 931 933 901 899 933 903 901 934 900 932 934 902 900 935 903 933 936 902 934 936 904 902 937 903 935 937 905 903 938 904 936 938 906 904 939 909 907 939 905 937 939 907 905 940 906 938 940 908 906 941 909 939 942 910 908 942 908 940 943 879 944 943 911 879 945 912 909 945 915 912 945 909 941 946 913 910 946 910 942 947 911 943 947 914 911 948 915 945 948 916 915 948 949 916 950 917 913 950 913 946 951 918 914 951 914 947 952 917 950 952 919 917 953 920 918 953 918 951 954 919 952 954 921 919 955 920 953 955 922 920 956 921 954 956 923 921 957 924 922 957 922 955 958 923 956 958 925 923 959 924 957 959 926 924 960 927 925 960 925 958 961 928 926 961 926 959 962 927 960 962 929 927 963 930 928 963 928 961 964 929 962 964 931 929 965 930 963 965 932 930 966 931 964 966 933 931 967 932 965 967 934 932 968 933 966 968 935 933 969 934 967 969 936 934 970 935 968 970 937 935 971 938 936 971 936 969 972 937 970 972 939 937 973 938 971 973 940 938 974 939 972 974 941 939 975 940 973 975 942 940 976 977 978 976 944 977 976 943 944 979 945 941 979 941 974 980 942 975 980 946 942 981 943 976 981 947 943 982 945 979 982 948 945 982 949 948 982 983 949 984 950 946 984 946 980 985 951 947 985 953 951 985 947 981 986 952 950 986 950 984 987 953 985 988 954 952 988 952 986 989 953 987 989 955 953 990 954 988 990 956 954 990 958 956 991 957 955 991 955 989 992 958 990 993 959 957 993 961 959 993 957 991 994 958 992 994 960 958 995 961 993 996 962 960 996 960 994 997 961 995 997 963 961 998 964 962 998 962 996 999 963 997 999 965 963 1000 964 998 1000 966 964 1001 967 965 1001 965 999 1002 966 1000 1002 968 966 1003 969 967 1003 967 1001 1003 971 969 1004 968 1002 1004 970 968 1005 971 1003 1006 972 970 1006 970 1004 1007 971 1005 1007 973 971 1007 975 973 1008 972 1006 1008 974 972 1009 975 1007 1010 976 978 1011 974 1008 1011 979 974 1012 984 980 1012 975 1009 1012 980 975 1013 976 1010 1013 981 976 1014 983 982 1014 1015 983 1014 982 979 1014 979 1011 1016 986 984 1016 984 1012 1017 985 981 1017 981 1013 1018 986 1016 1019 985 1017 1019 987 985 1019 989 987 1020 988 986 1020 986 1018 1021 989 1019 1022 990 988 1022 988 1020 1023 991 989 1023 989 1021 1023 993 991 1024 990 1022 1024 992 990 1025 993 1023 1026 996 994 1026 994 992 1026 992 1024 1027 993 1025 1027 995 993 1028 996 1026 1029 995 1027 1029 999 997 1029 997 995 1030 996 1028 1030 998 996 1030 1000 998 1031 999 1029 1032 1000 1030 1033 999 1031 1033 1001 999 1033 1003 1001 1034 1002 1000 1034 1000 1032 1035 1003 1033 1036 1004 1002 1036 1002 1034 1036 1006 1004 1037 1003 1035 1037 1005 1003 1038 1006 1036 1038 1008 1006 1039 1007 1005 1039 1005 1037 1039 1009 1007 1040 1008 1038 1041 1009 1039 1042 1010 978 1042 978 1043 1042 1013 1010 1044 1008 1040 1044 1011 1008 1044 1014 1011 1045 1012 1009 1045 1009 1041 1046 1017 1013 1046 1013 1042 1047 1015 1014 1047 1048 1015 1047 1014 1044 1049 1012 1045 1049 1016 1012 1050 1017 1046 1051 1018 1016 1051 1016 1049 1052 1019 1017 1052 1017 1050 1053 1020 1018 1053 1018 1051 1054 1021 1019 1054 1019 1052 1055 1022 1020 1055 1020 1053 1056 1023 1021 1056 1021 1054 1057 1022 1055 1057 1024 1022 1058 1023 1056 1058 1025 1023 1059 1026 1024 1059 1024 1057 1060 1025 1058 1060 1027 1025 1061 1026 1059 1061 1028 1026 1062 1029 1027 1062 1027 1060 1063 1030 1028 1063 1028 1061 1064 1029 1062 1064 1031 1029 1065 1032 1030 1065 1030 1063 1066 1031 1064 1066 1035 1033 1066 1033 1031 1067 1032 1065 1067 1034 1032 1068 1037 1035 1068 1035 1066 1069 1034 1067 1069 1036 1034 1070 1037 1068 1071 1038 1036 1071 1036 1069 1072 1037 1070 1072 1039 1037 1073 1038 1071 1073 1040 1038 1074 1039 1072 1074 1041 1039 1075 1042 1043 1075 1076 1077 1075 1043 1076 1078 1044 1040 1078 1040 1073 1079 1041 1074 1079 1045 1041 1080 1042 1075 1080 1046 1042 1081 1082 1048 1081 1044 1078 1081 1048 1047 1081 1047 1044 1083 1045 1079 1083 1049 1045 1084 1050 1046 1084 1046 1080 1085 1051 1049 1085 1049 1083 1086 1054 1052 1086 1050 1084 1086 1052 1050 1087 1053 1051 1087 1051 1085 1088 1054 1086 1089 1055 1053 1089 1053 1087 1090 1054 1088 1090 1056 1054 1091 1057 1055 1091 1055 1089 1092 1056 1090 1092 1060 1058 1092 1058 1056 1093 1057 1091 1093 1061 1059 1093 1059 1057 1094 1060 1092 1095 1061 1093 1096 1062 1060 1096 1060 1094 1097 1063 1061 1097 1065 1063 1097 1061 1095 1098 1062 1096 1098 1064 1062 1099 1065 1097 1100 1066 1064 1100 1064 1098 1101 1065 1099 1101 1067 1065 1102 1066 1100 1102 1068 1066 1103 1069 1067 1103 1067 1101 1103 1071 1069 1104 1068 1102 1104 1070 1068 1105 1071 1103 1105 1073 1071 1106 1070 1104 1106 1072 1070 1106 1074 1072 1107 1073 1105 1108 1074 1106 1109 1080 1075 1109 1075 1077 1110 1073 1107 1110 1078 1073 1110 1081 1078 1111 1074 1108 1111 1079 1074 1111 1083 1079 1112 1080 1109 1113 1114 1082 1113 1081 1110 1113 1082 1081 1115 1083 1111 1116 1080 1112 1116 1084 1080 1117 1083 1115 1117 1085 1083 1118 1086 1084 1118 1084 1116 1119 1087 1085 1119 1085 1117 1120 1088 1086 1120 1086 1118 1121 1089 1087 1121 1087 1119 1122 1088 1120 1122 1090 1088 1123 1093 1091 1123 1091 1089 1123 1089 1121 1124 1092 1090 1124 1090 1122 1125 1093 1123 1126 1094 1092 1126 1092 1124 1127 1095 1093 1127 1097 1095 1127 1093 1125 1128 1094 1126 1128 1096 1094 1129 1097 1127 1130 1098 1096 1130 1096 1128 1131 1097 1129 1131 1099 1097 1132 1098 1130 1132 1100 1098 1133 1101 1099 1133 1099 1131 1134 1102 1100 1134 1100 1132 1135 1103 1101 1135 1101 1133 1136 1102 1134 1136 1104 1102 1137 1103 1135 1137 1105 1103 1138 1106 1104 1138 1104 1136 1139 1105 1137 1139 1107 1105 1140 1106 1138 1140 1108 1106 1141 1077 1142 1141 1109 1077 1143 1107 1139 1143 1110 1107 1143 1113 1110 1144 1108 1140 1144 1111 1108 1145 1112 1109 1145 1109 1141 1146 1147 1114 1146 1114 1113 1146 1113 1143 1148 1111 1144 1148 1115 1111 1149 1116 1112 1149 1118 1116 1149 1112 1145 1150 1115 1148 1150 1117 1115 1151 1118 1149 1152 1117 1150 1152 1119 1117 1153 1118 1151 1153 1120 1118 1154 1123 1121 1154 1121 1119 1154 1119 1152 1155 1122 1120 1155 1120 1153 1156 1123 1154 1157 1124 1122 1157 1122 1155 1158 1125 1123 1158 1123 1156 1159 1124 1157 1159 1126 1124 1160 1127 1125 1160 1125 1158 1161 1128 1126 1161 1126 1159 1162 1129 1127 1162 1127 1160 1163 1130 1128 1163 1132 1130 1163 1128 1161 1164 1131 1129 1164 1129 1162 1165 1132 1163 1166 1133 1131 1166 1131 1164 1167 1132 1165 1167 1134 1132 1168 1133 1166 1168 1135 1133 1169 1134 1167 1169 1136 1134 1170 1135 1168 1170 1137 1135 1171 1138 1136 1171 1136 1169 1172 1137 1170 1172 1139 1137 1173 1138 1171 1173 1140 1138 1174 1145 1141 1174 1175 1176 1174 1142 1175 1174 1141 1142 1177 1139 1172 1177 1143 1139 1178 1140 1173 1178 1144 1140 1179 1145 1174 1180 1181 1147 1180 1147 1146 1180 1143 1177 1180 1146 1143 1182 1148 1144 1182 1144 1178 1183 1145 1179 1183 1151 1149 1183 1149 1145 1184 1150 1148 1184 1148 1182 1185 1151 1183 1185 1153 1151 1186 1150 1184 1186 1152 1150 1187 1153 1185 1188 1156 1154 1188 1152 1186 1188 1154 1152 1189 1153 1187 1189 1155 1153 1190 1156 1188 1190 1158 1156 1191 1157 1155 1191 1159 1157 1191 1155 1189 1192 1158 1190 1193 1159 1191 1194 1160 1158 1194 1158 1192 1195 1161 1159 1195 1159 1193 1196 1160 1194 1196 1162 1160 1197 1161 1195 1197 1163 1161 1198 1164 1162 1198 1162 1196 1199 1167 1165 1199 1165 1163 1199 1163 1197 1200 1166 1164 1200 1164 1198 1201 1167 1199 1202 1166 1200 1202 1168 1166 1203 1169 1167 1203 1167 1201 1204 1170 1168 1204 1168 1202 1205 1171 1169 1205 1173 1171 1205 1169 1203 1206 1170 1204 1206 1172 1170 1207 1173 1205 1208 1174 1176 1208 1179 1174 1209 1172 1206 1209 1177 1172 1210 1173 1207 1210 1178 1173 1210 1182 1178 1211 1179 1208 1212 1213 1181 1212 1177 1209 1212 1181 1180 1212 1180 1177 1214 1182 1210 1215 1183 1179 1215 1179 1211 1216 1182 1214 1216 1184 1182 1216 1186 1184 1217 1185 1183 1217 1183 1215 1218 1186 1216 1219 1187 1185 1219 1185 1217 1220 1186 1218 1220 1188 1186 1221 1189 1187 1221 1187 1219 1222 1190 1188 1222 1188 1220 1222 1192 1190 1223 1189 1221 1223 1191 1189 1224 1192 1222 1225 1191 1223 1225 1193 1191 1226 1196 1194 1226 1192 1224 1226 1194 1192 1227 1193 1225 1227 1195 1193 1228 1196 1226 1228 1198 1196 1229 1197 1195 1229 1195 1227 1230 1198 1228 1231 1199 1197 1231 1201 1199 1231 1197 1229 1232 1200 1198 1232 1198 1230 1233 1201 1231 1234 1202 1200 1234 1204 1202 1234 1200 1232 1235 1203 1201 1235 1201 1233 1236 1204 1234 1237 1207 1205 1237 1203 1235 1237 1205 1203 1238 1204 1236 1238 1206 1204 1239 1207 1237 1240 1208 1176 1240 1176 1241 1242 1206 1238 1242 1209 1206 1242 1212 1209 1243 1210 1207 1243 1207 1239 1244 1211 1208 1244 1208 1240 1245 1246 1213 1245 1212 1242 1245 1213 1212 1247 1214 1210 1247 1210 1243 1248 1211 1244 1248 1215 1211 1249 1216 1214 1249 1214 1247 1250 1217 1215 1250 1219 1217 1250 1215 1248 1251 1218 1216 1251 1216 1249 1252 1219 1250 1252 1221 1219 1253 1220 1218 1253 1218 1251 1254 1221 1252 1255 1222 1220 1255 1220 1253 1256 1221 1254 1256 1223 1221 1256 1225 1223 1257 1222 1255 1257 1224 1222 1258 1225 1256 1259 1224 1257 1259 1226 1224 1260 1225 1258 1260 1227 1225 1261 1226 1259 1261 1228 1226 1262 1231 1229 1262 1227 1260 1262 1229 1227 1263 1230 1228 1263 1228 1261 1264 1231 1262 1265 1232 1230 1265 1230 1263 1266 1233 1231 1266 1231 1264 1267 1234 1232 1267 1232 1265 1268 1237 1235 1268 1235 1233 1268 1233 1266 1269 1236 1234 1269 1234 1267 1270 1237 1268 1271 1238 1236 1271 1236 1269 1272 1237 1270 1272 1239 1237 1273 1241 1274 1273 1240 1241 1275 1238 1271 1275 1245 1242 1275 1242 1238 1276 1243 1239 1276 1239 1272 1277 1240 1273 1277 1244 1240 1278 1245 1275 1278 1279 1246 1278 1246 1245 1280 1243 1276 1280 1247 1243 1280 1249 1247 1281 1244 1277 1281 1248 1244 1282 1249 1280 1283 1252 1250 1283 1250 1248 1283 1248 1281 1284 1249 1282 1284 1251 1249 1285 1252 1283 1286 1251 1284 1286 1253 1251 1287 1252 1285 1287 1254 1252 1288 1253 1286 1288 1255 1253 1289 1254 1287 1289 1256 1254 1289 1258 1256 1290 1255 1288 1290 1257 1255 1291 1258 1289 1292 1261 1259 1292 1259 1257 1292 1257 1290 1293 1260 1258 1293 1258 1291 1294 1261 1292 1295 1262 1260 1295 1260 1293 1296 1261 1294 1296 1263 1261 1297 1262 1295 1297 1264 1262 1298 1263 1296 1298 1265 1263 1299 1264 1297 1299 1266 1264 1300 1267 1265 1300 1265 1298 1300 1269 1267 1301 1268 1266 1301 1266 1299 1302 1271 1269 1302 1269 1300 1303 1270 1268 1303 1272 1270 1303 1268 1301 1304 1271 1302 1305 1272 1303 1306 1307 1308 1306 1274 1307 1306 1273 1274 1309 1271 1304 1309 1275 1271 1309 1278 1275 1310 1276 1272 1310 1272 1305 1311 1277 1273 1311 1273 1306 1312 1278 1309 1312 1313 1279 1312 1279 1278 1314 1276 1310 1314 1280 1276 1315 1281 1277 1315 1277 1311 1316 1282 1280 1316 1280 1314 1317 1283 1281 1317 1281 1315 1318 1282 1316 1318 1284 1282 1319 1285 1283 1319 1283 1317 1319 1287 1285 1320 1286 1284 1320 1284 1318 1321 1287 1319 1322 1286 1320 1322 1288 1286 1323 1287 1321 1323 1289 1287 1324 1288 1322 1324 1290 1288 1325 1291 1289 1325 1289 1323 1326 1290 1324 1326 1292 1290 1327 1291 1325 1327 1293 1291 1328 1294 1292 1328 1292 1326 1329 1295 1293 1329 1293 1327 1330 1294 1328 1330 1296 1294 1331 1297 1295 1331 1295 1329 1332 1296 1330 1332 1298 1296 1332 1300 1298 1333 1299 1297 1333 1297 1331 1334 1300 1332 1335 1299 1333 1335 1301 1299 1336 1302 1300 1336 1300 1334 1337 1303 1301 1337 1301 1335 1338 1304 1302 1338 1302 1336 1339 1303 1337 1339 1305 1303 1340 1308 1341 1340 1306 1308 1340 1311 1306 1342 1309 1304 1342 1304 1338 1343 1310 1305 1343 1305 1339 1344 1311 1340 1345 1313 1312 1345 1346 1313 1345 1312 1309 1345 1309 1342 1347 1310 1343 1347 1314 1310 1348 1315 1311 1348 1311 1344 1349 1314 1347 1349 1316 1314 1350 1317 1315 1350 1315 1348 1351 1318 1316 1351 1316 1349 1352 1319 1317 1352 1317 1350 1353 1318 1351 1353 1320 1318 1354 1321 1319 1354 1319 1352 1355 1322 1320 1355 1320 1353 1356 1323 1321 1356 1321 1354 1357 1322 1355 1357 1324 1322 1358 1323 1356 1358 1325 1323 1358 1327 1325 1359 1324 1357 1359 1326 1324 1360 1327 1358 1361 1328 1326 1361 1326 1359 1362 1329 1327 1362 1327 1360 1362 1331 1329 1363 1330 1328 1363 1328 1361 1364 1331 1362 1365 1330 1363 1365 1332 1330 1366 1333 1331 1366 1331 1364 1367 1332 1365 1367 1334 1332 1368 1335 1333 1368 1333 1366 1368 1337 1335 1369 1334 1367 1369 1336 1334 1370 1337 1368 1371 1338 1336 1371 1336 1369 1372 1337 1370 1372 1339 1337 1373 1344 1340 1373 1340 1341 1374 1342 1338 1374 1338 1371 1375 1343 1339 1375 1347 1343 1375 1339 1372 1376 1344 1373 1377 1345 1342 1377 1346 1345 1377 1378 1346 1377 1342 1374 1379 1347 1375 1380 1348 1344 1380 1344 1376 1381 1349 1347 1381 1347 1379 1382 1348 1380 1382 1352 1350 1382 1350 1348 1383 1349 1381 1383 1351 1349 1384 1352 1382 1384 1354 1352 1385 1353 1351 1385 1355 1353 1385 1351 1383 1386 1354 1384 1387 1355 1385 1388 1356 1354 1388 1354 1386 1388 1358 1356 1389 1357 1355 1389 1355 1387 1390 1358 1388 1390 1360 1358 1391 1357 1389 1391 1359 1357 1392 1360 1390 1393 1359 1391 1393 1361 1359 1394 1360 1392 1394 1362 1360 1395 1361 1393 1395 1363 1361 1395 1365 1363 1396 1366 1364 1396 1362 1394 1396 1364 1362 1397 1365 1395 1398 1366 1396 1399 1365 1397 1399 1367 1365 1400 1366 1398 1400 1368 1366 1400 1370 1368 1401 1367 1399 1401 1369 1367 1402 1370 1400 1403 1369 1401 1403 1371 1369 1404 1372 1370 1404 1370 1402 1405 1341 1406 1405 1373 1341 1407 1374 1371 1407 1377 1374 1407 1371 1403 1408 1375 1372 1408 1372 1404 1409 1373 1405 1409 1376 1373 1410 1378 1377 1410 1411 1378 1410 1377 1407 1412 1379 1375 1412 1375 1408 1413 1380 1376 1413 1376 1409 1414 1381 1379 1414 1379 1412 1415 1380 1413 1415 1382 1380 1416 1381 1414 1416 1383 1381 1416 1385 1383 1417 1382 1415 1417 1384 1382 1418 1385 1416 1419 1386 1384 1419 1384 1417 1420 1385 1418 1420 1387 1385 1421 1388 1386 1421 1386 1419 1422 1387 1420 1422 1389 1387 1423 1388 1421 1423 1390 1388 1424 1389 1422 1424 1393 1391 1424 1391 1389 1425 1392 1390 1425 1390 1423 1426 1393 1424 1426 1395 1393 1427 1392 1425 1427 1394 1392 1428 1395 1426 1429 1394 1427 1429 1396 1394 1429 1398 1396 1430 1395 1428 1430 1397 1395 1431 1398 1429 1432 1397 1430 1432 1399 1397 1432 1401 1399 1433 1402 1400 1433 1398 1431 1433 1400 1398 1434 1401 1432 1435 1402 1433 1436 1401 1434 1436 1403 1401 1437 1404 1402 1437 1402 1435 1438 1406 1439 1438 1405 1406 1440 1403 1436 1440 1407 1403 1441 1412 1408 1441 1408 1404 1441 1404 1437 1442 1405 1438 1442 1409 1405 1443 1411 1410 1443 1410 1407 1443 1444 1411 1443 1407 1440 1445 1412 1441 1446 1409 1442 1446 1413 1409 1447 1414 1412 1447 1412 1445 1448 1415 1413 1448 1417 1415 1448 1413 1446 1449 1416 1414 1449 1414 1447 1449 1418 1416 1450 1417 1448 1451 1418 1449 1452 1417 1450 1452 1419 1417 1453 1420 1418 1453 1422 1420 1453 1418 1451 1454 1421 1419 1454 1419 1452 1454 1423 1421 1455 1422 1453 1456 1423 1454 1457 1422 1455 1457 1424 1422 1457 1426 1424 1458 1425 1423 1458 1423 1456 1459 1428 1426 1459 1426 1457 1460 1427 1425 1460 1425 1458 1461 1428 1459 1462 1429 1427 1462 1427 1460 1463 1428 1461 1463 1432 1430 1463 1430 1428 1464 1429 1462 1464 1431 1429 1465 1432 1463 1465 1434 1432 1466 1431 1464 1466 1433 1431 1467 1434 1465 1468 1433 1466 1468 1437 1435 1468 1435 1433 1469 1434 1467 1469 1436 1434 1470 1437 1468 1471 1439 1472 1471 1438 1439 1473 1436 1469 1473 1440 1436 1473 1443 1440 1474 1437 1470 1474 1441 1437 1475 1442 1438 1475 1438 1471 1476 1477 1444 1476 1443 1473 1476 1444 1443 1478 1441 1474 1478 1445 1441 1479 1446 1442 1479 1442 1475 1480 1447 1445 1480 1445 1478 1481 1448 1446 1481 1446 1479 1482 1449 1447 1482 1447 1480 1483 1450 1448 1483 1448 1481 1484 1451 1449 1484 1449 1482 1485 1450 1483 1485 1452 1450 1486 1453 1451 1486 1455 1453 1486 1451 1484 1487 1452 1485 1487 1454 1452 1488 1455 1486 1489 1456 1454 1489 1454 1487 1490 1455 1488 1490 1457 1455 1491 1458 1456 1491 1456 1489 1492 1457 1490 1492 1459 1457 1493 1460 1458 1493 1462 1460 1493 1458 1491 1494 1461 1459 1494 1459 1492 1495 1462 1493 1496 1461 1494 1496 1463 1461 1497 1462 1495 1497 1464 1462 1498 1463 1496 1498 1465 1463 1499 1466 1464 1499 1464 1497 1500 1465 1498 1500 1467 1465 1501 1466 1499 1501 1468 1466 1502 1469 1467 1502 1467 1500 1503 1468 1501 1503 1470 1468 1504 1471 1472 1504 1472 1505 1504 1475 1471 1506 1473 1469 1506 1469 1502 1507 1470 1503 1507 1474 1470 1508 1475 1504 1508 1479 1475 1509 1510 1477 1509 1477 1476 1509 1473 1506 1509 1476 1473 1511 1474 1507 1511 1478 1474 1512 1479 1508 1513 1478 1511 1513 1480 1478 1514 1483 1481 1514 1481 1479 1514 1479 1512 1515 1482 1480 1515 1480 1513 1516 1483 1514 1516 1485 1483 1517 1486 1484 1517 1482 1515 1517 1484 1482 1518 1485 1516 1519 1488 1486 1519 1486 1517 1520 1485 1518 1520 1489 1487 1520 1487 1485 1521 1488 1519 1522 1489 1520 1523 1490 1488 1523 1488 1521 1524 1489 1522 1524 1491 1489 1525 1490 1523 1525 1492 1490 1526 1493 1491 1526 1491 1524 1527 1494 1492 1527 1492 1525 1528 1495 1493 1528 1493 1526 1529 1494 1527 1529 1496 1494 1530 1497 1495 1530 1495 1528 1531 1498 1496 1531 1496 1529 1532 1497 1530 1532 1499 1497 1532 1501 1499 1533 1498 1531 1533 1500 1498 1534 1501 1532 1534 1503 1501 1535 1500 1533 1535 1502 1500 1536 1503 1534 1537 1505 1538 1537 1508 1504 1537 1504 1505 1539 1506 1502 1539 1502 1535 1540 1503 1536 1540 1507 1503 1541 1508 1537 1542 1543 1510 1542 1506 1539 1542 1510 1509 1542 1509 1506 1544 1507 1540 1544 1511 1507 1544 1513 1511 1545 1512 1508 1545 1508 1541 1546 1513 1544 1547 1512 1545 1547 1514 1512 1547 1516 1514 1548 1515 1513 1548 1513 1546 1549 1516 1547 1549 1518 1516 1550 1519 1517 1550 1515 1548 1550 1517 1515 1551 1520 1518 1551 1518 1549 1552 1521 1519 1552 1519 1550 1553 1520 1551 1554 1521 1552 1555 1522 1520 1555 1524 1522 1555 1520 1553 1556 1521 1554 1556 1525 1523 1556 1523 1521 1557 1524 1555 1558 1525 1556 1559 1526 1524 1559 1524 1557 1560 1527 1525 1560 1529 1527 1560 1525 1558 1561 1526 1559 1561 1528 1526 1562 1529 1560 1563 1530 1528 1563 1528 1561 1564 1529 1562 1564 1533 1531 1564 1531 1529 1565 1532 1530 1565 1530 1563 1566 1535 1533 1566 1533 1564 1567 1532 1565 1567 1534 1532 1568 1535 1566 1569 1536 1534 1569 1534 1567 1570 1538 1571 1570 1541 1537 1570 1537 1538 1572 1535 1568 1572 1539 1535 1572 1542 1539 1573 1540 1536 1573 1536 1569 1574 1541 1570 1575 1576 1543 1575 1542 1572 1575 1543 1542 1577 1540 1573 1577 1544 1540 1578 1541 1574 1578 1547 1545 1578 1545 1541 1579 1544 1577 1579 1546 1544 1580 1547 1578 1581 1546 1579 1581 1548 1546 1582 1547 1580 1582 1549 1547 1583 1548 1581 1583 1550 1548 1584 1549 1582 1584 1551 1549 1584 1553 1551 1585 1550 1583 1585 1552 1550 1586 1553 1584 1587 1554 1552 1587 1552 1585 1588 1555 1553 1588 1553 1586 1589 1556 1554 1589 1554 1587 1590 1555 1588 1590 1557 1555 1591 1558 1556 1591 1560 1558 1591 1556 1589 1592 1559 1557 1592 1557 1590 1593 1560 1591 1594 1559 1592 1594 1561 1559 1594 1563 1561 1595 1562 1560 1595 1560 1593 1596 1563 1594 1597 1564 1562 1597 1562 1595 1598 1565 1563 1598 1567 1565 1598 1563 1596 1599 1564 1597 1599 1568 1566 1599 1566 1564 1600 1567 1598 1601 1568 1599 1602 1569 1567 1602 1567 1600 1603 1570 1571 1603 1571 1604 1605 1568 1601 1605 1572 1568 1606 1569 1602 1606 1573 1569 1606 1577 1573 1607 1570 1603 1607 1574 1570 1608 1609 1576 1608 1610 1609 1608 1572 1605 1608 1576 1575 1608 1575 1572 1611 1577 1606 1612 1574 1607 1612 1578 1574 1613 1579 1577 1613 1577 1611 1614 1578 1612 1614 1580 1578 1615 1581 1579 1615 1583 1581 1615 1579 1613 1616 1580 1614 1616 1584 1582 1616 1582 1580 1617 1583 1615 1618 1584 1616 1619 1583 1617 1619 1585 1583 1620 1584 1618 1620 1586 1584 1621 1589 1587 1621 1585 1619 1621 1587 1585 1622 1588 1586 1622 1586 1620 1623 1589 1621 1624 1590 1588 1624 1588 1622 1625 1589 1623 1625 1591 1589 1626 1592 1590 1626 1590 1624 1627 1593 1591 1627 1595 1593 1627 1591 1625 1628 1594 1592 1628 1592 1626 1629 1595 1627 1630 1594 1628 1630 1596 1594 1631 1597 1595 1631 1595 1629 1632 1598 1596 1632 1596 1630 1633 1597 1631 1633 1599 1597 1634 1598 1632 1634 1600 1598 1635 1601 1599 1635 1599 1633 1636 1600 1634 1636 1602 1600 1637 1604 1638 1637 1607 1603 1637 1603 1604 1639 1601 1635 1639 1605 1601 1639 1608 1605 1640 1602 1636 1640 1606 1602 1641 1607 1637 1641 1612 1607 1642 1608 1639 1642 1610 1608 1643 1611 1606 1643 1606 1640 1644 1612 1641 1645 1613 1611 1645 1611 1643 1646 1612 1644 1646 1614 1612 1646 1616 1614 1647 1613 1645 1647 1615 1613 1648 1616 1646 1649 1615 1647 1649 1617 1615 1650 1616 1648 1650 1618 1616 1650 1620 1618 1651 1617 1649 1651 1619 1617 1652 1620 1650 1653 1619 1651 1653 1621 1619 1654 1620 1652 1654 1624 1622 1654 1622 1620 1655 1621 1653 1655 1623 1621 1656 1624 1654 1657 1627 1625 1657 1623 1655 1657 1625 1623 1658 1626 1624 1658 1624 1656 1659 1627 1657 1660 1630 1628 1660 1628 1626 1660 1626 1658 1661 1629 1627 1661 1627 1659 1662 1630 1660 1663 1631 1629 1663 1629 1661 1664 1630 1662 1664 1634 1632 1664 1632 1630 1665 1631 1663 1665 1633 1631 1665 1635 1633 1666 1634 1664 1667 1635 1665 1668 1636 1634 1668 1640 1636 1668 1634 1666 1669 1638 1670 1669 1637 1638 1671 1635 1667 1671 1639 1635 1672 1640 1668 1672 1643 1640 1673 1641 1637 1673 1637 1669 1674 1639 1671 1674 1642 1639 1674 1675 1610 1674 1610 1642 1676 1643 1672 1677 1641 1673 1677 1644 1641 1678 1645 1643 1678 1643 1676 1679 1644 1677 1679 1646 1644 1680 1645 1678 1680 1647 1645 1680 1649 1647 1681 1650 1648 1681 1646 1679 1681 1648 1646 1682 1649 1680 1683 1650 1681 1684 1649 1682 1684 1651 1649 1684 1653 1651 1685 1652 1650 1685 1650 1683 1686 1653 1684 1686 1655 1653 1687 1652 1685 1687 1654 1652 1688 1655 1686 1689 1654 1687 1689 1656 1654 1690 1655 1688 1690 1657 1655 1691 1656 1689 1691 1658 1656 1692 1661 1659 1692 1659 1657 1692 1657 1690 1693 1660 1658 1693 1662 1660 1693 1658 1691 1694 1661 1692 1695 1662 1693 1696 1663 1661 1696 1661 1694 1697 1666 1664 1697 1664 1662 1697 1662 1695 1698 1665 1663 1698 1663 1696 1699 1666 1697 1700 1667 1665 1700 1665 1698 1701 1672 1668 1701 1666 1699 1701 1668 1666 1702 1670 1703 1702 1669 1670 1704 1667 1700 1704 1671 1667 1704 1674 1671 1705 1672 1701 1705 1676 1672 1706 1673 1669 1706 1669 1702 1707 1674 1704 1707 1675 1674 1707 1708 1675 1709 1676 1705 1710 1677 1673 1710 1673 1706 1711 1678 1676 1711 1676 1709 1712 1677 1710 1712 1679 1677 1713 1680 1678 1713 1678 1711 1713 1682 1680 1714 1681 1679 1714 1679 1712 1715 1682 1713 1716 1685 1683 1716 1681 1714 1716 1683 1681 1717 1682 1715 1717 1684 1682 1717 1686 1684 1718 1685 1716 1719 1686 1717 1719 1688 1686 1720 1685 1718 1720 1687 1685 1720 1689 1687 1721 1688 1719 1722 1689 1720 1723 1688 1721 1723 1690 1688 1723 1692 1690 1724 1689 1722 1724 1691 1689 1724 1693 1691 1725 1692 1723 1725 1694 1692 1726 1693 1724 1727 1694 1725 1728 1695 1693 1728 1693 1726 1729 1696 1694 1729 1694 1727 1730 1697 1695 1730 1695 1728 1731 1700 1698 1731 1698 1696 1731 1696 1729 1732 1699 1697 1732 1697 1730 1733 1700 1731 1734 1699 1732 1734 1701 1699 1735 1703 1736 1735 1706 1702 1735 1702 1703 1737 1704 1700 1737 1707 1704 1737 1700 1733 1738 1705 1701 1738 1701 1734 1739 1706 1735 1740 1707 1737 1740 1708 1707 1740 1741 1708 1742 1705 1738 1742 1709 1705 1743 1710 1706 1743 1706 1739 1744 1711 1709 1744 1709 1742 1745 1710 1743 1745 1712 1710 1745 1714 1712 1746 1711 1744 1746 1713 1711 1747 1714 1745 1748 1715 1713 1748 1713 1746 1749 1714 1747 1749 1716 1714 1750 1715 1748 1750 1717 1715 1751 1716 1749 1751 1718 1716 1752 1719 1717 1752 1717 1750 1753 1720 1718 1753 1718 1751 1754 1719 1752 1754 1721 1719 1755 1720 1753 1755 1722 1720 1756 1721 1754 1756 1723 1721 1757 1722 1755 1757 1724 1722 1758 1723 1756 1758 1725 1723 1759 1724 1757 1759 1726 1724 1759 1728 1726 1760 1725 1758 1760 1727 1725 1761 1728 1759 1762 1727 1760 1762 1729 1727 1763 1732 1730 1763 1728 1761 1763 1730 1728 1764 1729 1762 1764 1731 1729 1765 1732 1763 1766 1733 1731 1766 1731 1764 1767 1734 1732 1767 1732 1765 1768 1769 1770 1768 1736 1769 1768 1735 1736 1771 1737 1733 1771 1733 1766 1772 1742 1738 1772 1738 1734 1772 1734 1767 1773 1739 1735 1773 1735 1768 1774 1737 1771 1774 1741 1740 1774 1740 1737 1774 1775 1741 1774 1776 1775 1777 1742 1772 1778 1739 1773 1778 1743 1739 1779 1742 1777 1779 1744 1742 1780 1743 1778 1780 1745 1743 1781 1744 1779 1781 1746 1744 1782 1747 1745 1782 1745 1780 1783 1746 1781 1783 1748 1746 1784 1749 1747 1784 1747 1782 1785 1748 1783 1785 1750 1748 1786 1749 1784 1786 1751 1749 1787 1750 1785 1787 1752 1750 1787 1754 1752 1788 1753 1751 1788 1751 1786 1789 1754 1787 1790 1753 1788 1790 1755 1753 1791 1754 1789 1791 1756 1754 1792 1755 1790 1792 1757 1755 1793 1756 1791 1793 1758 1756 1794 1757 1792 1794 1759 1757 1795 1760 1758 1795 1758 1793 1796 1759 1794 1796 1761 1759 1797 1760 1795 1797 1762 1760 1798 1761 1796 1798 1763 1761 1799 1762 1797 1799 1764 1762 1799 1766 1764 1800 1763 1798 1800 1765 1763 1801 1766 1799 1802 1767 1765 1802 1765 1800 1803 1768 1770 1804 1774 1771 1804 1771 1766 1804 1766 1801 1805 1767 1802 1805 1772 1767 1806 1773 1768 1806 1768 1803 1807 1776 1774 1807 1808 1776 1807 1774 1804 1809 1777 1772 1809 1772 1805 1810 1773 1806 1810 1778 1773 1810 1780 1778 1811 1779 1777 1811 1777 1809 1812 1782 1780 1812 1780 1810 1813 1781 1779 1813 1783 1781 1813 1779 1811 1814 1782 1812 1815 1783 1813 1816 1782 1814 1816 1784 1782 1816 1786 1784 1817 1783 1815 1817 1785 1783 1818 1786 1816 1819 1785 1817 1819 1787 1785 1820 1788 1786 1820 1786 1818 1821 1789 1787 1821 1787 1819 1822 1788 1820 1822 1790 1788 1823 1789 1821 1823 1791 1789 1824 1792 1790 1824 1790 1822 1825 1793 1791 1825 1795 1793 1825 1791 1823 1826 1792 1824 1826 1794 1792 1827 1795 1825 1828 1794 1826 1828 1796 1794 1829 1795 1827 1829 1797 1795 1830 1798 1796 1830 1796 1828 1831 1797 1829 1831 1799 1797 1832 1798 1830 1832 1800 1798 1833 1799 1831 1833 1801 1799 1834 1805 1802 1834 1800 1832 1834 1802 1800 1835 1770 1836 1835 1803 1770 1837 1801 1833 1837 1804 1801 1838 1805 1834 1839 1806 1803 1839 1803 1835 1840 1808 1807 1840 1807 1804 1840 1804 1837 1841 1809 1805 1841 1805 1838 1842 1810 1806 1842 1806 1839 1843 1811 1809 1843 1809 1841 1844 1812 1810 1844 1810 1842 1845 1813 1811 1845 1811 1843 1846 1812 1844 1846 1814 1812 1847 1815 1813 1847 1813 1845 1848 1816 1814 1848 1814 1846 1849 1815 1847 1849 1817 1815 1850 1818 1816 1850 1816 1848 1851 1817 1849 1851 1819 1817 1852 1818 1850 1852 1820 1818 1853 1819 1851 1853 1821 1819 1854 1820 1852 1854 1822 1820 1855 1823 1821 1855 1825 1823 1855 1821 1853 1856 1824 1822 1856 1822 1854 1857 1825 1855 1858 1824 1856 1858 1826 1824 1859 1825 1857 1859 1827 1825 1860 1828 1826 1860 1826 1858 1861 1827 1859 1861 1829 1827 1862 1828 1860 1862 1830 1828 1863 1831 1829 1863 1829 1861 1864 1832 1830 1864 1830 1862 1865 1831 1863 1865 1833 1831 1866 1832 1864 1866 1834 1832 1867 1839 1835 1867 1836 1868 1867 1835 1836 1869 1833 1865 1869 1837 1833 1870 1834 1866 1870 1838 1834 1871 1839 1867 1872 1873 1808 1872 1808 1840 1872 1837 1869 1872 1840 1837 1874 1841 1838 1874 1838 1870 1875 1839 1871 1875 1842 1839 1876 1843 1841 1876 1841 1874 1877 1844 1842 1877 1842 1875 1878 1845 1843 1878 1843 1876 1879 1844 1877 1879 1846 1844 1880 1847 1845 1880 1845 1878 1881 1848 1846 1881 1846 1879 1882 1849 1847 1882 1847 1880 1883 1850 1848 1883 1848 1881 1884 1849 1882 1884 1851 1849 1885 1852 1850 1885 1854 1852 1885 1850 1883 1886 1851 1884 1886 1853 1851 1887 1854 1885 1888 1853 1886 1888 1855 1853 1889 1854 1887 1889 1856 1854 1890 1855 1888 1890 1857 1855 1891 1858 1856 1891 1856 1889 1892 1859 1857 1892 1857 1890 1893 1858 1891 1893 1860 1858 1894 1859 1892 1894 1861 1859 1895 1860 1893 1895 1862 1860 1896 1861 1894 1896 1863 1861 1897 1862 1895 1897 1864 1862 1898 1863 1896 1898 1865 1863 1899 1864 1897 1899 1866 1864 1900 1868 1901 1900 1867 1868 1902 1869 1865 1902 1865 1898 1903 1866 1899 1903 1870 1866 1904 1867 1900 1904 1871 1867 1905 1906 1873 1905 1907 1906 1905 1869 1902 1905 1873 1872 1905 1872 1869 1908 1870 1903 1908 1874 1870 1909 1877 1875 1909 1871 1904 1909 1875 1871 1910 1876 1874 1910 1874 1908 1911 1879 1877 1911 1877 1909 1912 1878 1876 1912 1876 1910 1913 1879 1911 1914 1880 1878 1914 1878 1912 1915 1883 1881 1915 1879 1913 1915 1881 1879 1916 1882 1880 1916 1880 1914 1917 1883 1915 1917 1885 1883 1918 1884 1882 1918 1882 1916 1919 1885 1917 1920 1884 1918 1920 1886 1884 1921 1885 1919 1921 1887 1885 1921 1889 1887 1922 1886 1920 1922 1888 1886 1923 1889 1921 1924 1888 1922 1924 1890 1888 1925 1893 1891 1925 1889 1923 1925 1891 1889 1926 1890 1924 1926 1892 1890 1927 1895 1893 1927 1893 1925 1928 1892 1926 1928 1894 1892 1929 1897 1895 1929 1895 1927 1930 1894 1928 1930 1896 1894 1931 1897 1929 1932 1896 1930 1932 1898 1896 1933 1897 1931 1933 1899 1897 1933 1903 1899 1934 1901 1935 1934 1900 1901 1934 1904 1900 1936 1898 1932 1936 1902 1898 1937 1903 1933 1937 1908 1903 1938 1904 1934 1939 1902 1936 1939 1905 1902 1939 1907 1905 1940 1908 1937 1941 1904 1938 1941 1909 1904 1942 1908 1940 1942 1910 1908 1943 1909 1941 1943 1911 1909 1944 1914 1912 1944 1910 1942 1944 1912 1910 1945 1911 1943 1945 1913 1911 1946 1914 1944 1947 1913 1945 1947 1915 1913 1948 1916 1914 1948 1914 1946 1949 1917 1915 1949 1915 1947 1950 1920 1918 1950 1918 1916 1950 1916 1948 1951 1919 1917 1951 1917 1949 1952 1920 1950 1953 1919 1951 1953 1921 1919 1954 1920 1952 1954 1922 1920 1955 1921 1953 1955 1923 1921 1956 1922 1954 1956 1924 1922 1956 1926 1924 1957 1927 1925 1957 1925 1923 1957 1923 1955 1958 1926 1956 1959 1927 1957 1960 1926 1958 1960 1928 1926 1961 1931 1929 1961 1929 1927 1961 1927 1959 1962 1928 1960 1962 1930 1928 1962 1932 1930 1963 1931 1961 1964 1932 1962 1965 1933 1931 1965 1931 1963 1966 1935 1967 1966 1934 1935 1968 1932 1964 1968 1936 1932 1969 1940 1937 1969 1933 1965 1969 1937 1933 1970 1938 1934 1970 1934 1966 1971 1972 1907 1971 1973 1972 1971 1907 1939 1971 1936 1968 1971 1939 1936 1974 1940 1969 1975 1941 1938 1975 1938 1970 1976 1940 1974 1976 1942 1940 1976 1944 1942 1977 1941 1975 1977 1945 1943 1977 1943 1941 1978 1944 1976 1978 1946 1944 1979 1945 1977 1980 1946 1978 1981 1947 1945 1981 1945 1979 1981 1949 1947 1982 1948 1946 1982 1946 1980 1983 1951 1949 1983 1949 1981 1984 1950 1948 1984 1948 1982 1985 1951 1983 1986 1952 1950 1986 1950 1984 1987 1953 1951 1987 1955 1953 1987 1951 1985 1988 1954 1952 1988 1956 1954 1988 1952 1986 1989 1955 1987 1990 1956 1988 1990 1958 1956 1991 1955 1989 1991 1957 1955 1992 1958 1990 1993 1957 1991 1993 1959 1957 1994 1958 1992 1994 1960 1958 1995 1959 1993 1995 1961 1959 1996 1960 1994 1996 1962 1960 1996 1964 1962 1997 1961 1995 1997 1963 1961 1998 1964 1996 1999 1965 1963 1999 1963 1997 2000 2001 1 2000 1967 2001 2000 1966 1967 2002 1964 1998 2002 1968 1964 2002 1971 1968 2003 1969 1965 2003 1965 1999 2004 1970 1966 2004 1966 2000 2005 1971 2002 2005 1973 1971 2006 1969 2003 2006 1974 1969 2007 1970 2004 2007 1975 1970 2008 1974 2006 2008 1976 1974 2009 1975 2007 2009 1977 1975 2010 1976 2008 2010 1978 1976 2011 1979 1977 2011 1977 2009 2012 1978 2010 2012 1980 1978 2013 1981 1979 2013 1979 2011 2014 1980 2012 2014 1982 1980 2015 1981 2013 2015 1983 1981 2016 1984 1982 2016 1982 2014 2017 1985 1983 2017 1983 2015 2018 1986 1984 2018 1984 2016 2019 1987 1985 2019 1985 2017 2020 1988 1986 2020 1986 2018 2021 1989 1987 2021 1987 2019 2022 1990 1988 2022 1988 2020 2023 1991 1989 2023 1989 2021 2024 1992 1990 2024 1990 2022 2025 1993 1991 2025 1991 2023 2026 1992 2024 2026 1994 1992 2027 1995 1993 2027 1993 2025 2028 1994 2026 2028 1996 1994 2029 1995 2027 2029 1997 1995 2030 1996 2028 2030 1998 1996 2031 1997 2029 2031 1999 1997 2032 1 0 2032 2000 1 2032 0 2033 2032 2004 2000 2034 2002 1998 2034 1998 2030 2035 2003 1999 2035 1999 2031 2036 2004 2032 2036 2032 2033 2037 2002 2034 2037 2005 2002 2037 2038 1973 2037 2039 2038 2037 1973 2005 2040 2003 2035 2040 2006 2003 2041 2007 2004 2041 2036 2033 2041 2004 2036 2041 2033 2042 2043 2008 2006 2043 2006 2040 2044 2041 2042 2044 2009 2007 2044 2042 2045 2044 2007 2041 2046 2008 2043 2046 2010 2008 2047 2044 2045 2047 2009 2044 2047 2045 2048 2047 2011 2009 2049 2010 2046 2049 2012 2010 2050 2011 2047 2050 2013 2011 2050 2048 2051 2050 2047 2048 2052 2012 2049 2052 2014 2012 2053 2015 2013 2053 2050 2051 2053 2013 2050 2053 2051 2054 2055 2014 2052 2055 2016 2014 2056 2053 2054 2056 2017 2015 2056 2015 2053 2056 2054 2057 2058 2016 2055 2058 2018 2016 2059 2019 2017 2059 2056 2057 2059 2017 2056 2059 2057 2060 2061 2020 2018 2061 2018 2058 2062 2021 2019 2062 2019 2059 2062 2060 2063 2062 2059 2060 2064 2022 2020 2064 2020 2061 2065 2023 2021 2065 2063 2066 2065 2066 2067 2065 2021 2062 2065 2025 2023 2065 2062 2063 2068 2024 2022 2068 2022 2064 2069 2025 2065 2069 2065 2067 2070 2026 2024 2070 2024 2068 2071 2025 2069 2071 2029 2027 2071 2027 2025 2071 2069 2067 2071 2067 2072 2071 2072 2073 2074 2026 2070 2074 2028 2026 2075 2029 2071 2075 2071 2073 2076 2030 2028 2076 2028 2074 2077 2035 2031 2077 2031 2029 2077 2075 2073 2077 2029 2075 2077 2073 2078 2077 2078 2079 2080 2030 2076 2080 2034 2030 2081 2035 2077 2081 2040 2035 2081 2077 2079 2081 2079 2082 2083 2034 2080 2083 2037 2034 2083 2039 2037 2084 2081 2082 2084 2040 2081 2085 2084 2082 2085 2040 2084 2085 2082 2086 2085 2043 2040 2087 2085 2086 2087 2046 2043 2087 2049 2046 2087 2086 2088 2087 2088 2089 2087 2043 2085 2090 2049 2087 2090 2087 2089 2091 2090 2089 2091 2049 2090 2091 2052 2049 2091 2055 2052 2091 2089 2092 2093 2055 2091 2093 2091 2092 2093 2092 2094 2093 2094 2095 2093 2058 2055 2096 2093 2095 2096 2058 2093 2097 2064 2061 2097 2096 2095 2097 2058 2096 2097 2095 2098 2097 2098 2099 2097 2061 2058 2100 2068 2064 2100 2064 2097 2100 2097 2099 2100 2099 2101 2102 2068 2100 2102 2100 2101 2103 2070 2068 2103 2068 2102 2103 2102 2101 2103 2101 2104 2105 2076 2074 2105 2070 2103 2105 2074 2070 2105 2103 2104 2105 2104 2106 2105 2106 2107 2108 2076 2105 2108 2105 2107 2108 2107 2109 2110 2080 2076 2110 2076 2108 2110 2108 2109 2111 2083 2080 2111 2039 2083 2111 4 2039 2111 5 4 2111 2080 2110 2111 2110 2109 2111 2109 5 2112 2113 2114 2112 2114 2115 2116 2117 2113 2116 2113 2112 2118 2117 2116 2118 2119 2117 2120 2119 2118 2120 2121 2119 2122 2123 2121 2122 2121 2120 2124 2123 2122 2124 2125 2123 2126 2112 2115 2126 2115 2127 2128 2125 2124 2128 2129 2125 2130 2112 2126 2130 2116 2112 2131 2129 2128 2131 2132 2129 2133 2116 2130 2133 2118 2116 2134 2132 2131 2134 2135 2132 2136 2120 2118 2136 2118 2133 2137 2135 2134 2137 2138 2135 2139 2122 2120 2139 2120 2136 2140 2138 2137 2140 2141 2138 2142 2122 2139 2142 2124 2122 2143 2141 2140 2143 2144 2141 2145 2126 2127 2145 2127 2146 2147 2128 2124 2147 2124 2142 2148 2149 2144 2148 2144 2143 2150 2130 2126 2150 2126 2145 2151 2131 2128 2151 2128 2147 2152 2149 2148 2152 2153 2149 2154 2130 2150 2154 2133 2130 2155 2134 2131 2155 2131 2151 2156 2157 2153 2156 2153 2152 2158 2133 2154 2158 2136 2133 2159 2137 2134 2159 2134 2155 2160 2161 2157 2160 2157 2156 2162 2139 2136 2162 2136 2158 2163 2140 2137 2163 2137 2159 2164 2161 2160 2164 2165 2161 2166 2139 2162 2166 2142 2139 2167 2140 2163 2167 2143 2140 2168 2169 2165 2168 2165 2164 2170 2145 2146 2170 2146 2171 2172 2142 2166 2172 2147 2142 2173 2143 2167 2173 2148 2143 2174 2175 2169 2174 2176 2175 2174 2169 2168 2177 2150 2145 2177 2145 2170 2178 2147 2172 2178 2151 2147 2179 2148 2173 2179 2152 2148 2180 2176 2174 2181 2150 2177 2181 2154 2150 2182 2151 2178 2182 2155 2151 2183 2152 2179 2183 2156 2152 2184 2185 2176 2184 2176 2180 2186 2154 2181 2186 2158 2154 2187 2155 2182 2187 2159 2155 2188 2164 2160 2188 2156 2183 2188 2160 2156 2189 2185 2184 2189 2190 2185 2191 2162 2158 2191 2158 2186 2192 2159 2187 2192 2163 2159 2193 2164 2188 2194 2195 2190 2194 2190 2189 2196 2162 2191 2196 2166 2162 2197 2163 2192 2197 2167 2163 2198 2168 2164 2198 2164 2193 2199 2195 2194 2199 2200 2195 2201 2170 2171 2201 2177 2170 2201 2171 2202 2203 2172 2166 2203 2166 2196 2204 2167 2197 2204 2173 2167 2205 2168 2198 2205 2174 2168 2206 2200 2199 2206 2207 2200 2206 2208 2207 2209 2181 2177 2209 2177 2201 2210 2178 2172 2210 2172 2203 2211 2179 2173 2211 2173 2204 2212 2174 2205 2212 2180 2174 2213 2208 2206 2214 2181 2209 2215 2178 2210 2215 2182 2178 2216 2179 2211 2216 2183 2179 2217 2184 2180 2217 2180 2212 2218 2208 2213 2218 2219 2208 2220 2186 2181 2220 2181 2214 2221 2182 2215 2221 2187 2182 2222 2188 2183 2222 2183 2216 2223 2184 2217 2223 2189 2184 2224 2219 2218 2224 2225 2219 2224 2226 2225 2227 2196 2191 2227 2191 2186 2227 2186 2220 2228 2187 2221 2228 2192 2187 2229 2193 2188 2229 2188 2222 2230 2189 2223 2230 2194 2189 2230 2199 2194 2231 2226 2224 2231 2232 2226 2233 2196 2227 2234 2204 2197 2234 2192 2228 2234 2197 2192 2235 2193 2229 2235 2198 2193 2236 2199 2230 2237 2232 2231 2237 2238 2232 2239 2201 2202 2239 2240 2241 2239 2202 2240 2242 2203 2196 2242 2210 2203 2242 2196 2233 2243 2204 2234 2244 2205 2198 2244 2198 2235 2245 2199 2236 2245 2206 2199 2246 2238 2237 2246 2247 2238 2246 2248 2247 2249 2209 2201 2249 2201 2239 2250 2210 2242 2251 2204 2243 2251 2211 2204 2252 2212 2205 2252 2205 2244 2253 2213 2206 2253 2206 2245 2254 2209 2249 2254 2214 2209 2255 2210 2250 2255 2215 2210 2255 2221 2215 2256 2211 2251 2256 2216 2211 2257 2212 2252 2257 2217 2212 2258 2213 2253 2258 2218 2213 2259 2214 2254 2259 2220 2214 2260 2221 2255 2261 2216 2256 2261 2222 2216 2262 2217 2257 2262 2223 2217 2263 2218 2258 2263 2224 2218 2264 2227 2220 2264 2220 2259 2265 2234 2228 2265 2228 2221 2265 2221 2260 2266 2222 2261 2266 2229 2222 2267 2230 2223 2267 2223 2262 2268 2224 2263 2268 2231 2224 2269 2233 2227 2269 2227 2264 2270 2234 2265 2270 2243 2234 2271 2235 2229 2271 2244 2235 2271 2229 2266 2272 2230 2267 2272 2236 2230 2273 2231 2268 2273 2237 2231 2274 2239 2241 2275 2242 2233 2275 2233 2269 2276 2243 2270 2277 2244 2271 2278 2236 2272 2278 2245 2236 2279 2237 2273 2279 2246 2237 2279 2248 2246 2279 2280 2248 2281 2249 2239 2281 2239 2274 2282 2250 2242 2282 2242 2275 2283 2243 2276 2283 2251 2243 2284 2244 2277 2284 2252 2244 2285 2245 2278 2285 2253 2245 2286 2254 2249 2286 2249 2281 2287 2250 2282 2287 2255 2250 2287 2260 2255 2288 2251 2283 2288 2256 2251 2288 2261 2256 2289 2252 2284 2289 2257 2252 2290 2263 2258 2290 2253 2285 2290 2258 2253 2291 2254 2286 2291 2259 2254 2292 2260 2287 2293 2261 2288 2294 2257 2289 2294 2262 2257 2294 2267 2262 2295 2263 2290 2296 2264 2259 2296 2259 2291 2297 2265 2260 2297 2260 2292 2298 2271 2266 2298 2266 2261 2298 2261 2293 2299 2272 2267 2299 2267 2294 2300 2268 2263 2300 2263 2295 2301 2275 2269 2301 2269 2264 2301 2264 2296 2302 2265 2297 2302 2270 2265 2303 2271 2298 2304 2272 2299 2305 2273 2268 2305 2279 2273 2305 2268 2300 2306 2274 2241 2306 2241 2307 2308 2275 2301 2309 2270 2302 2309 2276 2270 2310 2277 2271 2310 2284 2277 2310 2271 2303 2311 2285 2278 2311 2272 2304 2311 2278 2272 2312 2279 2305 2312 2280 2279 2312 2313 2280 2314 2281 2274 2314 2274 2306 2315 2275 2308 2315 2282 2275 2315 2287 2282 2316 2276 2309 2316 2283 2276 2316 2288 2283 2317 2284 2310 2318 2285 2311 2319 2281 2314 2319 2286 2281 2320 2287 2315 2321 2288 2316 2322 2289 2284 2322 2284 2317 2322 2294 2289 2323 2285 2318 2323 2290 2285 2324 2291 2286 2324 2286 2319 2325 2287 2320 2325 2292 2287 2326 2293 2288 2326 2288 2321 2327 2299 2294 2327 2294 2322 2328 2300 2295 2328 2290 2323 2328 2295 2290 2329 2291 2324 2329 2296 2291 2330 2297 2292 2330 2292 2325 2331 2298 2293 2331 2293 2326 2332 2299 2327 2333 2300 2328 2334 2301 2296 2334 2296 2329 2335 2302 2297 2335 2297 2330 2336 2303 2298 2336 2298 2331 2337 2304 2299 2337 2299 2332 2337 2311 2304 2338 2300 2333 2338 2305 2300 2339 2306 2307 2339 2307 2340 2341 2308 2301 2341 2301 2334 2342 2309 2302 2342 2302 2335 2343 2303 2336 2343 2310 2303 2344 2318 2311 2344 2311 2337 2345 2305 2338 2345 2312 2305 2345 2313 2312 2345 2346 2313 2347 2306 2339 2347 2314 2306 2348 2308 2341 2348 2315 2308 2349 2309 2342 2349 2316 2309 2350 2310 2343 2350 2317 2310 2351 2323 2318 2351 2318 2344 2352 2319 2314 2352 2314 2347 2353 2315 2348 2353 2320 2315 2354 2316 2349 2354 2321 2316 2355 2317 2350 2355 2322 2317 2356 2323 2351 2357 2319 2352 2357 2324 2319 2358 2320 2353 2358 2325 2320 2358 2330 2325 2359 2321 2354 2359 2326 2321 2360 2322 2355 2360 2327 2322 2361 2333 2328 2361 2323 2356 2361 2328 2323 2362 2324 2357 2362 2329 2324 2362 2334 2329 2363 2330 2358 2364 2326 2359 2364 2331 2326 2365 2332 2327 2365 2327 2360 2366 2333 2361 2367 2334 2362 2368 2330 2363 2368 2335 2330 2369 2331 2364 2369 2336 2331 2370 2337 2332 2370 2332 2365 2371 2338 2333 2371 2333 2366 2372 2373 2374 2372 2340 2373 2372 2339 2340 2375 2334 2367 2375 2341 2334 2375 2348 2341 2376 2342 2335 2376 2335 2368 2377 2336 2369 2377 2343 2336 2378 2344 2337 2378 2337 2370 2379 2345 2338 2379 2346 2345 2379 2338 2371 2379 2380 2346 2381 2352 2347 2381 2347 2339 2381 2339 2372 2382 2348 2375 2383 2349 2342 2383 2342 2376 2384 2343 2377 2384 2350 2343 2385 2351 2344 2385 2344 2378 2386 2357 2352 2386 2352 2381 2387 2353 2348 2387 2348 2382 2388 2354 2349 2388 2349 2383 2389 2350 2384 2389 2355 2350 2390 2356 2351 2390 2351 2385 2391 2357 2386 2392 2353 2387 2392 2358 2353 2393 2354 2388 2393 2359 2354 2394 2360 2355 2394 2355 2389 2395 2356 2390 2395 2361 2356 2396 2367 2362 2396 2357 2391 2396 2362 2357 2397 2368 2363 2397 2358 2392 2397 2363 2358 2398 2359 2393 2398 2364 2359 2398 2369 2364 2399 2360 2394 2399 2365 2360 2400 2361 2395 2400 2366 2361 2401 2367 2396 2402 2368 2397 2403 2369 2398 2404 2370 2365 2404 2365 2399 2405 2371 2366 2405 2366 2400 2406 2372 2374 2407 2367 2401 2407 2382 2375 2407 2375 2367 2408 2376 2368 2408 2368 2402 2409 2377 2369 2409 2369 2403 2410 2378 2370 2410 2370 2404 2411 2412 2380 2411 2379 2371 2411 2380 2379 2411 2371 2405 2413 2386 2381 2413 2372 2406 2413 2381 2372 2414 2382 2407 2415 2388 2383 2415 2383 2376 2415 2376 2408 2416 2384 2377 2416 2389 2384 2416 2377 2409 2417 2385 2378 2417 2378 2410 2418 2386 2413 2419 2387 2382 2419 2392 2387 2419 2382 2414 2420 2388 2415 2420 2393 2388 2421 2389 2416 2422 2390 2385 2422 2385 2417 2422 2395 2390 2423 2396 2391 2423 2391 2386 2423 2386 2418 2424 2392 2419 2425 2393 2420 2426 2389 2421 2426 2394 2389 2427 2395 2422 2428 2396 2423 2428 2401 2396 2429 2397 2392 2429 2402 2397 2429 2392 2424 2430 2398 2393 2430 2393 2425 2431 2394 2426 2431 2399 2394 2432 2395 2427 2432 2400 2395 2433 2401 2428 2434 2402 2429 2435 2398 2430 2435 2403 2398 2435 2409 2403 2436 2410 2404 2436 2399 2431 2436 2404 2399 2437 2405 2400 2437 2400 2432 2438 2406 2374 2438 2374 2439 2440 2414 2407 2440 2401 2433 2440 2407 2401 2441 2415 2408 2441 2402 2434 2441 2408 2402 2442 2409 2435 2442 2416 2409 2443 2410 2436 2444 2445 2412 2444 2411 2405 2444 2412 2411 2444 2405 2437 2446 2413 2406 2446 2418 2413 2446 2406 2438 2447 2419 2414 2447 2414 2440 2448 2420 2415 2448 2415 2441 2449 2416 2442 2450 2417 2410 2450 2410 2443 2451 2418 2446 2452 2419 2447 2453 2420 2448 2453 2425 2420 2454 2416 2449 2454 2421 2416 2455 2422 2417 2455 2417 2450 2456 2423 2418 2456 2418 2451 2457 2424 2419 2457 2419 2452 2458 2425 2453 2459 2421 2454 2459 2426 2421 2459 2431 2426 2460 2422 2455 2460 2427 2422 2460 2432 2427 2461 2428 2423 2461 2433 2428 2461 2423 2456 2462 2434 2429 2462 2429 2424 2462 2424 2457 2463 2430 2425 2463 2425 2458 2464 2431 2459 2464 2436 2431 2465 2432 2460 2466 2433 2461 2467 2434 2462 2467 2441 2434 2468 2430 2463 2468 2435 2430 2468 2442 2435 2469 2436 2464 2470 2432 2465 2470 2437 2432 2471 2438 2439 2471 2446 2438 2471 2472 2473 2471 2439 2472 2474 2447 2440 2474 2433 2466 2474 2440 2433 2475 2441 2467 2476 2449 2442 2476 2442 2468 2477 2443 2436 2477 2436 2469 2477 2450 2443 2478 2479 2445 2478 2444 2437 2478 2437 2470 2478 2445 2444 2480 2446 2471 2481 2447 2474 2482 2453 2448 2482 2448 2441 2482 2441 2475 2483 2449 2476 2484 2450 2477 2485 2446 2480 2485 2451 2446 2486 2447 2481 2486 2452 2447 2486 2457 2452 2487 2458 2453 2487 2453 2482 2488 2454 2449 2488 2449 2483 2489 2450 2484 2489 2455 2450 2490 2451 2485 2490 2456 2451 2490 2461 2456 2491 2457 2486 2492 2458 2487 2493 2459 2454 2493 2454 2488 2493 2464 2459 2494 2460 2455 2494 2455 2489 2495 2461 2490 2496 2462 2457 2496 2457 2491 2497 2458 2492 2497 2463 2458 2498 2464 2493 2499 2460 2494 2499 2465 2460 2500 2461 2495 2500 2466 2461 2501 2467 2462 2501 2462 2496 2502 2468 2463 2502 2476 2468 2502 2463 2497 2503 2469 2464 2503 2464 2498 2504 2465 2499 2504 2470 2465 2505 2471 2473 2506 2466 2500 2506 2474 2466 2507 2467 2501 2507 2475 2467 2508 2476 2502 2508 2483 2476 2509 2477 2469 2509 2469 2503 2509 2484 2477 2510 2511 2479 2510 2478 2470 2510 2479 2478 2510 2470 2504 2512 2480 2471 2512 2471 2505 2513 2481 2474 2513 2474 2506 2514 2482 2475 2514 2475 2507 2515 2483 2508 2516 2484 2509 2517 2480 2512 2517 2485 2480 2518 2486 2481 2518 2481 2513 2519 2482 2514 2519 2487 2482 2519 2492 2487 2520 2483 2515 2520 2488 2483 2521 2484 2516 2521 2494 2489 2521 2489 2484 2522 2490 2485 2522 2485 2517 2523 2491 2486 2523 2486 2518 2524 2492 2519 2525 2498 2493 2525 2488 2520 2525 2493 2488 2526 2494 2521 2527 2490 2522 2527 2495 2490 2528 2496 2491 2528 2491 2523 2529 2492 2524 2529 2497 2492 2529 2502 2497 2530 2503 2498 2530 2498 2525 2531 2494 2526 2531 2499 2494 2531 2504 2499 2532 2495 2527 2532 2500 2495 2533 2496 2528 2533 2501 2496 2534 2502 2529 2534 2508 2502 2535 2503 2530 2536 2504 2531 2536 2510 2504 2537 2473 2538 2537 2505 2473 2539 2500 2532 2539 2506 2500 2539 2513 2506 2540 2501 2533 2540 2507 2501 2541 2508 2534 2542 2516 2509 2542 2503 2535 2542 2509 2503 2543 2544 2511 2543 2510 2536 2543 2511 2510 2545 2505 2537 2545 2512 2505 2546 2513 2539 2547 2507 2540 2547 2514 2507 2548 2520 2515 2548 2515 2508 2548 2508 2541 2549 2516 2542 2550 2522 2517 2550 2517 2512 2550 2512 2545 2551 2518 2513 2551 2513 2546 2552 2514 2547 2552 2519 2514 2553 2520 2548 2554 2526 2521 2554 2516 2549 2554 2521 2516 2555 2522 2550 2556 2528 2523 2556 2518 2551 2556 2523 2518 2557 2519 2552 2557 2524 2519 2558 2520 2553 2558 2525 2520 2559 2526 2554 2560 2527 2522 2560 2522 2555 2561 2528 2556 2562 2524 2557 2562 2529 2524 2563 2535 2530 2563 2525 2558 2563 2530 2525 2564 2531 2526 2564 2526 2559 2564 2536 2531 2565 2532 2527 2565 2527 2560 2566 2528 2561 2566 2533 2528 2567 2534 2529 2567 2529 2562 2568 2535 2563 2569 2536 2564 2570 2538 2571 2570 2545 2537 2570 2537 2538 2572 2539 2532 2572 2532 2565 2573 2540 2533 2573 2533 2566 2574 2534 2567 2574 2541 2534 2575 2535 2568 2575 2549 2542 2575 2542 2535 2576 2577 2544 2576 2544 2543 2576 2536 2569 2576 2543 2536 2578 2545 2570 2579 2539 2572 2579 2546 2539 2580 2552 2547 2580 2540 2573 2580 2547 2540 2581 2541 2574 2581 2548 2541 2582 2549 2575 2583 2550 2545 2583 2545 2578 2584 2551 2546 2584 2546 2579 2585 2552 2580 2586 2553 2548 2586 2548 2581 2587 2554 2549 2587 2549 2582 2588 2555 2550 2588 2550 2583 2589 2556 2551 2589 2551 2584 2590 2552 2585 2590 2557 2552 2591 2553 2586 2591 2558 2553 2592 2559 2554 2592 2554 2587 2592 2564 2559 2593 2555 2588 2593 2560 2555 2594 2556 2589 2594 2561 2556 2595 2557 2590 2595 2562 2557 2595 2567 2562 2596 2558 2591 2596 2563 2558 2597 2564 2592 2598 2560 2593 2598 2565 2560 2599 2566 2561 2599 2561 2594 2600 2574 2567 2600 2567 2595 2601 2563 2596 2601 2568 2563 2602 2564 2597 2602 2569 2564 2602 2576 2569 2603 2571 2604 2603 2570 2571 2605 2565 2598 2605 2572 2565 2606 2566 2599 2606 2573 2566 2606 2580 2573 2607 2574 2600 2608 2575 2568 2608 2568 2601 2609 2610 2577 2609 2576 2602 2609 2577 2576 2611 2578 2570 2611 2570 2603 2612 2579 2572 2612 2572 2605 2612 2584 2579 2613 2580 2606 2614 2581 2574 2614 2574 2607 2615 2575 2608 2615 2582 2575 2616 2578 2611 2616 2583 2578 2617 2584 2612 2618 2585 2580 2618 2580 2613 2619 2591 2586 2619 2586 2581 2619 2581 2614 2620 2587 2582 2620 2582 2615 2621 2588 2583 2621 2583 2616 2622 2589 2584 2622 2584 2617 2623 2590 2585 2623 2585 2618 2623 2595 2590 2624 2591 2619 2624 2596 2591 2625 2592 2587 2625 2587 2620 2626 2588 2621 2626 2593 2588 2627 2594 2589 2627 2589 2622 2628 2595 2623 2629 2596 2624 2630 2592 2625 2630 2597 2592 2631 2598 2593 2631 2605 2598 2631 2593 2626 2632 2594 2627 2632 2599 2594 2633 2595 2628 2633 2600 2595 2634 2596 2629 2634 2608 2601 2634 2601 2596 2635 2602 2597 2635 2597 2630 2636 2604 2637 2636 2603 2604 2636 2611 2603 2638 2605 2631 2639 2599 2632 2639 2606 2599 2640 2600 2633 2640 2607 2600 2641 2608 2634 2641 2615 2608 2642 2643 2610 2642 2602 2635 2642 2610 2609 2642 2609 2602 2644 2611 2636 2644 2616 2611 2645 2605 2638 2645 2612 2605 2646 2606 2639 2646 2613 2606 2647 2607 2640 2647 2614 2607 2648 2615 2641 2649 2616 2644 2650 2612 2645 2650 2617 2612 2651 2613 2646 2651 2618 2613 2652 2614 2647 2652 2619 2614 2653 2620 2615 2653 2615 2648 2654 2616 2649 2654 2621 2616 2655 2617 2650 2655 2622 2617 2656 2623 2618 2656 2618 2651 2657 2624 2619 2657 2619 2652 2658 2625 2620 2658 2620 2653 2659 2631 2626 2659 2626 2621 2659 2621 2654 2660 2627 2622 2660 2632 2627 2660 2622 2655 2661 2623 2656 2661 2628 2623 2662 2629 2624 2662 2624 2657 2663 2630 2625 2663 2635 2630 2663 2625 2658 2664 2631 2659 2664 2638 2631 2665 2632 2660 2666 2628 2661 2666 2633 2628 2667 2629 2662 2667 2634 2629 2668 2635 2663 2669 2636 2637 2669 2670 2671 2669 2637 2670 2672 2638 2664 2673 2632 2665 2673 2639 2632 2674 2633 2666 2674 2640 2633 2675 2634 2667 2675 2641 2634 2676 2677 2643 2676 2635 2668 2676 2643 2642 2676 2642 2635 2678 2636 2669 2678 2644 2636 2679 2638 2672 2679 2645 2638 2679 2650 2645 2680 2646 2639 2680 2639 2673 2680 2651 2646 2681 2647 2640 2681 2640 2674 2682 2641 2675 2682 2648 2641 2683 2644 2678 2683 2649 2644 2684 2650 2679 2685 2656 2651 2685 2651 2680 2686 2652 2647 2686 2647 2681 2687 2648 2682 2687 2653 2648 2688 2654 2649 2688 2649 2683 2689 2660 2655 2689 2650 2684 2689 2655 2650 2690 2656 2685 2691 2652 2686 2691 2657 2652 2692 2658 2653 2692 2653 2687 2693 2654 2688 2693 2659 2654 2694 2665 2660 2694 2660 2689 2695 2661 2656 2695 2656 2690 2696 2662 2657 2696 2657 2691 2697 2663 2658 2697 2658 2692 2698 2659 2693 2698 2664 2659 2699 2665 2694 2700 2674 2666 2700 2661 2695 2700 2666 2661 2701 2662 2696 2701 2667 2662 2702 2663 2697 2702 2668 2663 2703 2669 2671 2704 2672 2664 2704 2664 2698 2705 2665 2699 2705 2673 2665 2706 2674 2700 2707 2667 2701 2707 2675 2667 2708 2709 2677 2708 2668 2702 2708 2676 2668 2708 2677 2676 2710 2669 2703 2710 2683 2678 2710 2678 2669 2711 2679 2672 2711 2672 2704 2712 2673 2705 2712 2680 2673 2713 2681 2674 2713 2674 2706 2714 2675 2707 2714 2682 2675 2715 2683 2710 2715 2688 2683 2716 2679 2711 2716 2684 2679 2717 2680 2712 2717 2685 2680 2717 2690 2685 2718 2681 2713 2718 2686 2681 2718 2691 2686 2719 2682 2714 2719 2687 2682 2720 2688 2715 2720 2693 2688 2721 2684 2716 2721 2689 2684 2722 2695 2690 2722 2690 2717 2723 2691 2718 2723 2696 2691 2724 2687 2719 2724 2692 2687 2725 2693 2720 2726 2689 2721 2726 2694 2689 2727 2695 2722 2728 2696 2723 2729 2697 2692 2729 2692 2724 2730 2698 2693 2730 2693 2725 2731 2699 2694 2731 2694 2726 2732 2695 2727 2732 2706 2700 2732 2700 2695 2733 2701 2696 2733 2696 2728 2733 2707 2701 2734 2697 2729 2734 2702 2697 2735 2703 2671 2735 2671 2736 2737 2704 2698 2737 2698 2730 2738 2699 2731 2738 2705 2699 2739 2706 2732 2740 2707 2733 2741 2742 2709 2741 2702 2734 2741 2708 2702 2741 2709 2708 2743 2703 2735 2743 2710 2703 2744 2711 2704 2744 2704 2737 2745 2712 2705 2745 2705 2738 2746 2706 2739 2746 2713 2706 2747 2714 2707 2747 2719 2714 2747 2707 2740 2748 2715 2710 2748 2710 2743 2749 2716 2711 2749 2711 2744 2750 2717 2712 2750 2712 2745 2751 2718 2713 2751 2713 2746 2752 2719 2747 2753 2715 2748 2753 2720 2715 2754 2716 2749 2754 2721 2716 2755 2717 2750 2755 2722 2717 2756 2718 2751 2756 2728 2723 2756 2723 2718 2757 2729 2724 2757 2719 2752 2757 2724 2719 2758 2720 2753 2758 2725 2720 2759 2721 2754 2759 2726 2721 2760 2727 2722 2760 2722 2755 2761 2728 2756 2762 2729 2757 2763 2737 2730 2763 2730 2725 2763 2725 2758 2764 2726 2759 2764 2731 2726 2765 2727 2760 2765 2732 2727 2766 2733 2728 2766 2728 2761 2766 2740 2733 2767 2734 2729 2767 2741 2734 2767 2729 2762 2768 2735 2736 2768 2743 2735 2768 2736 2769 2770 2737 2763 2771 2731 2764 2771 2738 2731 2772 2732 2765 2772 2739 2732 2773 2740 2766 2774 2775 2742 2774 2741 2767 2774 2742 2741 2776 2743 2768 2776 2748 2743 2777 2744 2737 2777 2737 2770 2777 2749 2744 2778 2745 2738 2778 2738 2771 2779 2739 2772 2779 2746 2739 2780 2740 2773 2780 2747 2740 2781 2753 2748 2781 2748 2776 2782 2749 2777 2783 2745 2778 2783 2750 2745 2784 2746 2779 2784 2751 2746 2785 2747 2780 2785 2752 2747 2786 2753 2781 2787 2754 2749 2787 2749 2782 2788 2760 2755 2788 2750 2783 2788 2755 2750 2789 2751 2784 2789 2756 2751 2790 2752 2785 2790 2757 2752 2791 2753 2786 2791 2763 2758 2791 2758 2753 2792 2754 2787 2792 2759 2754 2793 2760 2788 2794 2756 2789 2794 2761 2756 2795 2762 2757 2795 2757 2790 2796 2763 2791 2797 2764 2759 2797 2759 2792 2798 2760 2793 2798 2765 2760 2799 2766 2761 2799 2761 2794 2800 2767 2762 2800 2774 2767 2800 2762 2795 2801 2776 2768 2801 2769 2802 2801 2768 2769 2803 2770 2763 2803 2763 2796 2804 2771 2764 2804 2764 2797 2805 2772 2765 2805 2765 2798 2806 2773 2766 2806 2766 2799 2807 2774 2800 2807 2808 2775 2807 2775 2774 2809 2776 2801 2810 2777 2770 2810 2770 2803 2811 2778 2771 2811 2771 2804 2812 2772 2805 2812 2779 2772 2813 2780 2773 2813 2773 2806 2814 2781 2776 2814 2776 2809 2815 2782 2777 2815 2777 2810 2816 2778 2811 2816 2783 2778 2817 2779 2812 2817 2784 2779 2818 2780 2813 2818 2785 2780 2819 2781 2814 2819 2786 2781 2820 2782 2815 2820 2787 2782 2821 2783 2816 2821 2788 2783 2822 2784 2817 2822 2789 2784 2823 2785 2818 2823 2790 2785 2823 2795 2790 2824 2786 2819 2824 2791 2786 2825 2787 2820 2825 2792 2787 2826 2788 2821 2826 2793 2788 2827 2789 2822 2827 2794 2789 2828 2795 2823 2829 2791 2824 2829 2796 2791 2830 2792 2825 2830 2797 2792 2830 2804 2797 2831 2793 2826 2831 2798 2793 2832 2799 2794 2832 2794 2827 2833 2800 2795 2833 2795 2828 2834 2835 2836 2834 2802 2835 2834 2801 2802 2837 2796 2829 2837 2803 2796 2838 2804 2830 2839 2798 2831 2839 2805 2798 2840 2806 2799 2840 2799 2832 2841 2842 2808 2841 2808 2807 2841 2807 2800 2841 2800 2833 2843 2801 2834 2843 2809 2801 2844 2803 2837 2844 2810 2803 2845 2804 2838 2845 2811 2804 2845 2816 2811 2846 2812 2805 2846 2817 2812 2846 2805 2839 2847 2806 2840 2847 2813 2806 2848 2814 2809 2848 2809 2843 2849 2810 2844 2849 2815 2810 2850 2816 2845 2850 2821 2816 2851 2817 2846 2852 2813 2847 2852 2818 2813 2852 2823 2818 2853 2819 2814 2853 2814 2848 2854 2820 2815 2854 2815 2849 2854 2825 2820 2855 2821 2850 2856 2817 2851 2856 2822 2817 2857 2823 2852 2858 2829 2824 2858 2824 2819 2858 2819 2853 2859 2825 2854 2860 2826 2821 2860 2821 2855 2861 2822 2856 2861 2827 2822 2862 2823 2857 2862 2828 2823 2863 2829 2858 2864 2825 2859 2864 2830 2825 2865 2826 2860 2865 2831 2826 2865 2839 2831 2866 2827 2861 2866 2832 2827 2867 2828 2862 2867 2833 2828 2868 2836 2869 2868 2843 2834 2868 2834 2836 2870 2829 2863 2870 2837 2829 2871 2838 2830 2871 2830 2864 2872 2839 2865 2873 2840 2832 2873 2832 2866 2874 2875 2842 2874 2841 2833 2874 2833 2867 2874 2842 2841 2876 2843 2868 2877 2844 2837 2877 2837 2870 2878 2845 2838 2878 2838 2871 2879 2846 2839 2879 2839 2872 2880 2847 2840 2880 2840 2873 2881 2848 2843 2881 2843 2876 2881 2853 2848 2882 2849 2844 2882 2844 2877 2883 2855 2850 2883 2850 2845 2883 2845 2878 2884 2846 2879 2884 2856 2851 2884 2851 2846 2885 2852 2847 2885 2847 2880 2886 2853 2881 2887 2854 2849 2887 2859 2854 2887 2849 2882 2888 2855 2883 2889 2856 2884 2889 2861 2856 2890 2857 2852 2890 2852 2885 2891 2863 2858 2891 2858 2853 2891 2853 2886 2892 2859 2887 2893 2855 2888 2893 2860 2855 2894 2861 2889 2895 2857 2890 2895 2862 2857 2895 2867 2862 2896 2863 2891 2897 2859 2892 2897 2864 2859 2898 2860 2893 2898 2865 2860 2899 2873 2866 2899 2861 2894 2899 2866 2861 2900 2867 2895 2901 2876 2868 2901 2868 2869 2902 2870 2863 2902 2863 2896 2902 2877 2870 2903 2871 2864 2903 2864 2897 2904 2872 2865 2904 2865 2898 2904 2879 2872 2905 2873 2899 2906 2874 2867 2906 2907 2875 2906 2867 2900 2906 2875 2874 2908 2876 2901 2909 2877 2902 2910 2878 2871 2910 2883 2878 2910 2871 2903 2911 2884 2879 2911 2879 2904 2912 2873 2905 2912 2880 2873 2913 2876 2908 2913 2881 2876 2913 2886 2881 2914 2882 2877 2914 2887 2882 2914 2877 2909 2915 2883 2910 2916 2884 2911 2917 2885 2880 2917 2880 2912 2918 2886 2913 2919 2887 2914 2920 2888 2883 2920 2893 2888 2920 2883 2915 2921 2884 2916 2921 2889 2884 2922 2885 2917 2922 2895 2890 2922 2890 2885 2923 2886 2918 2923 2891 2886 2924 2887 2919 2924 2892 2887 2925 2893 2920 2926 2889 2921 2926 2894 2889 2927 2895 2922 2928 2896 2891 2928 2891 2923 2929 2897 2892 2929 2892 2924 2930 2893 2925 2930 2904 2898 2930 2898 2893 2931 2894 2926 2931 2899 2894 2932 2906 2900 2932 2895 2927 2932 2900 2895 2933 2934 2935 2933 2869 2934 2933 2901 2869 2936 2896 2928 2936 2902 2896 2937 2897 2929 2937 2903 2897 2938 2904 2930 2938 2911 2904 2939 2899 2931 2939 2905 2899 2940 2941 2907 2940 2907 2906 2940 2906 2932 2942 2908 2901 2942 2901 2933 2943 2909 2902 2943 2914 2909 2943 2902 2936 2944 2915 2910 2944 2903 2937 2944 2910 2903 2945 2911 2938 2946 2905 2939 2946 2912 2905 2947 2913 2908 2947 2908 2942 2948 2914 2943 2949 2915 2944 2950 2911 2945 2950 2921 2916 2950 2916 2911 2951 2912 2946 2951 2922 2917 2951 2917 2912 2952 2913 2947 2952 2918 2913 2953 2914 2948 2953 2919 2914 2954 2915 2949 2954 2925 2920 2954 2920 2915 2955 2921 2950 2956 2922 2951 2957 2923 2918 2957 2918 2952 2958 2924 2919 2958 2919 2953 2959 2925 2954 2960 2926 2921 2960 2921 2955 2961 2922 2956 2961 2927 2922 2962 2923 2957 2962 2928 2923 2963 2924 2958 2963 2929 2924 2964 2925 2959 2964 2930 2925 2964 2938 2930 2965 2926 2960 2965 2931 2926 2966 2927 2961 2966 2932 2927 2967 2942 2933 2967 2933 2935 2968 2928 2962 2968 2936 2928 2969 2929 2963 2969 2937 2929 2970 2945 2938 2970 2938 2964 2971 2939 2931 2971 2931 2965 2972 2973 2941 2972 2932 2966 2972 2940 2932 2972 2941 2940 2974 2947 2942 2974 2942 2967 2975 2936 2968 2975 2943 2936 2976 2944 2937 2976 2937 2969 2977 2950 2945 2977 2945 2970 2978 2946 2939 2978 2939 2971 2979 2952 2947 2979 2947 2974 2980 2943 2975 2980 2948 2943 2981 2949 2944 2981 2944 2976 2982 2955 2950 2982 2950 2977 2983 2946 2978 2983 2951 2946 2984 2957 2952 2984 2952 2979 2985 2948 2980 2985 2953 2948 2986 2959 2954 2986 2949 2981 2986 2954 2949 2987 2955 2982 2988 2951 2983 2988 2956 2951 2989 2962 2957 2989 2957 2984 2990 2953 2985 2990 2958 2953 2991 2959 2986 2992 2960 2955 2992 2955 2987 2993 2961 2956 2993 2966 2961 2993 2956 2988 2994 2962 2989 2995 2958 2990 2995 2963 2958 2996 2959 2991 2996 2964 2959 2997 2965 2960 2997 2960 2992 2998 2966 2993 2998 2972 2966 2999 3000 3001 2999 2935 3000 2999 2967 2935 3002 2962 2994 3002 2968 2962 3002 2975 2968 3003 2963 2995 3003 2969 2963 3004 2964 2996 3004 2970 2964 3005 2965 2997 3005 2971 2965 3005 2978 2971 3006 3007 2973 3006 2972 2998 3006 2973 2972 3008 2967 2999 3008 2974 2967 3009 2975 3002 3009 2980 2975 3010 2969 3003 3010 2976 2969 3011 2970 3004 3011 2977 2970 3012 2978 3005 3013 2979 2974 3013 2984 2979 3013 2974 3008 3014 2985 2980 3014 2980 3009 3015 2981 2976 3015 2976 3010 3016 2982 2977 3016 2977 3011 3017 2988 2983 3017 2983 2978 3017 2978 3012 3018 2984 3013 3019 2985 3014 3020 2986 2981 3020 2981 3015 3021 2987 2982 3021 2982 3016 3022 2988 3017 3023 2989 2984 3023 2984 3018 3024 2990 2985 3024 2995 2990 3024 2985 3019 3025 2986 3020 3025 2991 2986 3026 2987 3021 3026 2992 2987 3027 2988 3022 3027 2993 2988 3027 2998 2993 3028 2994 2989 3028 2989 3023 3029 2995 3024 3030 2991 3025 3030 2996 2991 3031 2997 2992 3031 2992 3026 3032 2998 3027 3032 3006 2998 3033 3001 3034 3033 2999 3001 3033 3008 2999 3035 3002 2994 3035 2994 3028 3036 2995 3029 3036 3003 2995 3037 2996 3030 3037 3004 2996 3038 2997 3031 3038 3005 2997 3039 3040 3007 3039 3007 3006 3039 3006 3032 3041 3008 3033 3042 3002 3035 3042 3009 3002 3043 3003 3036 3043 3010 3003 3043 3015 3010 3044 3004 3037 3044 3011 3004 3045 3005 3038 3045 3012 3005 3046 3018 3013 3046 3008 3041 3046 3013 3008 3047 3009 3042 3047 3014 3009 3048 3015 3043 3049 3011 3044 3049 3016 3011 3050 3012 3045 3050 3017 3012 3051 3023 3018 3051 3018 3046 3052 3019 3014 3052 3014 3047 3053 3020 3015 3053 3015 3048 3054 3021 3016 3054 3016 3049 3055 3017 3050 3055 3022 3017 3056 3028 3023 3056 3023 3051 3057 3019 3052 3057 3024 3019 3058 3025 3020 3058 3020 3053 3059 3026 3021 3059 3021 3054 3060 3022 3055 3060 3027 3022 3061 3028 3056 3062 3024 3057 3062 3029 3024 3063 3030 3025 3063 3025 3058 3063 3037 3030 3064 3026 3059 3064 3031 3026 3065 3027 3060 3065 3032 3027 3066 3034 3067 3066 3041 3033 3066 3033 3034 3068 3028 3061 3068 3035 3028 3068 3042 3035 3069 3036 3029 3069 3029 3062 3070 3037 3063 3071 3038 3031 3071 3031 3064 3072 3073 3040 3072 3032 3065 3072 3040 3039 3072 3039 3032 3074 3041 3066 3075 3042 3068 3075 3047 3042 3076 3036 3069 3076 3043 3036 3077 3044 3037 3077 3037 3070 3077 3049 3044 3078 3038 3071 3078 3045 3038 3079 3046 3041 3079 3041 3074 3080 3052 3047 3080 3047 3075 3081 3048 3043 3081 3043 3076 3082 3049 3077 3083 3050 3045 3083 3045 3078 3083 3055 3050 3084 3046 3079 3084 3051 3046 3085 3052 3080 3086 3048 3081 3086 3053 3048 3087 3054 3049 3087 3049 3082 3088 3060 3055 3088 3055 3083 3089 3056 3051 3089 3061 3056 3089 3051 3084 3090 3057 3052 3090 3062 3057 3090 3052 3085 3091 3053 3086 3091 3058 3053 3092 3059 3054 3092 3054 3087 3093 3060 3088 3094 3061 3089 3095 3062 3090 3096 3063 3058 3096 3058 3091 3097 3064 3059 3097 3059 3092 3098 3060 3093 3098 3065 3060 3099 3066 3067 3100 3061 3094 3100 3068 3061 3100 3075 3068 3101 3062 3095 3101 3069 3062 3102 3070 3063 3102 3063 3096 3103 3064 3097 3103 3078 3071 3103 3071 3064 3104 3105 3073 3104 3065 3098 3104 3073 3072 3104 3072 3065 3106 3066 3099 3106 3074 3066 3107 3075 3100 3108 3069 3101 3108 3076 3069 3108 3081 3076 3109 3070 3102 3109 3077 3070 3110 3078 3103 3111 3074 3106 3111 3079 3074 3112 3075 3107 3112 3080 3075 3113 3081 3108 3114 3077 3109 3114 3082 3077 3115 3078 3110 3115 3083 3078 3116 3079 3111 3116 3084 3079 3117 3090 3085 3117 3085 3080 3117 3080 3112 3118 3081 3113 3118 3086 3081 3119 3087 3082 3119 3082 3114 3120 3088 3083 3120 3083 3115 3121 3089 3084 3121 3084 3116 3122 3095 3090 3122 3090 3117 3123 3091 3086 3123 3086 3118 3124 3087 3119 3124 3092 3087 3125 3088 3120 3125 3093 3088 3125 3098 3093 3126 3094 3089 3126 3089 3121 3126 3100 3094 3127 3095 3122 3128 3096 3091 3128 3091 3123 3128 3102 3096 3129 3097 3092 3129 3092 3124 3130 3098 3125 3130 3104 3098 3131 3132 3133 3131 3067 3132 3131 3099 3067 3134 3100 3126 3135 3101 3095 3135 3095 3127 3136 3102 3128 3137 3103 3097 3137 3097 3129 3138 3139 3105 3138 3104 3130 3138 3105 3104 3140 3106 3099 3140 3099 3131 3140 3111 3106 3141 3100 3134 3141 3107 3100 3142 3101 3135 3142 3108 3101 3142 3113 3108 3143 3102 3136 3143 3114 3109 3143 3109 3102 3144 3103 3137 3144 3110 3103 3145 3111 3140 3146 3112 3107 3146 3107 3141 3147 3113 3142 3148 3114 3143 3149 3110 3144 3149 3115 3110 3150 3111 3145 3150 3116 3111 3150 3121 3116 3151 3112 3146 3151 3117 3112 3152 3113 3147 3152 3118 3113 3153 3114 3148 3153 3119 3114 3154 3115 3149 3154 3120 3115 3155 3121 3150 3155 3126 3121 3156 3122 3117 3156 3117 3151 3157 3118 3152 3157 3123 3118 3158 3124 3119 3158 3119 3153 3159 3120 3154 3159 3125 3120 3160 3126 3155 3161 3127 3122 3161 3122 3156 3162 3128 3123 3162 3136 3128 3162 3123 3157 3163 3129 3124 3163 3124 3158 3164 3125 3159 3164 3130 3125 3165 3133 3166 3165 3140 3131 3165 3131 3133 3167 3126 3160 3167 3134 3126 3168 3135 3127 3168 3127 3161 3169 3136 3162 3170 3129 3163 3170 3137 3129 3170 3144 3137 3171 3130 3164 3171 3172 3139 3171 3138 3130 3171 3139 3138 3173 3140 3165 3174 3134 3167 3174 3141 3134 3174 3146 3141 3175 3142 3135 3175 3135 3168 3176 3143 3136 3176 3136 3169 3177 3144 3170 3178 3150 3145 3178 3145 3140 3178 3140 3173 3179 3146 3174 3180 3142 3175 3180 3147 3142 3181 3143 3176 3181 3148 3143 3181 3153 3148 3182 3149 3144 3182 3144 3177 3182 3154 3149 3183 3155 3150 3183 3150 3178 3184 3151 3146 3184 3156 3151 3184 3146 3179 3185 3147 3180 3185 3152 3147 3186 3153 3181 3187 3154 3182 3188 3155 3183 3189 3156 3184 3190 3157 3152 3190 3152 3185 3191 3153 3186 3191 3158 3153 3192 3164 3159 3192 3154 3187 3192 3159 3154 3193 3160 3155 3193 3155 3188 3194 3168 3161 3194 3156 3189 3194 3161 3156 3195 3162 3157 3195 3157 3190 3196 3163 3158 3196 3158 3191 3197 3171 3164 3197 3164 3192 3198 3166 3199 3198 3165 3166 3200 3174 3167 3200 3160 3193 3200 3167 3160 3201 3168 3194 3202 3169 3162 3202 3162 3195 3203 3170 3163 3203 3163 3196 3204 3171 3197 3204 3205 3172 3204 3172 3171 3206 3173 3165 3206 3178 3173 3206 3165 3198 3207 3179 3174 3207 3174 3200 3208 3168 3201 3208 3175 3168 3209 3169 3202 3209 3176 3169 3210 3170 3203 3210 3177 3170 3211 3178 3206 3212 3179 3207 3213 3175 3208 3213 3180 3175 3213 3185 3180 3214 3176 3209 3214 3181 3176 3215 3182 3177 3215 3177 3210 3216 3178 3211 3216 3183 3178 3217 3184 3179 3217 3189 3184 3217 3179 3212 3218 3185 3213 3219 3181 3214 3219 3186 3181 3220 3182 3215 3220 3187 3182 3221 3188 3183 3221 3183 3216 3222 3189 3217 3223 3190 3185 3223 3185 3218 3224 3191 3186 3224 3186 3219 3225 3197 3192 3225 3187 3220 3225 3192 3187 3226 3188 3221 3226 3193 3188 3227 3201 3194 3227 3194 3189 3227 3189 3222 3228 3190 3223 3228 3195 3190 3229 3191 3224 3229 3196 3191 3230 3204 3197 3230 3197 3225 3231 3199 3232 3231 3198 3199 3231 3206 3198 3233 3200 3193 3233 3193 3226 3234 3201 3227 3234 3208 3201 3235 3202 3195 3235 3195 3228 3236 3196 3229 3236 3203 3196 3237 3238 3205 3237 3205 3204 3237 3204 3230 3239 3211 3206 3239 3206 3231 3240 3207 3200 3240 3212 3207 3240 3200 3233 3241 3208 3234 3242 3209 3202 3242 3202 3235 3243 3203 3236 3243 3210 3203 3244 3211 3239 3245 3212 3240 3246 3208 3241 3246 3213 3208 3246 3218 3213 3247 3209 3242 3247 3214 3209 3248 3210 3243 3248 3215 3210 3249 3211 3244 3249 3216 3211 3249 3221 3216 3250 3212 3245 3250 3217 3212 3251 3218 3246 3251 3223 3218 3252 3219 3214 3252 3214 3247 3253 3215 3248 3253 3220 3215 3254 3221 3249 3255 3217 3250 3255 3222 3217 3256 3223 3251 3257 3224 3219 3257 3219 3252 3258 3220 3253 3258 3225 3220 3259 3226 3221 3259 3221 3254 3260 3222 3255 3260 3227 3222 3261 3223 3256 3261 3228 3223 3262 3229 3224 3262 3224 3257 3263 3225 3258 3263 3230 3225 3264 3239 3231 3264 3231 3232 3265 3233 3226 3265 3226 3259 3266 3234 3227 3266 3227 3260 3267 3242 3235 3267 3235 3228 3267 3228 3261 3268 3229 3262 3268 3236 3229 3269 3237 3230 3269 3238 3237 3269 3270 3238 3269 3230 3263 3271 3244 3239 3271 3239 3264 3272 3245 3240 3272 3240 3233 3272 3233 3265 3273 3241 3234 3273 3234 3266 3274 3242 3267 3275 3243 3236 3275 3236 3268 3276 3244 3271 3277 3245 3272 3278 3241 3273 3278 3246 3241 3279 3242 3274 3279 3247 3242 3280 3243 3275 3280 3248 3243 3281 3244 3276 3281 3249 3244 3282 3245 3277 3282 3250 3245 3283 3246 3278 3283 3251 3246 3284 3257 3252 3284 3252 3247 3284 3247 3279 3285 3253 3248 3285 3248 3280 3285 3258 3253 3286 3249 3281 3286 3254 3249 3286 3259 3254 3287 3255 3250 3287 3250 3282 3288 3251 3283 3288 3256 3251 3289 3257 3284 3290 3258 3285 3291 3259 3286 3292 3255 3287 3292 3260 3255 3293 3261 3256 3293 3256 3288 3294 3257 3289 3294 3268 3262 3294 3262 3257 3295 3269 3263 3295 3258 3290 3295 3263 3258 3296 3264 3232 3296 3232 3297 3298 3265 3259 3298 3259 3291 3299 3266 3260 3299 3260 3292 3299 3273 3266 3300 3267 3261 3300 3261 3293 3301 3268 3294 3302 3270 3269 3302 3303 3270 3302 3269 3295 3304 3264 3296 3304 3271 3264 3305 3277 3272 3305 3265 3298 3305 3272 3265 3306 3273 3299 3307 3267 3300 3307 3274 3267 3308 3268 3301 3308 3275 3268 3309 3276 3271 3309 3271 3304 3309 3281 3276 3310 3277 3305 3311 3278 3273 3311 3273 3306 3312 3274 3307 3312 3279 3274 3313 3280 3275 3313 3275 3308 3313 3285 3280 3314 3281 3309 3314 3286 3281 3315 3277 3310 3315 3282 3277 3315 3287 3282 3316 3283 3278 3316 3288 3283 3316 3278 3311 3317 3279 3312 3317 3284 3279 3318 3285 3313 3318 3290 3285 3319 3286 3314 3320 3287 3315 3321 3288 3316 3322 3284 3317 3322 3289 3284 3322 3294 3289 3323 3290 3318 3324 3291 3286 3324 3286 3319 3324 3298 3291 3325 3299 3292 3325 3287 3320 3325 3292 3287 3326 3293 3288 3326 3288 3321 3327 3294 3322 3328 3302 3295 3328 3290 3323 3328 3295 3290 3329 3296 3297 3329 3330 3331 3329 3297 3330 3332 3305 3298 3332 3298 3324 3333 3299 3325 3334 3300 3293 3334 3293 3326 3335 3301 3294 3335 3294 3327 3336 3303 3302 3336 3337 3303 3336 3302 3328 3338 3296 3329 3338 3304 3296 3339 3310 3305 3339 3305 3332 3340 3299 3333 3340 3306 3299 3341 3307 3300 3341 3300 3334 3342 3308 3301 3342 3301 3335 3343 3309 3304 3343 3304 3338 3344 3310 3339 3345 3311 3306 3345 3316 3311 3345 3306 3340 3346 3307 3341 3346 3312 3307 3347 3313 3308 3347 3308 3342 3348 3309 3343 3348 3314 3309 3349 3320 3315 3349 3315 3310 3349 3310 3344 3350 3316 3345 3351 3312 3346 3351 3317 3312 3352 3313 3347 3352 3318 3313 3352 3323 3318 3353 3319 3314 3353 3314 3348 3354 3320 3349 3355 3316 3350 3355 3326 3321 3355 3321 3316 3356 3317 3351 3356 3322 3317 3357 3323 3352 3357 3328 3323 3358 3324 3319 3358 3319 3353 3359 3320 3354 3359 3325 3320 3359 3333 3325 3360 3326 3355 3361 3327 3322 3361 3322 3356 3362 3328 3357 3363 3338 3329 3363 3329 3331 3364 3324 3358 3364 3332 3324 3365 3340 3333 3365 3333 3359 3366 3326 3360 3366 3334 3326 3367 3327 3361 3367 3335 3327 3368 3369 3337 3368 3328 3362 3368 3337 3336 3368 3336 3328 3370 3338 3363 3371 3332 3364 3371 3339 3332 3372 3340 3365 3373 3334 3366 3373 3346 3341 3373 3341 3334 3374 3335 3367 3374 3342 3335 3375 3348 3343 3375 3338 3370 3375 3343 3338 3376 3344 3339 3376 3339 3371 3377 3350 3345 3377 3340 3372 3377 3345 3340 3378 3346 3373 3379 3347 3342 3379 3342 3374 3380 3348 3375 3380 3353 3348 3381 3349 3344 3381 3344 3376 3382 3355 3350 3382 3350 3377 3383 3351 3346 3383 3346 3378 3384 3347 3379 3384 3352 3347 3385 3353 3380 3385 3358 3353 3386 3349 3381 3386 3354 3349 3387 3355 3382 3387 3360 3355 3388 3361 3356 3388 3351 3383 3388 3356 3351 3389 3352 3384 3389 3357 3352 3390 3358 3385 3391 3359 3354 3391 3354 3386 3392 3360 3387 3393 3361 3388 3394 3357 3389 3394 3362 3357 3395 3331 3396 3395 3363 3331 3397 3364 3358 3397 3358 3390 3397 3371 3364 3398 3359 3391 3398 3372 3365 3398 3365 3359 3399 3360 3392 3399 3366 3360 3399 3373 3366 3400 3367 3361 3400 3361 3393 3401 3402 3369 3401 3362 3394 3401 3369 3368 3401 3368 3362 3403 3363 3395 3403 3370 3363 3404 3371 3397 3404 3376 3371 3405 3372 3398 3406 3373 3399 3407 3374 3367 3407 3367 3400 3408 3375 3370 3408 3370 3403 3409 3376 3404 3409 3381 3376 3410 3372 3405 3410 3377 3372 3411 3383 3378 3411 3373 3406 3411 3378 3373 3412 3379 3374 3412 3384 3379 3412 3374 3407 3413 3380 3375 3413 3375 3408 3414 3386 3381 3414 3381 3409 3415 3377 3410 3415 3387 3382 3415 3382 3377 3416 3388 3383 3416 3383 3411 3417 3384 3412 3417 3389 3384 3418 3385 3380 3418 3380 3413 3419 3386 3414 3420 3387 3415 3421 3388 3416 3422 3389 3417 3423 3385 3418 3423 3390 3385 3424 3386 3419 3424 3391 3386 3424 3398 3391 3425 3392 3387 3425 3387 3420 3426 3388 3421 3426 3393 3388 3426 3400 3393 3427 3389 3422 3427 3394 3389 3427 3401 3394 3428 3396 3429 3428 3395 3396 3430 3390 3423 3430 3397 3390 3431 3405 3398 3431 3398 3424 3432 3392 3425 3432 3399 3392 3433 3400 3426 3433 3407 3400 3434 3435 3402 3434 3401 3427 3434 3402 3401 3436 3403 3395 3436 3395 3428 3437 3397 3430 3437 3404 3397 3438 3405 3431 3438 3410 3405 3439 3399 3432 3439 3406 3399 3440 3407 3433 3441 3403 3436 3441 3408 3403 3442 3409 3404 3442 3404 3437 3443 3410 3438 3444 3411 3406 3444 3406 3439 3445 3412 3407 3445 3407 3440 3446 3413 3408 3446 3408 3441 3447 3414 3409 3447 3409 3442 3448 3415 3410 3448 3420 3415 3448 3410 3443 3449 3416 3411 3449 3411 3444 3450 3422 3417 3450 3417 3412 3450 3412 3445 3451 3418 3413 3451 3413 3446 3451 3423 3418 3452 3419 3414 3452 3414 3447 3453 3425 3420 3453 3420 3448 3454 3421 3416 3454 3416 3449 3455 3422 3450 3455 3427 3422 3456 3423 3451 3457 3419 3452 3457 3424 3419 3458 3425 3453 3459 3421 3454 3459 3426 3421 3460 3427 3455 3461 3462 3463 3461 3429 3462 3461 3428 3429 3464 3430 3423 3464 3437 3430 3464 3423 3456 3465 3424 3457 3465 3431 3424 3466 3439 3432 3466 3432 3425 3466 3425 3458 3467 3426 3459 3467 3433 3426 3468 3469 3435 3468 3427 3460 3468 3435 3434 3468 3434 3427 3470 3428 3461 3470 3436 3428 3471 3437 3464 3471 3442 3437 3472 3431 3465 3472 3438 3431 3473 3439 3466 3473 3444 3439 3474 3433 3467 3474 3440 3433 3475 3436 3470 3475 3441 3436 3476 3442 3471 3476 3447 3442 3477 3438 3472 3477 3443 3438 3478 3444 3473 3479 3445 3440 3479 3440 3474 3480 3446 3441 3480 3441 3475 3481 3447 3476 3481 3452 3447 3482 3448 3443 3482 3443 3477 3483 3449 3444 3483 3454 3449 3483 3444 3478 3484 3450 3445 3484 3445 3479 3485 3451 3446 3485 3446 3480 3486 3452 3481 3487 3453 3448 3487 3448 3482 3488 3454 3483 3489 3455 3450 3489 3450 3484 3490 3456 3451 3490 3451 3485 3490 3464 3456 3491 3452 3486 3491 3465 3457 3491 3457 3452 3492 3453 3487 3492 3458 3453 3493 3454 3488 3493 3459 3454 3493 3467 3459 3494 3460 3455 3494 3455 3489 3495 3461 3463 3495 3470 3461 3496 3464 3490 3497 3472 3465 3497 3465 3491 3498 3458 3492 3498 3466 3458 3499 3467 3493 3500 3460 3494 3500 3501 3469 3500 3469 3468 3500 3468 3460 3502 3470 3495 3503 3464 3496 3503 3471 3464 3504 3472 3497 3505 3473 3466 3505 3466 3498 3506 3474 3467 3506 3467 3499 3507 3475 3470 3507 3470 3502 3507 3480 3475 3508 3476 3471 3508 3471 3503 3509 3482 3477 3509 3472 3504 3509 3477 3472 3510 3473 3505 3510 3478 3473 3511 3474 3506 3511 3484 3479 3511 3479 3474 3512 3485 3480 3512 3480 3507 3513 3481 3476 3513 3476 3508 3514 3487 3482 3514 3482 3509 3515 3483 3478 3515 3478 3510 3516 3484 3511 3516 3489 3484 3517 3490 3485 3517 3485 3512 3518 3486 3481 3518 3481 3513 3519 3487 3514 3520 3488 3483 3520 3483 3515 3521 3489 3516 3522 3490 3517 3523 3491 3486 3523 3486 3518 3524 3492 3487 3524 3498 3492 3524 3487 3519 3525 3493 3488 3525 3488 3520 3526 3489 3521 3526 3494 3489 3527 3528 3529 3527 3463 3528 3527 3495 3463 3527 3502 3495 3530 3490 3522 3530 3503 3496 3530 3496 3490 3531 3491 3523 3531 3497 3491 3532 3498 3524 3533 3499 3493 3533 3493 3525 3534 3494 3526 3534 3535 3501 3534 3500 3494 3534 3501 3500 3536 3502 3527 3536 3507 3502 3537 3503 3530 3537 3508 3503 3538 3497 3531 3538 3504 3497 3539 3498 3532 3539 3505 3498 3539 3510 3505 3540 3499 3533 3540 3506 3499 3541 3507 3536 3541 3512 3507 3542 3508 3537 3542 3513 3508 3543 3509 3504 3543 3504 3538 3544 3510 3539 3544 3515 3510 3545 3511 3506 3545 3506 3540 3546 3512 3541 3547 3518 3513 3547 3513 3542 3548 3509 3543 3548 3514 3509 3549 3515 3544 3550 3511 3545 3550 3516 3511 3551 3517 3512 3551 3512 3546 3552 3518 3547 3553 3519 3514 3553 3514 3548 3554 3525 3520 3554 3520 3515 3554 3515 3549 3555 3521 3516 3555 3516 3550 3556 3522 3517 3556 3517 3551 3557 3523 3518 3557 3518 3552 3557 3531 3523 3558 3524 3519 3558 3519 3553 3559 3525 3554 3559 3533 3525 3560 3521 3555 3560 3526 3521 3561 3529 3562 3561 3527 3529 3563 3530 3522 3563 3537 3530 3563 3522 3556 3564 3538 3531 3564 3531 3557 3565 3524 3558 3565 3532 3524 3566 3533 3559 3567 3526 3560 3567 3534 3526 3567 3568 3535 3567 3535 3534 3569 3527 3561 3569 3536 3527 3569 3541 3536 3570 3542 3537 3570 3537 3563 3571 3543 3538 3571 3538 3564 3572 3532 3565 3572 3539 3532 3573 3533 3566 3573 3540 3533 3573 3545 3540 3574 3541 3569 3575 3542 3570 3576 3543 3571 3577 3539 3572 3577 3544 3539 3578 3545 3573 3579 3541 3574 3579 3546 3541 3579 3551 3546 3580 3542 3575 3580 3547 3542 3580 3552 3547 3581 3543 3576 3581 3553 3548 3581 3548 3543 3582 3544 3577 3582 3549 3544 3583 3555 3550 3583 3545 3578 3583 3550 3545 3584 3551 3579 3585 3552 3580 3585 3557 3552 3586 3558 3553 3586 3553 3581 3587 3554 3549 3587 3549 3582 3588 3555 3583 3589 3556 3551 3589 3563 3556 3589 3551 3584 3590 3564 3557 3590 3557 3585 3591 3558 3586 3592 3554 3587 3592 3559 3554 3593 3560 3555 3593 3567 3560 3593 3555 3588 3594 3561 3562 3595 3570 3563 3595 3563 3589 3596 3564 3590 3597 3572 3565 3597 3558 3591 3597 3565 3558 3598 3559 3592 3598 3566 3559 3599 3600 3568 3599 3601 3600 3599 3568 3567 3599 3567 3593 3602 3569 3561 3602 3574 3569 3602 3561 3594 3603 3570 3595 3604 3564 3596 3604 3571 3564 3605 3577 3572 3605 3572 3597 3606 3566 3598 3606 3573 3566 3607 3574 3602 3608 3575 3570 3608 3580 3575 3608 3570 3603 3609 3581 3576 3609 3571 3604 3609 3576 3571 3610 3577 3605 3611 3573 3606 3611 3578 3573 3612 3574 3607 3612 3584 3579 3612 3579 3574 3613 3580 3608 3613 3585 3580 3614 3581 3609 3614 3586 3581 3615 3577 3610 3615 3582 3577 3615 3587 3582 3616 3583 3578 3616 3578 3611 3617 3584 3612 3618 3590 3585 3618 3585 3613 3619 3591 3586 3619 3586 3614 3620 3587 3615 3621 3588 3583 3621 3583 3616 3622 3584 3617 3622 3589 3584 3623 3590 3618 3624 3591 3619 3625 3598 3592 3625 3587 3620 3625 3592 3587 3626 3593 3588 3626 3588 3621 3627 3628 3629 3627 3562 3628 3627 3594 3562 3630 3589 3622 3630 3603 3595 3630 3595 3589 3631 3604 3596 3631 3596 3590 3631 3590 3623 3632 3591 3624 3632 3605 3597 3632 3597 3591 3633 3598 3625 3634 3599 3593 3634 3593 3626 3634 3601 3599 3635 3602 3594 3635 3594 3627 3636 3603 3630 3637 3609 3604 3637 3604 3631 3638 3605 3632 3639 3598 3633 3639 3606 3598 3640 3607 3602 3640 3602 3635 3641 3603 3636 3641 3613 3608 3641 3608 3603 3642 3609 3637 3642 3614 3609 3643 3605 3638 3643 3615 3610 3643 3610 3605 3644 3611 3606 3644 3606 3639 3644 3616 3611 3645 3607 3640 3645 3612 3607 3646 3613 3641 3646 3618 3613 3647 3614 3642 3648 3615 3643 3648 3620 3615 3649 3616 3644 3649 3621 3616 3650 3612 3645 3650 3617 3612 3651 3618 3646 3651 3623 3618 3652 3619 3614 3652 3614 3647 3653 3620 3648 3654 3621 3649 3655 3617 3650 3655 3622 3617 3656 3623 3651 3657 3624 3619 3657 3632 3624 3657 3619 3652 3658 3625 3620 3658 3620 3653 3659 3626 3621 3659 3621 3654 3660 3627 3629 3661 3622 3655 3661 3630 3622 3662 3631 3623 3662 3623 3656 3663 3638 3632 3663 3632 3657 3664 3633 3625 3664 3639 3633 3664 3625 3658 3665 3634 3626 3665 3626 3659 3665 3601 3634 3665 3666 3601 3667 3627 3660 3667 3640 3635 3667 3635 3627 3668 3636 3630 3668 3630 3661 3669 3637 3631 3669 3631 3662 3669 3642 3637 3670 3638 3663 3671 3639 3664 3671 3644 3639 3672 3640 3667 3673 3636 3668 3673 3641 3636 3674 3647 3642 3674 3642 3669 3675 3638 3670 3675 3643 3638 3675 3648 3643 3676 3644 3671 3677 3645 3640 3677 3640 3672 3678 3641 3673 3678 3646 3641 3679 3647 3674 3679 3652 3647 3680 3653 3648 3680 3648 3675 3681 3649 3644 3681 3644 3676 3682 3650 3645 3682 3645 3677 3683 3646 3678 3683 3651 3646 3684 3652 3679 3684 3657 3652 3685 3653 3680 3686 3654 3649 3686 3649 3681 3687 3650 3682 3687 3655 3650 3687 3661 3655 3688 3656 3651 3688 3651 3683 3689 3657 3684 3690 3653 3685 3690 3658 3653 3690 3664 3658 3691 3659 3654 3691 3654 3686 3691 3665 3659 3692 3660 3629 3692 3693 3694 3692 3629 3693 3695 3668 3661 3695 3661 3687 3696 3662 3656 3696 3656 3688 3697 3670 3663 3697 3657 3689 3697 3663 3657 3698 3664 3690 3699 3666 3665 3699 3700 3666 3699 3665 3691 3701 3672 3667 3701 3660 3692 3701 3667 3660 3702 3668 3695 3703 3662 3696 3703 3669 3662 3704 3675 3670 3704 3670 3697 3705 3671 3664 3705 3664 3698 3706 3672 3701 3707 3668 3702 3707 3678 3673 3707 3673 3668 3708 3674 3669 3708 3669 3703 3709 3675 3704 3710 3671 3705 3710 3676 3671 3711 3677 3672 3711 3672 3706 3712 3683 3678 3712 3678 3707 3713 3674 3708 3713 3679 3674 3714 3675 3709 3714 3680 3675 3714 3685 3680 3715 3676 3710 3715 3681 3676 3716 3677 3711 3716 3682 3677 3717 3683 3712 3717 3688 3683 3718 3679 3713 3718 3684 3679 3719 3685 3714 3720 3681 3715 3720 3686 3681 3720 3691 3686 3721 3682 3716 3721 3687 3682 3722 3688 3717 3723 3684 3718 3723 3689 3684 3724 3698 3690 3724 3690 3685 3724 3685 3719 3725 3691 3720 3726 3692 3694 3726 3694 3727 3726 3701 3692 3728 3702 3695 3728 3695 3687 3728 3687 3721 3729 3703 3696 3729 3696 3688 3729 3688 3722 3730 3697 3689 3730 3689 3723 3731 3698 3724 3732 3700 3699 3732 3699 3691 3732 3733 3700 3732 3691 3725 3734 3701 3726 3735 3702 3728 3736 3703 3729 3736 3708 3703 3737 3704 3697 3737 3697 3730 3738 3710 3705 3738 3698 3731 3738 3705 3698 3739 3706 3701 3739 3701 3734 3740 3707 3702 3740 3712 3707 3740 3702 3735 3741 3713 3708 3741 3708 3736 3742 3709 3704 3742 3704 3737 3743 3710 3738 3744 3716 3711 3744 3706 3739 3744 3711 3706 3745 3717 3712 3745 3712 3740 3746 3713 3741 3746 3718 3713 3747 3709 3742 3747 3714 3709 3748 3710 3743 3748 3715 3710 3749 3716 3744 3750 3722 3717 3750 3717 3745 3751 3718 3746 3751 3723 3718 3752 3719 3714 3752 3714 3747 3753 3715 3748 3753 3725 3720 3753 3720 3715 3754 3716 3749 3754 3721 3716 3754 3728 3721 3755 3722 3750 3756 3723 3751 3756 3730 3723 3757 3719 3752 3757 3724 3719 3758 3725 3753 3759 3726 3727 3759 3734 3726 3760 3728 3754 3760 3735 3728 3761 3722 3755 3761 3729 3722 3761 3736 3729 3762 3730 3756 3763 3731 3724 3763 3724 3757 3764 3733 3732 3764 3732 3725 3764 3765 3733 3764 3725 3758 3766 3739 3734 3766 3734 3759 3767 3735 3760 3768 3741 3736 3768 3736 3761 3769 3737 3730 3769 3742 3737 3769 3730 3762 3770 3731 3763 3770 3738 3731 3771 3739 3766 3772 3740 3735 3772 3735 3767 3773 3746 3741 3773 3741 3768 3774 3747 3742 3774 3742 3769 3775 3738 3770 3775 3743 3738 3776 3739 3771 3776 3749 3744 3776 3744 3739 3777 3745 3740 3777 3740 3772 3778 3746 3773 3779 3747 3774 3780 3748 3743 3780 3743 3775 3781 3749 3776 3782 3750 3745 3782 3745 3777 3783 3751 3746 3783 3746 3778 3784 3757 3752 3784 3747 3779 3784 3752 3747 3785 3748 3780 3785 3753 3748 3786 3749 3781 3786 3754 3749 3786 3760 3754 3787 3750 3782 3787 3755 3750 3788 3751 3783 3788 3756 3751 3789 3757 3784 3790 3753 3785 3790 3758 3753 3791 3727 3792 3791 3759 3727 3793 3760 3786 3793 3767 3760 3794 3755 3787 3794 3761 3755 3795 3756 3788 3795 3762 3756 3795 3769 3762 3796 3770 3763 3796 3763 3757 3796 3757 3789 3797 3798 3765 3797 3758 3790 3797 3765 3764 3797 3764 3758 3799 3766 3759 3799 3759 3791 3800 3767 3793 3801 3773 3768 3801 3768 3761 3801 3761 3794 3802 3769 3795 3803 3770 3796 3804 3766 3799 3804 3771 3766 3805 3777 3772 3805 3767 3800 3805 3772 3767 3806 3773 3801 3807 3774 3769 3807 3769 3802 3808 3775 3770 3808 3770 3803 3809 3771 3804 3809 3776 3771 3810 3782 3777 3810 3777 3805 3811 3773 3806 3811 3778 3773 3811 3783 3778 3812 3774 3807 3812 3784 3779 3812 3779 3774 3813 3775 3808 3813 3780 3775 3813 3785 3780 3814 3781 3776 3814 3776 3809 3815 3787 3782 3815 3782 3810 3816 3783 3811 3817 3784 3812 3818 3785 3813 3818 3790 3785 3819 3786 3781 3819 3781 3814 3820 3787 3815 3821 3788 3783 3821 3783 3816 3821 3795 3788 3822 3789 3784 3822 3784 3817 3822 3796 3789 3823 3790 3818 3824 3825 3826 3824 3792 3825 3824 3791 3792 3827 3786 3819 3827 3793 3786 3828 3787 3820 3828 3794 3787 3828 3801 3794 3829 3795 3821 3829 3802 3795 3830 3796 3822 3831 3832 3798 3831 3790 3823 3831 3798 3797 3831 3797 3790 3833 3791 3824 3833 3799 3791 3833 3804 3799 3834 3793 3827 3834 3800 3793 3835 3806 3801 3835 3801 3828 3836 3802 3829 3836 3807 3802 3837 3803 3796 3837 3796 3830 3837 3808 3803 3838 3804 3833 3839 3805 3800 3839 3810 3805 3839 3800 3834 3840 3806 3835 3840 3811 3806 3841 3807 3836 3842 3808 3837 3843 3809 3804 3843 3804 3838 3844 3810 3839 3845 3816 3811 3845 3811 3840 3846 3812 3807 3846 3807 3841 3846 3817 3812 3847 3808 3842 3847 3813 3808 3848 3809 3843 3848 3814 3809 3849 3810 3844 3849 3820 3815 3849 3815 3810 3850 3821 3816 3850 3816 3845 3851 3817 3846 3851 3822 3817 3852 3813 3847 3852 3818 3813 3853 3819 3814 3853 3814 3848 3854 3820 3849 3855 3829 3821 3855 3821 3850 3856 3822 3851 3857 3818 3852 3857 3823 3818 3858 3824 3826 3858 3826 3859 3860 3827 3819 3860 3819 3853 3861 3820 3854 3861 3828 3820 3862 3829 3855 3862 3836 3829 3863 3822 3856 3863 3830 3822 3863 3837 3830 3864 3865 3832 3864 3866 3865 3864 3823 3857 3864 3832 3831 3864 3831 3823 3867 3833 3824 3867 3824 3858 3868 3827 3860 3868 3834 3827 3869 3828 3861 3869 3840 3835 3869 3835 3828 3870 3836 3862 3871 3837 3863 3872 3833 3867 3872 3838 3833 3873 3834 3868 3873 3839 3834 3874 3840 3869 3875 3841 3836 3875 3836 3870 3875 3846 3841 3876 3842 3837 3876 3837 3871 3877 3843 3838 3877 3838 3872 3878 3839 3873 3878 3844 3839 3879 3845 3840 3879 3840 3874 3880 3846 3875 3881 3847 3842 3881 3852 3847 3881 3842 3876 3882 3843 3877 3882 3848 3843 3883 3849 3844 3883 3844 3878 3884 3845 3879 3884 3855 3850 3884 3850 3845 3885 3851 3846 3885 3856 3851 3885 3846 3880 3886 3857 3852 3886 3852 3881 3887 3853 3848 3887 3848 3882 3888 3854 3849 3888 3849 3883 3889 3855 3884 3890 3856 3885 3891 3857 3886 3891 3864 3857 3892 3858 3859 3893 3853 3887 3893 3860 3853 3894 3861 3854 3894 3854 3888 3895 3855 3889 3895 3862 3855 3896 3856 3890 3896 3863 3856 3896 3871 3863 3897 3864 3891 3897 3866 3864 3898 3858 3892 3898 3867 3858 3899 3860 3893 3899 3868 3860 3900 3869 3861 3900 3861 3894 3901 3870 3862 3901 3862 3895 3902 3871 3896 3903 3867 3898 3903 3872 3867 3904 3868 3899 3904 3873 3868 3905 3869 3900 3905 3874 3869 3906 3870 3901 3906 3875 3870 3907 3876 3871 3907 3871 3902 3907 3881 3876 3908 3877 3872 3908 3882 3877 3908 3872 3903 3909 3878 3873 3909 3873 3904 3910 3879 3874 3910 3874 3905 3911 3880 3875 3911 3875 3906 3911 3885 3880 3912 3881 3907 3913 3882 3908 3914 3888 3883 3914 3878 3909 3914 3883 3878 3915 3884 3879 3915 3879 3910 3916 3885 3911 3917 3886 3881 3917 3891 3886 3917 3881 3912 3918 3887 3882 3918 3882 3913 3919 3888 3914 3920 3889 3884 3920 3884 3915 3921 3885 3916 3921 3890 3885 3922 3891 3917 3922 3897 3891 3923 3924 3925 3923 3859 3924 3923 3892 3859 3926 3887 3918 3926 3893 3887 3926 3899 3893 3927 3894 3888 3927 3888 3919 3928 3889 3920 3928 3895 3889 3929 3890 3921 3929 3896 3890 3930 3897 3922 3930 3931 3866 3930 3866 3897 3932 3898 3892 3932 3892 3923 3933 3899 3926 3934 3894 3927 3934 3900 3894 3935 3895 3928 3935 3901 3895 3936 3896 3929 3936 3902 3896 3937 3898 3932 3937 3903 3898 3938 3899 3933 3938 3904 3899 3938 3909 3904 3939 3900 3934 3939 3905 3900 3939 3910 3905 3940 3901 3935 3940 3906 3901 3941 3902 3936 3941 3907 3902 3942 3903 3937 3942 3908 3903 3943 3909 3938 3944 3910 3939 3945 3911 3906 3945 3906 3940 3946 3912 3907 3946 3907 3941 3947 3913 3908 3947 3908 3942 3948 3919 3914 3948 3909 3943 3948 3914 3909 3949 3915 3910 3949 3920 3915 3949 3910 3944 3950 3911 3945 3950 3916 3911 3951 3917 3912 3951 3912 3946 3952 3918 3913 3952 3913 3947 3953 3919 3948 3954 3920 3949 3955 3921 3916 3955 3916 3950 3956 3917 3951 3956 3922 3917 3956 3930 3922 3957 3923 3925 3957 3925 3958 3959 3926 3918 3959 3918 3952 3959 3933 3926 3960 3927 3919 3960 3919 3953 3961 3920 3954 3961 3928 3920 3962 3921 3955 3962 3929 3921 3963 3930 3956 3963 3964 3931 3963 3931 3930 3965 3923 3957 3965 3932 3923 3966 3933 3959 3967 3927 3960 3967 3934 3927 3967 3939 3934 3968 3928 3961 3968 3935 3928 3969 3936 3929 3969 3929 3962 3970 3937 3932 3970 3932 3965 3971 3933 3966 3971 3938 3933 3972 3939 3967 3973 3935 3968 3973 3940 3935 3974 3941 3936 3974 3936 3969 3975 3937 3970 3975 3942 3937 3976 3943 3938 3976 3938 3971 3977 3939 3972 3977 3949 3944 3977 3944 3939 3978 3940 3973 3978 3945 3940 3979 3941 3974 3979 3946 3941 3980 3947 3942 3980 3942 3975 3981 3948 3943 3981 3943 3976 3982 3949 3977 3983 3950 3945 3983 3945 3978 3984 3951 3946 3984 3946 3979 3985 3952 3947 3985 3947 3980 3986 3953 3948 3986 3948 3981 3987 3954 3949 3987 3949 3982 3988 3955 3950 3988 3950 3983 3989 3951 3984 3989 3956 3951 3990 3958 3991 3990 3957 3958 3992 3959 3952 3992 3952 3985 3993 3960 3953 3993 3953 3986 3994 3968 3961 3994 3961 3954 3994 3954 3987 3995 3955 3988 3995 3962 3955 3996 3956 3989 3996 3964 3963 3996 3997 3964 3996 3963 3956 3998 3970 3965 3998 3957 3990 3998 3965 3957 3999 3959 3992 3999 3966 3959 4000 3967 3960 4000 3960 3993 4001 3968 3994 4002 3969 3962 4002 3962 3995 4003 3970 3998 4004 3966 3999 4004 3971 3966 4005 3967 4000 4005 3972 3967 4006 3968 4001 4006 3973 3968 4007 3969 4002 4007 3974 3969 4008 3970 4003 4008 3975 3970 4009 3971 4004 4009 3976 3971 4010 3972 4005 4010 3977 3972 4011 3978 3973 4011 3973 4006 4011 3983 3978 4012 3974 4007 4012 3979 3974 4013 3975 4008 4013 3980 3975 4014 3976 4009 4014 3981 3976 4015 3982 3977 4015 3977 4010 4016 3983 4011 4017 3984 3979 4017 3979 4012 4018 3985 3980 4018 3980 4013 4018 3992 3985 4019 3981 4014 4019 3986 3981 4020 3987 3982 4020 3982 4015 4021 3988 3983 4021 3983 4016 4022 3989 3984 4022 3984 4017 4023 3990 3991 4024 3999 3992 4024 3992 4018 4025 3986 4019 4025 3993 3986 4026 3994 3987 4026 3987 4020 4027 3995 3988 4027 3988 4021 4028 3996 3989 4028 3997 3996 4028 4029 3997 4028 3989 4022 4030 3998 3990 4030 3990 4023 4030 4003 3998 4031 3999 4024 4032 3993 4025 4032 4000 3993 4033 4001 3994 4033 3994 4026 4034 4002 3995 4034 3995 4027 4035 4003 4030 4036 4004 3999 4036 3999 4031 4037 4010 4005 4037 4000 4032 4037 4005 4000 4038 4001 4033 4038 4006 4001 4039 4002 4034 4039 4007 4002 4040 4003 4035 4040 4008 4003 4040 4013 4008 4041 4004 4036 4041 4009 4004 4041 4014 4009 4042 4010 4037 4043 4006 4038 4043 4011 4006 4044 4007 4039 4044 4012 4007 4045 4013 4040 4046 4014 4041 4046 4019 4014 4047 4015 4010 4047 4010 4042 4048 4016 4011 4048 4011 4043 4049 4022 4017 4049 4012 4044 4049 4017 4012 4050 4013 4045 4050 4024 4018 4050 4018 4013 4051 4019 4046 4052 4020 4015 4052 4015 4047 4053 4016 4048 4053 4021 4016 4053 4027 4021 4054 4022 4049 4055 3991 4056 4055 4023 3991 4057 4024 4050 4058 4019 4051 4058 4025 4019 4058 4032 4025 4059 4026 4020 4059 4020 4052 4060 4027 4053 4061 4022 4054 4061 4028 4022 4061 4029 4028 4061 4062 4029 4063 4030 4023 4063 4023 4055 4064 4031 4024 4064 4024 4057 4065 4032 4058 4066 4033 4026 4066 4026 4059 4067 4034 4027 4067 4027 4060 4068 4030 4063 4068 4035 4030 4069 4041 4036 4069 4036 4031 4069 4031 4064 4070 4042 4037 4070 4037 4032 4070 4032 4065 4071 4038 4033 4071 4033 4066 4072 4039 4034 4072 4034 4067 4073 4040 4035 4073 4035 4068 4074 4041 4069 4075 4042 4070 4076 4038 4071 4076 4043 4038 4077 4039 4072 4077 4044 4039 4078 4045 4040 4078 4040 4073 4079 4046 4041 4079 4051 4046 4079 4041 4074 4080 4052 4047 4080 4042 4075 4080 4047 4042 4081 4043 4076 4081 4048 4043 4082 4044 4077 4082 4049 4044 4083 4045 4078 4083 4050 4045 4084 4051 4079 4085 4052 4080 4086 4048 4081 4086 4053 4048 4087 4054 4049 4087 4049 4082 4088 4089 4090 4088 4056 4089 4088 4090 4091 4088 4091 4092 4088 4055 4056 4093 4050 4083 4093 4057 4050 4094 4051 4084 4094 4058 4051 4095 4059 4052 4095 4052 4085 4096 4060 4053 4096 4053 4086 4097 4062 4061 4097 4054 4087 4097 4061 4054 4097 4098 4062 4099 4063 4055 4099 4068 4063 4099 4055 4088 4099 4088 4092 4100 4064 4057 4100 4057 4093 4101 4070 4065 4101 4065 4058 4101 4058 4094 4102 4066 4059 4102 4059 4095 4102 4071 4066 4103 4067 4060 4103 4060 4096 4104 4068 4099 4104 4092 4105 4104 4105 4106 4104 4099 4092 4107 4069 4064 4107 4064 4100 4108 4070 4101 4109 4071 4102 4110 4067 4103 4110 4072 4067 4111 4104 4106 4111 4078 4073 4111 4068 4104 4111 4073 4068 4112 4069 4107 4112 4074 4069 4113 4070 4108 4113 4080 4075 4113 4075 4070 4114 4076 4071 4114 4071 4109 4115 4077 4072 4115 4072 4110 4116 4111 4106 4116 4106 4117 4116 4078 4111 4118 4074 4112 4118 4079 4074 4119 4080 4113 4120 4076 4114 4120 4081 4076 4120 4086 4081 4121 4077 4115 4121 4082 4077 4122 4078 4116 4122 4116 4117 4122 4117 4123 4122 4083 4078 4122 4123 4124 4122 4093 4083 4125 4079 4118 4125 4084 4079 4126 4080 4119 4126 4095 4085 4126 4085 4080 4127 4086 4120 4128 4082 4121 4128 4087 4082 4129 4122 4124 4129 4093 4122 4130 4084 4125 4130 4094 4084 4131 4095 4126 4132 4096 4086 4132 4086 4127 4133 4097 4087 4133 4098 4097 4133 4134 4098 4133 4087 4128 4135 4129 4124 4135 4093 4129 4135 4100 4093 4135 4124 4136 4135 4136 4137 4138 4101 4094 4138 4094 4130 4139 4102 4095 4139 4095 4131 4140 4103 4096 4140 4096 4132 4141 4107 4100 4141 4112 4107 4141 4135 4137 4141 4100 4135 4142 4101 4138 4142 4108 4101 4143 4109 4102 4143 4114 4109 4143 4102 4139 4144 4110 4103 4144 4103 4140 4145 4112 4141 4145 4137 4146 4145 4141 4137 4147 4113 4108 4147 4108 4142 4148 4114 4143 4149 4115 4110 4149 4121 4115 4149 4110 4144 4150 4118 4112 4150 4125 4118 4150 4112 4145 4150 4145 4146 4150 4146 4151 4152 4113 4147 4152 4119 4113 4153 4114 4148 4153 4120 4114 4154 4121 4149 4155 4125 4150 4155 4151 4156 4155 4150 4151 4157 4126 4119 4157 4119 4152 4158 4127 4120 4158 4120 4153 4159 4121 4154 4159 4128 4121 4160 4155 4156 4160 4125 4155 4160 4156 4161 4160 4161 4162 4160 4130 4125 4163 4126 4157 4163 4131 4126 4164 4132 4127 4164 4127 4158 4164 4140 4132 4165 4134 4133 4165 4133 4128 4165 4166 4134 4165 4128 4159 4167 4160 4162 4167 4142 4138 4167 4130 4160 4167 4162 4168 4167 4138 4130 4169 4131 4163 4169 4139 4131 4170 4140 4164 4171 4167 4168 4171 4142 4167 4172 4143 4139 4172 4139 4169 4173 4144 4140 4173 4140 4170 4174 4147 4142 4174 4142 4171 4174 4171 4168 4174 4168 4175 4174 4175 4176 4177 4148 4143 4177 4143 4172 4178 4144 4173 4178 4149 4144 4179 4152 4147 4179 4174 4176 4179 4147 4174 4180 4153 4148 4180 4148 4177 4181 4149 4178 4181 4154 4149 4181 4159 4154 4182 4179 4176 4182 4157 4152 4182 4176 4183 4182 4152 4179 4184 4158 4153 4184 4153 4180 4185 4159 4181 4186 4157 4182 4186 4163 4157 4186 4169 4163 4186 4183 4187 4186 4187 4188 4186 4182 4183 4189 4158 4184 4189 4164 4158 4190 4159 4185 4190 4191 4166 4190 4166 4165 4190 4165 4159 4192 4186 4188 4192 4188 4193 4192 4169 4186 4194 4164 4189 4194 4170 4164 4195 4192 4193 4195 4172 4169 4195 4169 4192 4196 4170 4194 4196 4178 4173 4196 4173 4170 4197 4177 4172 4197 4172 4195 4197 4195 4193 4197 4193 4198 4197 4180 4177 4199 4178 4196 4200 4197 4198 4200 4180 4197 4200 4198 4201 4200 4201 4202 4203 4181 4178 4203 4178 4199 4204 4184 4180 4204 4180 4200 4204 4200 4202 4204 4202 4205 4206 4185 4181 4206 4181 4203 4207 4184 4204 4207 4189 4184 4207 4204 4205 4208 4190 4185 4208 4191 4190 4208 4185 4206 4208 4209 4191 4210 4196 4194 4210 4207 4205 4210 4189 4207 4210 4205 4211 4210 4211 4212 4210 4194 4189 4213 4196 4210 4213 4210 4212 4214 4199 4196 4214 4196 4213 4214 4213 4212 4214 4212 4215 4216 4203 4199 4216 4206 4203 4216 4199 4214 4216 4214 4215 4216 4215 4217 4218 4206 4216 4218 4216 4217 4218 4217 4219 4218 4219 4220 4221 4218 4220 4221 4222 4209 4221 4223 4222 4221 4206 4218 4221 4208 4206 4221 4209 4208 4221 4220 4223 4224 4225 4226 4227 4228 4229 4230 4225 4224 4231 4225 4230 4231 4232 4225 4233 4234 4232 4233 4232 4231 4235 4224 4236 4235 4230 4224 4237 4234 4233 4237 4238 4234 4239 4233 4231 4239 4230 4235 4239 4231 4230 4240 4241 4238 4240 4238 4237 4242 4233 4239 4243 4236 4244 4243 4235 4236 4245 4246 4241 4245 4241 4240 4247 4233 4242 4247 4237 4233 4248 4235 4243 4248 4239 4235 4249 4246 4245 4249 4250 4246 4251 4245 4240 4251 4237 4247 4251 4240 4237 4252 4239 4248 4252 4242 4239 4253 4244 4254 4253 4248 4243 4253 4243 4244 4255 4250 4249 4255 4256 4250 4255 4257 4256 4258 4245 4251 4259 4242 4252 4259 4247 4242 4259 4251 4247 4260 4248 4253 4261 4257 4255 4261 4262 4257 4261 4263 4262 4264 4249 4245 4264 4245 4258 4265 4251 4259 4266 4248 4260 4266 4252 4248 4267 4260 4253 4267 4253 4254 4267 4254 4268 4269 4249 4264 4269 4255 4249 4270 4251 4265 4270 4258 4251 4271 4252 4266 4271 4259 4252 4272 4260 4267 4273 4261 4255 4273 4255 4269 4273 4274 4263 4273 4263 4261 4275 4258 4270 4275 4264 4258 4276 4259 4271 4276 4265 4259 4277 4266 4260 4277 4271 4266 4277 4260 4272 4278 4267 4268 4278 4268 4279 4280 4269 4264 4280 4264 4275 4281 4265 4276 4281 4270 4265 4282 4271 4277 4283 4272 4267 4283 4267 4278 4284 4273 4269 4284 4274 4273 4284 4285 4274 4284 4269 4280 4286 4270 4281 4286 4275 4270 4287 4271 4282 4287 4276 4271 4288 4272 4283 4288 4277 4272 4289 4278 4279 4289 4279 4290 4291 4280 4275 4291 4275 4286 4292 4281 4276 4292 4276 4287 4293 4282 4277 4293 4277 4288 4294 4283 4278 4294 4278 4289 4295 4280 4291 4295 4285 4284 4295 4284 4280 4295 4296 4285 4297 4281 4292 4297 4286 4281 4298 4287 4282 4298 4282 4293 4298 4292 4287 4299 4283 4294 4299 4288 4283 4300 4289 4290 4300 4290 4301 4302 4286 4297 4302 4295 4291 4302 4291 4286 4303 4292 4298 4304 4288 4299 4304 4293 4288 4305 4299 4294 4305 4289 4300 4305 4294 4289 4306 4307 4296 4306 4296 4295 4306 4295 4302 4308 4292 4303 4308 4297 4292 4309 4293 4304 4309 4298 4293 4310 4299 4305 4311 4300 4301 4311 4301 4312 4313 4297 4308 4313 4302 4297 4314 4308 4303 4314 4298 4309 4314 4303 4298 4315 4304 4299 4315 4299 4310 4316 4305 4300 4316 4300 4311 4317 4306 4302 4317 4302 4313 4317 4307 4306 4317 4318 4307 4319 4308 4314 4320 4309 4304 4320 4314 4309 4320 4304 4315 4321 4305 4316 4321 4310 4305 4322 4312 4323 4322 4311 4312 4324 4313 4308 4324 4308 4319 4325 4314 4320 4326 4315 4310 4326 4310 4321 4327 4316 4311 4327 4311 4322 4328 4317 4313 4328 4329 4318 4328 4318 4317 4328 4313 4324 4330 4319 4314 4330 4314 4325 4331 4320 4315 4331 4315 4326 4332 4316 4327 4332 4321 4316 4333 4334 4335 4333 4323 4334 4333 4322 4323 4336 4328 4324 4336 4319 4330 4336 4324 4319 4337 4330 4325 4337 4325 4320 4337 4320 4331 4338 4326 4321 4338 4331 4326 4338 4321 4332 4339 4332 4327 4339 4322 4333 4339 4327 4322 4340 4328 4336 4340 4341 4329 4340 4329 4328 4342 4330 4337 4342 4336 4330 4343 4331 4338 4344 4332 4339 4345 4333 4335 4346 4336 4342 4347 4337 4331 4347 4331 4343 4348 4338 4332 4348 4332 4344 4349 4339 4333 4349 4333 4345 4350 4340 4336 4350 4341 4340 4350 4336 4346 4350 4351 4341 4352 4337 4347 4352 4342 4337 4353 4343 4338 4353 4338 4348 4354 4344 4339 4354 4339 4349 4355 4345 4335 4355 4335 4356 4357 4346 4342 4357 4342 4352 4358 4343 4353 4358 4347 4343 4358 4352 4347 4359 4348 4344 4359 4344 4354 4360 4349 4345 4360 4345 4355 4361 4350 4346 4361 4351 4350 4361 4346 4357 4361 4362 4351 4363 4352 4358 4364 4353 4348 4364 4348 4359 4365 4354 4349 4365 4349 4360 4366 4360 4355 4366 4356 4367 4366 4355 4356 4368 4357 4352 4368 4352 4363 4369 4353 4364 4369 4358 4353 4370 4359 4354 4370 4354 4365 4371 4360 4366 4372 4373 4362 4372 4361 4357 4372 4362 4361 4372 4357 4368 4374 4363 4358 4374 4358 4369 4375 4364 4359 4375 4359 4370 4376 4365 4360 4376 4360 4371 4377 4366 4367 4377 4371 4366 4377 4367 4378 4379 4363 4374 4379 4368 4363 4380 4364 4375 4380 4374 4369 4380 4369 4364 4381 4365 4376 4381 4370 4365 4381 4375 4370 4382 4371 4377 4383 4372 4368 4383 4368 4379 4383 4384 4373 4383 4373 4372 4385 4374 4380 4386 4375 4381 4386 4380 4375 4387 4376 4371 4387 4371 4382 4388 4377 4378 4388 4382 4377 4388 4389 4390 4388 4378 4389 4391 4379 4374 4391 4374 4385 4392 4380 4386 4393 4381 4376 4393 4376 4387 4394 4382 4388 4395 4383 4379 4395 4379 4391 4395 4384 4383 4395 4396 4384 4397 4385 4380 4397 4380 4392 4398 4386 4381 4398 4381 4393 4398 4392 4386 4399 4387 4382 4399 4382 4394 4400 4388 4390 4401 4395 4391 4401 4391 4385 4401 4385 4397 4402 4392 4398 4403 4393 4387 4403 4387 4399 4404 4394 4388 4404 4388 4400 4405 4395 4401 4405 4396 4395 4405 4406 4396 4407 4397 4392 4407 4392 4402 4408 4398 4393 4408 4393 4403 4409 4394 4404 4409 4399 4394 4410 4400 4390 4410 4390 4411 4412 4405 4401 4412 4401 4397 4412 4397 4407 4413 4407 4402 4413 4402 4398 4413 4398 4408 4414 4403 4399 4414 4399 4409 4414 4408 4403 4415 4400 4410 4415 4404 4400 4416 4417 4406 4416 4406 4405 4416 4405 4412 4418 4407 4413 4419 4408 4414 4420 4404 4415 4420 4409 4404 4421 4410 4411 4421 4415 4410 4421 4422 4423 4421 4411 4422 4424 4412 4407 4424 4407 4418 4425 4413 4408 4425 4408 4419 4426 4419 4414 4426 4409 4420 4426 4414 4409 4427 4415 4421 4428 4416 4412 4428 4417 4416 4428 4412 4424 4428 4429 4417 4430 4418 4413 4430 4413 4425 4431 4419 4426 4432 4420 4415 4432 4415 4427 4433 4421 4423 4433 4423 4434 4435 4424 4418 4435 4418 4430 4435 4428 4424 4436 4425 4419 4436 4419 4431 4437 4420 4432 4437 4426 4420 4438 4427 4421 4438 4421 4433 4439 4429 4428 4439 4428 4435 4439 4440 4429 4441 4425 4436 4441 4430 4425 4442 4431 4426 4442 4426 4437 4443 4432 4427 4443 4427 4438 4444 4434 4445 4444 4433 4434 4446 4435 4430 4446 4430 4441 4447 4431 4442 4447 4436 4431 4448 4437 4432 4448 4442 4437 4448 4432 4443 4449 4438 4433 4449 4433 4444 4450 4439 4435 4450 4440 4439 4450 4435 4446 4450 4451 4440 4452 4441 4436 4452 4436 4447 4453 4442 4448 4454 4443 4438 4454 4438 4449 4455 4444 4445 4456 4441 4452 4456 4446 4441 4457 4442 4453 4457 4447 4442 4458 4453 4448 4458 4443 4454 4458 4448 4443 4459 4444 4455 4459 4454 4449 4459 4449 4444 4460 4450 4446 4460 4451 4450 4460 4446 4456 4460 4461 4451 4462 4452 4447 4462 4447 4457 4463 4453 4458 4464 4454 4459 4465 4445 4466 4465 4455 4445 4467 4456 4452 4467 4452 4462 4468 4457 4453 4468 4453 4463 4469 4458 4454 4469 4454 4464 4470 4459 4455 4470 4455 4465 4471 4460 4456 4471 4461 4460 4471 4456 4467 4471 4472 4461 4473 4457 4468 4473 4462 4457 4474 4468 4463 4474 4463 4458 4474 4458 4469 4475 4459 4470 4475 4464 4459 4476 4477 4478 4476 4466 4477 4476 4465 4466 4479 4467 4462 4479 4462 4473 4479 4471 4467 4480 4468 4474 4481 4469 4464 4481 4464 4475 4482 4470 4465 4482 4465 4476 4483 4472 4471 4483 4471 4479 4483 4484 4472 4485 4473 4468 4485 4468 4480 4486 4480 4474 4486 4474 4469 4486 4469 4481 4487 4475 4470 4487 4481 4475 4487 4470 4482 4488 4476 4478 4489 4479 4473 4489 4473 4485 4490 4480 4486 4491 4481 4487 4492 4476 4488 4492 4482 4476 4493 4483 4479 4493 4484 4483 4493 4479 4489 4493 4494 4484 4495 4485 4480 4495 4480 4490 4496 4486 4481 4496 4481 4491 4497 4482 4492 4497 4487 4482 4498 4499 4500 4498 4478 4499 4498 4488 4478 4501 4489 4485 4501 4485 4495 4502 4486 4496 4502 4490 4486 4503 4487 4497 4503 4491 4487 4504 4497 4492 4504 4488 4498 4504 4492 4488 4505 4489 4501 4505 4493 4489 4505 4494 4493 4505 4506 4494 4507 4490 4502 4507 4495 4490 4508 4496 4491 4508 4502 4496 4508 4491 4503 4509 4497 4504 4510 4498 4500 4510 4500 4511 4512 4501 4495 4512 4495 4507 4513 4502 4508 4514 4503 4497 4514 4497 4509 4515 4498 4510 4515 4504 4498 4516 4506 4505 4516 4501 4512 4516 4517 4506 4516 4505 4501 4518 4502 4513 4518 4507 4502 4519 4503 4514 4519 4508 4503 4519 4513 4508 4520 4509 4504 4520 4504 4515 4521 4510 4511 4522 4512 4507 4522 4507 4518 4523 4513 4519 4524 4519 4514 4524 4514 4509 4524 4509 4520 4525 4515 4510 4525 4510 4521 4526 4516 4512 4526 4517 4516 4526 4512 4522 4526 4527 4517 4528 4518 4513 4528 4513 4523 4529 4519 4524 4530 4520 4515 4530 4515 4525 4531 4511 4532 4531 4521 4511 4533 4522 4518 4533 4518 4528 4534 4523 4519 4534 4519 4529 4535 4520 4530 4535 4524 4520 4536 4521 4531 4536 4525 4521 4537 4526 4522 4537 4527 4526 4537 4522 4533 4537 4538 4527 4539 4523 4534 4539 4528 4523 4539 4533 4528 4540 4534 4529 4540 4524 4535 4540 4529 4524 4541 4525 4536 4541 4530 4525 4542 4532 4543 4542 4531 4532 4544 4537 4533 4544 4533 4539 4545 4534 4540 4546 4530 4541 4546 4535 4530 4546 4540 4535 4547 4536 4531 4547 4541 4536 4547 4531 4542 4548 4537 4544 4548 4538 4537 4548 4549 4538 4550 4539 4534 4550 4534 4545 4551 4540 4546 4552 4541 4547 4553 4542 4543 4553 4543 4554 4555 4544 4539 4555 4539 4550 4556 4545 4540 4556 4540 4551 4557 4541 4552 4557 4551 4546 4557 4546 4541 4558 4542 4553 4558 4547 4542 4559 4560 4549 4559 4549 4548 4559 4544 4555 4559 4548 4544 4561 4545 4556 4561 4550 4545 4562 4556 4551 4562 4551 4557 4563 4552 4547 4563 4547 4558 4564 4565 4566 4564 4554 4565 4564 4553 4554 4567 4555 4550 4567 4550 4561 4568 4556 4562 4569 4557 4552 4569 4552 4563 4570 4558 4553 4570 4553 4564 4571 4572 4560 4571 4555 4567 4571 4560 4559 4571 4559 4555 4573 4561 4556 4573 4556 4568 4574 4562 4557 4574 4557 4569 4575 4558 4570 4575 4563 4558 4575 4569 4563 4576 4570 4564 4576 4564 4566 4577 4561 4573 4577 4567 4561 4577 4571 4567 4578 4562 4574 4578 4568 4562 4579 4574 4569 4579 4569 4575 4580 4570 4576 4581 4582 4572 4581 4571 4577 4581 4572 4571 4583 4568 4578 4583 4573 4568 4584 4574 4579 4585 4570 4580 4585 4575 4570 4586 4576 4566 4586 4587 4588 4586 4566 4587 4589 4577 4573 4589 4573 4583 4590 4578 4574 4590 4574 4584 4591 4579 4575 4591 4575 4585 4592 4576 4586 4592 4580 4576 4593 4594 4582 4593 4581 4577 4593 4577 4589 4593 4582 4581 4595 4583 4578 4595 4578 4590 4596 4579 4591 4596 4584 4579 4597 4580 4592 4597 4585 4580 4597 4591 4585 4598 4586 4588 4599 4593 4589 4599 4583 4595 4599 4589 4583 4600 4590 4584 4600 4584 4596 4601 4596 4591 4601 4591 4597 4602 4592 4586 4602 4586 4598 4603 4604 4594 4603 4594 4593 4603 4593 4599 4605 4595 4590 4605 4590 4600 4606 4596 4601 4607 4597 4592 4607 4592 4602 4608 4588 4609 4608 4598 4588 4608 4602 4598 4610 4599 4595 4610 4595 4605 4611 4600 4596 4611 4596 4606 4612 4601 4597 4612 4597 4607 4613 4602 4608 4614 4615 4604 4614 4599 4610 4614 4604 4603 4614 4603 4599 4616 4605 4600 4616 4600 4611 4617 4601 4612 4617 4606 4601 4617 4611 4606 4618 4607 4602 4618 4612 4607 4618 4602 4613 4619 4613 4608 4619 4608 4609 4619 4609 4620 4621 4614 4610 4621 4610 4605 4621 4605 4616 4622 4611 4617 4623 4617 4612 4623 4612 4618 4624 4613 4619 4625 4626 4615 4625 4614 4621 4625 4615 4614 4627 4616 4611 4627 4611 4622 4628 4617 4623 4629 4623 4618 4629 4613 4624 4629 4618 4613 4630 4631 4632 4630 4620 4631 4630 4619 4620 4633 4621 4616 4633 4616 4627 4634 4617 4628 4634 4622 4617 4635 4623 4629 4636 4624 4619 4636 4619 4630 4637 4638 4626 4637 4621 4633 4637 4625 4621 4637 4626 4625 4639 4627 4622 4639 4622 4634 4640 4628 4623 4640 4623 4635 4641 4629 4624 4641 4624 4636 4642 4630 4632 4642 4636 4630 4643 4627 4639 4643 4633 4627 4643 4637 4633 4644 4628 4640 4644 4634 4628 4645 4640 4635 4645 4635 4629 4645 4629 4641 4646 4636 4642 4647 4648 4638 4647 4637 4643 4647 4638 4637 4649 4639 4634 4649 4634 4644 4650 4640 4645 4651 4641 4636 4651 4645 4641 4651 4636 4646 4652 4653 4654 4652 4632 4653 4652 4642 4632 4652 4646 4642 4655 4643 4639 4655 4639 4649 4655 4647 4643 4656 4644 4640 4656 4640 4650 4657 4645 4651 4658 4646 4652 4659 4660 4648 4659 4648 4647 4659 4647 4655 4661 4644 4656 4661 4649 4644 4662 4645 4657 4662 4650 4645 4663 4646 4658 4663 4651 4646 4664 4658 4652 4664 4652 4654 4665 4649 4661 4665 4655 4649 4666 4656 4650 4666 4650 4662 4667 4657 4651 4667 4651 4663 4667 4662 4657 4668 4658 4664 4669 4670 4660 4669 4659 4655 4669 4655 4665 4669 4660 4659 4671 4656 4666 4671 4661 4656 4672 4666 4662 4672 4662 4667 4673 4658 4668 4673 4667 4663 4673 4663 4658 4674 4654 4675 4674 4664 4654 4676 4669 4665 4676 4665 4661 4676 4661 4671 4677 4666 4672 4678 4667 4673 4679 4668 4664 4679 4664 4674 4680 4670 4669 4680 4681 4670 4680 4669 4676 4682 4671 4666 4682 4666 4677 4683 4672 4667 4683 4677 4672 4683 4667 4678 4684 4673 4668 4684 4668 4679 4685 4675 4686 4685 4679 4674 4685 4674 4675 4687 4671 4682 4687 4676 4671 4688 4677 4683 4689 4673 4684 4689 4678 4673 4690 4679 4685 4691 4692 4681 4691 4681 4680 4691 4680 4676 4691 4676 4687 4693 4682 4677 4693 4677 4688 4694 4683 4678 4694 4678 4689 4695 4684 4679 4695 4679 4690 4696 4686 4697 4696 4685 4686 4698 4682 4693 4698 4687 4682 4698 4691 4687 4699 4683 4694 4699 4688 4683 4700 4689 4684 4700 4684 4695 4700 4694 4689 4701 4685 4696 4701 4690 4685 4702 4703 4692 4702 4692 4691 4702 4691 4698 4704 4688 4699 4704 4693 4688 4705 4694 4700 4705 4699 4694 4706 4690 4701 4706 4695 4690 4707 4697 4708 4707 4696 4697 4709 4698 4693 4709 4693 4704 4710 4699 4705 4711 4700 4695 4711 4695 4706 4712 4696 4707 4712 4701 4696 4713 4714 4703 4713 4702 4698 4713 4698 4709 4713 4703 4702 4715 4699 4710 4715 4704 4699 4716 4700 4711 4716 4705 4700 4716 4710 4705 4717 4711 4706 4717 4701 4712 4717 4706 4701 4718 4708 4719 4718 4707 4708 4718 4712 4707 4720 4709 4704 4720 4713 4709 4720 4704 4715 4721 4710 4716 4722 4711 4717 4723 4712 4718 4724 4713 4720 4724 4725 4714 4724 4714 4713 4726 4715 4710 4726 4710 4721 4727 4716 4711 4727 4711 4722 4728 4717 4712 4728 4712 4723 4729 4719 4730 4729 4718 4719 4731 4720 4715 4731 4715 4726 4732 4716 4727 4732 4721 4716 4733 4717 4728 4733 4722 4717 4734 4718 4729 4734 4723 4718 4735 4736 4725 4735 4724 4720 4735 4720 4731 4735 4725 4724 4737 4726 4721 4737 4721 4732 4738 4727 4722 4738 4722 4733 4739 4728 4723 4739 4723 4734 4740 4730 4741 4740 4729 4730 4742 4731 4726 4742 4726 4737 4742 4735 4731 4743 4727 4738 4743 4732 4727 4744 4738 4733 4744 4728 4739 4744 4733 4728 4745 4729 4740 4745 4734 4729 4746 4735 4742 4746 4747 4736 4746 4736 4735 4748 4732 4743 4748 4737 4732 4749 4738 4744 4750 4739 4734 4750 4734 4745 4751 4741 4752 4751 4740 4741 4753 4742 4737 4753 4737 4748 4754 4738 4749 4754 4743 4738 4755 4739 4750 4755 4744 4739 4756 4740 4751 4756 4745 4740 4757 4758 4747 4757 4747 4746 4757 4742 4753 4757 4746 4742 4759 4748 4743 4759 4743 4754 4759 4753 4748 4760 4749 4744 4760 4754 4749 4760 4744 4755 4761 4750 4745 4761 4745 4756 4762 4752 4763 4762 4751 4752 4762 4756 4751 4764 4757 4753 4764 4753 4759 4765 4754 4760 4766 4755 4750 4766 4750 4761 4766 4760 4755 4767 4756 4762 4768 4769 4758 4768 4758 4757 4768 4757 4764 4770 4764 4759 4770 4759 4754 4770 4754 4765 4771 4760 4766 4772 4761 4756 4772 4766 4761 4772 4756 4767 4773 4763 4774 4773 4762 4763 4773 4767 4762 4775 4764 4770 4775 4768 4764 4776 4765 4760 4776 4760 4771 4777 4766 4772 4778 4767 4773 4779 4780 4769 4779 4768 4775 4779 4769 4768 4781 4770 4765 4781 4765 4776 4782 4771 4766 4782 4776 4771 4782 4766 4777 4783 4767 4778 4783 4772 4767 4784 4774 4785 4784 4773 4774 4786 4770 4781 4786 4775 4770 4787 4776 4782 4788 4772 4783 4788 4777 4772 4789 4778 4773 4789 4773 4784 4790 4780 4779 4790 4775 4786 4790 4791 4780 4790 4779 4775 4792 4781 4776 4792 4776 4787 4793 4782 4777 4793 4777 4788 4794 4783 4778 4794 4778 4789 4795 4785 4796 4795 4789 4784 4795 4784 4785 4797 4781 4792 4797 4790 4786 4797 4786 4781 4798 4782 4793 4798 4787 4782 4799 4788 4783 4799 4783 4794 4800 4789 4795 4801 4802 4791 4801 4803 4802 4801 4791 4790 4801 4790 4797 4804 4792 4787 4804 4787 4798 4805 4793 4788 4805 4788 4799 4806 4794 4789 4806 4789 4800 4807 4796 4808 4807 4795 4796 4807 4800 4795 4809 4797 4792 4809 4792 4804 4810 4793 4805 4810 4798 4793 4811 4799 4794 4811 4794 4806 4812 4800 4807 4813 4803 4801 4813 4801 4797 4813 4797 4809 4814 4804 4798 4814 4809 4804 4814 4798 4810 4815 4799 4811 4815 4805 4799 4816 4806 4800 4816 4800 4812 4817 4808 4818 4817 4807 4808 4819 4809 4814 4820 4810 4805 4820 4805 4815 4821 4806 4816 4821 4811 4806 4822 4807 4817 4822 4812 4807 4823 4824 4803 4823 4825 4824 4823 4803 4813 4823 4809 4819 4823 4813 4809 4826 4810 4820 4826 4814 4810 4827 4820 4815 4827 4811 4821 4827 4815 4811 4828 4812 4822 4828 4816 4812 4829 4818 4830 4829 4822 4817 4829 4817 4818 4831 4814 4826 4831 4819 4814 4832 4820 4827 4833 4821 4816 4833 4816 4828 4834 4822 4829 4835 4819 4831 4835 4823 4819 4835 4825 4823 4836 4826 4820 4836 4820 4832 4837 4821 4833 4837 4827 4821 4838 4822 4834 4838 4828 4822 4839 4830 4840 4839 4829 4830 4839 4834 4829 4841 4826 4836 4841 4831 4826 4842 4827 4837 4842 4832 4827 4843 4837 4833 4843 4833 4828 4843 4828 4838 4844 4834 4839 4845 4831 4841 4845 4846 4825 4845 4825 4835 4845 4835 4831 4847 4836 4832 4847 4841 4836 4847 4832 4842 4848 4837 4843 4849 4838 4834 4849 4834 4844 4850 4840 4851 4850 4839 4840 4850 4844 4839 4852 4841 4847 4853 4842 4837 4853 4837 4848 4854 4843 4838 4854 4838 4849 4854 4848 4843 4855 4844 4850 4856 4857 4846 4856 4845 4841 4856 4846 4845 4856 4841 4852 4858 4842 4853 4858 4847 4842 4859 4853 4848 4859 4848 4854 4860 4849 4844 4860 4844 4855 4861 4862 4863 4861 4851 4862 4861 4850 4851 4864 4852 4847 4864 4847 4858 4865 4853 4859 4866 4854 4849 4866 4849 4860 4867 4850 4861 4867 4855 4850 4868 4869 4857 4868 4852 4864 4868 4857 4856 4868 4856 4852 4870 4853 4865 4870 4858 4853 4871 4854 4866 4871 4859 4854 4872 4855 4867 4872 4860 4855 4873 4867 4861 4873 4861 4863 4874 4864 4858 4874 4868 4864 4874 4858 4870 4875 4865 4859 4875 4859 4871 4876 4866 4860 4876 4860 4872 4877 4867 4873 4878 4869 4868 4878 4879 4869 4878 4868 4874 4880 4865 4875 4880 4870 4865 4881 4866 4876 4881 4871 4866 4882 4872 4867 4882 4867 4877 4883 4873 4863 4883 4884 4228 4883 4863 4884 4885 4874 4870 4885 4870 4880 4886 4875 4871 4886 4871 4881 4887 4872 4882 4887 4876 4872 4888 4873 4883 4888 4877 4873 4889 4874 4885 4889 4890 4879 4889 4879 4878 4889 4878 4874 4891 4880 4875 4891 4875 4886 4891 4885 4880 4892 4881 4876 4892 4876 4887 4893 4882 4877 4893 4877 4888 4894 4228 4227 4894 4883 4228 4894 4888 4883 4895 4885 4891 4896 4881 4892 4896 4886 4881 4897 4887 4882 4897 4882 4893 4898 4227 4899 4898 4899 4900 4898 4888 4894 4898 4894 4227 4901 4902 4890 4901 4890 4889 4901 4889 4885 4901 4885 4895 4903 4886 4896 4903 4891 4886 4904 4892 4887 4904 4896 4892 4904 4887 4897 4905 4898 4900 4905 4893 4888 4905 4888 4898 4906 4891 4903 4906 4895 4891 4906 4901 4895 4907 4903 4896 4907 4896 4904 4908 4893 4905 4908 4905 4900 4908 4900 4909 4908 4897 4893 4910 4901 4906 4910 4911 4902 4910 4902 4901 4912 4903 4907 4913 4904 4897 4913 4908 4909 4913 4909 4914 4913 4907 4904 4913 4897 4908 4915 4906 4903 4915 4903 4912 4916 4912 4907 4916 4913 4914 4916 4914 4917 4916 4917 4918 4916 4907 4913 4919 4911 4910 4919 4906 4915 4919 4920 4911 4919 4910 4906 4921 4912 4916 4921 4916 4918 4922 4915 4912 4922 4912 4921 4922 4921 4918 4922 4918 4923 4924 4919 4915 4924 4925 4920 4924 4926 4925 4924 4920 4919 4924 4915 4922 4924 4922 4923 4924 4923 4927 4924 4927 4926 4928 4929 4930 4928 4931 4929 4932 4930 4933 4932 4928 4930 4934 4933 4935 4934 4932 4933 4936 4935 4937 4936 4934 4935 4938 4937 4939 4938 4936 4937 4940 4939 4941 4940 4941 4942 4940 4938 4939 4943 4940 4942 4944 4942 4945 4944 4943 4942 4946 4945 4947 4946 4944 4945 4948 4947 4949 4948 4946 4947 4950 4949 4951 4950 4948 4949 4952 4951 4953 4952 4950 4951 4954 4953 4955 4954 4952 4953 4956 4955 4957 4956 4954 4955 4958 4957 4959 4958 4956 4957 4960 4959 4961 4960 4958 4959 4962 4961 4963 4962 4960 4961 4964 4963 4965 4964 4962 4963 4966 4964 4965 4966 4965 4967 4966 4967 4968 4969 4966 4968 4969 4968 4970 4971 4969 4970 4972 4971 4970 4972 4970 4973 4974 4973 4975 4974 4972 4973 4976 4975 4977 4976 4974 4975 4978 4977 4979 4978 4976 4977 4980 4979 4981 4980 4978 4979 4982 4981 4983 4982 4980 4981 4984 4983 4985 4984 4982 4983 4986 4985 4987 4986 4984 4985 4988 4987 4989 4988 4986 4987 4990 4989 4991 4990 4988 4989 4992 4991 4993 4992 4993 4994 4992 4990 4991 4995 4992 4994 4996 4994 4997 4996 4995 4994 4998 4997 4999 4998 4996 4997 5000 4999 5001 5000 4998 4999 5002 5001 5003 5002 5000 5001 5004 5003 5005 5004 5002 5003 5006 5005 5007 5006 5004 5005 5008 5007 5009 5008 5006 5007 5010 5009 5011 5010 5011 5012 5010 5008 5009 5013 5010 5012 5014 5013 5012 5014 5012 5015 5016 5014 5015 5016 5015 5017 5018 5016 5017 5018 5017 5019 5020 5018 5019 5020 5019 5021 5022 5020 5021 5022 5021 5023 5024 5022 5023 5024 5023 5025 5026 5024 5025 5026 5025 5027 5028 5026 5027 5028 5027 5029 5030 5028 5029 5030 5029 5031 5032 5030 5031 5032 5031 5033 5034 5032 5033 5034 5033 5035 5036 5034 5035 5036 5035 5037 5038 5036 5037 5038 5037 5039 5040 5039 5041 5040 5038 5039 5042 5041 5043 5042 5040 5041 5044 5043 5045 5044 5042 5043 5046 5045 5047 5046 5044 5045 5048 5047 5049 5048 5046 5047 5050 5049 5051 5050 5048 5049 5052 5051 5053 5052 5053 5054 5052 5050 5051 5055 5052 5054 9 5056 5057 9 8 5056 39 5057 5058 39 9 5057 83 5058 5059 83 39 5058 119 5059 5060 119 83 5059 152 5060 5061 152 119 5060 153 5061 5062 153 152 5061 218 5062 5063 218 153 5062 251 5063 5064 251 218 5063 284 5064 5065 284 251 5064 317 5065 5066 317 284 5065 350 5066 5067 350 317 5066 383 5067 5068 383 350 5067 416 5068 5069 416 383 5068 449 5069 5070 449 416 5069 450 5070 5071 450 449 5070 515 5071 5072 515 450 5071 548 5072 5073 548 515 5072 549 5073 5074 549 548 5073 614 549 5074 614 5074 5075 647 614 5075 647 5075 5076 680 647 5076 680 5076 5077 681 680 5077 681 5077 5078 746 5078 5079 746 681 5078 779 5079 5080 779 746 5079 812 5080 5081 812 779 5080 845 5081 5082 845 812 5081 878 5082 5083 878 845 5082 879 5083 5084 879 878 5083 944 5084 5085 944 879 5084 977 5085 5086 977 944 5085 978 5086 5087 978 977 5086 1043 5087 5088 1043 978 5087 1076 5088 5089 1076 1043 5088 1077 5089 5090 1077 1076 5089 1142 5090 5091 1142 1077 5090 1175 5091 5092 1175 1142 5091 1176 5092 5093 1176 1175 5092 1241 5093 5094 1241 1176 5093 1274 5094 5095 1274 1241 5094 1307 5095 5096 1307 1274 5095 1308 5096 5097 1308 1307 5096 1341 5097 5098 1341 1308 5097 1406 1341 5098 1406 5098 5099 1439 1406 5099 1439 5099 5100 1472 1439 5100 1472 5100 5101 1505 1472 5101 1505 5101 5102 1538 1505 5102 1538 5102 5103 1571 1538 5103 1571 5103 5104 1604 1571 5104 1604 5104 5105 1604 5105 5106 1638 1604 5106 1670 1638 5106 1670 5106 5107 1703 1670 5107 1703 5107 5108 1736 1703 5108 1736 5108 5109 1736 5109 5110 1769 1736 5110 1770 1769 5110 1770 5110 5111 1770 5111 5112 1836 1770 5112 1868 5112 5113 1868 1836 5112 1901 5113 5114 1901 1868 5113 1935 5114 5115 1935 5115 5116 1935 1901 5114 1967 1935 5116 2001 5116 5117 2001 1967 5116 1 5117 5118 1 2001 5117 2 5118 5119 2 1 5118 5120 4981 4979 5120 4983 4981 5121 5122 5123 5121 5124 5125 5121 5125 5122 5126 5127 5128 5126 5129 5127 5130 5131 5132 5133 4422 4411 5133 4411 4390 5133 5134 5135 5133 4390 5134 5136 5120 4979 5136 4977 4975 5136 4979 4977 5137 5123 5129 5137 5121 5123 5138 5128 5139 5138 5139 5131 5138 5126 5128 5140 5130 5132 5140 5141 5120 5140 5132 5141 5142 4434 4423 5142 4423 4422 5142 5135 5124 5142 5133 5135 5142 4422 5133 5143 5136 4975 5143 4973 4970 5143 4975 4973 5144 5137 5129 5145 5138 5131 5146 5140 5120 5147 4466 4445 5147 4445 4434 5147 4434 5142 5147 5124 5121 5147 5142 5124 5148 4968 4967 5148 4970 4968 5148 5143 4970 5149 5144 5129 5149 5129 5126 5150 5131 5130 5150 5145 5131 5150 5130 5140 5151 5120 5136 5151 5146 5120 5151 5136 5143 5152 4478 4477 5152 4477 4466 5152 5121 5137 5152 5147 5121 5152 4466 5147 5153 4965 4963 5153 4967 4965 5153 5148 4967 5154 5126 5138 5154 5149 5126 5154 5138 5145 5155 5150 5140 5156 5151 5143 5157 4500 4499 5157 4499 4478 5157 4478 5152 5157 5137 5144 5157 5152 5137 5158 4961 4959 5158 4963 4961 5158 5153 4963 5159 5154 5145 5160 5146 5151 5160 5140 5146 5160 5155 5140 5161 5156 5143 5161 5143 5148 5162 5157 5144 5162 4500 5157 5162 5144 5149 5162 5149 5154 5162 4532 4511 5162 4511 4500 5163 5158 4959 5163 4957 4955 5163 4959 4957 5164 5145 5150 5164 5159 5145 5165 5160 5151 5166 5148 5153 5166 5161 5148 5167 5162 5154 5167 4532 5162 5167 5154 5159 5167 4554 4543 5167 4543 4532 5168 5163 4955 5168 4953 4951 5168 4955 4953 5169 5150 5155 5169 5164 5150 5170 5151 5156 5170 5165 5151 5171 5166 5153 5171 5153 5158 5172 4554 5167 5172 5167 5159 5172 4565 4554 5173 4949 4947 5173 4951 4949 5173 5168 4951 5174 5169 5155 5174 5155 5160 5175 5170 5156 5175 5156 5161 5176 5171 5158 5176 5158 5163 5177 5172 5159 5177 5164 5169 5177 5159 5164 5177 4565 5172 5177 4587 4566 5177 4566 4565 5178 4945 4942 5178 4947 4945 5178 5173 4947 5179 5160 5165 5179 5165 5170 5179 5174 5160 5180 5175 5161 5180 5161 5166 5181 5176 5163 5181 5163 5168 5182 5177 5169 5182 4587 5177 5182 4609 4588 5182 4588 4587 5183 4941 4939 5183 4942 4941 5183 5178 4942 5184 5179 5170 5185 5180 5166 5185 5166 5171 5186 5168 5173 5186 5181 5168 5187 5169 5174 5187 5182 5169 5187 4631 4620 5187 4620 4609 5187 4609 5182 5188 4937 4935 5188 4939 4937 5188 5183 4939 5189 5184 5170 5189 5170 5175 5190 5185 5171 5190 5171 5176 5191 5186 5173 5191 5173 5178 5192 4631 5187 5192 5174 5179 5192 5187 5174 5192 4653 4632 5192 4632 4631 5193 4930 4929 5193 4933 4930 5193 4935 4933 5193 5188 4935 5194 5189 5175 5194 5175 5180 5195 5190 5176 5195 5176 5181 5196 5191 5178 5196 5178 5183 5197 4653 5192 5197 5179 5184 5197 4675 4654 5197 4654 4653 5197 5192 5179 5198 5180 5185 5198 5194 5180 5199 5195 5181 5199 5181 5186 5200 5196 5183 5200 5183 5188 5201 4675 5197 5201 5197 5184 5201 4697 4686 5201 4686 4675 5201 5184 5189 5202 5185 5190 5202 5198 5185 5203 5199 5186 5203 5186 5191 5204 5200 5188 5204 5188 5193 5204 5193 4929 5205 5201 5189 5205 4697 5201 5205 5189 5194 5205 5194 5198 5205 4719 4708 5205 4708 4697 5206 5190 5195 5206 5202 5190 5207 5191 5196 5207 5203 5191 5208 5205 5198 5208 4719 5205 5208 4741 4730 5208 4730 4719 5208 5198 5202 5209 5195 5199 5209 5206 5195 5210 5196 5200 5210 5200 5204 5210 5207 5196 5211 5208 5202 5211 4741 5208 5211 4763 4752 5211 4752 4741 5212 5199 5203 5212 5209 5199 5213 5210 5204 5213 5204 4929 5213 4929 4229 5214 5206 5209 5214 5202 5206 5214 5211 5202 5214 4785 4774 5214 4774 4763 5214 4763 5211 5215 5212 5203 5215 5203 5207 5216 5214 5209 5216 4808 4796 5216 4796 4785 5216 4785 5214 5217 5215 5207 5217 5210 5213 5217 5207 5210 5218 4808 5216 5218 5209 5212 5218 4830 4818 5218 4818 4808 5218 5216 5209 5219 5213 4229 5219 5217 5213 5220 4830 5218 5220 4851 4840 5220 4840 4830 5220 5212 5215 5220 5218 5212 5221 5217 5219 5221 5220 5215 5221 4851 5220 5221 4863 4862 5221 4862 4851 5221 5215 5217 5222 4863 5221 5222 4229 4228 5222 4228 4884 5222 4884 4863 5222 5219 4229 5222 5221 5219 5223 5051 5049 5223 5053 5051 5223 5054 5053 5224 5223 5049 5224 5047 5045 5224 5049 5047 5225 5224 5045 5225 5043 5041 5225 5045 5043 5226 5054 5223 5227 5039 5037 5227 5041 5039 5227 5225 5041 5228 5226 5223 5228 5223 5224 5229 5227 5037 5229 5035 5033 5229 5037 5035 5230 5228 5224 5230 5224 5225 5231 5229 5033 5231 5031 5029 5231 5033 5031 5232 4226 5054 5232 5054 5226 5233 5230 5225 5233 5227 5229 5233 5225 5227 5234 5027 5025 5234 5029 5027 5234 5231 5029 5235 5226 5228 5235 5232 5226 5236 5233 5229 5237 5234 5025 5237 5023 5021 5237 5025 5023 5238 5235 5228 5238 5228 5230 5239 5236 5229 5239 5229 5231 5240 5019 5017 5240 5021 5019 5240 5237 5021 5241 4226 5232 5242 5230 5233 5242 5238 5230 5243 5231 5234 5243 5239 5231 5244 5015 5012 5244 5017 5015 5244 5240 5017 5245 5232 5235 5245 5241 5232 5246 5233 5236 5246 5242 5233 5247 5234 5237 5247 5243 5234 5248 5011 5009 5248 5012 5011 5248 5244 5012 5249 5245 5235 5249 5235 5238 5250 5246 5236 5250 5236 5239 5250 5239 5243 5251 5237 5240 5251 5247 5237 5251 5240 5244 5252 4244 4236 5252 4236 4224 5252 4224 4226 5252 4226 5241 5253 5007 5005 5253 5009 5007 5253 5248 5009 5254 5249 5238 5254 5238 5242 5255 5250 5243 5256 5251 5244 5257 5245 5249 5257 4268 4254 5257 4254 4244 5257 4244 5252 5257 5241 5245 5257 5252 5241 5258 5253 5005 5258 5003 5001 5258 5005 5003 5259 5254 5242 5259 5242 5246 5260 5243 5247 5260 5255 5243 5261 5244 5248 5261 5256 5244 5262 4290 4279 5262 4279 4268 5262 4268 5257 5262 5257 5249 5263 5258 5001 5263 4999 4997 5263 5001 4999 5264 5259 5246 5264 5246 5250 5265 5260 5247 5265 5247 5251 5266 5253 5258 5266 5248 5253 5266 5261 5248 5267 4312 4301 5267 4301 4290 5267 5262 5249 5267 4290 5262 5267 5254 5259 5267 5249 5254 5268 4994 4993 5268 4997 4994 5268 5263 4997 5269 5264 5250 5269 5255 5260 5269 5250 5255 5125 5251 5256 5125 5265 5251 5127 5266 5258 5270 4334 4323 5270 4323 4312 5270 4312 5267 5270 5267 5259 5271 4993 4991 5271 5268 4993 5272 5269 5260 5122 5125 5256 5122 5256 5261 5128 5127 5258 5128 5263 5268 5128 5258 5263 5273 4356 4335 5273 4335 4334 5273 5259 5264 5273 5270 5259 5273 5264 5269 5273 4334 5270 5132 4989 4987 5132 4991 4989 5132 5271 4991 5135 5260 5265 5135 5272 5260 5123 5122 5261 5123 5266 5127 5123 5261 5266 5139 5128 5268 5139 5268 5271 5274 5273 5269 5274 4378 4367 5274 4367 4356 5274 4356 5273 5141 4985 4983 5141 4987 4985 5141 5132 4987 5124 5265 5125 5124 5135 5265 5129 5123 5127 5131 5271 5132 5131 5139 5271 5134 5269 5272 5134 4390 4389 5134 4389 4378 5134 5274 5269 5134 5272 5135 5134 4378 5274 5120 5141 4983 4222 4262 4263 4222 4223 4262 4209 4263 4274 4209 4222 4263 4191 4274 4285 4191 4209 4274 4166 4285 4296 4166 4191 4285 4134 4296 4307 4134 4166 4296 4098 4307 4318 4098 4134 4307 4062 4318 4329 4062 4098 4318 4029 4329 4341 4029 4062 4329 3997 4341 4351 3997 4029 4341 3964 4351 4362 3964 3997 4351 3931 4362 4373 3931 3964 4362 3866 4373 4384 3866 3931 4373 3865 4384 4396 3865 3866 4384 3832 4396 4406 3832 4406 4417 3832 3865 4396 3798 3832 4417 3765 4417 4429 3765 3798 4417 3733 4429 4440 3733 3765 4429 3700 3733 4440 3700 4440 4451 3666 3700 4451 3666 4451 4461 3601 3666 4461 3601 4461 4472 3601 4472 4484 3600 3601 4484 3600 4484 4494 3568 3600 4494 3568 4494 4506 3535 3568 4506 3501 3535 4506 3501 4506 4517 3501 4517 4527 3469 4527 4538 3469 3501 4527 3435 3469 4538 3402 4538 4549 3402 3435 4538 3369 4549 4560 3369 3402 4549 3337 4560 4572 3337 3369 4560 3303 4572 4582 3303 3337 4572 3270 4582 4594 3270 3303 4582 3238 4594 4604 3238 4604 4615 3238 3270 4594 3205 4615 4626 3205 3238 4615 3172 3205 4626 3139 4626 4638 3139 3172 4626 3105 4638 4648 3105 4648 4660 3105 3139 4638 3073 3105 4660 3040 4660 4670 3040 3073 4660 3007 4670 4681 3007 3040 4670 2973 4681 4692 2973 3007 4681 2941 4692 4703 2941 4703 4714 2941 2973 4692 2907 4714 4725 2907 2941 4714 2875 2907 4725 2842 2875 4725 2842 4725 4736 2808 2842 4736 2808 4736 4747 2775 2808 4747 2775 4747 4758 2742 2775 4758 2742 4758 4769 2709 2742 4769 2709 4769 4780 2677 2709 4780 2677 4780 4791 2643 2677 4791 2643 4791 4802 2610 2643 4802 2610 4802 4803 2577 2610 4803 2577 4803 4824 2544 2577 4824 2544 4824 4825 2511 2544 4825 2511 4825 4846 2479 2511 4846 2479 4846 4857 2445 2479 4857 2445 4857 4869 2412 4869 4879 2412 2445 4869 2380 4879 4890 2380 4890 4902 2380 2412 4879 2346 2380 4902 2313 4902 4911 2313 2346 4902 2280 4911 4920 2280 2313 4911 2248 4920 4925 2248 2280 4920 2247 4925 4926 2247 2248 4925 5275 2247 4926 5275 4926 5276 5277 5276 5278 5277 5275 5276 5279 5278 5280 5279 5277 5278 5281 5280 5282 5281 5279 5280 5283 5282 5284 5283 5281 5282 5285 5284 5286 5285 5283 5284 5287 5286 5288 5287 5285 5286 5289 5288 5290 5289 5287 5288 5291 5290 5292 5291 5289 5290 5293 5292 5294 5293 5291 5292 5295 5294 5296 5295 5293 5294 5297 5296 5298 5297 5295 5296 5299 5298 5300 5299 5297 5298 5301 5300 5302 5301 5299 5300 5303 5302 5304 5303 5301 5302 5305 5304 5306 5305 5303 5304 5307 5306 5308 5307 5305 5306 5309 5307 5308 5309 5308 5310 5311 5309 5310 5311 5310 5312 5313 5311 5312 5313 5312 5314 5315 5313 5314 5315 5314 5316 5317 5315 5316 5317 5316 5318 5319 5318 5320 5319 5317 5318 5321 5320 5322 5321 5319 5320 5323 5322 5324 5323 5321 5322 5325 5324 5326 5325 5323 5324 5327 5326 5328 5327 5325 5326 5329 5328 5330 5329 5327 5328 5331 5330 5332 5331 5329 5330 5333 5332 5334 5333 5331 5332 5335 5334 5336 5335 5333 5334 5337 5336 5338 5337 5335 5336 5339 5338 5340 5339 5337 5338 5341 5340 5342 5341 5339 5340 5343 5342 5344 5343 5341 5342 5345 5344 5346 5345 5343 5344 5347 5346 5348 5347 5345 5346 5349 5348 5350 5349 5347 5348 5351 5350 5352 5351 5349 5350 5353 5352 5354 5353 5351 5352 5355 5354 5356 5355 5353 5354 5357 5356 5358 5357 5355 5356 5359 5357 5358 5359 5358 5360 5361 5359 5360 5361 5360 5362 5363 5361 5362 5363 5362 5364 5365 5363 5364 5365 5364 5366 5367 5365 5366 5367 5366 5368 5369 5367 5368 5369 5368 5370 5371 5369 5370 5371 5370 5372 5373 5371 5372 5373 5372 5374 5375 5373 5374 5375 5374 5376 5377 5375 5376 5377 5376 5378 5379 5377 5378 5379 5378 5380 5381 5379 5380 5381 5380 5382 5383 5381 5382 5383 5382 5384 5385 5383 5384 5385 5384 5386 5385 5386 5387 5388 5385 5387 5389 5387 5390 5389 5388 5387 5391 5390 5392 5391 5389 5390 5393 5392 5394 5393 5391 5392 5395 5394 5396 5395 5393 5394 5397 5396 5398 5397 5395 5396 4223 5398 4262 4223 5397 5398 5399 5400 5401 5402 5403 5404 5405 5406 5402 5401 5406 5405 5400 5406 5401 5402 5406 5403 5403 5407 5408 5409 5410 5406 5411 5410 5409 5407 5412 5413 5403 5412 5407 5414 5415 5410 5416 5417 5418 5412 5417 5416 5419 5420 5415 5406 5420 5403 5410 5420 5406 5415 5420 5410 5403 5421 5412 5412 5421 5417 5422 5423 5420 5424 4090 5423 5425 4090 5424 5423 4090 5420 4089 4056 4090 5426 5427 5428 5429 5427 5426 3991 3958 4056 4090 3958 5420 4056 3958 4090 5429 5430 5427 5427 5430 5431 5432 5430 5429 5433 5430 5432 5434 5430 5433 5420 3925 5403 3958 3925 5420 3925 3924 5403 5434 5435 5430 5430 5435 5436 5421 5435 5434 3859 3825 3924 3826 3825 3859 5437 5438 5439 5435 5438 5437 3792 3727 3825 3825 3727 3924 3727 3694 3924 3924 3694 5403 5421 5440 5435 5435 5440 5438 5441 5440 5442 5438 5440 5441 5440 5443 5444 3628 3562 3629 5440 5445 5443 5443 5445 5446 5440 5447 5445 3528 3463 3529 3529 3462 3562 3463 3462 3529 3693 3429 3694 3629 3429 3693 3694 3429 5403 5421 3429 5440 3562 3429 3629 3462 3429 3562 5403 3429 5421 5448 5449 5450 5451 5449 5448 5452 5449 5451 5447 5449 5452 5440 5453 5447 5449 5453 5454 5447 5453 5449 3330 3297 3331 5453 5455 5456 5440 5455 5453 3232 3199 3297 3199 3166 3297 3297 3166 3331 5455 5457 5458 5440 5457 5455 5440 5459 5457 3396 5459 3429 3331 5459 3396 3429 5459 5440 3166 5459 3331 3133 3132 3166 3067 3034 3132 5460 2115 2114 5459 2115 5460 5459 2127 2115 3001 3000 3034 3034 2934 3132 3132 2934 3166 3000 2934 3034 2935 2934 3000 2146 2202 2171 2127 2202 2146 2934 2835 3166 2869 2835 2934 2836 2835 2869 2241 2340 2307 2802 2769 2835 2241 2373 2340 2240 2373 2241 2202 2373 2240 2835 2736 3166 2769 2736 2835 5459 2374 2127 2127 2374 2202 2202 2374 2373 2671 2670 2736 5459 2472 2374 2374 2472 2439 2670 2637 2736 2736 2604 3166 2637 2604 2736 2472 2538 2473 5459 2538 2472 3166 2571 5459 5459 2571 2538 2604 2571 3166 5461 5462 5463 5461 5464 5465 5461 5465 5462 5466 5467 5468 5466 5468 5469 5470 5471 5472 5470 5473 5471 5470 5472 5474 5475 5476 5477 5475 5477 5478 5475 5479 5480 5475 5478 5479 5481 5482 5483 5481 5484 5482 5481 5485 5484 5486 5463 5467 5486 5461 5463 5487 5469 5488 5487 5466 5469 5489 5470 5474 5489 5474 5485 5490 5491 5492 5490 5492 5476 5490 5480 5464 5490 5476 5475 5490 5475 5480 5493 5494 5495 5493 5483 5494 5493 5481 5483 5496 5486 5467 5497 5488 5473 5497 5487 5488 5498 5489 5485 5498 5485 5481 5499 5464 5461 5499 5500 5501 5499 5501 5491 5499 5490 5464 5499 5491 5490 5502 5503 5504 5502 5495 5503 5502 5493 5495 5505 5467 5466 5505 5496 5467 5506 5497 5473 5506 5473 5470 5507 5498 5481 5508 5509 5510 5508 5510 5500 5508 5461 5486 5508 5500 5499 5508 5499 5461 5508 5486 5496 5511 5512 5513 5511 5504 5512 5511 5502 5504 5514 5505 5466 5514 5466 5487 5514 5487 5497 5515 5470 5489 5515 5506 5470 5516 5493 5502 5516 5481 5493 5516 5507 5481 5517 5518 5519 5517 5519 5509 5517 5508 5496 5517 5509 5508 5520 5521 5522 5520 5513 5521 5520 5511 5513 5523 5514 5497 5524 5489 5498 5524 5498 5507 5524 5515 5489 5525 5516 5502 5526 5527 5518 5526 5518 5517 5526 5496 5505 5526 5517 5496 5526 5505 5514 5526 5528 5527 5529 5530 5531 5529 5522 5530 5529 5520 5522 5532 5506 5515 5532 5497 5506 5532 5523 5497 5533 5524 5507 5534 5502 5511 5534 5525 5502 5535 5514 5523 5535 5528 5526 5535 5526 5514 5535 5536 5537 5535 5537 5528 5538 5529 5531 5538 5539 5540 5538 5531 5539 5541 5532 5515 5542 5533 5507 5542 5507 5516 5543 5511 5520 5543 5534 5511 5544 5535 5523 5544 5536 5535 5544 5545 5536 5546 5538 5540 5546 5547 5548 5546 5540 5547 5549 5541 5515 5549 5515 5524 5549 5524 5533 5550 5516 5525 5550 5542 5516 5550 5525 5534 5551 5543 5520 5551 5520 5529 5552 5523 5532 5552 5544 5523 5552 5545 5544 5552 5553 5554 5552 5554 5545 5555 5556 5557 5555 5548 5556 5555 5546 5548 5558 5549 5533 5558 5533 5542 5559 5550 5534 5559 5534 5543 5560 5538 5546 5560 5551 5529 5560 5529 5538 5561 5532 5541 5561 5552 5532 5561 5553 5552 5561 5562 5563 5561 5563 5553 5564 5565 5566 5564 5557 5565 5564 5555 5557 5567 5558 5542 5568 5543 5551 5568 5559 5543 5569 5560 5546 5570 5541 5549 5570 5561 5541 5570 5571 5572 5570 5562 5561 5570 5572 5562 5573 5574 5575 5573 5566 5574 5573 5564 5566 5576 5542 5550 5576 5567 5542 5577 5568 5551 5578 5569 5546 5578 5546 5555 5578 5555 5564 5579 5571 5570 5579 5549 5558 5579 5558 5567 5579 5570 5549 5579 5580 5581 5579 5581 5571 5582 5583 5054 5582 5584 5583 5582 5575 5584 5582 5573 5575 5585 5576 5550 5585 5550 5559 5586 5577 5551 5586 5551 5560 5587 5578 5564 5588 5580 5579 5588 5579 5567 5588 5589 5590 5588 5590 5580 5591 5568 5577 5591 5585 5559 5591 5559 5568 5592 5560 5569 5592 5586 5560 5593 5564 5573 5593 5587 5564 5594 5576 5585 5594 5588 5567 5594 5589 5588 5594 5567 5576 5594 5595 5596 5594 5596 5589 5597 5591 5577 5598 5569 5578 5598 5592 5569 5598 5578 5587 5599 5573 5582 5599 5593 5573 5599 5582 5054 5600 5594 5585 5600 5595 5594 5600 5601 5602 5600 5602 5595 5603 5577 5586 5603 5597 5577 5604 5598 5587 5605 5600 5585 5605 5591 5597 5605 5585 5591 5605 5601 5600 5605 5606 5607 5605 5607 5601 5608 5586 5592 5608 5603 5586 5609 5587 5593 5609 5604 5587 5609 5593 5599 5610 5605 5597 5610 5606 5605 5610 5611 5612 5610 5612 5606 5613 5592 5598 5613 5598 5604 5613 5608 5592 5614 5609 5599 5614 5599 5054 5614 5054 4226 5615 5610 5597 5615 5597 5603 5615 5603 5608 5615 5616 5617 5615 5611 5610 5615 5617 5611 5618 5613 5604 5619 5615 5608 5619 5616 5615 5619 5620 5621 5619 5621 5616 5622 5604 5609 5622 5618 5604 5623 5624 5625 5623 5625 5620 5623 5608 5613 5623 5619 5608 5623 5620 5619 5626 5614 4226 5626 5609 5614 5626 5622 5609 5627 5613 5618 5627 5628 5629 5627 5629 5624 5627 5624 5623 5627 5623 5613 5630 5622 5626 5630 5628 5627 5630 5631 5632 5630 5632 5628 5630 5627 5618 5630 5618 5622 5633 5631 5630 5633 4226 5634 5633 5634 5635 5633 5635 5631 5633 5626 4226 5633 5630 5626 5636 5637 5638 5636 5639 5637 5636 4929 5639 5640 5636 5638 5640 5641 5642 5640 5638 5641 5643 5640 5642 5643 5644 5645 5643 5642 5644 5646 4929 5636 5646 5636 5640 5647 5648 5649 5647 5645 5648 5647 5643 5645 5650 5646 5640 5651 5647 5649 5651 5652 5653 5651 5649 5652 5654 5650 5640 5654 5640 5643 5654 5643 5647 5655 5651 5653 5655 5656 5657 5655 5653 5656 5658 4229 4929 5658 4929 5646 5659 5654 5647 5660 5661 5662 5660 5657 5661 5660 5655 5657 5663 5646 5650 5663 5658 5646 5664 5659 5647 5664 5647 5651 5665 5660 5662 5665 5666 5667 5665 5662 5666 5668 5663 5650 5668 5650 5654 5668 5654 5659 5669 5664 5651 5669 5651 5655 5670 5671 5672 5670 5667 5671 5670 5665 5667 5673 5658 5663 5673 4229 5658 5674 5668 5659 5675 5655 5660 5675 5660 5665 5675 5669 5655 5676 5677 5678 5676 5672 5677 5676 5670 5672 5679 5673 5663 5679 5663 5668 5680 5659 5664 5680 5674 5659 5681 5675 5665 5681 5665 5670 5682 5683 5684 5682 5678 5683 5682 5676 5678 5685 5679 5668 5686 5680 5664 5686 5664 5669 5687 5681 5670 5688 5689 5690 5688 5690 5691 5688 5691 4229 5688 4229 5673 5688 5673 5679 5692 5693 5694 5692 5684 5693 5692 5682 5684 5695 5668 5674 5695 5685 5668 5696 5686 5669 5696 5669 5675 5696 5675 5681 5697 5670 5676 5697 5687 5670 5698 5699 5700 5698 5700 5689 5698 5688 5679 5698 5689 5688 5701 5702 5703 5701 5694 5702 5701 5692 5694 5704 5695 5674 5704 5674 5680 5705 5696 5681 5706 5697 5676 5706 5682 5692 5706 5676 5682 5707 5699 5698 5707 5708 5709 5707 5709 5699 5707 5679 5685 5707 5698 5679 5710 5701 5703 5710 5711 5712 5710 5703 5711 5713 5704 5680 5713 5680 5686 5714 5681 5687 5714 5705 5681 5715 5692 5701 5715 5706 5692 5716 5717 5718 5716 5718 5708 5716 5685 5695 5716 5708 5707 5716 5707 5685 5719 5720 5721 5719 5712 5720 5719 5710 5712 5722 5696 5705 5722 5686 5696 5722 5713 5686 5465 5687 5697 5465 5714 5687 5468 5715 5701 5723 5724 5725 5723 5725 5717 5723 5695 5704 5723 5717 5716 5723 5716 5695 5723 5704 5713 5471 5721 5726 5471 5719 5721 5727 5722 5705 5462 5465 5697 5462 5697 5706 5469 5468 5701 5469 5701 5710 5728 5729 5730 5728 5730 5724 5728 5724 5723 5728 5723 5713 5472 5471 5726 5472 5731 5732 5472 5726 5731 5480 5727 5705 5480 5705 5714 5480 5714 5465 5463 5462 5706 5463 5706 5715 5488 5719 5471 5488 5469 5710 5488 5710 5719 5733 5728 5713 5733 5729 5728 5733 5734 5735 5733 5735 5729 5733 5713 5722 5474 5472 5732 5474 5736 5737 5474 5732 5736 5464 5480 5465 5467 5463 5715 5467 5715 5468 5473 5488 5471 5479 5727 5480 5479 5722 5727 5479 5478 5738 5479 5738 5734 5479 5733 5722 5479 5734 5733 5485 5739 5484 5485 5737 5739 5485 5474 5737 5740 2 5119 5740 5119 5741 5742 5741 5743 5742 5740 5741 5744 5743 5745 5744 5742 5743 5746 5745 5747 5746 5744 5745 5748 5747 5749 5748 5746 5747 5750 5749 5751 5750 5748 5749 5752 5751 5753 5752 5750 5751 5754 5753 5755 5754 5752 5753 5756 5755 5757 5756 5754 5755 5758 5757 5759 5758 5756 5757 5760 5759 5761 5760 5758 5759 5762 5761 5763 5762 5760 5761 5764 5763 5765 5764 5762 5763 5766 5765 5767 5766 5764 5765 5768 5767 5769 5768 5766 5767 5770 5769 5771 5770 5768 5769 5772 5771 5773 5772 5770 5771 5774 5773 5775 5774 5772 5773 5776 5774 5775 5776 5775 5777 5778 5776 5777 5778 5777 5779 5780 5778 5779 5780 5779 5781 5782 5780 5781 5782 5781 5783 5784 5783 5785 5784 5782 5783 5786 5785 5787 5786 5784 5785 5788 5787 5789 5788 5786 5787 5790 5789 5791 5790 5788 5789 5792 5791 5793 5792 5790 5791 5794 5793 5795 5794 5792 5793 5796 5795 5797 5796 5794 5795 5798 5797 5799 5798 5796 5797 5800 5799 5801 5800 5798 5799 5802 5801 5803 5802 5800 5801 5804 5803 5805 5804 5802 5803 5806 5805 5807 5806 5804 5805 5808 5807 5809 5808 5806 5807 5810 5809 5811 5810 5808 5809 5812 5811 5813 5812 5810 5811 5814 5813 5815 5814 5812 5813 5816 5815 5817 5816 5814 5815 5818 5817 5819 5818 5816 5817 5820 5819 5821 5820 5818 5819 5822 5821 5823 5822 5820 5821 5824 5822 5823 5824 5823 5825 5826 5824 5825 5826 5825 5827 5828 5826 5827 5828 5827 5829 5830 5828 5829 5830 5829 5831 5832 5830 5831 5832 5831 5833 5832 5833 5834 5835 5832 5834 5836 5835 5834 5836 5834 5837 5838 5836 5837 5838 5837 5839 5840 5838 5839 5840 5839 5841 5842 5840 5841 5842 5841 5843 5844 5842 5843 5844 5843 5845 5846 5844 5845 5846 5845 5847 5848 5846 5847 5848 5847 5849 5850 5848 5849 5850 5849 5851 5852 5851 5853 5852 5850 5851 5854 5853 5855 5854 5852 5853 5856 5855 5857 5856 5854 5855 5858 5857 5859 5858 5856 5857 5860 5859 5861 5860 5861 5862 5860 5858 5859 5863 5860 5862 8 5862 5056 8 5863 5862 5864 5834 5833 5864 5837 5834 5864 5833 5865 5866 5833 5831 5866 5865 5833 5867 5839 5837 5867 5837 5864 5868 5831 5829 5868 5866 5831 5869 5839 5867 5870 5829 5827 5870 5868 5829 5871 5841 5839 5871 5843 5841 5871 5839 5869 5872 5825 5823 5872 5827 5825 5872 5870 5827 5873 5843 5871 5874 5872 5823 5875 5845 5843 5875 5847 5845 5875 5843 5873 5876 5823 5821 5876 5874 5823 5877 5847 5875 5877 5849 5847 5878 5821 5819 5878 5876 5821 5879 5849 5877 5880 5819 5817 5880 5878 5819 5881 5849 5879 5881 5851 5849 5881 5853 5851 5882 5817 5815 5882 5880 5817 5883 5853 5881 5884 5815 5813 5884 5882 5815 5885 5855 5853 5885 5853 5883 5886 5884 5813 5886 5813 5811 5809 5886 5811 5887 5855 5885 5887 5857 5855 5859 5857 5887 5888 5886 5809 5807 5888 5809 5889 5859 5887 5861 5859 5889 5890 5888 5807 5891 5861 5889 5892 5890 5807 5892 5807 5805 5893 5862 5861 5893 5861 5891 5894 5892 5805 5894 5805 5803 4931 5056 5862 4931 5862 5893 5895 5894 5803 5895 5803 5801 4928 5057 5056 4928 5056 4931 5896 5895 5801 5896 5801 5799 4932 5058 5057 4932 5057 4928 5897 5799 5797 5897 5896 5799 5059 5058 4932 4934 5059 4932 5795 5897 5797 5898 5897 5795 4936 5059 4934 4936 5060 5059 5899 5898 5795 5899 5795 5793 4938 5061 5060 4938 5060 4936 5900 5899 5793 5900 5793 5791 4940 5062 5061 4940 5061 4938 5789 5900 5791 5901 5900 5789 5063 5062 4940 4943 5063 4940 5902 5901 5789 5902 5789 5787 4944 5064 5063 4944 5063 4943 5785 5902 5787 5903 5902 5785 4946 5065 5064 4946 5064 4944 5904 5903 5785 5904 5785 5783 5066 5065 4946 4948 5066 4946 5905 5904 5783 5905 5783 5781 4950 5067 5066 4950 5066 4948 5906 5905 5781 5906 5781 5779 5068 5067 4950 4952 5068 4950 5907 5906 5779 5907 5779 5777 4954 5069 5068 4954 5068 4952 5908 5907 5777 5908 5777 5775 5070 5069 4954 4956 5070 4954 5909 5775 5773 5909 5908 5775 4958 5071 5070 4958 5070 4956 5910 5773 5771 5910 5909 5773 4960 5071 4958 5072 5071 4960 5769 5911 5910 5769 5910 5771 4962 5072 4960 5073 5072 4962 5767 5912 5911 5767 5911 5769 5074 5073 4962 5074 4962 4964 5765 5913 5912 5765 5912 5767 5075 5074 4964 5075 4964 4966 5914 5913 5765 5763 5914 5765 5076 5075 4966 5076 4966 4969 5915 5914 5763 5761 5915 5763 5077 5076 4969 5077 4969 4971 5916 5915 5761 5759 5916 5761 4972 5077 4971 5078 5077 4972 5917 5916 5759 5757 5917 5759 5079 4972 4974 5079 5078 4972 5755 5917 5757 5755 5918 5917 4976 5079 4974 5080 5079 4976 5753 5918 5755 5753 5919 5918 5081 4976 4978 5081 5080 4976 5751 5919 5753 5751 5920 5919 4980 5081 4978 5082 5081 4980 5749 5920 5751 5749 5921 5920 5083 4980 4982 5083 5082 4980 5747 5921 5749 5747 5922 5921 5084 4982 4984 5084 5083 4982 5923 5922 5747 5745 5923 5747 5085 4984 4986 5085 5084 4984 5924 5923 5745 5743 5924 5745 5086 5085 4986 5086 4986 4988 5741 5924 5743 5741 5925 5924 4990 5086 4988 5087 5086 4990 5119 5925 5741 5119 5055 5925 5052 5055 5119 5088 5087 4990 5088 4990 4992 4995 5088 4992 5118 5052 5119 5050 5052 5118 5089 5088 4995 5117 5050 5118 5090 5089 4995 5090 4995 4996 5116 5050 5117 5116 5048 5050 5091 5090 4996 5091 4996 4998 5115 5048 5116 5115 5046 5048 5044 5046 5115 5092 4998 5000 5092 5091 4998 5114 5044 5115 5093 5092 5000 5093 5000 5002 5113 5044 5114 5113 5040 5042 5113 5042 5044 5094 5093 5002 5094 5002 5004 5094 5004 5006 5112 5040 5113 5095 5006 5008 5095 5094 5006 5111 5036 5038 5111 5038 5040 5111 5040 5112 5096 5008 5010 5096 5095 5008 5110 5036 5111 5097 5096 5010 5109 5036 5110 5109 5034 5036 5098 5097 5010 5098 5010 5013 5108 5034 5109 5108 5032 5034 5099 5098 5013 5099 5013 5014 5099 5014 5016 5107 5032 5108 5107 5030 5032 5100 5099 5016 5106 5030 5107 5106 5028 5030 5101 5100 5016 5101 5016 5018 5101 5018 5020 5105 5028 5106 5105 5026 5028 5102 5101 5020 5104 5026 5105 5104 5024 5026 5103 5102 5020 5103 5024 5104 5103 5020 5022 5103 5022 5024 5925 5055 5054 5925 5054 5583 5924 5583 5584 5924 5925 5583 5923 5584 5575 5923 5924 5584 5922 5575 5574 5922 5923 5575 5921 5574 5566 5921 5922 5574 5920 5566 5565 5920 5921 5566 5919 5565 5557 5919 5920 5565 5918 5557 5556 5918 5556 5548 5918 5919 5557 5917 5918 5548 5916 5548 5547 5916 5917 5548 5915 5547 5540 5915 5916 5547 5914 5540 5539 5914 5915 5540 5913 5539 5531 5913 5914 5539 5912 5531 5530 5912 5913 5531 5911 5530 5522 5911 5912 5530 5910 5522 5521 5910 5911 5522 5909 5521 5513 5909 5910 5521 5908 5513 5512 5908 5909 5513 5907 5908 5512 5907 5512 5504 5906 5907 5504 5906 5504 5503 5905 5906 5503 5905 5503 5495 5904 5905 5495 5904 5495 5494 5903 5494 5483 5903 5904 5494 5902 5483 5482 5902 5903 5483 5901 5482 5484 5901 5902 5482 5900 5484 5739 5900 5901 5484 5899 5739 5737 5899 5900 5739 5898 5737 5736 5898 5736 5732 5898 5899 5737 5897 5898 5732 5896 5732 5731 5896 5897 5732 5895 5731 5726 5895 5896 5731 5894 5726 5721 5894 5895 5726 5892 5721 5720 5892 5894 5721 5890 5720 5712 5890 5892 5720 5888 5712 5711 5888 5890 5712 5886 5711 5703 5886 5888 5711 5884 5703 5702 5884 5886 5703 5882 5702 5694 5882 5884 5702 5880 5694 5693 5880 5882 5694 5878 5693 5684 5878 5880 5693 5876 5684 5683 5876 5878 5684 5874 5683 5678 5874 5876 5683 5872 5874 5678 5872 5678 5677 5872 5677 5672 5870 5872 5672 5868 5870 5672 5868 5672 5671 5866 5868 5671 5866 5671 5667 5865 5866 5667 5865 5667 5666 5864 5865 5666 5864 5666 5662 5867 5864 5662 5867 5662 5661 5869 5867 5661 5869 5661 5657 5871 5869 5657 5871 5657 5656 5873 5871 5656 5873 5656 5653 5875 5873 5653 5875 5653 5652 5877 5875 5652 5877 5652 5649 5879 5877 5649 5879 5649 5648 5881 5879 5648 5881 5648 5645 5883 5645 5644 5883 5881 5645 5885 5644 5642 5885 5883 5644 5887 5642 5641 5887 5885 5642 5889 5641 5638 5889 5887 5641 5891 5638 5637 5891 5889 5638 5893 5637 5639 5893 5891 5637 4931 5639 4929 4931 5893 5639 5926 5927 5928 5926 5928 5929 5926 5929 5930 5926 5930 5931 5926 5931 5932 5926 5932 5933 5934 5935 5936 5937 5938 5939 5940 5926 5933 5940 5935 5934 5940 5937 5939 5940 5939 5926 5940 5933 5935 5941 5942 5943 5941 5943 5937 5944 5940 5945 5944 5945 5946 5947 5941 5937 5947 5948 5941 5949 5944 5950 5949 5950 5951 5952 5953 5947 5954 5947 5937 5954 5952 5947 5955 5956 5957 5958 5959 5960 1972 1973 2038 1972 2038 2039 1972 2039 4 1972 4 3 1972 3 5954 1972 5954 5937 5961 5959 5958 5961 5956 5955 5961 5955 5959 5961 5958 5962 1907 1972 5937 1906 1907 5937 5963 5961 5964 5963 5956 5961 5963 5944 5949 5963 5949 5956 1873 1906 5937 1776 1808 1873 5965 5963 5966 5965 5966 5967 5968 5963 5965 5969 5968 5970 5969 5963 5968 1675 1708 1741 1675 1741 1775 1609 1610 1675 5971 5972 5973 1576 1675 1775 1576 1775 1776 1576 1609 1675 5974 5972 5971 5975 5974 5976 5975 5972 5974 1444 1776 1873 1444 1873 5937 1444 5944 5963 1444 5963 5969 1444 1477 1510 1444 1510 1543 1444 1543 1576 1444 5937 5940 1444 1576 1776 1444 5940 5944 5977 5975 5978 5977 5978 5979 5980 5972 5975 5980 5975 5977 5981 5969 5972 5981 1378 1411 5981 1411 1444 5981 1444 5969 5981 5972 5980 1279 1313 1346 1246 1346 1378 1246 1279 1346 5982 5981 5983 5982 5983 5984 1213 1246 1378 5985 5982 5986 5985 5981 5982 1114 1213 1378 1114 5981 5985 1114 1147 1181 1114 1181 1213 1114 1378 5981 90 5985 5987 1048 1082 1114 124 90 91 190 124 158 190 90 124 949 983 1015 949 1015 1048 223 5985 90 223 90 190 884 1114 5985 884 1048 1114 884 949 1048 884 916 949 322 223 256 322 256 289 322 5985 223 817 850 884 751 322 355 751 784 817 751 884 5985 751 817 884 751 5985 322 455 355 388 455 388 421 686 718 751 652 686 751 520 455 487 554 751 355 554 355 455 554 652 751 554 455 520 586 619 652 586 652 554 4225 5634 4226 4262 5398 4257 5988 4227 4229 5988 4229 5691 5989 4899 4227 5989 4227 5988 5990 4900 4899 5990 4899 5989 5991 5988 5691 5991 5691 5690 5992 4909 4900 5992 4900 5990 5993 5988 5991 5993 5990 5989 5993 5989 5988 5994 4914 4909 5994 4909 5992 5995 5990 5993 5996 5991 5690 5996 5690 5689 5997 4917 4914 5997 4914 5994 5998 5990 5995 5998 5992 5990 5999 5991 5996 5999 5993 5991 6000 4918 4917 6000 4917 5997 6001 5992 5998 6001 5994 5992 6001 5997 5994 6002 5995 5993 6002 5993 5999 6003 5996 5689 6003 5689 5700 6004 4923 4918 6004 4918 6000 6005 5997 6001 6005 6000 5997 6006 5998 5995 6006 5995 6002 6007 5999 5996 6007 5996 6003 6008 4927 4923 6008 4926 4927 6008 4923 6004 6008 5276 4926 6009 6000 6005 6010 5998 6006 6010 6001 5998 6011 6002 5999 6011 5999 6007 6012 5700 5699 6012 6003 5700 6013 6008 6004 6013 6004 6000 6013 6000 6009 6014 6001 6010 6014 6005 6001 6015 6002 6011 6015 6006 6002 6016 6003 6012 6016 6011 6007 6016 6007 6003 6017 5276 6008 6017 5278 5276 6017 6008 6013 6018 6009 6005 6018 6005 6014 6019 6006 6015 6019 6010 6006 6020 6015 6011 6020 6011 6016 6021 5699 5709 6021 6012 5699 6022 6013 6009 6022 6009 6018 6023 6010 6019 6023 6014 6010 6024 6015 6020 6024 6019 6015 6025 6016 6012 6025 6012 6021 6026 6017 6013 6026 6013 6022 6026 5278 6017 6026 5280 5278 6027 6018 6014 6027 6014 6023 6028 6019 6024 6029 6016 6025 6029 6020 6016 6030 5709 5708 6030 6021 5709 6031 6022 6018 6031 6018 6027 6032 6019 6028 6032 6023 6019 6033 6024 6020 6033 6020 6029 6034 6025 6021 6034 6029 6025 6034 6021 6030 6035 6022 6031 6035 6026 6022 6035 5280 6026 6035 5282 5280 6036 6023 6032 6036 6027 6023 6037 6024 6033 6037 6028 6024 6038 6029 6034 6039 6030 5708 6039 5708 5718 6040 6027 6036 6040 6035 6031 6040 6031 6027 6041 6032 6028 6041 6028 6037 6041 6036 6032 6042 6033 6029 6042 6029 6038 6043 6034 6030 6043 6030 6039 6044 5282 6035 6044 6035 6040 6044 5284 5282 6045 6036 6041 6046 6033 6042 6046 6037 6033 6047 6038 6034 6047 6034 6043 6048 6039 5718 6048 5717 5725 6048 5718 5717 6049 6036 6045 6049 6040 6036 6050 6041 6037 6050 6045 6041 6050 6037 6046 6051 6038 6047 6051 6042 6038 6052 6047 6043 6052 6043 6039 6052 6039 6048 6053 6044 6040 6053 5284 6044 6053 6040 6049 6053 5286 5284 6054 6045 6050 6055 6050 6046 6055 6046 6042 6055 6042 6051 6056 6051 6047 6056 6047 6052 6057 6048 5725 6057 5725 5724 6058 6049 6045 6058 6045 6054 6059 6050 6055 6060 6051 6056 6060 6055 6051 6061 6052 6048 6061 6048 6057 6062 6053 6049 6062 5286 6053 6062 6049 6058 6062 5288 5286 6063 6050 6059 6063 6054 6050 6064 6055 6060 6065 6052 6061 6065 6056 6052 6066 6057 5724 6067 6054 6063 6067 6058 6054 6068 6055 6064 6068 6059 6055 6068 6063 6059 6069 6056 6065 6069 6060 6056 6070 6065 6061 6070 6057 6066 6070 6061 6057 6071 6062 6058 6071 5288 6062 6071 5290 5288 6071 6058 6067 6072 6063 6068 6073 6064 6060 6073 6060 6069 6074 6065 6070 6075 6066 5724 6075 5724 5730 6076 6063 6072 6076 6067 6063 6076 6071 6067 6077 6068 6064 6077 6064 6073 6078 6069 6065 6078 6065 6074 6079 6070 6066 6079 6066 6075 6079 6074 6070 6080 5290 6071 6080 6071 6076 6080 5292 5290 6081 6072 6068 6081 6068 6077 6082 6073 6069 6082 6069 6078 6083 6074 6079 6084 6075 5730 6084 5730 5729 6085 6076 6072 6085 6072 6081 6086 6073 6082 6086 6077 6073 6087 6078 6074 6087 6074 6083 6087 6082 6078 6088 6079 6075 6088 6075 6084 6089 6080 6076 6089 5292 6080 6089 6076 6085 6089 5294 5292 6090 6081 6077 6090 6077 6086 6091 6082 6087 6091 6086 6082 6092 6083 6079 6092 6079 6088 6093 5735 5734 6093 5729 5735 6093 6084 5729 6093 6088 6084 6094 6085 6081 6094 6081 6090 6095 6086 6091 6095 6090 6086 6096 6083 6092 6096 6087 6083 6097 6088 6093 6098 6089 6085 6098 5294 6089 6098 6085 6094 6098 5296 5294 6099 6090 6095 6100 6087 6096 6100 6091 6087 6101 6092 6088 6101 6088 6097 6102 6093 5734 6103 6090 6099 6103 6094 6090 6104 6091 6100 6104 6095 6091 6105 6100 6096 6105 6096 6092 6105 6092 6101 6106 6093 6102 6106 6097 6093 6106 6101 6097 6107 6098 6094 6107 6094 6103 6107 5296 6098 6107 5298 5296 6108 6103 6099 6108 6095 6104 6108 6099 6095 6109 6104 6100 6109 6100 6105 6110 6101 6106 6111 6102 5734 6111 5738 5478 6111 5734 5738 6112 6103 6108 6113 6104 6109 6114 6105 6101 6114 6101 6110 6115 6106 6102 6115 6102 6111 6116 6107 6103 6116 6103 6112 6116 5298 6107 6116 5300 5298 6117 6108 6104 6117 6104 6113 6118 6105 6114 6118 6109 6105 6119 6110 6106 6119 6106 6115 6120 6111 5478 6121 6112 6108 6121 6108 6117 6122 6113 6109 6122 6109 6118 6123 6114 6110 6123 6118 6114 6123 6110 6119 6124 6115 6111 6124 6111 6120 6125 6116 6112 6125 5300 6116 6125 6112 6121 6125 5302 5300 6126 6117 6113 6126 6113 6122 6127 6118 6123 6128 6119 6115 6128 6115 6124 6129 5477 5476 6129 5478 5477 6129 6120 5478 6129 6124 6120 6130 6121 6117 6130 6117 6126 6131 6118 6127 6131 6122 6118 6131 6126 6122 6132 6119 6128 6132 6123 6119 6133 6124 6129 6134 6121 6130 6134 6125 6121 6134 5302 6125 6134 5304 5302 6135 6126 6131 6136 6123 6132 6136 6127 6123 6137 6124 6133 6137 6128 6124 6138 6129 5476 6139 6126 6135 6139 6130 6126 6140 6127 6136 6140 6131 6127 6141 6132 6128 6141 6136 6132 6141 6128 6137 6142 6133 6129 6142 6129 6138 6143 6134 6130 6143 5304 6134 6143 6130 6139 6143 5306 5304 6144 6131 6140 6144 6135 6131 6145 6136 6141 6146 6137 6133 6146 6133 6142 6147 6138 5476 6147 5492 5491 6147 5476 5492 6147 6142 6138 6148 6139 6135 6148 6135 6144 6149 6140 6136 6149 6136 6145 6150 6137 6146 6150 6141 6137 6150 6145 6141 6151 6142 6147 6152 6143 6139 6152 5306 6143 6152 6139 6148 6152 5308 5306 6153 6144 6140 6153 6140 6149 6154 6145 6150 6155 6146 6142 6155 6142 6151 6156 6147 5491 6157 6148 6144 6157 6144 6153 6157 6152 6148 6158 6149 6145 6158 6145 6154 6159 6150 6146 6159 6146 6155 6160 6151 6147 6160 6147 6156 6161 5310 5308 6161 5308 6152 6161 6152 6157 6162 6153 6149 6162 6149 6158 6163 6150 6159 6163 6154 6150 6164 6151 6160 6164 6155 6151 6165 5501 5500 6165 5491 5501 6165 6156 5491 6166 6161 6157 6166 6157 6153 6166 6153 6162 6167 6154 6163 6167 6158 6154 6168 6163 6159 6168 6155 6164 6168 6159 6155 6169 6160 6156 6169 6156 6165 6170 5312 5310 6170 5310 6161 6170 6161 6166 6171 6162 6158 6171 6158 6167 6172 6163 6168 6173 6164 6160 6173 6160 6169 6174 6165 5500 6175 6166 6162 6175 6162 6171 6176 6171 6167 6176 6167 6163 6176 6163 6172 6177 6168 6164 6177 6164 6173 6178 6173 6169 6178 6165 6174 6178 6169 6165 6179 5314 5312 6179 6166 6175 6179 6170 6166 6179 5312 6170 6180 6171 6176 6181 6172 6168 6181 6176 6172 6181 6168 6177 6182 6173 6178 6183 6174 5500 6183 5510 5509 6183 5500 5510 6184 6171 6180 6184 6175 6171 6185 6176 6181 6186 6173 6182 6186 6177 6173 6186 6181 6177 6187 6178 6174 6187 6174 6183 6188 5316 5314 6188 5314 6179 6188 6179 6175 6188 6175 6184 6189 6176 6185 6189 6180 6176 6190 6181 6186 6191 6182 6178 6191 6178 6187 6192 6183 5509 6193 6184 6180 6193 6180 6189 6194 6185 6181 6194 6181 6190 6195 6182 6191 6195 6186 6182 6196 6183 6192 6196 6187 6183 6197 5318 5316 6197 6184 6193 6197 5316 6188 6197 6188 6184 6198 6189 6185 6198 6185 6194 6199 6194 6190 6199 6186 6195 6199 6190 6186 6200 6187 6196 6200 6191 6187 6201 5519 5518 6201 5509 5519 6201 6192 5509 6202 6197 6193 6202 6189 6198 6202 6193 6189 6203 6194 6199 6204 6191 6200 6204 6195 6191 6205 6196 6192 6205 6192 6201 6206 5320 5318 6206 5318 6197 6206 6197 6202 6207 6194 6203 6207 6198 6194 6208 6195 6204 6208 6199 6195 6209 6196 6205 6209 6200 6196 6210 6201 5518 6211 6198 6207 6211 6202 6198 6211 6206 6202 6212 6199 6208 6212 6203 6199 6213 6204 6200 6213 6200 6209 6214 6205 6201 6214 6201 6210 6215 5322 5320 6215 5320 6206 6215 6206 6211 6216 6207 6203 6216 6203 6212 6217 6208 6204 6217 6212 6208 6217 6204 6213 6218 6209 6205 6218 6205 6214 6219 5518 5527 6219 6210 5518 6220 6207 6216 6220 6211 6207 6221 6212 6217 6222 6213 6209 6222 6209 6218 6223 6214 6210 6223 6210 6219 6224 5324 5322 6224 5322 6215 6224 6215 6211 6224 6211 6220 6225 6216 6212 6225 6212 6221 6226 6217 6213 6226 6213 6222 6227 6218 6214 6227 6214 6223 6228 5527 5528 6228 6219 5527 6229 6220 6216 6229 6216 6225 6229 6224 6220 6230 6221 6217 6230 6217 6226 6231 6222 6218 6231 6218 6227 6232 6219 6228 6232 6223 6219 6232 6227 6223 6233 6224 6229 6233 5326 5324 6233 5324 6224 6234 6229 6225 6234 6221 6230 6234 6225 6221 6235 6230 6226 6235 6222 6231 6235 6226 6222 6236 6227 6232 6237 5537 5536 6237 5528 5537 6237 6228 5528 6238 6233 6229 6238 6229 6234 6239 6230 6235 6240 6227 6236 6240 6231 6227 6240 6235 6231 6241 6232 6228 6241 6228 6237 6242 5328 5326 6242 5326 6233 6242 6233 6238 6243 6234 6230 6243 6230 6239 6244 6235 6240 6245 6232 6241 6245 6240 6236 6245 6236 6232 6246 5536 5545 6246 6237 5536 6247 6234 6243 6247 6238 6234 6248 6239 6235 6248 6235 6244 6249 6244 6240 6249 6240 6245 6250 6241 6237 6250 6237 6246 6251 5330 5328 6251 5328 6242 6251 6242 6238 6251 6238 6247 6252 6243 6239 6252 6239 6248 6253 6244 6249 6254 6241 6250 6254 6245 6241 6255 6246 5545 6256 6243 6252 6256 6247 6243 6256 6251 6247 6257 6248 6244 6257 6244 6253 6258 6249 6245 6258 6245 6254 6259 6250 6246 6259 6246 6255 6260 5332 5330 6260 5330 6251 6260 6251 6256 6261 6248 6257 6261 6252 6248 6262 6249 6258 6262 6253 6249 6263 6250 6259 6263 6254 6250 6263 6258 6254 6264 6255 5545 6264 5545 5554 6265 6256 6252 6265 6252 6261 6266 6253 6262 6266 6257 6253 6267 6258 6263 6267 6262 6258 6268 6259 6255 6268 6255 6264 6269 5334 5332 6269 5332 6260 6269 6256 6265 6269 6260 6256 6270 6257 6266 6270 6261 6257 6271 6262 6267 6272 6263 6259 6272 6259 6268 6273 6264 5554 6273 6268 6264 6273 5554 5553 6274 6265 6261 6274 6261 6270 6275 6262 6271 6275 6266 6262 6276 6267 6263 6276 6263 6272 6277 6268 6273 6278 6269 6265 6278 5336 5334 6278 6265 6274 6278 5334 6269 6279 6270 6266 6279 6266 6275 6280 6271 6267 6280 6267 6276 6281 6272 6268 6281 6268 6277 6282 6273 5553 6282 5553 5563 6282 6277 6273 6283 6270 6279 6283 6274 6270 6283 6278 6274 6284 6275 6271 6284 6271 6280 6285 6276 6272 6285 6272 6281 6285 6280 6276 6286 6277 6282 6287 5338 5336 6287 6278 6283 6287 5336 6278 6288 6275 6284 6288 6279 6275 6289 6280 6285 6290 6285 6281 6290 6281 6277 6290 6277 6286 6291 5563 5562 6291 6282 5563 6292 6283 6279 6292 6279 6288 6293 6284 6280 6293 6280 6289 6294 6285 6290 6295 6286 6282 6295 6282 6291 6296 5340 5338 6296 5338 6287 6296 6283 6292 6296 6287 6283 6297 6288 6284 6297 6284 6293 6298 6285 6294 6298 6289 6285 6299 6286 6295 6299 6290 6286 6300 5562 5572 6300 6291 5562 6301 6288 6297 6301 6292 6288 6302 6289 6298 6302 6293 6289 6303 6290 6299 6303 6294 6290 6304 6291 6300 6304 6295 6291 6305 6296 6292 6305 5342 5340 6305 6292 6301 6305 5340 6296 6306 6297 6293 6306 6293 6302 6307 6294 6303 6307 6298 6294 6308 6295 6304 6308 6299 6295 6309 6304 6300 6309 5572 5571 6309 6300 5572 6310 6297 6306 6310 6305 6301 6310 6301 6297 6311 6298 6307 6311 6302 6298 6312 6303 6299 6312 6299 6308 6312 6307 6303 6313 6304 6309 6314 5344 5342 6314 6305 6310 6314 5342 6305 6315 6302 6311 6315 6306 6302 6316 6311 6307 6316 6307 6312 6317 6312 6308 6317 6308 6304 6317 6304 6313 6318 5571 5581 6318 6309 5571 6319 6310 6306 6319 6306 6315 6319 6314 6310 6320 6311 6316 6321 6312 6317 6322 6309 6318 6322 6313 6309 6323 5346 5344 6323 5344 6314 6323 6314 6319 6324 6315 6311 6324 6311 6320 6325 6316 6312 6325 6320 6316 6325 6312 6321 6326 6317 6313 6326 6313 6322 6327 5580 5590 6327 5581 5580 6327 6322 6318 6327 6318 5581 6328 6319 6315 6328 6315 6324 6329 6320 6325 6330 6321 6317 6330 6317 6326 6330 6325 6321 6331 6322 6327 6332 5348 5346 6332 6323 6319 6332 5346 6323 6332 6319 6328 6333 6320 6329 6333 6324 6320 6334 6325 6330 6335 6330 6326 6335 6322 6331 6335 6326 6322 6336 6331 6327 6336 6327 5590 6337 6332 6328 6337 6324 6333 6337 6328 6324 6338 6329 6325 6338 6325 6334 6339 6330 6335 6340 6331 6336 6341 5350 5348 6341 6332 6337 6341 5348 6332 6342 6329 6338 6342 6333 6329 6343 6334 6330 6343 6330 6339 6344 6331 6340 6344 6339 6335 6344 6335 6331 6345 6336 5590 6345 5590 5589 6346 6337 6333 6346 6333 6342 6347 6338 6334 6347 6334 6343 6348 6339 6344 6349 6340 6336 6349 6336 6345 6350 6337 6346 6350 5352 5350 6350 6341 6337 6350 5350 6341 6351 6342 6338 6351 6338 6347 6352 6343 6339 6352 6339 6348 6352 6347 6343 6353 6344 6340 6353 6340 6349 6354 5589 5596 6354 6349 6345 6354 6345 5589 6355 6350 6346 6355 6342 6351 6355 6346 6342 6356 6347 6352 6357 6344 6353 6357 6348 6344 6358 6349 6354 6359 5354 5352 6359 6350 6355 6359 5352 6350 6360 6351 6347 6360 6347 6356 6361 6352 6348 6361 6348 6357 6362 6353 6349 6362 6349 6358 6363 5596 5595 6363 6354 5596 6364 6355 6351 6364 6351 6360 6364 6359 6355 6365 6356 6352 6365 6352 6361 6366 6353 6362 6366 6357 6353 6366 6361 6357 6367 6354 6363 6367 6358 6354 6368 6359 6364 6368 5356 5354 6368 5354 6359 6369 6360 6356 6369 6356 6365 6370 6361 6366 6371 6366 6362 6371 6358 6367 6371 6362 6358 6372 6367 6363 6372 5595 5602 6372 6363 5595 6373 6364 6360 6373 6360 6369 6374 6365 6361 6374 6361 6370 6375 6366 6371 6376 6367 6372 6377 5356 6368 6377 5358 5356 6377 6364 6373 6377 6368 6364 6378 6373 6369 6378 6365 6374 6378 6369 6365 6379 6366 6375 6379 6370 6366 6380 6367 6376 6380 6371 6367 6381 5602 5601 6381 6372 5602 6382 6377 6373 6382 6373 6378 6383 6374 6370 6383 6370 6379 6384 6375 6371 6384 6371 6380 6385 6376 6372 6385 6372 6381 6386 5360 5358 6386 5358 6377 6386 6377 6382 6387 6374 6383 6387 6378 6374 6387 6382 6378 6388 6379 6375 6388 6375 6384 6389 6380 6376 6389 6376 6385 6390 5601 5607 6390 6381 5601 6390 6385 6381 6391 6386 6382 6391 6382 6387 6392 6379 6388 6392 6383 6379 6393 6384 6380 6393 6388 6384 6393 6380 6389 6394 6385 6390 6395 5362 5360 6395 5360 6386 6395 6386 6391 6396 6387 6383 6396 6383 6392 6397 6388 6393 6398 6389 6385 6398 6385 6394 6399 5607 5606 6399 6394 6390 6399 6390 5607 6400 6387 6396 6400 6391 6387 6401 6388 6397 6401 6392 6388 6402 6389 6398 6402 6393 6389 6403 6394 6399 6404 6391 6400 6404 5364 5362 6404 5362 6395 6404 6395 6391 6405 6400 6396 6405 6392 6401 6405 6396 6392 6406 6397 6393 6406 6393 6402 6407 6398 6394 6407 6394 6403 6408 6403 6399 6408 5606 5612 6408 6399 5606 6409 6404 6400 6409 6400 6405 6410 6405 6401 6410 6397 6406 6410 6401 6397 6411 6398 6407 6411 6402 6398 6412 6403 6408 6413 6404 6409 6413 5366 5364 6413 5364 6404 6414 6405 6410 6415 6406 6402 6415 6402 6411 6416 6403 6412 6416 6407 6403 6417 5612 5611 6417 6408 5612 6418 6413 6409 6418 6409 6405 6418 6405 6414 6419 6410 6406 6419 6406 6415 6420 6411 6407 6420 6407 6416 6421 6412 6408 6421 6408 6417 6422 5368 5366 6422 5366 6413 6422 6413 6418 6423 6414 6410 6423 6410 6419 6424 6415 6411 6424 6411 6420 6425 6416 6412 6425 6412 6421 6426 5611 5617 6426 6417 5611 6427 6414 6423 6427 6418 6414 6428 6415 6424 6428 6423 6419 6428 6419 6415 6429 6416 6425 6429 6420 6416 6429 6424 6420 6430 6421 6417 6430 6417 6426 6431 5370 5368 6431 5368 6422 6431 6422 6418 6431 6418 6427 6432 6423 6428 6433 6424 6429 6434 6421 6430 6434 6425 6421 6435 6430 6426 6435 5617 5616 6435 6426 5617 6436 6431 6427 6436 6423 6432 6436 6427 6423 6437 6424 6433 6437 6428 6424 6438 6425 6434 6438 6429 6425 6439 6430 6435 6440 5372 5370 6440 6431 6436 6440 5370 6431 6441 6432 6428 6441 6436 6432 6441 6428 6437 6442 6433 6429 6442 6437 6433 6442 6429 6438 6443 6430 6439 6443 6434 6430 6444 6435 5616 6444 5616 5621 6445 6436 6441 6446 6437 6442 6447 6434 6443 6447 6438 6434 6448 6439 6435 6448 6435 6444 6449 6436 6445 6449 6440 6436 6449 5372 6440 6449 5374 5372 6450 6437 6446 6450 6441 6437 6451 6442 6438 6451 6438 6447 6452 6443 6439 6452 6439 6448 6453 5621 5620 6453 6448 6444 6453 6444 5621 6454 6445 6441 6454 6441 6450 6455 6446 6442 6455 6442 6451 6456 6447 6443 6456 6443 6452 6456 6451 6447 6457 6448 6453 6458 5376 5374 6458 6449 6445 6458 5374 6449 6458 6445 6454 6459 6450 6446 6459 6454 6450 6459 6446 6455 6460 6455 6451 6460 6451 6456 6461 6452 6448 6461 6448 6457 6462 5620 5625 6462 6453 5620 6463 6454 6459 6464 6455 6460 6465 6452 6461 6465 6456 6452 6466 6453 6462 6466 6457 6453 6467 6454 6463 6467 5378 5376 6467 5376 6458 6467 6458 6454 6468 6455 6464 6468 6459 6455 6469 6456 6465 6469 6460 6456 6470 6457 6466 6470 6461 6457 6471 5625 5624 6471 6462 5625 6472 6459 6468 6472 6463 6459 6472 6467 6463 6473 6460 6469 6473 6464 6460 6474 6469 6465 6474 6461 6470 6474 6465 6461 6475 6462 6471 6475 6466 6462 6476 6467 6472 6476 5380 5378 6476 5378 6467 6477 6464 6473 6477 6468 6464 6477 6472 6468 6478 6469 6474 6479 6470 6466 6479 6466 6475 6480 5629 5628 6480 5624 5629 6480 6471 5624 6480 6475 6471 6481 6472 6477 6482 6473 6469 6482 6469 6478 6483 6470 6479 6483 6474 6470 6484 6475 6480 6485 6476 6472 6485 5382 5380 6485 5380 6476 6485 6472 6481 6486 6477 6473 6486 6481 6477 6486 6473 6482 6487 6478 6474 6487 6474 6483 6488 6479 6475 6488 6475 6484 6489 6480 5628 6490 6481 6486 6491 6482 6478 6491 6478 6487 6492 6479 6488 6492 6483 6479 6493 6484 6480 6493 6480 6489 6494 5382 6485 6494 5384 5382 6494 6485 6481 6494 6481 6490 6495 6486 6482 6495 6482 6491 6496 6483 6492 6496 6487 6483 6497 6488 6484 6497 6484 6493 6498 5628 5632 6498 6489 5628 6498 6493 6489 6499 6490 6486 6499 6486 6495 6500 6491 6487 6500 6487 6496 6501 6492 6488 6501 6488 6497 6502 6493 6498 6503 5386 5384 6503 6490 6499 6503 5384 6494 6503 6494 6490 6504 6491 6500 6504 6495 6491 6505 6500 6496 6505 6492 6501 6505 6496 6492 6506 6493 6502 6506 6497 6493 6507 5631 5635 6507 5632 5631 6507 6498 5632 6508 6499 6495 6508 6495 6504 6508 6503 6499 6509 6500 6505 6510 6501 6497 6510 6497 6506 6511 6502 6498 6511 6498 6507 6512 5386 6503 6512 5387 5386 6512 6503 6508 6513 6500 6509 6513 6504 6500 6514 6505 6501 6514 6501 6510 6515 6506 6502 6515 6502 6511 6516 5635 5634 6516 6507 5635 6517 6504 6513 6517 6508 6504 6518 6509 6505 6518 6505 6514 6519 6510 6506 6519 6514 6510 6519 6506 6515 6520 6507 6516 6520 6511 6507 6521 5390 5387 6521 6512 6508 6521 5387 6512 6521 6508 6517 6522 6513 6509 6522 6509 6518 6523 6514 6519 6524 6515 6511 6524 6511 6520 6525 5634 4225 6525 6516 5634 6525 6520 6516 6526 6517 6513 6526 6513 6522 6526 6521 6517 6527 6518 6514 6527 6514 6523 6528 6519 6515 6528 6515 6524 6529 6525 4225 6529 4225 4232 6529 4232 4234 6529 6520 6525 6530 5392 5390 6530 5390 6521 6530 6521 6526 6531 6522 6518 6531 6518 6527 6532 6527 6523 6532 6523 6519 6532 6519 6528 6533 6524 6520 6533 6520 6529 6533 6529 4234 6534 6522 6531 6534 6526 6522 6535 6527 6532 6536 6533 4234 6536 6528 6524 6536 4234 4238 6536 6524 6533 6537 6526 6534 6537 5394 5392 6537 5392 6530 6537 6530 6526 6538 6534 6531 6538 6527 6535 6538 6531 6527 6539 6528 6536 6539 6536 4238 6539 6535 6532 6539 4238 4241 6539 6532 6528 6540 6534 6538 6541 6538 6535 6541 6539 4241 6541 6535 6539 6541 4241 4246 6541 4246 4250 6542 6537 6534 6542 5394 6537 6542 6534 6540 6542 5396 5394 6543 6538 6541 6543 6541 4250 6544 6538 6543 6544 6543 4250 6544 4250 4256 6544 6540 6538 6545 6542 6540 6545 5396 6542 6545 4257 5398 6545 6540 6544 6545 6544 4256 6545 5398 5396 6545 4256 4257 2247 5275 2238 6546 4091 4090 6546 4090 5425 6547 4092 4091 6547 4091 6546 6548 4105 4092 6548 4092 6547 6549 4106 4105 6549 4105 6548 6550 4117 4106 6550 4106 6549 6551 4123 4117 6551 4117 6550 6552 6546 5425 6552 5425 5424 6553 4124 4123 6553 4123 6551 6554 6546 6552 6554 6547 6546 6555 4136 4124 6555 4124 6553 6556 6548 6547 6556 6547 6554 6557 4136 6555 6557 4137 4136 6558 6548 6556 6558 6549 6548 6559 4146 4137 6559 4137 6557 6560 6550 6549 6560 6549 6558 6561 4151 4146 6561 4146 6559 6562 6550 6560 6562 6551 6550 6563 4156 4151 6563 4151 6561 6564 6552 5424 6564 5424 5423 6565 6553 6551 6565 6551 6562 6566 4161 4156 6566 4156 6563 6567 6552 6564 6567 6554 6552 6568 6553 6565 6568 6555 6553 6569 4162 4161 6569 4161 6566 6570 6556 6554 6570 6554 6567 6571 6557 6555 6571 6555 6568 6572 4168 4162 6572 4162 6569 6573 6556 6570 6573 6558 6556 6574 6559 6557 6574 6557 6571 6575 4175 4168 6575 4168 6572 6576 6560 6558 6576 6558 6573 6577 6561 6559 6577 6559 6574 6578 4176 4175 6578 4175 6575 6579 6560 6576 6579 6562 6560 6580 6563 6561 6580 6561 6577 6581 4183 4176 6581 4176 6578 6582 6564 5423 6582 5423 5422 6583 6562 6579 6583 6565 6562 6584 6563 6580 6584 6566 6563 6585 4187 4183 6585 4188 4187 6585 4183 6581 6586 6567 6564 6586 6564 6582 6587 6568 6565 6587 6565 6583 6588 6569 6566 6588 6566 6584 6589 4188 6585 6590 6570 6567 6590 6567 6586 6591 6574 6571 6591 6571 6568 6591 6568 6587 6592 6572 6569 6592 6569 6588 6592 6575 6572 6593 4188 6589 6593 4193 4188 6594 6573 6570 6594 6570 6590 6595 6574 6591 6596 6575 6592 6597 4198 4193 6597 4193 6593 6598 6576 6573 6598 6573 6594 6598 6579 6576 6599 6574 6595 6599 6577 6574 6600 6575 6596 6600 6578 6575 6601 4201 4198 6601 4202 4201 6601 4198 6597 6602 6579 6598 6603 6577 6599 6603 6580 6577 6604 6578 6600 6604 6581 6578 6605 4202 6601 6606 6582 5422 6606 5422 5420 6607 6579 6602 6607 6587 6583 6607 6583 6579 6608 6580 6603 6608 6584 6580 6609 6585 6581 6609 6581 6604 6610 4205 4202 6610 4202 6605 6611 6582 6606 6611 6586 6582 6612 6587 6607 6613 6584 6608 6613 6588 6584 6614 6585 6609 6614 6589 6585 6615 4211 4205 6615 4205 6610 6616 6590 6586 6616 6586 6611 6617 6595 6591 6617 6591 6587 6617 6587 6612 6618 6592 6588 6618 6588 6613 6619 6589 6614 6619 6593 6589 6620 4212 4211 6620 4211 6615 6621 6594 6590 6621 6590 6616 6622 6595 6617 6623 6596 6592 6623 6592 6618 6624 6593 6619 6624 6597 6593 6625 4215 4212 6625 4212 6620 6626 6598 6594 6626 6594 6621 6627 6599 6595 6627 6595 6622 6627 6603 6599 6628 6596 6623 6628 6600 6596 6629 6597 6624 6629 6601 6597 6630 4217 4215 6630 4215 6625 6631 6602 6598 6631 6598 6626 6632 6603 6627 6633 6600 6628 6633 6604 6600 6634 6605 6601 6634 6601 6629 6635 4217 6630 6635 4219 4217 6636 6606 5420 6636 5419 5415 6636 5420 5419 6637 6607 6602 6637 6602 6631 6638 6603 6632 6638 6608 6603 6639 6604 6633 6639 6609 6604 6640 6605 6634 6640 6615 6610 6640 6610 6605 6641 5397 4223 6641 4220 4219 6641 4223 4220 6641 4219 6635 6642 6611 6606 6642 6606 6636 6643 6607 6637 6643 6612 6607 6644 6613 6608 6644 6618 6613 6644 6608 6638 6645 6614 6609 6645 6609 6639 6645 6619 6614 6646 6615 6640 6647 6611 6642 6647 6616 6611 6648 6612 6643 6648 6617 6612 6649 6618 6644 6650 6619 6645 6651 6615 6646 6651 6620 6615 6652 6616 6647 6652 6621 6616 6653 6617 6648 6653 6622 6617 6654 6623 6618 6654 6628 6623 6654 6618 6649 6655 6629 6624 6655 6619 6650 6655 6624 6619 6656 6620 6651 6656 6625 6620 6657 6626 6621 6657 6631 6626 6657 6621 6652 6658 6627 6622 6658 6622 6653 6659 6628 6654 6660 6629 6655 6661 6630 6625 6661 6625 6656 6662 6631 6657 6663 6632 6627 6663 6627 6658 6664 6633 6628 6664 6628 6659 6664 6639 6633 6665 6634 6629 6665 6640 6634 6665 6629 6660 6666 6630 6661 6666 6635 6630 6667 6636 5415 6667 5415 5414 6668 6631 6662 6668 6637 6631 6668 6643 6637 6669 6638 6632 6669 6632 6663 6670 6639 6664 6670 6645 6639 6671 6640 6665 6672 5395 5397 6672 6635 6666 6672 5397 6641 6672 6641 6635 6673 6636 6667 6673 6642 6636 6673 6647 6642 6674 6643 6668 6675 6638 6669 6675 6644 6638 6676 6645 6670 6677 6646 6640 6677 6640 6671 6678 6647 6673 6679 6653 6648 6679 6648 6643 6679 6643 6674 6680 6644 6675 6680 6649 6644 6681 6645 6676 6681 6650 6645 6682 6646 6677 6682 6651 6646 6683 6647 6678 6683 6652 6647 6684 6653 6679 6685 6649 6680 6685 6654 6649 6686 6650 6681 6686 6655 6650 6687 6656 6651 6687 6651 6682 6688 6657 6652 6688 6652 6683 6689 6658 6653 6689 6653 6684 6690 6659 6654 6690 6654 6685 6691 6665 6660 6691 6655 6686 6691 6660 6655 6692 6661 6656 6692 6656 6687 6693 6662 6657 6693 6657 6688 6693 6668 6662 6694 6663 6658 6694 6658 6689 6695 6664 6659 6695 6659 6690 6696 6671 6665 6696 6665 6691 6697 6666 6661 6697 6661 6692 6698 6667 5414 6699 6668 6693 6699 6674 6668 6700 6669 6663 6700 6663 6694 6701 6664 6695 6701 6670 6664 6702 6671 6696 6703 6666 6697 6703 5393 5395 6703 5395 6672 6703 6672 6666 6704 6673 6667 6704 6667 6698 6705 6674 6699 6705 6679 6674 6706 6669 6700 6706 6675 6669 6707 6670 6701 6707 6676 6670 6708 6671 6702 6708 6677 6671 6708 6682 6677 6709 6673 6704 6709 6678 6673 6710 6679 6705 6711 6680 6675 6711 6685 6680 6711 6675 6706 6712 6676 6707 6712 6681 6676 6713 6682 6708 6714 6678 6709 6714 6683 6678 6714 6688 6683 6715 6679 6710 6715 6684 6679 6716 6685 6711 6717 6681 6712 6717 6686 6681 6718 6682 6713 6718 6687 6682 6719 6688 6714 6719 6693 6688 6720 6689 6684 6720 6684 6715 6721 6690 6685 6721 6695 6690 6721 6685 6716 6722 6691 6686 6722 6686 6717 6723 6692 6687 6723 6687 6718 6724 6693 6719 6725 6689 6720 6725 6694 6689 6726 6695 6721 6727 6691 6722 6727 6696 6691 6728 6697 6692 6728 6692 6723 6729 6698 5414 6729 5414 5410 6730 6693 6724 6730 6705 6699 6730 6699 6693 6731 6694 6725 6731 6700 6694 6732 6701 6695 6732 6707 6701 6732 6695 6726 6733 6702 6696 6733 6696 6727 6734 6697 6728 6734 6703 6697 6734 5391 5393 6734 5393 6703 6735 6698 6729 6735 6704 6698 6736 6705 6730 6737 6700 6731 6737 6711 6706 6737 6706 6700 6738 6707 6732 6739 6702 6733 6739 6708 6702 6740 6709 6704 6740 6704 6735 6741 6710 6705 6741 6705 6736 6742 6711 6737 6743 6707 6738 6743 6712 6707 6743 6717 6712 6744 6708 6739 6744 6713 6708 6745 6709 6740 6745 6714 6709 6746 6715 6710 6746 6710 6741 6747 6711 6742 6747 6716 6711 6748 6717 6743 6749 6713 6744 6749 6718 6713 6750 6719 6714 6750 6714 6745 6751 6715 6746 6751 6720 6715 6752 6726 6721 6752 6721 6716 6752 6716 6747 6753 6717 6748 6753 6727 6722 6753 6722 6717 6754 6723 6718 6754 6718 6749 6755 6724 6719 6755 6719 6750 6756 6731 6725 6756 6725 6720 6756 6720 6751 6757 6726 6752 6758 6727 6753 6759 6728 6723 6759 6723 6754 6760 6729 5410 6760 5411 5409 6760 5410 5411 6761 6730 6724 6761 6724 6755 6762 6731 6756 6763 6732 6726 6763 6726 6757 6764 6727 6758 6764 6739 6733 6764 6733 6727 6765 5389 5391 6765 5391 6734 6765 6728 6759 6765 6734 6728 6766 6735 6729 6766 6729 6760 6767 6736 6730 6767 6730 6761 6768 6731 6762 6768 6737 6731 6769 6743 6738 6769 6738 6732 6769 6732 6763 6770 6739 6764 6771 6735 6766 6771 6740 6735 6772 6736 6767 6772 6741 6736 6773 6742 6737 6773 6737 6768 6774 6743 6769 6775 6744 6739 6775 6739 6770 6775 6749 6744 6776 6745 6740 6776 6740 6771 6777 6741 6772 6777 6746 6741 6778 6747 6742 6778 6742 6773 6779 6743 6774 6779 6748 6743 6779 6753 6748 6780 6749 6775 6781 6745 6776 6781 6750 6745 6782 6746 6777 6782 6751 6746 6783 6747 6778 6783 6752 6747 6783 6757 6752 6784 6753 6779 6785 6754 6749 6785 6749 6780 6786 6750 6781 6786 6755 6750 6787 6756 6751 6787 6751 6782 6788 6757 6783 6789 6758 6753 6789 6753 6784 6790 6759 6754 6790 6754 6785 6791 6760 5409 6792 6761 6755 6792 6755 6786 6793 6762 6756 6793 6756 6787 6794 6757 6788 6794 6763 6757 6794 6769 6763 6795 6764 6758 6795 6758 6789 6796 5389 6765 6796 6765 6759 6796 5388 5389 6796 6759 6790 6797 6771 6766 6797 6760 6791 6797 6766 6760 6798 6767 6761 6798 6761 6792 6799 6768 6762 6799 6762 6793 6800 6769 6794 6801 6775 6770 6801 6764 6795 6801 6770 6764 6802 6771 6797 6803 6777 6772 6803 6767 6798 6803 6772 6767 6804 6768 6799 6804 6773 6768 6805 6774 6769 6805 6779 6774 6805 6769 6800 6806 6775 6801 6807 6771 6802 6807 6776 6771 6808 6777 6803 6809 6778 6773 6809 6773 6804 6810 6779 6805 6811 6775 6806 6811 6780 6775 6812 6776 6807 6812 6781 6776 6812 6786 6781 6813 6777 6808 6813 6782 6777 6814 6778 6809 6814 6783 6778 6815 6784 6779 6815 6779 6810 6816 6780 6811 6816 6785 6780 6817 6786 6812 6818 6787 6782 6818 6782 6813 6819 6788 6783 6819 6783 6814 6820 6784 6815 6820 6795 6789 6820 6789 6784 6821 6790 6785 6821 6796 6790 6821 6785 6816 6822 6791 5409 6822 5406 5400 6822 5409 5406 6823 6792 6786 6823 6798 6792 6823 6786 6817 6824 6799 6793 6824 6793 6787 6824 6787 6818 6825 6788 6819 6825 6794 6788 6826 6795 6820 6827 5388 6796 6827 5385 5388 6827 6796 6821 6828 6797 6791 6828 6791 6822 6829 6798 6823 6830 6799 6824 6831 6800 6794 6831 6794 6825 6832 6795 6826 6832 6801 6795 6833 6802 6797 6833 6797 6828 6834 6798 6829 6834 6803 6798 6835 6799 6830 6835 6804 6799 6836 6805 6800 6836 6800 6831 6837 6806 6801 6837 6801 6832 6838 6807 6802 6838 6802 6833 6838 6812 6807 6839 6808 6803 6839 6803 6834 6840 6804 6835 6840 6809 6804 6841 6805 6836 6841 6810 6805 6842 6806 6837 6842 6811 6806 6842 6816 6811 6843 6812 6838 6844 6813 6808 6844 6818 6813 6844 6808 6839 6845 6809 6840 6845 6814 6809 6846 6810 6841 6846 6815 6810 6847 6816 6842 6847 6821 6816 6848 6823 6817 6848 6817 6812 6848 6812 6843 6849 6818 6844 6850 6819 6814 6850 6814 6845 6851 6815 6846 6851 6820 6815 6852 6821 6847 6853 6828 6822 6853 6822 5400 6854 6823 6848 6855 6824 6818 6855 6818 6849 6856 6825 6819 6856 6819 6850 6857 6826 6820 6857 6820 6851 6858 5385 6827 6858 6827 6821 6858 5383 5385 6858 6821 6852 6859 6828 6853 6860 6829 6823 6860 6823 6854 6860 6834 6829 6861 6830 6824 6861 6824 6855 6862 6831 6825 6862 6825 6856 6863 6832 6826 6863 6826 6857 6864 6833 6828 6864 6828 6859 6865 6834 6860 6866 6830 6861 6866 6840 6835 6866 6835 6830 6867 6836 6831 6867 6831 6862 6868 6832 6863 6868 6837 6832 6869 6838 6833 6869 6833 6864 6870 6839 6834 6870 6834 6865 6871 6840 6866 6872 6836 6867 6872 6841 6836 6873 6837 6868 6873 6842 6837 6874 6838 6869 6874 6843 6838 6874 6848 6843 6875 6839 6870 6875 6844 6839 6876 6840 6871 6876 6845 6840 6877 6841 6872 6877 6846 6841 6878 6842 6873 6878 6847 6842 6879 6848 6874 6880 6849 6844 6880 6844 6875 6881 6856 6850 6881 6850 6845 6881 6845 6876 6882 6846 6877 6882 6851 6846 6883 6847 6878 6883 6852 6847 6884 5400 5399 6884 6853 5400 6885 6854 6848 6885 6848 6879 6885 6860 6854 6886 6849 6880 6886 6855 6849 6887 6856 6881 6887 6862 6856 6888 6857 6851 6888 6851 6882 6889 5383 6858 6889 6858 6852 6889 6852 6883 6889 5381 5383 6890 6859 6853 6890 6853 6884 6890 6864 6859 6891 6865 6860 6891 6860 6885 6892 6855 6886 6892 6861 6855 6893 6862 6887 6894 6863 6857 6894 6857 6888 6895 6864 6890 6896 6870 6865 6896 6865 6891 6897 6866 6861 6897 6861 6892 6898 6862 6893 6898 6867 6862 6898 6872 6867 6899 6868 6863 6899 6863 6894 6900 6869 6864 6900 6864 6895 6900 6874 6869 6901 6870 6896 6902 6866 6897 6902 6876 6871 6902 6871 6866 6903 6872 6898 6904 6868 6899 6904 6873 6868 6905 6874 6900 6906 6870 6901 6906 6875 6870 6907 6876 6902 6908 6877 6872 6908 6872 6903 6909 6873 6904 6909 6878 6873 6910 6879 6874 6910 6874 6905 6911 6875 6906 6911 6886 6880 6911 6880 6875 6912 6876 6907 6912 6881 6876 6913 6882 6877 6913 6877 6908 6914 6878 6909 6914 6883 6878 6915 6884 5399 6915 5399 5401 6916 6879 6910 6916 6885 6879 6917 6886 6911 6918 6881 6912 6918 6887 6881 6919 6894 6888 6919 6882 6913 6919 6888 6882 6920 5379 5381 6920 6883 6914 6920 6889 6883 6920 5381 6889 6921 6884 6915 6921 6890 6884 6922 6891 6885 6922 6885 6916 6923 6897 6892 6923 6892 6886 6923 6886 6917 6924 6893 6887 6924 6887 6918 6925 6894 6919 6926 6895 6890 6926 6890 6921 6927 6896 6891 6927 6891 6922 6928 6902 6897 6928 6897 6923 6929 6898 6893 6929 6893 6924 6930 6904 6899 6930 6894 6925 6930 6899 6894 6931 6895 6926 6931 6900 6895 6932 6901 6896 6932 6896 6927 6933 6902 6928 6934 6903 6898 6934 6898 6929 6935 6904 6930 6936 6910 6905 6936 6900 6931 6936 6905 6900 6937 6901 6932 6937 6906 6901 6938 6907 6902 6938 6902 6933 6939 6903 6934 6939 6908 6903 6940 6904 6935 6940 6909 6904 6940 6914 6909 6941 6910 6936 6942 6906 6937 6942 6911 6906 6943 6907 6938 6943 6912 6907 6943 6918 6912 6944 6908 6939 6944 6913 6908 6945 6914 6940 6945 6920 6914 6946 6915 5401 6946 5401 5405 6947 6916 6910 6947 6910 6941 6947 6922 6916 6948 6911 6942 6948 6917 6911 6949 6918 6943 6950 6913 6944 6950 6919 6913 6951 5377 5379 6951 6920 6945 6951 5379 6920 6952 6926 6921 6952 6915 6946 6952 6921 6915 6953 6922 6947 6954 6917 6948 6954 6923 6917 6955 6924 6918 6955 6918 6949 6955 6929 6924 6956 6925 6919 6956 6919 6950 6957 6926 6952 6958 6932 6927 6958 6922 6953 6958 6927 6922 6959 6928 6923 6959 6923 6954 6960 6934 6929 6960 6929 6955 6961 6930 6925 6961 6925 6956 6962 6931 6926 6962 6926 6957 6963 6937 6932 6963 6932 6958 6964 6933 6928 6964 6928 6959 6965 6934 6960 6966 6935 6930 6966 6930 6961 6967 6931 6962 6967 6936 6931 6968 6937 6963 6969 6938 6933 6969 6933 6964 6970 6939 6934 6970 6934 6965 6970 6944 6939 6971 6935 6966 6971 6940 6935 6972 6936 6967 6972 6941 6936 6973 6942 6937 6973 6937 6968 6974 6943 6938 6974 6938 6969 6975 6944 6970 6976 6940 6971 6976 6945 6940 6977 6952 6946 6977 6946 5405 6977 5405 5402 6978 6941 6972 6978 6947 6941 6979 6942 6973 6979 6948 6942 6980 6949 6943 6980 6943 6974 6981 6950 6944 6981 6944 6975 6981 6956 6950 6982 5375 5377 6982 6945 6976 6982 5377 6951 6982 6951 6945 6983 6952 6977 6984 6953 6947 6984 6947 6978 6984 6958 6953 6985 6959 6954 6985 6954 6948 6985 6948 6979 6986 6949 6980 6986 6955 6949 6987 6961 6956 6987 6956 6981 6988 6952 6983 6988 6957 6952 6989 6958 6984 6990 6964 6959 6990 6959 6985 6991 6960 6955 6991 6955 6986 6992 6961 6987 6993 6962 6957 6993 6957 6988 6994 6963 6958 6994 6958 6989 6995 6969 6964 6995 6964 6990 6996 6965 6960 6996 6960 6991 6997 6971 6966 6997 6966 6961 6997 6961 6992 6998 6967 6962 6998 6962 6993 6999 6968 6963 6999 6963 6994 7000 6969 6995 7001 6970 6965 7001 6965 6996 7002 6971 6997 7003 6967 6998 7003 6972 6967 7003 6978 6972 7004 6979 6973 7004 6968 6999 7004 6973 6968 7005 6980 6974 7005 6969 7000 7005 6974 6969 7006 6970 7001 7006 6975 6970 7007 6971 7002 7007 6976 6971 7007 6982 6976 7008 6977 5402 7008 5404 5403 7008 5402 5404 7009 6978 7003 7010 6979 7004 7011 6980 7005 7012 6975 7006 7012 6981 6975 7013 5373 5375 7013 6982 7007 7013 5375 6982 7014 6988 6983 7014 6977 7008 7014 6983 6977 7015 6978 7009 7015 6984 6978 7016 6979 7010 7016 6985 6979 7017 6980 7011 7017 6986 6980 7018 6981 7012 7018 6987 6981 7019 6988 7014 7020 6984 7015 7020 6989 6984 7021 6985 7016 7021 6990 6985 7022 6996 6991 7022 6986 7017 7022 6991 6986 7023 6987 7018 7023 6992 6987 7024 6993 6988 7024 6988 7019 7025 6989 7020 7025 6994 6989 7026 6995 6990 7026 6990 7021 7027 7001 6996 7027 6996 7022 7028 6997 6992 7028 6992 7023 7029 6998 6993 7029 6993 7024 7030 6999 6994 7030 6994 7025 7031 7000 6995 7031 6995 7026 7032 7001 7027 7032 7006 7001 7033 6997 7028 7033 7002 6997 7034 7003 6998 7034 6998 7029 7035 7004 6999 7035 6999 7030 7036 7005 7000 7036 7000 7031 7037 7006 7032 7038 7007 7002 7038 7002 7033 7039 7008 5403 7040 7009 7003 7040 7003 7034 7041 7010 7004 7041 7004 7035 7042 7011 7005 7042 7005 7036 7043 7006 7037 7043 7012 7006 7043 7018 7012 7044 7007 7038 7044 5371 5373 7044 7013 7007 7044 5373 7013 7045 7014 7008 7045 7008 7039 7046 7009 7040 7046 7015 7009 7047 7010 7041 7047 7016 7010 7048 7011 7042 7048 7017 7011 7049 7018 7043 7050 7019 7014 7050 7014 7045 7051 7020 7015 7051 7015 7046 7052 7016 7047 7052 7021 7016 7053 7017 7048 7053 7022 7017 7054 7018 7049 7054 7023 7018 7055 7019 7050 7055 7029 7024 7055 7024 7019 7056 7020 7051 7056 7030 7025 7056 7025 7020 7057 7026 7021 7057 7021 7052 7058 7022 7053 7058 7027 7022 7059 7028 7023 7059 7023 7054 7060 7029 7055 7061 7030 7056 7062 7026 7057 7062 7031 7026 7063 7027 7058 7063 7032 7027 7064 7028 7059 7064 7033 7028 7065 7029 7060 7065 7034 7029 7065 7040 7034 7066 7035 7030 7066 7041 7035 7066 7030 7061 7067 7031 7062 7067 7036 7031 7068 7037 7032 7068 7032 7063 7069 7038 7033 7069 7044 7038 7069 7033 7064 7070 7039 5403 7070 5408 5407 7070 5403 5408 7071 7040 7065 7072 7041 7066 7073 7036 7067 7073 7042 7036 7074 7037 7068 7074 7043 7037 7075 7044 7069 7075 5369 5371 7075 5371 7044 7076 7050 7045 7076 7045 7039 7076 7039 7070 7077 7040 7071 7077 7046 7040 7077 7051 7046 7078 7052 7047 7078 7047 7041 7078 7041 7072 7079 7048 7042 7079 7042 7073 7080 7043 7074 7080 7049 7043 7081 7050 7076 7082 7051 7077 7083 7057 7052 7083 7052 7078 7084 7048 7079 7084 7053 7048 7085 7054 7049 7085 7049 7080 7086 7050 7081 7086 7055 7050 7087 7051 7082 7087 7056 7051 7088 7057 7083 7089 7053 7084 7089 7058 7053 7090 7059 7054 7090 7054 7085 7091 7060 7055 7091 7065 7060 7091 7055 7086 7092 7061 7056 7092 7056 7087 7093 7067 7062 7093 7057 7088 7093 7062 7057 7094 7063 7058 7094 7058 7089 7095 7064 7059 7095 7059 7090 7096 7065 7091 7097 7066 7061 7097 7061 7092 7098 7067 7093 7098 7073 7067 7099 7068 7063 7099 7063 7094 7100 7064 7095 7100 7069 7064 7101 7070 5407 7101 5407 5413 7101 7076 7070 7102 7071 7065 7102 7065 7096 7103 7072 7066 7103 7066 7097 7104 7073 7098 7105 7068 7099 7105 7074 7068 7106 7069 7100 7106 7075 7069 7106 5367 5369 7106 5369 7075 7107 7076 7101 7108 7071 7102 7108 7082 7077 7108 7077 7071 7109 7078 7072 7109 7072 7103 7110 7073 7104 7110 7079 7073 7111 7080 7074 7111 7074 7105 7112 7076 7107 7112 7081 7076 7113 7082 7108 7114 7078 7109 7114 7083 7078 7115 7089 7084 7115 7079 7110 7115 7084 7079 7116 7085 7080 7116 7080 7111 7117 7091 7086 7117 7081 7112 7117 7086 7081 7118 7082 7113 7118 7087 7082 7118 7092 7087 7119 7083 7114 7119 7088 7083 7120 7089 7115 7120 7094 7089 7121 7095 7090 7121 7085 7116 7121 7090 7085 7122 7091 7117 7123 7092 7118 7124 7093 7088 7124 7088 7119 7125 7094 7120 7126 7095 7121 7127 7096 7091 7127 7102 7096 7127 7091 7122 7128 7092 7123 7128 7097 7092 7129 7098 7093 7129 7104 7098 7129 7093 7124 7130 7099 7094 7130 7105 7099 7130 7094 7125 7131 7100 7095 7131 7095 7126 7132 7101 5413 7133 7102 7127 7134 7097 7128 7134 7103 7097 7135 7104 7129 7136 7105 7130 7137 7100 7131 7137 7106 7100 7137 5367 7106 7137 5365 5367 7138 7101 7132 7138 7112 7107 7138 7107 7101 7139 7108 7102 7139 7102 7133 7140 7114 7109 7140 7109 7103 7140 7103 7134 7141 7104 7135 7141 7110 7104 7142 7105 7136 7142 7111 7105 7143 7112 7138 7144 7108 7139 7144 7113 7108 7145 7114 7140 7145 7119 7114 7146 7120 7115 7146 7115 7110 7146 7110 7141 7147 7111 7142 7147 7116 7111 7147 7121 7116 7148 7122 7117 7148 7117 7112 7148 7112 7143 7149 7113 7144 7149 7118 7113 7150 7119 7145 7151 7120 7146 7152 7121 7147 7152 7126 7121 7153 7122 7148 7154 7118 7149 7154 7123 7118 7155 7119 7150 7155 7124 7119 7156 7120 7151 7156 7125 7120 7157 7126 7152 7158 7127 7122 7158 7133 7127 7158 7122 7153 7159 7128 7123 7159 7123 7154 7160 7129 7124 7160 7124 7155 7160 7135 7129 7161 7125 7156 7161 7130 7125 7162 7137 7131 7162 7126 7157 7162 7131 7126 7163 7132 5413 7163 5412 5416 7163 5413 5412 7164 7133 7158 7164 7139 7133 7165 7134 7128 7165 7128 7159 7166 7135 7160 7167 7136 7130 7167 7130 7161 7168 5365 7137 7168 5363 5365 7168 7137 7162 7169 7143 7138 7169 7138 7132 7169 7132 7163 7170 7139 7164 7171 7134 7165 7171 7140 7134 7172 7141 7135 7172 7135 7166 7173 7142 7136 7173 7136 7167 7174 7143 7169 7175 7139 7170 7175 7144 7139 7176 7145 7140 7176 7140 7171 7177 7151 7146 7177 7146 7141 7177 7141 7172 7178 7147 7142 7178 7142 7173 7178 7152 7147 7179 7148 7143 7179 7143 7174 7180 7144 7175 7180 7149 7144 7181 7145 7176 7181 7150 7145 7182 7151 7177 7182 7156 7151 7183 7152 7178 7184 7148 7179 7184 7153 7148 7185 7149 7180 7185 7154 7149 7185 7159 7154 7186 7150 7181 7186 7155 7150 7187 7156 7182 7188 7152 7183 7188 7157 7152 7189 7164 7158 7189 7158 7153 7189 7153 7184 7190 7159 7185 7191 7155 7186 7191 7160 7155 7192 7161 7156 7192 7167 7161 7192 7156 7187 7193 7162 7157 7193 7168 7162 7193 7157 7188 7194 7163 5416 7194 5416 5418 7195 7164 7189 7196 7165 7159 7196 7159 7190 7197 7166 7160 7197 7160 7191 7198 7167 7192 7199 5363 7168 7199 5361 5363 7199 7168 7193 7200 7169 7163 7200 7163 7194 7201 7170 7164 7201 7164 7195 7202 7171 7165 7202 7176 7171 7202 7165 7196 7203 7166 7197 7203 7172 7166 7204 7173 7167 7204 7167 7198 7205 7174 7169 7205 7169 7200 7206 7170 7201 7206 7175 7170 7207 7176 7202 7207 7181 7176 7208 7177 7172 7208 7172 7203 7209 7178 7173 7209 7173 7204 7210 7179 7174 7210 7174 7205 7211 7180 7175 7211 7175 7206 7212 7181 7207 7213 7182 7177 7213 7177 7208 7214 7178 7209 7214 7183 7178 7214 7188 7183 7215 7179 7210 7215 7184 7179 7215 7189 7184 7216 7185 7180 7216 7180 7211 7217 7181 7212 7217 7186 7181 7218 7187 7182 7218 7182 7213 7219 7188 7214 7220 7189 7215 7221 7185 7216 7221 7190 7185 7222 7197 7191 7222 7191 7186 7222 7186 7217 7223 7192 7187 7223 7187 7218 7224 7188 7219 7224 7193 7188 7225 7194 5418 7226 7189 7220 7226 7195 7189 7227 7202 7196 7227 7196 7190 7227 7190 7221 7228 7197 7222 7229 7198 7192 7229 7192 7223 7230 5361 7199 7230 7199 7193 7230 5359 5361 7230 7193 7224 7231 7205 7200 7231 7194 7225 7231 7200 7194 7232 7201 7195 7232 7195 7226 7232 7206 7201 7233 7202 7227 7234 7208 7203 7234 7197 7228 7234 7203 7197 7235 7198 7229 7235 7204 7198 7236 7210 7205 7236 7205 7231 7237 7206 7232 7237 7211 7206 7238 7207 7202 7238 7202 7233 7239 7208 7234 7239 7213 7208 7240 7204 7235 7240 7209 7204 7241 7210 7236 7242 7211 7237 7243 7212 7207 7243 7217 7212 7243 7207 7238 7244 7213 7239 7244 7218 7213 7245 7209 7240 7245 7214 7209 7246 7215 7210 7246 7210 7241 7246 7220 7215 7247 7216 7211 7247 7211 7242 7248 7217 7243 7249 7218 7244 7250 7219 7214 7250 7214 7245 7251 7220 7246 7252 7216 7247 7252 7221 7216 7253 7217 7248 7253 7222 7217 7254 7218 7249 7254 7223 7218 7255 7219 7250 7255 7224 7219 7256 7225 5418 7256 5418 5417 7257 7232 7226 7257 7220 7251 7257 7226 7220 7258 7221 7252 7258 7227 7221 7259 7228 7222 7259 7222 7253 7260 7223 7254 7260 7229 7223 7261 5359 7230 7261 7230 7224 7261 5357 5359 7261 7224 7255 7262 7236 7231 7262 7231 7225 7262 7225 7256 7263 7232 7257 7264 7233 7227 7264 7238 7233 7264 7227 7258 7265 7234 7228 7265 7228 7259 7266 7235 7229 7266 7229 7260 7267 7241 7236 7267 7236 7262 7268 7237 7232 7268 7242 7237 7268 7232 7263 7269 7238 7264 7270 7239 7234 7270 7234 7265 7271 7240 7235 7271 7235 7266 7272 7241 7267 7273 7242 7268 7274 7243 7238 7274 7238 7269 7275 7239 7270 7275 7244 7239 7276 7245 7240 7276 7240 7271 7276 7250 7245 7277 7241 7272 7277 7251 7246 7277 7246 7241 7278 7242 7273 7278 7247 7242 7279 7243 7274 7279 7248 7243 7280 7244 7275 7280 7249 7244 7281 7250 7276 7281 7255 7250 7282 7251 7277 7283 7247 7278 7283 7252 7247 7284 7253 7248 7284 7248 7279 7285 7249 7280 7285 7254 7249 7286 7261 7255 7286 7255 7281 7287 7262 7256 7287 5421 5434 7287 5417 5421 7287 7256 5417 7288 7251 7282 7288 7263 7257 7288 7257 7251 7289 7258 7252 7289 7252 7283 7290 7265 7259 7290 7259 7253 7290 7253 7284 7291 7260 7254 7291 7254 7285 7292 5355 5357 7292 7261 7286 7292 5357 7261 7293 7262 7287 7293 7267 7262 7294 7268 7263 7294 7263 7288 7295 7264 7258 7295 7258 7289 7295 7269 7264 7296 7265 7290 7296 7270 7265 7297 7266 7260 7297 7260 7291 7298 7267 7293 7298 7272 7267 7299 7268 7294 7300 7269 7295 7301 7270 7296 7302 7271 7266 7302 7266 7297 7303 7277 7272 7303 7272 7298 7304 7268 7299 7304 7278 7273 7304 7273 7268 7305 7269 7300 7305 7274 7269 7306 7270 7301 7306 7275 7270 7307 7271 7302 7307 7276 7271 7308 7277 7303 7309 7278 7304 7310 7274 7305 7310 7279 7274 7311 7275 7306 7311 7280 7275 7312 7276 7307 7312 7281 7276 7313 7277 7308 7313 7282 7277 7314 7283 7278 7314 7278 7309 7315 7279 7310 7315 7284 7279 7315 7290 7284 7316 7280 7311 7316 7285 7280 7317 7281 7312 7317 7286 7281 7318 5434 5433 7318 7287 5434 7318 7293 7287 7319 7282 7313 7319 7288 7282 7320 7283 7314 7320 7289 7283 7321 7296 7290 7321 7290 7315 7322 7291 7285 7322 7297 7291 7322 7285 7316 7323 5353 5355 7323 7286 7317 7323 5355 7292 7323 7292 7286 7324 7293 7318 7325 7294 7288 7325 7288 7319 7326 7300 7295 7326 7295 7289 7326 7289 7320 7327 7301 7296 7327 7296 7321 7328 7297 7322 7329 7303 7298 7329 7293 7324 7329 7298 7293 7330 7294 7325 7330 7299 7294 7331 7300 7326 7332 7306 7301 7332 7301 7327 7333 7307 7302 7333 7297 7328 7333 7302 7297 7334 7308 7303 7334 7303 7329 7335 7304 7299 7335 7299 7330 7336 7310 7305 7336 7305 7300 7336 7300 7331 7337 7311 7306 7337 7306 7332 7338 7307 7333 7339 7313 7308 7339 7308 7334 7340 7309 7304 7340 7304 7335 7341 7310 7336 7342 7311 7337 7343 7307 7338 7343 7312 7307 7343 7317 7312 7344 7313 7339 7345 7309 7340 7345 7314 7309 7346 7310 7341 7346 7321 7315 7346 7315 7310 7347 7316 7311 7347 7311 7342 7348 7317 7343 7349 7318 5433 7350 7313 7344 7350 7325 7319 7350 7319 7313 7351 7314 7345 7351 7320 7314 7352 7321 7346 7352 7327 7321 7353 7316 7347 7353 7328 7322 7353 7322 7316 7354 5351 5353 7354 7317 7348 7354 5353 7323 7354 7323 7317 7355 7318 7349 7355 7324 7318 7356 7330 7325 7356 7325 7350 7357 7320 7351 7357 7326 7320 7358 7327 7352 7359 7328 7353 7360 7329 7324 7360 7324 7355 7361 7330 7356 7361 7335 7330 7362 7331 7326 7362 7326 7357 7363 7337 7332 7363 7327 7358 7363 7332 7327 7364 7333 7328 7364 7328 7359 7365 7334 7329 7365 7329 7360 7366 7340 7335 7366 7335 7361 7367 7336 7331 7367 7331 7362 7368 7337 7363 7369 7338 7333 7369 7333 7364 7370 7344 7339 7370 7339 7334 7370 7334 7365 7371 7340 7366 7372 7341 7336 7372 7336 7367 7373 7337 7368 7373 7342 7337 7374 7338 7369 7374 7348 7343 7374 7343 7338 7375 7344 7370 7376 7340 7371 7376 7351 7345 7376 7345 7340 7377 7346 7341 7377 7341 7372 7378 7342 7373 7378 7347 7342 7379 7348 7374 7380 7349 5433 7380 5433 5432 7380 7355 7349 7381 7344 7375 7381 7350 7344 7382 7351 7376 7383 7346 7377 7383 7352 7346 7384 7347 7378 7384 7353 7347 7384 7359 7353 7385 7348 7379 7385 5349 5351 7385 7354 7348 7385 5351 7354 7386 7355 7380 7386 7360 7355 7387 7356 7350 7387 7350 7381 7388 7357 7351 7388 7351 7382 7388 7362 7357 7389 7358 7352 7389 7352 7383 7390 7359 7384 7391 7360 7386 7392 7361 7356 7392 7356 7387 7393 7367 7362 7393 7362 7388 7394 7358 7389 7394 7363 7358 7395 7359 7390 7395 7364 7359 7396 7365 7360 7396 7360 7391 7397 7366 7361 7397 7371 7366 7397 7361 7392 7398 7367 7393 7399 7368 7363 7399 7363 7394 7400 7369 7364 7400 7364 7395 7401 7370 7365 7401 7365 7396 7402 7371 7397 7403 7372 7367 7403 7367 7398 7404 7368 7399 7404 7373 7368 7405 7374 7369 7405 7379 7374 7405 7369 7400 7406 7370 7401 7406 7375 7370 7407 7371 7402 7407 7382 7376 7407 7376 7371 7408 7383 7377 7408 7372 7403 7408 7377 7372 7409 7378 7373 7409 7373 7404 7410 7379 7405 7410 7385 7379 7411 7380 5432 7411 5432 5429 7412 7381 7375 7412 7387 7381 7412 7375 7406 7413 7382 7407 7414 7389 7383 7414 7383 7408 7415 7384 7378 7415 7378 7409 7416 7385 7410 7416 5347 5349 7416 5349 7385 7417 7391 7386 7417 7386 7380 7417 7380 7411 7418 7387 7412 7419 7393 7388 7419 7382 7413 7419 7388 7382 7420 7389 7414 7421 7384 7415 7421 7390 7384 7422 7391 7417 7422 7396 7391 7423 7392 7387 7423 7397 7392 7423 7387 7418 7424 7393 7419 7425 7389 7420 7425 7399 7394 7425 7394 7389 7426 7390 7421 7426 7395 7390 7426 7400 7395 7427 7396 7422 7428 7397 7423 7429 7398 7393 7429 7393 7424 7430 7399 7425 7431 7400 7426 7432 7401 7396 7432 7396 7427 7433 7402 7397 7433 7397 7428 7434 7403 7398 7434 7398 7429 7435 7404 7399 7435 7399 7430 7436 7405 7400 7436 7400 7431 7437 7406 7401 7437 7412 7406 7437 7401 7432 7438 7402 7433 7438 7407 7402 7439 7408 7403 7439 7403 7434 7440 7404 7435 7440 7409 7404 7441 7410 7405 7441 7405 7436 7442 7411 5429 7442 5426 5428 7442 5429 5426 7443 7412 7437 7444 7413 7407 7444 7407 7438 7445 7408 7439 7445 7414 7408 7446 7421 7415 7446 7409 7440 7446 7415 7409 7447 7410 7441 7447 7416 7410 7447 5345 5347 7447 5347 7416 7448 7417 7411 7448 7411 7442 7449 7418 7412 7449 7412 7443 7450 7413 7444 7450 7419 7413 7451 7414 7445 7451 7420 7414 7452 7421 7446 7453 7417 7448 7453 7422 7417 7454 7423 7418 7454 7418 7449 7455 7424 7419 7455 7419 7450 7456 7420 7451 7456 7425 7420 7457 7426 7421 7457 7421 7452 7458 7422 7453 7458 7427 7422 7459 7423 7454 7459 7428 7423 7460 7424 7455 7460 7429 7424 7461 7430 7425 7461 7425 7456 7462 7431 7426 7462 7426 7457 7463 7432 7427 7463 7437 7432 7463 7427 7458 7464 7428 7459 7464 7433 7428 7465 7434 7429 7465 7429 7460 7466 7435 7430 7466 7430 7461 7467 7436 7431 7467 7431 7462 7468 7437 7463 7469 7438 7433 7469 7433 7464 7470 7439 7434 7470 7434 7465 7471 7440 7435 7471 7435 7466 7472 7436 7467 7472 7441 7436 7473 7442 5428 7473 5428 5427 7474 7443 7437 7474 7437 7468 7475 7444 7438 7475 7438 7469 7476 7439 7470 7476 7451 7445 7476 7445 7439 7477 7446 7440 7477 7440 7471 7478 7441 7472 7478 7447 7441 7478 5345 7447 7478 5343 5345 7479 7442 7473 7479 7453 7448 7479 7448 7442 7480 7443 7474 7480 7449 7443 7481 7450 7444 7481 7444 7475 7482 7451 7476 7483 7446 7477 7483 7452 7446 7484 7453 7479 7484 7458 7453 7485 7449 7480 7485 7454 7449 7486 7450 7481 7486 7455 7450 7487 7451 7482 7487 7456 7451 7488 7452 7483 7488 7457 7452 7488 7462 7457 7489 7463 7458 7489 7458 7484 7490 7454 7485 7490 7459 7454 7491 7455 7486 7491 7460 7455 7491 7465 7460 7492 7456 7487 7492 7461 7456 7493 7462 7488 7494 7463 7489 7495 7464 7459 7495 7459 7490 7496 7465 7491 7497 7466 7461 7497 7461 7492 7498 7472 7467 7498 7467 7462 7498 7462 7493 7499 7468 7463 7499 7474 7468 7499 7463 7494 7500 7469 7464 7500 7464 7495 7501 7470 7465 7501 7465 7496 7502 7471 7466 7502 7466 7497 7503 7478 7472 7503 7472 7498 7504 5427 5431 7504 7473 5427 7505 7474 7499 7506 7475 7469 7506 7469 7500 7507 7476 7470 7507 7470 7501 7508 7471 7502 7508 7477 7471 7509 7478 7503 7509 5343 7478 7509 5341 5343 7510 7479 7473 7510 7473 7504 7511 7474 7505 7511 7485 7480 7511 7480 7474 7512 7475 7506 7512 7481 7475 7512 7486 7481 7513 7482 7476 7513 7476 7507 7514 7477 7508 7514 7483 7477 7515 7479 7510 7515 7484 7479 7516 7485 7511 7517 7486 7512 7518 7482 7513 7518 7487 7482 7519 7488 7483 7519 7483 7514 7520 7484 7515 7520 7494 7489 7520 7489 7484 7521 7495 7490 7521 7485 7516 7521 7490 7485 7522 7491 7486 7522 7486 7517 7523 7487 7518 7523 7492 7487 7524 7493 7488 7524 7488 7519 7525 7494 7520 7526 7495 7521 7527 7491 7522 7527 7496 7491 7528 7492 7523 7528 7497 7492 7529 7498 7493 7529 7493 7524 7530 7499 7494 7530 7494 7525 7531 7495 7526 7531 7506 7500 7531 7500 7495 7532 7501 7496 7532 7496 7527 7533 7502 7497 7533 7497 7528 7534 7503 7498 7534 7498 7529 7535 7504 5431 7535 7510 7504 7536 7505 7499 7536 7499 7530 7537 7512 7506 7537 7506 7531 7538 7507 7501 7538 7501 7532 7539 7502 7533 7539 7508 7502 7540 5341 7509 7540 7509 7503 7540 5339 5341 7540 7503 7534 7541 7515 7510 7541 7510 7535 7542 7505 7536 7542 7511 7505 7543 7512 7537 7544 7507 7538 7544 7513 7507 7545 7508 7539 7545 7514 7508 7546 7515 7541 7547 7511 7542 7547 7516 7511 7548 7512 7543 7548 7522 7517 7548 7517 7512 7549 7518 7513 7549 7513 7544 7550 7519 7514 7550 7514 7545 7550 7524 7519 7551 7515 7546 7551 7520 7515 7552 7521 7516 7552 7516 7547 7553 7522 7548 7553 7527 7522 7554 7518 7549 7554 7523 7518 7555 7524 7550 7556 7520 7551 7556 7525 7520 7556 7530 7525 7557 7521 7552 7557 7526 7521 7558 7527 7553 7558 7532 7527 7559 7523 7554 7559 7528 7523 7560 7524 7555 7560 7529 7524 7561 7530 7556 7562 7526 7557 7562 7531 7526 7563 7532 7558 7564 7533 7528 7564 7528 7559 7565 7529 7560 7565 7534 7529 7566 7535 5431 7566 5430 5436 7566 5431 5430 7567 7536 7530 7567 7530 7561 7568 7537 7531 7568 7543 7537 7568 7531 7562 7569 7532 7563 7569 7538 7532 7569 7544 7538 7570 7533 7564 7570 7539 7533 7571 7534 7565 7571 5339 7540 7571 5337 5339 7571 7540 7534 7572 7535 7566 7572 7541 7535 7573 7542 7536 7573 7536 7567 7574 7543 7568 7575 7544 7569 7576 7545 7539 7576 7539 7570 7577 7541 7572 7577 7546 7541 7578 7542 7573 7578 7547 7542 7579 7548 7543 7579 7543 7574 7580 7549 7544 7580 7554 7549 7580 7544 7575 7581 7545 7576 7581 7550 7545 7582 7546 7577 7582 7551 7546 7583 7552 7547 7583 7547 7578 7583 7557 7552 7584 7553 7548 7584 7548 7579 7585 7554 7580 7586 7550 7581 7586 7555 7550 7587 7551 7582 7587 7556 7551 7588 7557 7583 7589 7558 7553 7589 7553 7584 7590 7559 7554 7590 7554 7585 7590 7564 7559 7591 7565 7560 7591 7555 7586 7591 7560 7555 7592 7561 7556 7592 7556 7587 7593 7557 7588 7593 7568 7562 7593 7562 7557 7594 7558 7589 7594 7563 7558 7595 7570 7564 7595 7564 7590 7596 7565 7591 7597 7566 5436 7597 5436 5435 7597 7572 7566 7598 7567 7561 7598 7561 7592 7599 7568 7593 7599 7574 7568 7600 7563 7594 7600 7569 7563 7601 7570 7595 7602 7565 7596 7602 7571 7565 7602 5337 7571 7602 5335 5337 7603 7572 7597 7604 7573 7567 7604 7567 7598 7605 7574 7599 7606 7575 7569 7606 7569 7600 7607 7570 7601 7607 7576 7570 7608 7577 7572 7608 7582 7577 7608 7572 7603 7609 7578 7573 7609 7573 7604 7610 7579 7574 7610 7584 7579 7610 7574 7605 7611 7575 7606 7611 7580 7575 7612 7581 7576 7612 7576 7607 7613 7587 7582 7613 7582 7608 7614 7578 7609 7614 7583 7578 7615 7584 7610 7616 7585 7580 7616 7580 7611 7617 7581 7612 7617 7586 7581 7617 7591 7586 7618 7587 7613 7619 7588 7583 7619 7583 7614 7620 7589 7584 7620 7594 7589 7620 7584 7615 7621 7585 7616 7621 7590 7585 7622 7591 7617 7623 7587 7618 7623 7592 7587 7623 7598 7592 7624 7588 7619 7624 7593 7588 7625 7594 7620 7626 7590 7621 7626 7595 7590 7627 7602 7596 7627 7591 7622 7627 7596 7591 7628 7603 7597 7628 7597 5435 7629 7598 7623 7630 7599 7593 7630 7593 7624 7631 7606 7600 7631 7594 7625 7631 7600 7594 7632 7595 7626 7632 7601 7595 7633 5335 7602 7633 5333 5335 7633 7602 7627 7634 7608 7603 7634 7603 7628 7635 7609 7604 7635 7604 7598 7635 7598 7629 7636 7599 7630 7636 7605 7599 7637 7606 7631 7638 7607 7601 7638 7601 7632 7639 7608 7634 7640 7609 7635 7641 7610 7605 7641 7605 7636 7642 7611 7606 7642 7606 7637 7643 7607 7638 7643 7612 7607 7644 7608 7639 7644 7618 7613 7644 7613 7608 7645 7619 7614 7645 7614 7609 7645 7609 7640 7646 7615 7610 7646 7610 7641 7647 7611 7642 7647 7616 7611 7648 7617 7612 7648 7612 7643 7649 7618 7644 7650 7619 7645 7651 7620 7615 7651 7615 7646 7652 7621 7616 7652 7616 7647 7653 7617 7648 7653 7622 7617 7654 7618 7649 7654 7623 7618 7655 7619 7650 7655 7630 7624 7655 7624 7619 7656 7620 7651 7656 7625 7620 7657 7632 7626 7657 7621 7652 7657 7626 7621 7658 7622 7653 7658 7627 7622 7659 5435 5437 7659 7628 5435 7660 7623 7654 7660 7629 7623 7661 7636 7630 7661 7630 7655 7662 7625 7656 7662 7631 7625 7663 7632 7657 7664 5333 7633 7664 7633 7627 7664 7627 7658 7664 5331 5333 7665 7634 7628 7665 7628 7659 7666 7640 7635 7666 7635 7629 7666 7629 7660 7667 7636 7661 7668 7637 7631 7668 7631 7662 7669 7638 7632 7669 7632 7663 7670 7639 7634 7670 7634 7665 7671 7640 7666 7672 7636 7667 7672 7641 7636 7673 7642 7637 7673 7637 7668 7674 7643 7638 7674 7638 7669 7675 7639 7670 7675 7644 7639 7676 7640 7671 7676 7645 7640 7677 7646 7641 7677 7651 7646 7677 7641 7672 7678 7642 7673 7678 7647 7642 7679 7643 7674 7679 7648 7643 7679 7653 7648 7680 7644 7675 7680 7649 7644 7681 7645 7676 7681 7650 7645 7682 7651 7677 7682 7656 7651 7683 7652 7647 7683 7657 7652 7683 7647 7678 7684 7653 7679 7685 7654 7649 7685 7649 7680 7686 7655 7650 7686 7650 7681 7687 7656 7682 7688 7657 7683 7689 7653 7684 7689 7658 7653 7689 7664 7658 7690 5439 5438 7690 5437 5439 7690 7659 5437 7691 7654 7685 7691 7660 7654 7692 7655 7686 7692 7661 7655 7693 7656 7687 7693 7662 7656 7694 7663 7657 7694 7657 7688 7695 5329 5331 7695 7664 7689 7695 5331 7664 7696 7665 7659 7696 7659 7690 7696 7670 7665 7697 7660 7691 7697 7666 7660 7698 7667 7661 7698 7661 7692 7699 7668 7662 7699 7673 7668 7699 7662 7693 7700 7669 7663 7700 7663 7694 7701 7670 7696 7702 7671 7666 7702 7666 7697 7703 7672 7667 7703 7667 7698 7704 7673 7699 7705 7674 7669 7705 7669 7700 7706 7675 7670 7706 7670 7701 7707 7676 7671 7707 7671 7702 7708 7672 7703 7708 7677 7672 7709 7673 7704 7709 7678 7673 7710 7679 7674 7710 7674 7705 7711 7680 7675 7711 7675 7706 7712 7681 7676 7712 7676 7707 7713 7682 7677 7713 7677 7708 7714 7678 7709 7714 7688 7683 7714 7683 7678 7715 7679 7710 7715 7684 7679 7716 7680 7711 7716 7685 7680 7716 7691 7685 7717 7681 7712 7717 7686 7681 7718 7682 7713 7718 7687 7682 7719 7688 7714 7720 7689 7684 7720 7684 7715 7721 7690 5438 7722 7691 7716 7722 7697 7691 7723 7686 7717 7723 7692 7686 7724 7693 7687 7724 7687 7718 7725 7688 7719 7725 7694 7688 7726 7689 7720 7726 5327 5329 7726 5329 7695 7726 7695 7689 7727 7690 7721 7727 7696 7690 7728 7702 7697 7728 7697 7722 7729 7698 7692 7729 7692 7723 7730 7693 7724 7730 7699 7693 7731 7694 7725 7731 7700 7694 7732 7696 7727 7732 7701 7696 7733 7702 7728 7734 7703 7698 7734 7698 7729 7735 7704 7699 7735 7699 7730 7736 7705 7700 7736 7700 7731 7737 7701 7732 7737 7706 7701 7738 7707 7702 7738 7712 7707 7738 7702 7733 7739 7708 7703 7739 7703 7734 7740 7709 7704 7740 7704 7735 7741 7710 7705 7741 7715 7710 7741 7705 7736 7742 7706 7737 7742 7711 7706 7743 7712 7738 7744 7708 7739 7744 7713 7708 7745 7709 7740 7745 7714 7709 7746 7715 7741 7747 7716 7711 7747 7711 7742 7748 7717 7712 7748 7723 7717 7748 7712 7743 7749 7713 7744 7749 7718 7713 7750 7714 7745 7750 7719 7714 7751 7715 7746 7751 7720 7715 7751 7726 7720 7752 5441 5442 7752 5438 5441 7752 7721 5438 7752 7727 7721 7753 7716 7747 7753 7722 7716 7754 7723 7748 7754 7729 7723 7755 7718 7749 7755 7724 7718 7756 7719 7750 7756 7725 7719 7757 7726 7751 7757 5325 5327 7757 5327 7726 7758 7727 7752 7759 7733 7728 7759 7722 7753 7759 7728 7722 7760 7729 7754 7761 7724 7755 7761 7730 7724 7762 7725 7756 7762 7731 7725 7763 7732 7727 7763 7727 7758 7764 7733 7759 7765 7729 7760 7765 7739 7734 7765 7734 7729 7766 7730 7761 7766 7735 7730 7767 7741 7736 7767 7736 7731 7767 7731 7762 7768 7737 7732 7768 7732 7763 7768 7742 7737 7769 7733 7764 7769 7738 7733 7770 7744 7739 7770 7739 7765 7771 7740 7735 7771 7735 7766 7772 7741 7767 7773 7742 7768 7773 7747 7742 7774 7743 7738 7774 7738 7769 7775 7749 7744 7775 7744 7770 7776 7745 7740 7776 7740 7771 7777 7741 7772 7777 7746 7741 7778 7747 7773 7779 7743 7774 7779 7748 7743 7780 7749 7775 7781 7750 7745 7781 7745 7776 7782 7751 7746 7782 7746 7777 7783 7752 5442 7783 5442 5440 7783 7758 7752 7784 7753 7747 7784 7747 7778 7785 7748 7779 7785 7754 7748 7786 7749 7780 7786 7755 7749 7786 7761 7755 7787 7750 7781 7787 7756 7750 7788 7751 7782 7788 7757 7751 7788 5323 5325 7788 5325 7757 7789 7758 7783 7789 7763 7758 7790 7753 7784 7790 7759 7753 7791 7760 7754 7791 7754 7785 7792 7761 7786 7793 7756 7787 7793 7762 7756 7794 7768 7763 7794 7763 7789 7795 7764 7759 7795 7759 7790 7796 7765 7760 7796 7760 7791 7797 7771 7766 7797 7761 7792 7797 7766 7761 7798 7767 7762 7798 7762 7793 7799 7768 7794 7799 7773 7768 7800 7774 7769 7800 7764 7795 7800 7769 7764 7801 7770 7765 7801 7765 7796 7802 7776 7771 7802 7771 7797 7803 7772 7767 7803 7767 7798 7804 7778 7773 7804 7773 7799 7805 7779 7774 7805 7774 7800 7806 7770 7801 7806 7775 7770 7807 7781 7776 7807 7776 7802 7808 7777 7772 7808 7772 7803 7809 7784 7778 7809 7778 7804 7810 7779 7805 7810 7785 7779 7811 7780 7775 7811 7775 7806 7812 7781 7807 7813 7777 7808 7813 7782 7777 7813 7788 7782 7814 7783 5440 7814 7789 7783 7815 7784 7809 7816 7785 7810 7817 7780 7811 7817 7786 7780 7818 7781 7812 7818 7787 7781 7818 7793 7787 7819 7788 7813 7819 5323 7788 7819 5321 5323 7820 7789 7814 7820 7794 7789 7821 7790 7784 7821 7784 7815 7821 7795 7790 7822 7785 7816 7822 7791 7785 7823 7792 7786 7823 7786 7817 7824 7793 7818 7825 7794 7820 7825 7799 7794 7826 7795 7821 7827 7801 7796 7827 7796 7791 7827 7791 7822 7828 7797 7792 7828 7792 7823 7829 7793 7824 7829 7798 7793 7830 7804 7799 7830 7799 7825 7831 7800 7795 7831 7795 7826 7831 7805 7800 7832 7801 7827 7833 7802 7797 7833 7797 7828 7834 7803 7798 7834 7808 7803 7834 7798 7829 7835 7804 7830 7836 7805 7831 7836 7810 7805 7837 7811 7806 7837 7801 7832 7837 7806 7801 7838 7802 7833 7838 7807 7802 7839 7813 7808 7839 7808 7834 7840 7809 7804 7840 7815 7809 7840 7804 7835 7841 7810 7836 7841 7816 7810 7842 7811 7837 7843 7812 7807 7843 7807 7838 7844 7813 7839 7845 7814 5440 7845 5440 5444 7845 7820 7814 7846 7815 7840 7846 7821 7815 7847 7816 7841 7847 7822 7816 7848 7823 7817 7848 7817 7811 7848 7811 7842 7849 7818 7812 7849 7812 7843 7850 7813 7844 7850 7819 7813 7850 5321 7819 7850 5319 5321 7851 7820 7845 7851 7825 7820 7852 7826 7821 7852 7821 7846 7853 7822 7847 7854 7823 7848 7855 7818 7849 7855 7824 7818 7856 7830 7825 7856 7825 7851 7857 7826 7852 7858 7822 7853 7858 7827 7822 7858 7832 7827 7859 7828 7823 7859 7823 7854 7859 7833 7828 7860 7824 7855 7860 7829 7824 7861 7835 7830 7861 7830 7856 7862 7826 7857 7862 7831 7826 7862 7836 7831 7863 7832 7858 7863 7837 7832 7864 7833 7859 7865 7834 7829 7865 7829 7860 7866 7835 7861 7867 7836 7862 7868 7842 7837 7868 7837 7863 7869 7833 7864 7869 7838 7833 7870 7839 7834 7870 7834 7865 7871 7840 7835 7871 7835 7866 7871 7846 7840 7872 7841 7836 7872 7847 7841 7872 7836 7867 7873 7842 7868 7874 7843 7838 7874 7838 7869 7875 7844 7839 7875 7839 7870 7876 7845 5444 7876 5443 5446 7876 5444 5443 7877 7846 7871 7877 7852 7846 7878 7853 7847 7878 7847 7872 7879 7854 7848 7879 7842 7873 7879 7848 7842 7880 7849 7843 7880 7843 7874 7881 7850 7844 7881 5319 7850 7881 5317 5319 7881 7844 7875 7882 7851 7845 7882 7845 7876 7883 7852 7877 7883 7857 7852 7884 7853 7878 7884 7858 7853 7885 7854 7879 7886 7855 7849 7886 7849 7880 7887 7856 7851 7887 7851 7882 7888 7857 7883 7889 7863 7858 7889 7858 7884 7890 7854 7885 7890 7859 7854 7890 7864 7859 7891 7860 7855 7891 7855 7886 7892 7856 7887 7892 7861 7856 7893 7867 7862 7893 7862 7857 7893 7857 7888 7894 7863 7889 7895 7864 7890 7895 7869 7864 7896 7860 7891 7896 7865 7860 7897 7861 7892 7897 7866 7861 7898 7867 7893 7899 7863 7894 7899 7868 7863 7899 7873 7868 7900 7869 7895 7901 7870 7865 7901 7865 7896 7902 7871 7866 7902 7866 7897 7903 7872 7867 7903 7867 7898 7903 7878 7872 7904 7873 7899 7905 7874 7869 7905 7880 7874 7905 7869 7900 7906 7875 7870 7906 7881 7875 7906 7870 7901 7907 7876 5446 7907 5446 5445 7908 7877 7871 7908 7871 7902 7909 7878 7903 7910 7879 7873 7910 7885 7879 7910 7873 7904 7911 7886 7880 7911 7880 7905 7912 7881 7906 7912 5317 7881 7912 5315 5317 7913 7876 7907 7913 7882 7876 7914 7883 7877 7914 7877 7908 7915 7884 7878 7915 7878 7909 7916 7885 7910 7916 7890 7885 7917 7886 7911 7918 7882 7913 7918 7887 7882 7919 7883 7914 7919 7888 7883 7920 7894 7889 7920 7884 7915 7920 7889 7884 7921 7895 7890 7921 7890 7916 7922 7886 7917 7922 7891 7886 7923 7887 7918 7923 7892 7887 7924 7888 7919 7924 7893 7888 7925 7894 7920 7925 7899 7894 7926 7895 7921 7927 7901 7896 7927 7891 7922 7927 7896 7891 7928 7892 7923 7928 7897 7892 7929 7893 7924 7929 7898 7893 7930 7899 7925 7930 7904 7899 7931 7900 7895 7931 7905 7900 7931 7895 7926 7932 7901 7927 7933 7908 7902 7933 7902 7897 7933 7897 7928 7934 7898 7929 7934 7903 7898 7935 7904 7930 7936 7905 7931 7937 7901 7932 7937 7906 7901 7938 7907 5445 7938 5445 5447 7939 7908 7933 7940 7909 7903 7940 7903 7934 7941 7910 7904 7941 7916 7910 7941 7904 7935 7942 7911 7905 7942 7905 7936 7943 7912 7906 7943 5315 7912 7943 7906 7937 7943 5313 5315 7944 7918 7913 7944 7907 7938 7944 7913 7907 7945 7914 7908 7945 7908 7939 7946 7915 7909 7946 7909 7940 7947 7921 7916 7947 7916 7941 7948 7911 7942 7948 7917 7911 7949 7918 7944 7950 7919 7914 7950 7914 7945 7951 7915 7946 7951 7920 7915 7952 7921 7947 7953 7917 7948 7953 7922 7917 7954 7918 7949 7954 7923 7918 7955 7924 7919 7955 7919 7950 7956 7925 7920 7956 7920 7951 7957 7921 7952 7957 7926 7921 7957 7931 7926 7958 7922 7953 7958 7927 7922 7958 7932 7927 7959 7928 7923 7959 7923 7954 7960 7924 7955 7960 7929 7924 7961 7925 7956 7961 7930 7925 7962 7931 7957 7963 7937 7932 7963 7932 7958 7964 7928 7959 7964 7933 7928 7965 7929 7960 7965 7934 7929 7966 7930 7961 7966 7935 7930 7967 7942 7936 7967 7931 7962 7967 7936 7931 7968 7937 7963 7968 7943 7937 7969 7938 5447 7970 7939 7933 7970 7933 7964 7970 7945 7939 7971 7946 7940 7971 7934 7965 7971 7940 7934 7972 7935 7966 7972 7941 7935 7973 7942 7967 7974 5313 7943 7974 5311 5313 7974 7943 7968 7975 7944 7938 7975 7949 7944 7975 7938 7969 7976 7945 7970 7977 7946 7971 7978 7947 7941 7978 7941 7972 7979 7948 7942 7979 7953 7948 7979 7942 7973 7980 7949 7975 7981 7945 7976 7981 7950 7945 7981 7955 7950 7982 7951 7946 7982 7946 7977 7983 7952 7947 7983 7947 7978 7984 7953 7979 7985 7959 7954 7985 7949 7980 7985 7954 7949 7986 7955 7981 7986 7960 7955 7987 7951 7982 7987 7956 7951 7988 7952 7983 7988 7957 7952 7989 7953 7984 7989 7958 7953 7989 7963 7958 7990 7959 7985 7991 7960 7986 7991 7965 7960 7992 7961 7956 7992 7956 7987 7993 7957 7988 7993 7962 7957 7994 7963 7989 7995 7959 7990 7995 7964 7959 7995 7970 7964 7996 7965 7991 7997 7961 7992 7997 7966 7961 7998 7962 7993 7998 7967 7962 7999 7963 7994 7999 7968 7963 8000 7969 5447 8000 5447 5452 8001 7976 7970 8001 7970 7995 8002 7965 7996 8002 7971 7965 8003 7972 7966 8003 7966 7997 8004 7973 7967 8004 7967 7998 8005 7968 7999 8005 5311 7974 8005 7974 7968 8005 5309 5311 8006 7969 8000 8006 7980 7975 8006 7975 7969 8007 7976 8001 8008 7977 7971 8008 7982 7977 8008 7971 8002 8009 7978 7972 8009 7972 8003 8010 7973 8004 8010 7979 7973 8011 7980 8006 8012 7976 8007 8012 7981 7976 8012 7986 7981 8013 7982 8008 8013 7987 7982 8014 7983 7978 8014 7978 8009 8015 7984 7979 8015 7979 8010 8016 7985 7980 8016 7980 8011 8016 7990 7985 8017 7991 7986 8017 7986 8012 8018 7987 8013 8018 7992 7987 8019 7983 8014 8019 7988 7983 8020 7984 8015 8020 7989 7984 8021 7990 8016 8022 7991 8017 8022 7996 7991 8023 7992 8018 8024 7993 7988 8024 7988 8019 8025 7994 7989 8025 7989 8020 8026 7990 8021 8026 7995 7990 8026 8001 7995 8027 7996 8022 8028 7997 7992 8028 8003 7997 8028 7992 8023 8029 7993 8024 8029 7998 7993 8030 7994 8025 8030 7999 7994 8031 5452 5451 8031 8000 5452 8032 8001 8026 8033 7996 8027 8033 8008 8002 8033 8002 7996 8034 8003 8028 8034 8009 8003 8035 8004 7998 8035 7998 8029 8036 5309 8005 8036 8005 7999 8036 5307 5309 8036 7999 8030 8037 8006 8000 8037 8000 8031 8038 8007 8001 8038 8001 8032 8039 8013 8008 8039 8008 8033 8040 8014 8009 8040 8009 8034 8041 8004 8035 8041 8010 8004 8042 8011 8006 8042 8006 8037 8043 8007 8038 8043 8012 8007 8043 8017 8012 8044 8018 8013 8044 8013 8039 8045 8014 8040 8046 8010 8041 8046 8015 8010 8047 8016 8011 8047 8011 8042 8048 8017 8043 8048 8022 8017 8049 8018 8044 8050 8024 8019 8050 8014 8045 8050 8019 8014 8051 8020 8015 8051 8015 8046 8052 8016 8047 8052 8021 8016 8053 8022 8048 8053 8027 8022 8054 8018 8049 8054 8023 8018 8054 8028 8023 8055 8024 8050 8056 8020 8051 8056 8025 8020 8057 8021 8052 8057 8026 8021 8058 8027 8053 8059 8028 8054 8059 8034 8028 8060 8024 8055 8060 8035 8029 8060 8029 8024 8061 8025 8056 8061 8030 8025 8062 5451 5448 8062 8031 5451 8063 8026 8057 8063 8032 8026 8064 8033 8027 8064 8027 8058 8065 8034 8059 8065 8040 8034 8066 8035 8060 8067 5307 8036 8067 8036 8030 8067 5305 5307 8067 8030 8061 8068 8037 8031 8068 8042 8037 8068 8031 8062 8069 8038 8032 8069 8032 8063 8070 8033 8064 8070 8039 8033 8071 8040 8065 8072 8046 8041 8072 8041 8035 8072 8035 8066 8073 8042 8068 8074 8043 8038 8074 8038 8069 8075 8044 8039 8075 8039 8070 8075 8049 8044 8076 8045 8040 8076 8040 8071 8077 8046 8072 8078 8042 8073 8078 8047 8042 8078 8052 8047 8079 8043 8074 8079 8048 8043 8080 8049 8075 8081 8045 8076 8081 8050 8045 8082 8051 8046 8082 8046 8077 8083 8052 8078 8084 8048 8079 8084 8053 8048 8085 8049 8080 8085 8054 8049 8085 8059 8054 8086 8050 8081 8086 8055 8050 8087 8051 8082 8087 8056 8051 8087 8061 8056 8088 8052 8083 8088 8057 8052 8089 8053 8084 8089 8058 8053 8090 8059 8085 8091 8055 8086 8091 8060 8055 8092 8061 8087 8093 8062 5448 8093 5450 5449 8093 5448 5450 8094 8069 8063 8094 8057 8088 8094 8063 8057 8095 8064 8058 8095 8058 8089 8096 8059 8090 8096 8065 8059 8097 8066 8060 8097 8060 8091 8098 8061 8092 8098 5303 5305 8098 5305 8067 8098 8067 8061 8099 8062 8093 8099 8073 8068 8099 8068 8062 8100 8069 8094 8101 8064 8095 8101 8070 8064 8102 8076 8071 8102 8065 8096 8102 8071 8065 8103 8077 8072 8103 8072 8066 8103 8066 8097 8104 8073 8099 8105 8074 8069 8105 8069 8100 8106 8075 8070 8106 8070 8101 8107 8076 8102 8108 8077 8103 8109 8078 8073 8109 8073 8104 8110 8084 8079 8110 8079 8074 8110 8074 8105 8111 8080 8075 8111 8075 8106 8112 8086 8081 8112 8081 8076 8112 8076 8107 8113 8082 8077 8113 8077 8108 8114 8083 8078 8114 8078 8109 8115 8084 8110 8116 8080 8111 8116 8085 8080 8117 8086 8112 8118 8082 8113 8118 8087 8082 8118 8092 8087 8119 8088 8083 8119 8094 8088 8119 8083 8114 8120 8084 8115 8120 8089 8084 8121 8090 8085 8121 8085 8116 8122 8091 8086 8122 8086 8117 8122 8097 8091 8123 8092 8118 8124 5449 5454 8124 8093 5449 8125 8094 8119 8126 8095 8089 8126 8089 8120 8127 8090 8121 8127 8096 8090 8128 8097 8122 8129 8092 8123 8129 8098 8092 8129 5301 5303 8129 5299 5301 8129 5303 8098 8130 8093 8124 8130 8099 8093 8131 8100 8094 8131 8094 8125 8132 8095 8126 8132 8101 8095 8132 8106 8101 8133 8096 8127 8133 8102 8096 8134 8097 8128 8134 8103 8097 8135 8104 8099 8135 8099 8130 8136 8105 8100 8136 8100 8131 8137 8106 8132 8138 8107 8102 8138 8102 8133 8139 8108 8103 8139 8103 8134 8140 8114 8109 8140 8109 8104 8140 8104 8135 8141 8105 8136 8141 8110 8105 8141 8115 8110 8142 8106 8137 8142 8111 8106 8143 8112 8107 8143 8107 8138 8144 8113 8108 8144 8108 8139 8145 8114 8140 8146 8115 8141 8147 8116 8111 8147 8111 8142 8148 8112 8143 8148 8117 8112 8149 8113 8144 8149 8118 8113 8149 8123 8118 8150 8119 8114 8150 8114 8145 8151 8120 8115 8151 8115 8146 8152 8116 8147 8152 8127 8121 8152 8121 8116 8153 8117 8148 8153 8122 8117 8154 8123 8149 8155 5454 5453 8155 8124 5454 8156 8125 8119 8156 8119 8150 8157 8120 8151 8157 8126 8120 8157 8132 8126 8158 8127 8152 8158 8133 8127 8159 8128 8122 8159 8122 8153 8160 8123 8154 8160 8129 8123 8160 5299 8129 8161 8130 8124 8161 8124 8155 8162 8131 8125 8162 8125 8156 8163 8132 8157 8164 8138 8133 8164 8133 8158 8165 8134 8128 8165 8128 8159 8166 8130 8161 8166 8135 8130 8167 8136 8131 8167 8131 8162 8168 8142 8137 8168 8137 8132 8168 8132 8163 8169 8138 8164 8170 8139 8134 8170 8134 8165 8171 8140 8135 8171 8145 8140 8171 8135 8166 8172 8141 8136 8172 8136 8167 8173 8142 8168 8174 8138 8169 8174 8143 8138 8174 8148 8143 8175 8144 8139 8175 8139 8170 8176 8145 8171 8177 8141 8172 8177 8146 8141 8178 8147 8142 8178 8152 8147 8178 8142 8173 8179 8148 8174 8179 8153 8148 8180 8149 8144 8180 8144 8175 8181 8150 8145 8181 8156 8150 8181 8145 8176 8182 8151 8146 8182 8146 8177 8183 8152 8178 8184 8153 8179 8185 8154 8149 8185 8149 8180 8186 8155 5453 8187 8162 8156 8187 8156 8181 8188 8157 8151 8188 8151 8182 8189 8152 8183 8189 8158 8152 8190 8159 8153 8190 8153 8184 8191 8154 8185 8191 8160 8154 8191 5299 8160 8191 5297 5299 8192 8161 8155 8192 8155 8186 8193 8162 8187 8194 8157 8188 8194 8163 8157 8195 8169 8164 8195 8158 8189 8195 8164 8158 8196 8165 8159 8196 8159 8190 8197 8166 8161 8197 8161 8192 8198 8162 8193 8198 8167 8162 8199 8163 8194 8199 8168 8163 8200 8169 8195 8201 8170 8165 8201 8165 8196 8202 8171 8166 8202 8166 8197 8203 8172 8167 8203 8167 8198 8203 8177 8172 8204 8168 8199 8204 8173 8168 8205 8169 8200 8205 8174 8169 8206 8175 8170 8206 8170 8201 8207 8176 8171 8207 8171 8202 8208 8177 8203 8209 8178 8173 8209 8173 8204 8210 8179 8174 8210 8174 8205 8211 8180 8175 8211 8185 8180 8211 8175 8206 8212 8181 8176 8212 8187 8181 8212 8176 8207 8213 8177 8208 8213 8182 8177 8214 8178 8209 8214 8183 8178 8215 8184 8179 8215 8179 8210 8216 8185 8211 8217 5456 5455 8217 5453 5456 8217 8186 5453 8218 8193 8187 8218 8187 8212 8219 8194 8188 8219 8182 8213 8219 8188 8182 8220 8189 8183 8220 8183 8214 8221 8184 8215 8221 8190 8184 8222 8185 8216 8222 8191 8185 8222 5297 8191 8222 5295 5297 8223 8186 8217 8223 8192 8186 8224 8193 8218 8225 8194 8219 8226 8189 8220 8226 8195 8189 8227 8190 8221 8227 8196 8190 8228 8192 8223 8228 8197 8192 8229 8198 8193 8229 8193 8224 8230 8199 8194 8230 8194 8225 8230 8204 8199 8231 8195 8226 8231 8200 8195 8232 8196 8227 8232 8201 8196 8233 8197 8228 8233 8202 8197 8234 8208 8203 8234 8203 8198 8234 8198 8229 8235 8204 8230 8236 8200 8231 8236 8205 8200 8237 8206 8201 8237 8201 8232 8238 8207 8202 8238 8202 8233 8239 8208 8234 8239 8213 8208 8240 8204 8235 8240 8209 8204 8241 8205 8236 8241 8210 8205 8242 8211 8206 8242 8206 8237 8243 8212 8207 8243 8218 8212 8243 8207 8238 8244 8213 8239 8245 8220 8214 8245 8209 8240 8245 8214 8209 8246 8215 8210 8246 8210 8241 8247 8216 8211 8247 8211 8242 8248 5455 5458 8248 8217 5455 8249 8218 8243 8250 8225 8219 8250 8219 8213 8250 8213 8244 8251 8220 8245 8252 8221 8215 8252 8215 8246 8253 8222 8216 8253 8216 8247 8253 5295 8222 8253 5293 5295 8254 8217 8248 8254 8223 8217 8254 8228 8223 8255 8218 8249 8255 8224 8218 8256 8225 8250 8257 8220 8251 8257 8226 8220 8258 8227 8221 8258 8221 8252 8259 8228 8254 8260 8224 8255 8260 8229 8224 8261 8230 8225 8261 8225 8256 8261 8235 8230 8262 8231 8226 8262 8226 8257 8262 8236 8231 8263 8227 8258 8263 8232 8227 8264 8233 8228 8264 8228 8259 8265 8229 8260 8265 8234 8229 8266 8235 8261 8267 8236 8262 8268 8237 8232 8268 8232 8263 8269 8233 8264 8269 8238 8233 8270 8239 8234 8270 8234 8265 8271 8245 8240 8271 8235 8266 8271 8240 8235 8272 8241 8236 8272 8236 8267 8273 8242 8237 8273 8237 8268 8274 8243 8238 8274 8238 8269 8275 8239 8270 8275 8244 8239 8276 8245 8271 8277 8241 8272 8277 8246 8241 8277 8252 8246 8278 8247 8242 8278 8242 8273 8279 8248 5458 8280 8255 8249 8280 8249 8243 8280 8243 8274 8281 8244 8275 8281 8250 8244 8282 8245 8276 8282 8251 8245 8283 8252 8277 8284 5293 8253 8284 8253 8247 8284 5291 5293 8284 8247 8278 8285 8259 8254 8285 8248 8279 8285 8254 8248 8286 8255 8280 8287 8250 8281 8287 8256 8250 8288 8257 8251 8288 8262 8257 8288 8251 8282 8289 8252 8283 8289 8258 8252 8290 8259 8285 8291 8255 8286 8291 8260 8255 8291 8265 8260 8292 8261 8256 8292 8256 8287 8293 8262 8288 8294 8263 8258 8294 8258 8289 8295 8269 8264 8295 8259 8290 8295 8264 8259 8296 8265 8291 8297 8261 8292 8297 8266 8261 8298 8262 8293 8298 8267 8262 8299 8263 8294 8299 8268 8263 8300 8269 8295 8301 8265 8296 8301 8275 8270 8301 8270 8265 8302 8266 8297 8302 8271 8266 8303 8277 8272 8303 8267 8298 8303 8272 8267 8304 8273 8268 8304 8278 8273 8304 8268 8299 8305 8280 8274 8305 8274 8269 8305 8269 8300 8306 8275 8301 8307 8271 8302 8307 8276 8271 8308 8277 8303 8309 8278 8304 8310 8279 5458 8310 5457 5459 8310 5458 5457 8311 8280 8305 8312 8287 8281 8312 8281 8275 8312 8275 8306 8313 8276 8307 8313 8282 8276 8314 8277 8308 8314 8283 8277 8315 8278 8309 8315 5291 8284 8315 8284 8278 8315 5289 5291 8316 8279 8310 8316 8285 8279 8317 8280 8311 8317 8286 8280 8318 8287 8312 8319 8288 8282 8319 8282 8313 8320 8289 8283 8320 8283 8314 8321 8285 8316 8321 8290 8285 8322 8286 8317 8322 8296 8291 8322 8291 8286 8323 8287 8318 8323 8292 8287 8323 8297 8292 8324 8288 8319 8324 8293 8288 8325 8289 8320 8325 8294 8289 8326 8295 8290 8326 8290 8321 8327 8296 8322 8328 8297 8323 8329 8293 8324 8329 8298 8293 8330 8294 8325 8330 8299 8294 8330 8304 8299 8331 8295 8326 8331 8300 8295 8332 8301 8296 8332 8296 8327 8332 8306 8301 8333 8297 8328 8333 8307 8302 8333 8302 8297 8334 8303 8298 8334 8298 8329 8335 8304 8330 8336 8300 8331 8336 8305 8300 8337 8306 8332 8338 8307 8333 8339 8303 8334 8339 8308 8303 8340 8309 8304 8340 8304 8335 8341 8310 5459 8342 8305 8336 8342 8311 8305 8342 8317 8311 8343 8312 8306 8343 8306 8337 8344 8319 8313 8344 8307 8338 8344 8313 8307 8345 8314 8308 8345 8308 8339 8346 5289 8315 8346 5287 5289 8346 8309 8340 8346 8315 8309 8347 8310 8341 8347 8321 8316 8347 8316 8310 8348 8317 8342 8349 8323 8318 8349 8318 8312 8349 8312 8343 8350 8319 8344 8351 8314 8345 8351 8320 8314 8352 8321 8347 8353 8317 8348 8353 8322 8317 8354 8323 8349 8355 8319 8350 8355 8324 8319 8356 8325 8320 8356 8330 8325 8356 8320 8351 8357 8321 8352 8357 8326 8321 8358 8322 8353 8358 8327 8322 8359 8328 8323 8359 8323 8354 8360 8324 8355 8360 8329 8324 8361 8330 8356 8362 8331 8326 8362 8326 8357 8363 8327 8358 8363 8332 8327 8364 8328 8359 8364 8333 8328 8365 8339 8334 8365 8329 8360 8365 8334 8329 8366 8330 8361 8366 8335 8330 8367 8331 8362 8367 8336 8331 8368 8337 8332 8368 8332 8363 8369 8338 8333 8369 8333 8364 8370 8339 8365 8371 8340 8335 8371 8335 8366 8372 5460 2114 8372 5459 5460 8372 2114 2113 8372 2113 2117 8372 8341 5459 8373 8336 8367 8373 8342 8336 8374 8343 8337 8374 8337 8368 8375 8344 8338 8375 8338 8369 8375 8350 8344 8376 8345 8339 8376 8339 8370 8377 8346 8340 8377 5287 8346 8377 8340 8371 8377 5285 5287 8378 8347 8341 8378 8341 8372 8378 8352 8347 8378 8372 2117 8379 8342 8373 8379 8348 8342 8380 8349 8343 8380 8343 8374 8381 8350 8375 8382 8351 8345 8382 8345 8376 8383 8352 8378 8383 8378 2117 8383 2117 2119 8383 2119 2121 8384 8348 8379 8384 8353 8348 8385 8349 8380 8385 8354 8349 8386 8350 8381 8386 8355 8350 8387 8351 8382 8387 8356 8351 8388 8352 8383 8388 8362 8357 8388 8357 8352 8388 8383 2121 8389 8353 8384 8389 8358 8353 8390 8354 8385 8390 8359 8354 8391 8355 8386 8391 8365 8360 8391 8360 8355 8392 8356 8387 8392 8361 8356 8393 8362 8388 8393 8388 2121 8393 2121 2123 8394 8358 8389 8394 8363 8358 8395 8364 8359 8395 8359 8390 8396 8365 8391 8397 8366 8361 8397 8361 8392 8398 2123 2125 8398 2125 2129 8398 8393 2123 8398 8367 8362 8398 8362 8393 8398 8373 8367 8399 8363 8394 8399 8368 8363 8400 8364 8395 8400 8369 8364 8401 8365 8396 8401 8370 8365 8402 8377 8371 8402 8366 8397 8402 8371 8366 8403 8398 2129 8403 8373 8398 8404 8374 8368 8404 8368 8399 8405 8369 8400 8405 8375 8369 8406 8376 8370 8406 8370 8401 8407 5285 8377 8407 8377 8402 8407 5283 5285 8408 2129 2132 8408 2132 2135 8408 8403 2129 8408 8379 8373 8408 8373 8403 8409 8374 8404 8409 8380 8374 8410 8381 8375 8410 8375 8405 8411 8376 8406 8411 8387 8382 8411 8382 8376 8412 8389 8384 8412 8384 8379 8412 8379 8408 8412 8408 2135 8413 8380 8409 8413 8385 8380 8414 8386 8381 8414 8381 8410 8415 8387 8411 8416 2135 2138 8416 8389 8412 8416 8412 2135 8417 8390 8385 8417 8395 8390 8417 8385 8413 8418 8386 8414 8418 8391 8386 8419 8387 8415 8419 8392 8387 8420 2138 2141 8420 8389 8416 8420 8394 8389 8420 8399 8394 8420 8416 2138 8421 8395 8417 8422 8391 8418 8422 8396 8391 8423 8392 8419 8423 8402 8397 8423 8397 8392 8424 2141 2144 8424 8420 2141 8424 8399 8420 8425 8400 8395 8425 8395 8421 8426 8396 8422 8426 8401 8396 8427 8402 8423 8428 2144 2149 8428 2149 2153 8428 8424 2144 8428 8399 8424 8428 8404 8399 8429 8400 8425 8429 8405 8400 8430 8406 8401 8430 8401 8426 8431 8407 8402 8431 5283 8407 8431 8402 8427 8431 5281 5283 8432 2153 2157 8432 8404 8428 8432 8413 8409 8432 8409 8404 8432 8428 2153 8433 8405 8429 8433 8410 8405 8434 8406 8430 8434 8411 8406 8435 8413 8432 8435 8432 2157 8436 8414 8410 8436 8410 8433 8437 8411 8434 8437 8415 8411 8438 8417 8413 8438 2157 2161 8438 2161 2165 8438 8413 8435 8438 8435 2157 8439 8418 8414 8439 8414 8436 8440 8419 8415 8440 8415 8437 8441 8421 8417 8441 8417 8438 8441 8438 2165 8442 8418 8439 8442 8422 8418 8443 8423 8419 8443 8419 8440 8444 2165 2169 8444 8441 2165 8444 8425 8421 8444 8421 8441 8445 8426 8422 8445 8422 8442 8446 8427 8423 8446 8423 8443 8447 2169 2175 8447 2175 2176 8447 8433 8429 8447 8429 8425 8447 8425 8444 8447 8444 2169 8448 8430 8426 8448 8426 8445 8449 8427 8446 8449 8431 8427 8449 5281 8431 8449 5279 5281 8450 8447 2176 8450 2176 2185 8450 8433 8447 8451 8430 8448 8451 8434 8430 8452 8450 2185 8452 8436 8433 8452 8433 8450 8453 8434 8451 8453 8437 8434 8454 2185 2190 8454 8452 2185 8454 8436 8452 8454 8439 8436 8454 8442 8439 8455 8440 8437 8455 8437 8453 8456 2190 2195 8456 2195 2200 8456 8454 2190 8456 8442 8454 8457 8443 8440 8457 8440 8455 8458 8456 2200 8458 2200 2207 8458 8442 8456 8458 8445 8442 8459 8446 8443 8459 8443 8457 8460 8445 8458 8460 8448 8445 8460 8458 2207 8461 8449 8446 8461 5279 8449 8461 8446 8459 8461 5277 5279 8462 8453 8451 8462 2207 2208 8462 2208 2219 8462 8448 8460 8462 8460 2207 8462 8451 8448 8463 8462 2219 8463 8453 8462 8464 2219 2225 8464 8455 8453 8464 8463 2219 8464 8453 8463 8465 8457 8455 8465 2225 2226 8465 8459 8457 8465 8464 2225 8465 8455 8464 8466 2226 2232 8466 2232 2238 8466 8459 8465 8466 8465 2226 8467 8466 2238 8467 8461 8459 8467 5277 8461 8467 2238 5275 8467 8459 8466 8467 5275 5277 90 5987 89 8468 0 2 8468 2 5740 8469 2033 0 8469 0 8468 8470 2042 2033 8470 2033 8469 8471 2045 2042 8471 2042 8470 8472 2048 2045 8472 2045 8471 8473 2051 2048 8473 2048 8472 8474 2054 2051 8474 2051 8473 8475 2057 2054 8475 2054 8474 8476 2060 2057 8476 2057 8475 8477 2063 2060 8477 2060 8476 8478 2066 2063 8478 2063 8477 8479 2067 2066 8479 2066 8478 8480 2072 2067 8480 2067 8479 8481 2072 8480 8481 2073 2072 8482 2078 2073 8482 2073 8481 8483 8468 5740 8483 5740 5742 8484 2079 2078 8484 2078 8482 8485 8468 8483 8485 8469 8468 8486 2082 2079 8486 2079 8484 8487 8470 8469 8487 8469 8485 8488 2086 2082 8488 2082 8486 8489 8470 8487 8489 8471 8470 8490 2088 2086 8490 2086 8488 8491 8472 8471 8491 8471 8489 8492 2088 8490 8492 2089 2088 8493 8472 8491 8493 8473 8472 8494 2089 8492 8494 2092 2089 8495 8473 8493 8495 8474 8473 8496 2092 8494 8496 2094 2092 8497 8474 8495 8497 8475 8474 8498 2095 2094 8498 2094 8496 8499 8476 8475 8499 8475 8497 8500 2098 2095 8500 2095 8498 8501 8476 8499 8501 8477 8476 8502 2098 8500 8502 2099 2098 8503 8477 8501 8503 8478 8477 8504 2101 2099 8504 2099 8502 8505 8479 8478 8505 8478 8503 8506 2104 2101 8506 2101 8504 8507 8479 8505 8507 8480 8479 8508 2106 2104 8508 2104 8506 8509 8481 8480 8509 8480 8507 8510 2107 2106 8510 2106 8508 8511 8482 8481 8511 8481 8509 8512 8483 5742 8512 5742 5744 8513 2109 2107 8513 2107 8510 8514 8484 8482 8514 8482 8511 8515 8483 8512 8515 8485 8483 8516 2109 8513 8516 5954 3 8516 5 2109 8516 3 5 8517 8484 8514 8517 8486 8484 8518 8485 8515 8518 8487 8485 8519 8486 8517 8519 8488 8486 8520 8487 8518 8520 8489 8487 8521 8488 8519 8521 8490 8488 8522 8491 8489 8522 8489 8520 8523 8490 8521 8523 8492 8490 8524 8493 8491 8524 8491 8522 8525 8494 8492 8525 8492 8523 8526 8495 8493 8526 8493 8524 8527 8496 8494 8527 8494 8525 8528 8495 8526 8528 8497 8495 8529 8498 8496 8529 8496 8527 8530 8499 8497 8530 8497 8528 8531 8500 8498 8531 8498 8529 8532 8501 8499 8532 8499 8530 8533 8502 8500 8533 8500 8531 8534 8501 8532 8534 8503 8501 8535 8502 8533 8535 8504 8502 8536 8505 8503 8536 8503 8534 8537 8506 8504 8537 8504 8535 8538 8509 8507 8538 8507 8505 8538 8505 8536 8539 8508 8506 8539 8506 8537 8540 8509 8538 8541 8510 8508 8541 8508 8539 8542 8509 8540 8542 8511 8509 8543 8512 5744 8543 5744 5746 8544 8513 8510 8544 8510 8541 8545 8514 8511 8545 8511 8542 8546 8518 8515 8546 8515 8512 8546 8512 8543 8547 8516 8513 8547 8513 8544 8547 5954 8516 8547 5952 5954 8548 8514 8545 8548 8517 8514 8549 8520 8518 8549 8518 8546 8550 8517 8548 8550 8519 8517 8551 8520 8549 8552 8519 8550 8552 8521 8519 8553 8522 8520 8553 8520 8551 8553 8524 8522 8554 8523 8521 8554 8521 8552 8555 8524 8553 8556 8523 8554 8556 8525 8523 8557 8526 8524 8557 8524 8555 8558 8525 8556 8558 8527 8525 8559 8526 8557 8559 8528 8526 8560 8529 8527 8560 8527 8558 8561 8528 8559 8561 8530 8528 8562 8529 8560 8562 8531 8529 8563 8530 8561 8563 8532 8530 8564 8531 8562 8564 8533 8531 8565 8532 8563 8565 8534 8532 8566 8535 8533 8566 8533 8564 8567 8534 8565 8567 8536 8534 8568 8535 8566 8568 8537 8535 8569 8538 8536 8569 8536 8567 8570 8539 8537 8570 8537 8568 8571 8538 8569 8571 8540 8538 8572 8539 8570 8572 8541 8539 8573 8542 8540 8573 8540 8571 8574 5746 5748 8574 8543 5746 8575 8544 8541 8575 8541 8572 8576 8545 8542 8576 8542 8573 8577 8546 8543 8577 8543 8574 8578 5952 8547 8578 5953 5952 8578 8544 8575 8578 8547 8544 8579 8545 8576 8579 8548 8545 8580 8549 8546 8580 8546 8577 8581 8548 8579 8581 8550 8548 8582 8551 8549 8582 8549 8580 8583 8552 8550 8583 8550 8581 8584 8551 8582 8584 8553 8551 8585 8552 8583 8585 8554 8552 8586 8553 8584 8586 8555 8553 8587 8554 8585 8587 8556 8554 8587 8558 8556 8588 8555 8586 8588 8557 8555 8589 8558 8587 8590 8557 8588 8590 8559 8557 8591 8558 8589 8591 8560 8558 8592 8559 8590 8592 8561 8559 8593 8562 8560 8593 8560 8591 8594 8563 8561 8594 8565 8563 8594 8561 8592 8595 8564 8562 8595 8562 8593 8596 8565 8594 8597 8564 8595 8597 8566 8564 8598 8569 8567 8598 8567 8565 8598 8565 8596 8599 8566 8597 8599 8568 8566 8600 8569 8598 8601 8570 8568 8601 8568 8599 8602 8569 8600 8602 8571 8569 8603 8570 8601 8603 8572 8570 8604 8571 8602 8604 8573 8571 8605 5748 5750 8605 8574 5748 8606 8572 8603 8606 8575 8572 8607 8573 8604 8607 8576 8573 8608 8577 8574 8608 8574 8605 8609 8578 8575 8609 5953 8578 8609 5947 5953 8609 8575 8606 8610 8579 8576 8610 8576 8607 8610 8581 8579 8611 8577 8608 8611 8580 8577 8612 8581 8610 8613 8582 8580 8613 8580 8611 8614 8581 8612 8614 8583 8581 8615 8584 8582 8615 8582 8613 8616 8583 8614 8616 8585 8583 8617 8586 8584 8617 8584 8615 8618 8585 8616 8618 8587 8585 8619 8588 8586 8619 8586 8617 8620 8587 8618 8620 8589 8587 8620 8591 8589 8621 8588 8619 8621 8590 8588 8622 8593 8591 8622 8591 8620 8623 8592 8590 8623 8590 8621 8624 8593 8622 8625 8594 8592 8625 8592 8623 8626 8593 8624 8626 8595 8593 8626 8597 8595 8627 8594 8625 8627 8596 8594 8628 8597 8626 8629 8596 8627 8629 8598 8596 8630 8597 8628 8630 8599 8597 8630 8601 8599 8631 8600 8598 8631 8598 8629 8632 8601 8630 8633 8600 8631 8633 8602 8600 8634 8601 8632 8634 8603 8601 8634 8606 8603 8635 8602 8633 8635 8604 8602 8636 8605 5750 8636 5752 5754 8636 5750 5752 8636 8608 8605 8637 8606 8634 8638 8604 8635 8638 8607 8604 8639 8608 8636 8640 5948 5947 8640 8606 8637 8640 5947 8609 8640 8609 8606 8641 8607 8638 8641 8610 8607 8642 8613 8611 8642 8611 8608 8642 8608 8639 8643 8610 8641 8643 8612 8610 8644 8613 8642 8644 8615 8613 8645 8614 8612 8645 8612 8643 8646 8615 8644 8646 8617 8615 8647 8614 8645 8647 8616 8614 8648 8617 8646 8649 8618 8616 8649 8616 8647 8650 8619 8617 8650 8617 8648 8651 8618 8649 8651 8620 8618 8652 8621 8619 8652 8619 8650 8653 8622 8620 8653 8620 8651 8654 8621 8652 8654 8623 8621 8655 8622 8653 8655 8624 8622 8656 8623 8654 8656 8625 8623 8657 8624 8655 8657 8626 8624 8658 8627 8625 8658 8629 8627 8658 8625 8656 8659 8626 8657 8659 8628 8626 8660 8629 8658 8661 8628 8659 8661 8630 8628 8661 8632 8630 8662 8629 8660 8662 8631 8629 8662 8633 8631 8663 8632 8661 8664 8633 8662 8665 8632 8663 8665 8634 8632 8666 8633 8664 8666 8635 8633 8667 8636 5754 8668 8634 8665 8668 8637 8634 8669 8635 8666 8669 8638 8635 8670 8636 8667 8670 8639 8636 8670 8642 8639 8671 5941 5948 8671 8637 8668 8671 5948 8640 8671 8640 8637 8672 8641 8638 8672 8638 8669 8672 8643 8641 8673 8642 8670 8674 8643 8672 8675 8642 8673 8675 8644 8642 8675 8646 8644 8676 8645 8643 8676 8647 8645 8676 8643 8674 8677 8646 8675 8678 8647 8676 8679 8646 8677 8679 8648 8646 8680 8647 8678 8680 8651 8649 8680 8649 8647 8681 8650 8648 8681 8648 8679 8681 8652 8650 8682 8651 8680 8683 8652 8681 8684 8653 8651 8684 8655 8653 8684 8651 8682 8685 8654 8652 8685 8652 8683 8686 8655 8684 8687 8656 8654 8687 8654 8685 8688 8655 8686 8688 8657 8655 8689 8658 8656 8689 8656 8687 8690 8661 8659 8690 8659 8657 8690 8657 8688 8691 8658 8689 8691 8660 8658 8692 8661 8690 8692 8663 8661 8693 8662 8660 8693 8660 8691 8694 8663 8692 8695 8662 8693 8695 8664 8662 8696 8663 8694 8696 8665 8663 8697 8666 8664 8697 8664 8695 8698 5754 5756 8698 8667 5754 8699 8665 8696 8699 8668 8665 8699 8671 8668 8700 8666 8697 8700 8669 8666 8701 8673 8670 8701 8667 8698 8701 8670 8667 8702 5942 5941 8702 8671 8699 8702 5941 8671 8703 8669 8700 8703 8672 8669 8704 8673 8701 8705 8674 8672 8705 8672 8703 8706 8673 8704 8706 8675 8673 8707 8674 8705 8707 8676 8674 8708 8675 8706 8708 8677 8675 8709 8678 8676 8709 8676 8707 8710 8679 8677 8710 8677 8708 8711 8682 8680 8711 8678 8709 8711 8680 8678 8712 8681 8679 8712 8683 8681 8712 8679 8710 8713 8682 8711 8714 8685 8683 8714 8683 8712 8715 8684 8682 8715 8682 8713 8716 8685 8714 8717 8686 8684 8717 8684 8715 8718 8685 8716 8718 8689 8687 8718 8687 8685 8719 8686 8717 8719 8688 8686 8720 8689 8718 8721 8690 8688 8721 8688 8719 8722 8691 8689 8722 8693 8691 8722 8689 8720 8723 8690 8721 8723 8692 8690 8724 8693 8722 8725 8692 8723 8725 8694 8692 8726 8695 8693 8726 8693 8724 8727 8694 8725 8727 8696 8694 8728 8695 8726 8728 8697 8695 8728 8700 8697 8729 5756 5758 8729 8701 8698 8729 8698 5756 8730 8696 8727 8730 8699 8696 8731 8700 8728 8732 8701 8729 8733 5943 5942 8733 5942 8702 8733 8699 8730 8733 8702 8699 8734 8700 8731 8734 8703 8700 8734 8705 8703 8735 8706 8704 8735 8704 8701 8735 8701 8732 8736 8705 8734 8737 8706 8735 8738 8705 8736 8738 8707 8705 8739 8706 8737 8739 8708 8706 8740 8711 8709 8740 8707 8738 8740 8709 8707 8741 8708 8739 8741 8710 8708 8742 8711 8740 8742 8713 8711 8743 8710 8741 8743 8712 8710 8744 8713 8742 8745 8712 8743 8745 8714 8712 8746 8715 8713 8746 8717 8715 8746 8713 8744 8747 8716 8714 8747 8714 8745 8748 8719 8717 8748 8717 8746 8749 8716 8747 8749 8718 8716 8750 8719 8748 8751 8720 8718 8751 8718 8749 8752 8719 8750 8752 8721 8719 8753 8720 8751 8753 8722 8720 8754 8721 8752 8754 8723 8721 8754 8725 8723 8755 8726 8724 8755 8722 8753 8755 8724 8722 8756 8725 8754 8757 8726 8755 8758 8725 8756 8758 8727 8725 8759 8726 8757 8759 8728 8726 8760 8729 5758 8760 5758 5760 8761 8727 8758 8761 8730 8727 8762 8734 8731 8762 8728 8759 8762 8731 8728 8763 8729 8760 8763 8732 8729 8764 5937 5943 8764 8730 8761 8764 5943 8733 8764 8733 8730 8765 8734 8762 8766 8732 8763 8766 8735 8732 8767 8734 8765 8767 8736 8734 8768 8735 8766 8768 8737 8735 8769 8740 8738 8769 8736 8767 8769 8738 8736 8770 8737 8768 8770 8739 8737 8771 8740 8769 8772 8741 8739 8772 8739 8770 8773 8740 8771 8773 8742 8740 8774 8741 8772 8774 8743 8741 8775 8744 8742 8775 8742 8773 8776 8743 8774 8776 8745 8743 8777 8746 8744 8777 8748 8746 8777 8744 8775 8778 8747 8745 8778 8745 8776 8779 8750 8748 8779 8748 8777 8780 8749 8747 8780 8747 8778 8781 8750 8779 8781 8752 8750 8782 8751 8749 8782 8749 8780 8783 8752 8781 8784 8753 8751 8784 8751 8782 8785 8752 8783 8785 8754 8752 8786 8753 8784 8786 8755 8753 8787 8754 8785 8787 8756 8754 8787 8758 8756 8788 8757 8755 8788 8755 8786 8789 8758 8787 8789 8761 8758 8790 8759 8757 8790 8757 8788 8791 8760 5760 8791 5760 5762 8792 8761 8789 8792 8764 8761 8793 8759 8790 8793 8762 8759 8794 8760 8791 8794 8763 8760 8795 5938 5937 8795 8764 8792 8795 5937 8764 8796 8762 8793 8796 8765 8762 8797 8766 8763 8797 8763 8794 8798 8767 8765 8798 8765 8796 8799 8766 8797 8799 8768 8766 8799 8770 8768 8800 8767 8798 8800 8769 8767 8801 8770 8799 8802 8771 8769 8802 8769 8800 8803 8774 8772 8803 8770 8801 8803 8772 8770 8804 8771 8802 8804 8773 8771 8805 8774 8803 8805 8776 8774 8806 8773 8804 8806 8775 8773 8807 8776 8805 8808 8775 8806 8808 8777 8775 8809 8778 8776 8809 8780 8778 8809 8776 8807 8810 8777 8808 8810 8779 8777 8811 8780 8809 8812 8781 8779 8812 8779 8810 8813 8782 8780 8813 8780 8811 8814 8783 8781 8814 8781 8812 8815 8784 8782 8815 8782 8813 8816 8785 8783 8816 8783 8814 8817 8786 8784 8817 8784 8815 8817 8788 8786 8818 8787 8785 8818 8785 8816 8819 8788 8817 8820 8787 8818 8820 8789 8787 8821 8790 8788 8821 8788 8819 8822 8791 5762 8822 5762 5764 8823 8789 8820 8823 8792 8789 8824 8790 8821 8824 8793 8790 8824 8796 8793 8825 8794 8791 8825 8791 8822 8825 8797 8794 8826 8792 8823 8826 5939 5938 8826 8795 8792 8826 5938 8795 8827 8796 8824 8828 8797 8825 8829 8798 8796 8829 8796 8827 8830 8797 8828 8830 8799 8797 8831 8802 8800 8831 8798 8829 8831 8800 8798 8832 8801 8799 8832 8799 8830 8833 8802 8831 8834 8801 8832 8834 8803 8801 8835 8802 8833 8835 8804 8802 8836 8803 8834 8836 8805 8803 8837 8808 8806 8837 8806 8804 8837 8804 8835 8838 8807 8805 8838 8805 8836 8839 8808 8837 8840 8809 8807 8840 8807 8838 8841 8808 8839 8841 8810 8808 8842 8809 8840 8842 8811 8809 8843 8814 8812 8843 8810 8841 8843 8812 8810 8844 8813 8811 8844 8815 8813 8844 8811 8842 8845 8814 8843 8846 8817 8815 8846 8815 8844 8847 8816 8814 8847 8814 8845 8848 8817 8846 8849 8818 8816 8849 8816 8847 8849 8820 8818 8850 8819 8817 8850 8821 8819 8850 8817 8848 8851 8820 8849 8852 8824 8821 8852 8821 8850 8853 8822 5764 8853 5764 5766 8854 8820 8851 8854 8823 8820 8854 8826 8823 8855 8824 8852 8856 8825 8822 8856 8822 8853 8857 8826 8854 8857 5939 8826 8857 5926 5939 8858 8824 8855 8858 8827 8824 8859 8828 8825 8859 8825 8856 8860 8827 8858 8860 8829 8827 8861 8828 8859 8861 8832 8830 8861 8830 8828 8862 8829 8860 8862 8831 8829 8863 8832 8861 8864 8835 8833 8864 8831 8862 8864 8833 8831 8865 8832 8863 8865 8836 8834 8865 8834 8832 8866 8835 8864 8867 8836 8865 8867 8838 8836 8868 8837 8835 8868 8839 8837 8868 8835 8866 8869 8840 8838 8869 8838 8867 8870 8839 8868 8871 8840 8869 8872 8839 8870 8872 8843 8841 8872 8841 8839 8873 8840 8871 8873 8842 8840 8874 8843 8872 8875 8846 8844 8875 8844 8842 8875 8842 8873 8876 8843 8874 8876 8845 8843 8877 8848 8846 8877 8846 8875 8878 8847 8845 8878 8845 8876 8878 8849 8847 8879 8848 8877 8880 8849 8878 8881 8850 8848 8881 8848 8879 8882 8851 8849 8882 8849 8880 8883 8852 8850 8883 8850 8881 8883 8855 8852 8884 8853 5766 8884 5766 5768 8885 8854 8851 8885 8851 8882 8886 8855 8883 8887 8853 8884 8887 8856 8853 8887 8859 8856 8888 8854 8885 8888 8857 8854 8888 5926 8857 8888 5927 5926 8889 8858 8855 8889 8855 8886 8890 8859 8887 8891 8860 8858 8891 8862 8860 8891 8858 8889 8892 8859 8890 8892 8861 8859 8893 8862 8891 8894 8863 8861 8894 8861 8892 8895 8862 8893 8895 8864 8862 8896 8865 8863 8896 8863 8894 8897 8864 8895 8897 8866 8864 8898 8865 8896 8898 8867 8865 8899 8868 8866 8899 8866 8897 8900 8869 8867 8900 8867 8898 8901 8870 8868 8901 8868 8899 8901 8872 8870 8902 8869 8900 8902 8871 8869 8903 8874 8872 8903 8872 8901 8904 8873 8871 8904 8871 8902 8905 8874 8903 8906 8875 8873 8906 8873 8904 8907 8874 8905 8907 8876 8874 8907 8878 8876 8908 8875 8906 8908 8877 8875 8909 8878 8907 8909 8880 8878 8910 8879 8877 8910 8877 8908 8911 8882 8880 8911 8880 8909 8912 8879 8910 8912 8881 8879 8913 8882 8911 8914 8883 8881 8914 8881 8912 8915 8884 5768 8915 8887 8884 8915 5768 5770 8916 8885 8882 8916 8882 8913 8917 8886 8883 8917 8883 8914 8918 8887 8915 8919 8888 8885 8919 5927 8888 8919 5928 5927 8919 8885 8916 8920 8889 8886 8920 8886 8917 8921 8890 8887 8921 8887 8918 8922 8891 8889 8922 8889 8920 8923 8890 8921 8923 8892 8890 8924 8891 8922 8924 8893 8891 8925 8892 8923 8925 8894 8892 8926 8895 8893 8926 8897 8895 8926 8893 8924 8927 8896 8894 8927 8894 8925 8928 8897 8926 8929 8898 8896 8929 8896 8927 8929 8900 8898 8930 8897 8928 8930 8899 8897 8931 8900 8929 8931 8902 8900 8932 8901 8899 8932 8899 8930 8933 8902 8931 8934 8901 8932 8934 8903 8901 8935 8902 8933 8935 8904 8902 8936 8903 8934 8936 8905 8903 8937 8904 8935 8937 8906 8904 8937 8908 8906 8938 8905 8936 8938 8907 8905 8939 8908 8937 8940 8907 8938 8940 8909 8907 8941 8910 8908 8941 8908 8939 8942 8909 8940 8942 8911 8909 8943 8912 8910 8943 8910 8941 8944 8911 8942 8944 8913 8911 8945 8914 8912 8945 8917 8914 8945 8912 8943 8946 8915 5770 8946 5770 5772 8946 8918 8915 8947 8916 8913 8947 8913 8944 8948 8917 8945 8949 8921 8918 8949 8918 8946 8950 8919 8916 8950 5928 8919 8950 5929 5928 8950 8916 8947 8951 8920 8917 8951 8917 8948 8952 8921 8949 8953 8920 8951 8953 8924 8922 8953 8922 8920 8954 8921 8952 8954 8923 8921 8954 8925 8923 8955 8924 8953 8956 8927 8925 8956 8925 8954 8957 8924 8955 8957 8926 8924 8958 8927 8956 8959 8928 8926 8959 8926 8957 8960 8929 8927 8960 8927 8958 8960 8931 8929 8961 8928 8959 8961 8930 8928 8961 8932 8930 8962 8931 8960 8963 8932 8961 8963 8934 8932 8964 8931 8962 8964 8933 8931 8965 8934 8963 8966 8935 8933 8966 8933 8964 8966 8937 8935 8967 8934 8965 8967 8936 8934 8968 8937 8966 8969 8938 8936 8969 8936 8967 8969 8940 8938 8970 8939 8937 8970 8937 8968 8970 8941 8939 8971 8940 8969 8971 8942 8940 8972 8941 8970 8973 8942 8971 8973 8944 8942 8974 8945 8943 8974 8941 8972 8974 8943 8941 8975 8944 8973 8976 8945 8974 8977 5772 5774 8977 8946 5772 8978 8947 8944 8978 8944 8975 8979 8951 8948 8979 8948 8945 8979 8945 8976 8980 8946 8977 8980 8949 8946 8981 5929 8950 8981 8950 8947 8981 5930 5929 8981 8947 8978 8982 8951 8979 8982 8953 8951 8983 8949 8980 8983 8952 8949 8984 8953 8982 8985 8952 8983 8985 8954 8952 8986 8955 8953 8986 8957 8955 8986 8953 8984 8987 8954 8985 8987 8956 8954 8988 8957 8986 8989 8956 8987 8989 8958 8956 8990 8957 8988 8990 8959 8957 8990 8961 8959 8991 8958 8989 8991 8960 8958 8992 8961 8990 8993 8960 8991 8993 8962 8960 8994 8961 8992 8994 8965 8963 8994 8963 8961 8995 8962 8993 8995 8964 8962 8996 8965 8994 8997 8964 8995 8997 8966 8964 8998 8965 8996 8998 8969 8967 8998 8967 8965 8999 8968 8966 8999 8966 8997 9000 8969 8998 9001 8968 8999 9001 8970 8968 9002 8969 9000 9002 8971 8969 9003 8972 8970 9003 8970 9001 9004 8973 8971 9004 8971 9002 9004 8975 8973 9005 8974 8972 9005 8972 9003 9006 8975 9004 9007 8974 9005 9007 8976 8974 9008 5776 5778 9008 5774 5776 9008 8977 5774 9009 8981 8978 9009 8975 9006 9009 8978 8975 9010 8976 9007 9010 8979 8976 9011 8980 8977 9011 8977 9008 9012 5931 5930 9012 8981 9009 9012 5930 8981 9013 8982 8979 9013 8979 9010 9014 8980 9011 9014 8983 8980 9015 8984 8982 9015 8982 9013 9016 8985 8983 9016 8983 9014 9017 8986 8984 9017 8984 9015 9018 8985 9016 9018 8987 8985 9019 8986 9017 9019 8988 8986 9020 8987 9018 9020 8989 8987 9021 8990 8988 9021 8988 9019 9022 8991 8989 9022 8989 9020 9023 8992 8990 9023 8990 9021 9024 8991 9022 9024 8993 8991 9025 8992 9023 9025 8994 8992 9026 8993 9024 9026 8995 8993 9027 8994 9025 9027 8996 8994 9028 8995 9026 9028 8997 8995 9028 8999 8997 9029 8996 9027 9029 8998 8996 9030 8999 9028 9031 9000 8998 9031 8998 9029 9032 8999 9030 9032 9003 9001 9032 9001 8999 9033 9000 9031 9033 9002 9000 9034 9003 9032 9035 9004 9002 9035 9002 9033 9036 9003 9034 9036 9005 9003 9037 9004 9035 9037 9006 9004 9038 9005 9036 9038 9007 9005 9038 9010 9007 9039 9008 5778 9040 9006 9037 9040 9009 9006 9041 9010 9038 9042 9014 9011 9042 9011 9008 9042 9008 9039 9043 5932 5931 9043 9009 9040 9043 5931 9012 9043 9012 9009 9044 9010 9041 9044 9013 9010 9044 9015 9013 9045 9014 9042 9045 9016 9014 9046 9015 9044 9047 9016 9045 9048 9017 9015 9048 9015 9046 9048 9019 9017 9049 9020 9018 9049 9018 9016 9049 9016 9047 9050 9019 9048 9051 9022 9020 9051 9020 9049 9052 9021 9019 9052 9023 9021 9052 9019 9050 9053 9022 9051 9054 9023 9052 9054 9025 9023 9055 9022 9053 9055 9024 9022 9056 9025 9054 9057 9026 9024 9057 9024 9055 9057 9028 9026 9058 9025 9056 9058 9027 9025 9059 9028 9057 9060 9029 9027 9060 9027 9058 9061 9030 9028 9061 9028 9059 9062 9029 9060 9062 9031 9029 9063 9034 9032 9063 9030 9061 9063 9032 9030 9064 9031 9062 9064 9033 9031 9064 9035 9033 9065 9034 9063 9066 9035 9064 9067 9034 9065 9067 9036 9034 9068 9035 9066 9068 9037 9035 9068 9040 9037 9069 9038 9036 9069 9036 9067 9069 9041 9038 9070 9039 5778 9070 5778 5780 9071 9040 9068 9072 9041 9069 9073 9039 9070 9073 9042 9039 9074 5933 5932 9074 9040 9071 9074 5932 9043 9074 9043 9040 9075 9041 9072 9075 9044 9041 9076 9042 9073 9076 9045 9042 9077 9046 9044 9077 9044 9075 9078 9047 9045 9078 9045 9076 9079 9046 9077 9079 9048 9046 9080 9049 9047 9080 9047 9078 9081 9050 9048 9081 9048 9079 9082 9051 9049 9082 9049 9080 9083 9052 9050 9083 9050 9081 9084 9053 9051 9084 9051 9082 9085 9054 9052 9085 9052 9083 9086 9053 9084 9086 9055 9053 9087 9056 9054 9087 9058 9056 9087 9054 9085 9088 9057 9055 9088 9055 9086 9089 9058 9087 9090 9057 9088 9090 9059 9057 9090 9061 9059 9091 9058 9089 9091 9060 9058 9092 9061 9090 9093 9062 9060 9093 9060 9091 9093 9064 9062 9094 9061 9092 9094 9063 9061 9095 9064 9093 9096 9063 9094 9096 9065 9063 9097 9064 9095 9097 9066 9064 9098 9065 9096 9098 9067 9065 9099 9068 9066 9099 9066 9097 9100 9067 9098 9100 9069 9067 9101 9070 5780 9101 5780 5782 9102 9068 9099 9102 9071 9068 9103 9069 9100 9103 9072 9069 9104 9073 9070 9104 9070 9101 9105 5935 5933 9105 9071 9102 9105 5933 9074 9105 9074 9071 9106 9075 9072 9106 9072 9103 9107 9073 9104 9107 9076 9073 9108 9075 9106 9108 9077 9075 9109 9078 9076 9109 9076 9107 9110 9077 9108 9110 9079 9077 9111 9080 9078 9111 9078 9109 9112 9081 9079 9112 9079 9110 9113 9080 9111 9113 9082 9080 9114 9083 9081 9114 9081 9112 9115 9084 9082 9115 9082 9113 9116 9085 9083 9116 9083 9114 9117 9086 9084 9117 9084 9115 9118 9085 9116 9118 9087 9085 9119 9088 9086 9119 9086 9117 9120 9089 9087 9120 9087 9118 9121 9088 9119 9121 9090 9088 9122 9089 9120 9122 9091 9089 9123 9090 9121 9123 9094 9092 9123 9092 9090 9124 9093 9091 9124 9091 9122 9125 9094 9123 9126 9093 9124 9126 9095 9093 9127 9096 9094 9127 9094 9125 9128 9095 9126 9128 9097 9095 9129 9096 9127 9129 9098 9096 9129 9100 9098 9130 9097 9128 9130 9099 9097 9131 9100 9129 9132 9101 5782 9132 5782 5784 9133 9099 9130 9133 9102 9099 9134 9100 9131 9134 9103 9100 9135 9101 9132 9135 9104 9101 9136 5936 5935 9136 9102 9133 9136 5935 9105 9136 9105 9102 9137 9106 9103 9137 9108 9106 9137 9103 9134 9138 9104 9135 9138 9107 9104 9139 9108 9137 9140 9107 9138 9140 9109 9107 9141 9108 9139 9141 9110 9108 9141 9112 9110 9142 9109 9140 9142 9111 9109 9143 9112 9141 9144 9111 9142 9144 9113 9111 9145 9116 9114 9145 9112 9143 9145 9114 9112 9146 9113 9144 9146 9115 9113 9147 9116 9145 9148 9117 9115 9148 9115 9146 9149 9120 9118 9149 9118 9116 9149 9116 9147 9150 9119 9117 9150 9117 9148 9151 9122 9120 9151 9120 9149 9152 9123 9121 9152 9121 9119 9152 9119 9150 9153 9122 9151 9154 9123 9152 9155 9122 9153 9155 9124 9122 9156 9125 9123 9156 9123 9154 9157 9124 9155 9157 9126 9124 9157 9128 9126 9158 9127 9125 9158 9125 9156 9159 9128 9157 9159 9130 9128 9160 9129 9127 9160 9127 9158 9161 9130 9159 9161 9133 9130 9162 9129 9160 9162 9131 9129 9163 9132 5784 9163 5784 5786 9164 9133 9161 9165 9134 9131 9165 9131 9162 9166 9135 9132 9166 9132 9163 9167 9133 9164 9167 5934 5936 9167 9136 9133 9167 5936 9136 9168 9134 9165 9168 9137 9134 9169 9138 9135 9169 9135 9166 9170 9137 9168 9170 9139 9137 9171 9138 9169 9171 9140 9138 9171 9142 9140 9172 9141 9139 9172 9139 9170 9173 9142 9171 9174 9141 9172 9174 9143 9141 9175 9144 9142 9175 9146 9144 9175 9142 9173 9176 9143 9174 9176 9145 9143 9177 9146 9175 9178 9145 9176 9178 9147 9145 9179 9146 9177 9179 9148 9146 9180 9147 9178 9180 9149 9147 9181 9150 9148 9181 9152 9150 9181 9148 9179 9182 9151 9149 9182 9149 9180 9183 9152 9181 9184 9153 9151 9184 9151 9182 9185 9154 9152 9185 9152 9183 9186 9155 9153 9186 9153 9184 9187 9158 9156 9187 9156 9154 9187 9154 9185 9188 9157 9155 9188 9155 9186 9189 9158 9187 9190 9157 9188 9190 9159 9157 9191 9162 9160 9191 9158 9189 9191 9160 9158 9192 9159 9190 9192 9161 9159 9193 9162 9191 9194 9163 5786 9194 5788 5790 9194 5786 5788 9195 9164 9161 9195 9161 9192 9196 9165 9162 9196 9168 9165 9196 9162 9193 9197 9166 9163 9197 9163 9194 9197 9169 9166 9198 9164 9195 9198 9167 9164 9198 5940 5934 9198 5934 9167 9199 9168 9196 9199 9170 9168 9200 9169 9197 9201 9170 9199 9202 9169 9200 9202 9171 9169 9203 9172 9170 9203 9174 9172 9203 9170 9201 9204 9171 9202 9204 9173 9171 9204 9175 9173 9205 9174 9203 9206 9175 9204 9207 9174 9205 9207 9176 9174 9208 9175 9206 9208 9177 9175 9209 9176 9207 9209 9178 9176 9209 9180 9178 9210 9177 9208 9210 9179 9177 9211 9180 9209 9211 9182 9180 9212 9179 9210 9212 9181 9179 9213 9182 9211 9214 9183 9181 9214 9181 9212 9215 9186 9184 9215 9184 9182 9215 9182 9213 9216 9185 9183 9216 9183 9214 9217 9186 9215 9218 9187 9185 9218 9185 9216 9219 9188 9186 9219 9186 9217 9220 9189 9187 9220 9187 9218 9221 9190 9188 9221 9192 9190 9221 9188 9219 9222 9189 9220 9222 9191 9189 9223 9192 9221 9224 9193 9191 9224 9191 9222 9225 9194 5790 9226 9192 9223 9226 9195 9192 9227 9193 9224 9227 9196 9193 9228 9197 9194 9228 9200 9197 9228 9194 9225 9229 9195 9226 9229 9198 9195 9229 5940 9198 9229 5945 5940 9230 9196 9227 9230 9199 9196 9231 9200 9228 9232 9199 9230 9232 9201 9199 9233 9200 9231 9233 9202 9200 9234 9203 9201 9234 9201 9232 9235 9202 9233 9235 9204 9202 9235 9206 9204 9236 9203 9234 9236 9205 9203 9237 9206 9235 9238 9209 9207 9238 9205 9236 9238 9207 9205 9239 9206 9237 9239 9208 9206 9240 9209 9238 9241 9210 9208 9241 9208 9239 9242 9209 9240 9242 9211 9209 9243 9210 9241 9243 9212 9210 9243 9214 9212 9244 9211 9242 9244 9213 9211 9245 9214 9243 9246 9213 9244 9246 9215 9213 9247 9214 9245 9247 9216 9214 9248 9217 9215 9248 9215 9246 9249 9218 9216 9249 9216 9247 9249 9220 9218 9250 9217 9248 9250 9219 9217 9251 9220 9249 9252 9221 9219 9252 9219 9250 9253 9224 9222 9253 9222 9220 9253 9220 9251 9254 9223 9221 9254 9221 9252 9255 9224 9253 9256 9225 5790 9256 5792 5794 9256 5790 5792 9257 9226 9223 9257 9223 9254 9258 9230 9227 9258 9227 9224 9258 9224 9255 9259 9225 9256 9259 9228 9225 9260 9226 9257 9260 9229 9226 9260 5945 9229 9260 5946 5945 9261 9230 9258 9262 9231 9228 9262 9228 9259 9263 9230 9261 9263 9232 9230 9264 9233 9231 9264 9231 9262 9265 9232 9263 9265 9234 9232 9266 9235 9233 9266 9233 9264 9267 9234 9265 9267 9236 9234 9268 9235 9266 9268 9237 9235 9269 9240 9238 9269 9238 9236 9269 9236 9267 9270 9237 9268 9270 9239 9237 9271 9240 9269 9271 9242 9240 9272 9239 9270 9272 9241 9239 9273 9242 9271 9273 9244 9242 9274 9243 9241 9274 9241 9272 9275 9244 9273 9276 9243 9274 9276 9245 9243 9277 9244 9275 9277 9246 9244 9277 9248 9246 9278 9245 9276 9278 9247 9245 9279 9248 9277 9280 9249 9247 9280 9247 9278 9281 9248 9279 9281 9250 9248 9282 9249 9280 9282 9251 9249 9283 9254 9252 9283 9252 9250 9283 9250 9281 9284 9253 9251 9284 9251 9282 9285 9254 9283 9286 9253 9284 9286 9255 9253 9287 9256 5794 9288 9260 9257 9288 9257 9254 9288 9254 9285 9289 9258 9255 9289 9255 9286 9290 9259 9256 9290 9256 9287 9291 9260 9288 9291 5946 9260 9291 5944 5946 9292 9258 9289 9292 9261 9258 9293 9259 9290 9293 9262 9259 9294 9263 9261 9294 9261 9292 9295 9264 9262 9295 9262 9293 9296 9263 9294 9296 9265 9263 9297 9264 9295 9297 9266 9264 9297 9268 9266 9298 9265 9296 9298 9267 9265 9299 9268 9297 9300 9267 9298 9300 9269 9267 9301 9270 9268 9301 9268 9299 9302 9269 9300 9302 9271 9269 9303 9270 9301 9303 9272 9270 9304 9271 9302 9304 9273 9271 9305 9274 9272 9305 9272 9303 9306 9273 9304 9306 9275 9273 9307 9274 9305 9307 9276 9274 9307 9278 9276 9308 9275 9306 9308 9277 9275 9309 9278 9307 9310 9279 9277 9310 9277 9308 9311 9282 9280 9311 9278 9309 9311 9280 9278 9312 9281 9279 9312 9279 9310 9313 9282 9311 9314 9281 9312 9314 9283 9281 9315 9284 9282 9315 9282 9313 9315 9286 9284 9316 9285 9283 9316 9283 9314 9317 9286 9315 9318 5796 5798 9318 5794 5796 9318 9287 5794 9319 9288 9285 9319 9285 9316 9320 9289 9286 9320 9286 9317 9320 9292 9289 9321 9293 9290 9321 9287 9318 9321 9290 9287 9322 5944 9291 9322 9291 9288 9322 5950 5944 9322 9288 9319 9323 9294 9292 9323 9292 9320 9324 9293 9321 9325 9294 9323 9326 9295 9293 9326 9297 9295 9326 9293 9324 9327 9294 9325 9327 9296 9294 9327 9298 9296 9328 9297 9326 9329 9298 9327 9330 9297 9328 9330 9299 9297 9331 9302 9300 9331 9300 9298 9331 9298 9329 9332 9299 9330 9332 9301 9299 9333 9302 9331 9333 9304 9302 9334 9303 9301 9334 9301 9332 9335 9304 9333 9336 9303 9334 9336 9305 9303 9337 9304 9335 9337 9306 9304 9338 9305 9336 9338 9307 9305 9339 9308 9306 9339 9310 9308 9339 9306 9337 9340 9307 9338 9340 9309 9307 9341 9310 9339 9342 9309 9340 9342 9311 9309 9343 9310 9341 9343 9312 9310 9343 9314 9312 9344 9313 9311 9344 9311 9342 9345 9314 9343 9346 9313 9344 9346 9315 9313 9347 9314 9345 9347 9316 9314 9348 9315 9346 9348 9317 9315 9349 9318 5798 9349 5798 5800 9350 9322 9319 9350 9316 9347 9350 9319 9316 9351 9320 9317 9351 9317 9348 9352 9321 9318 9352 9318 9349 9353 5950 9322 9353 5951 5950 9353 9322 9350 9354 9323 9320 9354 9320 9351 9355 9324 9321 9355 9321 9352 9356 9323 9354 9356 9325 9323 9357 9324 9355 9357 9326 9324 9358 9325 9356 9358 9327 9325 9359 9328 9326 9359 9326 9357 9360 9329 9327 9360 9327 9358 9361 9330 9328 9361 9328 9359 9361 9332 9330 9362 9329 9360 9362 9331 9329 9362 9333 9331 9363 9332 9361 9364 9333 9362 9365 9332 9363 9365 9334 9332 9366 9335 9333 9366 9333 9364 9367 9338 9336 9367 9334 9365 9367 9336 9334 9368 9335 9366 9368 9337 9335 9369 9338 9367 9370 9337 9368 9370 9339 9337 9371 9340 9338 9371 9338 9369 9372 9339 9370 9372 9341 9339 9373 9340 9371 9373 9342 9340 9373 9344 9342 9374 9341 9372 9374 9343 9341 9375 9344 9373 9376 9343 9374 9376 9345 9343 9377 9346 9344 9377 9344 9375 9378 9345 9376 9378 9347 9345 9379 9346 9377 9379 9348 9346 9380 9352 9349 9380 9349 5800 9381 9347 9378 9381 9350 9347 9382 9348 9379 9382 9351 9348 9383 9352 9380 9384 5951 9353 9384 9350 9381 9384 9353 9350 9384 5949 5951 9385 9354 9351 9385 9351 9382 9386 9355 9352 9386 9352 9383 9387 9356 9354 9387 9354 9385 9388 9355 9386 9388 9357 9355 9389 9358 9356 9389 9356 9387 9390 9359 9357 9390 9357 9388 9391 9360 9358 9391 9358 9389 9392 9361 9359 9392 9359 9390 9393 9360 9391 9393 9362 9360 9394 9361 9392 9394 9363 9361 9395 9364 9362 9395 9362 9393 9396 9363 9394 9396 9365 9363 9397 9364 9395 9397 9366 9364 9398 9365 9396 9398 9367 9365 9399 9368 9366 9399 9366 9397 9400 9367 9398 9400 9369 9367 9401 9370 9368 9401 9368 9399 9401 9372 9370 9402 9371 9369 9402 9369 9400 9403 9372 9401 9404 9371 9402 9404 9373 9371 9404 9375 9373 9405 9372 9403 9405 9374 9372 9406 9375 9404 9407 9374 9405 9407 9376 9374 9408 9375 9406 9408 9377 9375 9408 9379 9377 9409 9376 9407 9409 9378 9376 9410 9379 9408 9411 5800 5802 9411 9380 5800 9412 9378 9409 9412 9381 9378 9413 9385 9382 9413 9379 9410 9413 9382 9379 9414 9380 9411 9414 9383 9380 9415 5956 5949 9415 9381 9412 9415 9384 9381 9415 5949 9384 9416 9387 9385 9416 9385 9413 9417 9386 9383 9417 9383 9414 9418 9387 9416 9419 9390 9388 9419 9388 9386 9419 9386 9417 9420 9391 9389 9420 9389 9387 9420 9387 9418 9421 9390 9419 9422 9391 9420 9423 9392 9390 9423 9390 9421 9424 9391 9422 9424 9393 9391 9424 9395 9393 9425 9394 9392 9425 9392 9423 9426 9395 9424 9427 9396 9394 9427 9394 9425 9428 9395 9426 9428 9397 9395 9428 9399 9397 9429 9398 9396 9429 9396 9427 9429 9400 9398 9430 9399 9428 9431 9400 9429 9432 9399 9430 9432 9401 9399 9432 9403 9401 9433 9402 9400 9433 9400 9431 9434 9403 9432 9435 9402 9433 9435 9404 9402 9436 9403 9434 9436 9405 9403 9437 9406 9404 9437 9404 9435 9438 9405 9436 9438 9407 9405 9438 9409 9407 9439 9406 9437 9439 9408 9406 9440 9409 9438 9441 9408 9439 9441 9410 9408 9442 9414 9411 9442 5802 5804 9442 9411 5802 9443 9409 9440 9443 9412 9409 9444 9410 9441 9444 9413 9410 9445 9414 9442 9446 5957 5956 9446 9412 9443 9446 5956 9415 9446 9415 9412 9447 9413 9444 9447 9416 9413 9448 9414 9445 9448 9417 9414 9449 9416 9447 9449 9418 9416 9450 9419 9417 9450 9417 9448 9451 9418 9449 9451 9420 9418 9452 9419 9450 9452 9421 9419 9453 9422 9420 9453 9420 9451 9454 9421 9452 9454 9423 9421 9455 9424 9422 9455 9422 9453 9456 9425 9423 9456 9423 9454 9457 9426 9424 9457 9424 9455 9458 9427 9425 9458 9425 9456 9459 9426 9457 9459 9428 9426 9460 9427 9458 9460 9429 9427 9461 9430 9428 9461 9428 9459 9462 9431 9429 9462 9429 9460 9463 9430 9461 9463 9432 9430 9464 9431 9462 9464 9433 9431 9464 9435 9433 9465 9432 9463 9465 9434 9432 9466 9435 9464 9466 9437 9435 9467 9436 9434 9467 9434 9465 9468 9437 9466 9469 9436 9467 9469 9438 9436 9470 9437 9468 9470 9439 9437 9471 9438 9469 9471 9440 9438 9472 9439 9470 9472 9441 9439 9472 9444 9441 9473 5804 5806 9473 9442 5804 9474 9440 9471 9474 9443 9440 9475 9444 9472 9476 9442 9473 9476 9445 9442 9477 5955 5957 9477 9443 9474 9477 5957 9446 9477 9446 9443 9478 9444 9475 9478 9447 9444 9479 9445 9476 9479 9448 9445 9479 9450 9448 9480 9447 9478 9480 9449 9447 9481 9452 9450 9481 9450 9479 9482 9453 9451 9482 9449 9480 9482 9451 9449 9483 9452 9481 9484 9453 9482 9485 9454 9452 9485 9452 9483 9486 9457 9455 9486 9455 9453 9486 9453 9484 9487 9456 9454 9487 9454 9485 9487 9458 9456 9488 9457 9486 9489 9458 9487 9490 9459 9457 9490 9457 9488 9491 9460 9458 9491 9458 9489 9492 9461 9459 9492 9463 9461 9492 9459 9490 9493 9462 9460 9493 9460 9491 9493 9464 9462 9494 9463 9492 9495 9464 9493 9495 9466 9464 9496 9465 9463 9496 9463 9494 9497 9466 9495 9498 9465 9496 9498 9467 9465 9499 9466 9497 9499 9468 9466 9500 9467 9498 9500 9469 9467 9500 9471 9469 9501 9472 9470 9501 9468 9499 9501 9470 9468 9502 9471 9500 9503 9472 9501 9504 5806 5808 9504 9473 5806 9505 9471 9502 9505 9474 9471 9505 9477 9474 9506 9472 9503 9506 9475 9472 9507 9476 9473 9507 9473 9504 9508 9477 9505 9508 5959 5955 9508 5955 9477 9509 9480 9478 9509 9478 9475 9509 9475 9506 9510 9476 9507 9510 9479 9476 9511 9480 9509 9511 9482 9480 9512 9479 9510 9512 9481 9479 9513 9482 9511 9514 9481 9512 9514 9483 9481 9515 9486 9484 9515 9482 9513 9515 9484 9482 9516 9483 9514 9516 9485 9483 9517 9488 9486 9517 9486 9515 9518 9487 9485 9518 9485 9516 9519 9488 9517 9520 9489 9487 9520 9487 9518 9521 9490 9488 9521 9492 9490 9521 9488 9519 9522 9491 9489 9522 9489 9520 9523 9494 9492 9523 9492 9521 9524 9491 9522 9524 9493 9491 9525 9494 9523 9526 9495 9493 9526 9493 9524 9527 9494 9525 9527 9496 9494 9528 9495 9526 9528 9497 9495 9529 9496 9527 9529 9498 9496 9529 9500 9498 9530 9499 9497 9530 9497 9528 9530 9501 9499 9531 9502 9500 9531 9500 9529 9532 9501 9530 9532 9503 9501 9533 9502 9531 9534 9503 9532 9535 5810 5812 9535 5808 5810 9535 9504 5808 9536 9502 9533 9536 9505 9502 9536 9508 9505 9537 9503 9534 9537 9506 9503 9538 9504 9535 9538 9507 9504 9539 9508 9536 9539 5960 5959 9539 5959 9508 9540 9506 9537 9540 9511 9509 9540 9509 9506 9541 9507 9538 9541 9510 9507 9542 9511 9540 9543 9514 9512 9543 9512 9510 9543 9510 9541 9544 9511 9542 9544 9513 9511 9545 9514 9543 9545 9516 9514 9546 9513 9544 9546 9515 9513 9547 9516 9545 9548 9517 9515 9548 9515 9546 9549 9518 9516 9549 9516 9547 9549 9520 9518 9550 9517 9548 9550 9519 9517 9551 9522 9520 9551 9520 9549 9552 9523 9521 9552 9521 9519 9552 9519 9550 9553 9522 9551 9554 9523 9552 9555 9524 9522 9555 9522 9553 9556 9525 9523 9556 9523 9554 9557 9526 9524 9557 9524 9555 9558 9527 9525 9558 9525 9556 9559 9528 9526 9559 9526 9557 9560 9527 9558 9560 9529 9527 9561 9528 9559 9561 9530 9528 9562 9531 9529 9562 9529 9560 9563 9530 9561 9563 9532 9530 9564 9531 9562 9564 9533 9531 9565 9534 9532 9565 9532 9563 9566 9535 5812 9566 9538 9535 9567 9533 9564 9567 9536 9533 9568 9537 9534 9568 9534 9565 9569 9538 9566 9570 9536 9567 9570 9539 9536 9570 5960 9539 9570 5958 5960 9571 9540 9537 9571 9537 9568 9572 9538 9569 9572 9541 9538 9572 9543 9541 9573 9542 9540 9573 9540 9571 9574 9543 9572 9575 9542 9573 9575 9544 9542 9576 9545 9543 9576 9543 9574 9577 9544 9575 9577 9546 9544 9577 9548 9546 9578 9547 9545 9578 9545 9576 9579 9548 9577 9579 9550 9548 9580 9549 9547 9580 9551 9549 9580 9547 9578 9581 9550 9579 9582 9551 9580 9583 9550 9581 9583 9552 9550 9584 9551 9582 9584 9553 9551 9585 9552 9583 9585 9554 9552 9586 9555 9553 9586 9553 9584 9587 9556 9554 9587 9554 9585 9588 9555 9586 9588 9557 9555 9589 9558 9556 9589 9556 9587 9590 9557 9588 9590 9561 9559 9590 9559 9557 9591 9560 9558 9591 9558 9589 9592 9561 9590 9593 9560 9591 9593 9562 9560 9594 9561 9592 9594 9563 9561 9594 9565 9563 9595 9562 9593 9595 9564 9562 9596 9565 9594 9597 9566 5812 9597 5814 5816 9597 5812 5814 9598 9564 9595 9598 9567 9564 9599 9568 9565 9599 9565 9596 9600 9569 9566 9600 9566 9597 9601 9567 9598 9601 9570 9567 9601 5958 9570 9601 5962 5958 9602 9568 9599 9602 9571 9568 9603 9569 9600 9603 9572 9569 9604 9573 9571 9604 9571 9602 9605 9572 9603 9605 9574 9572 9606 9573 9604 9606 9575 9573 9607 9574 9605 9607 9576 9574 9608 9575 9606 9608 9577 9575 9609 9576 9607 9609 9578 9576 9610 9579 9577 9610 9577 9608 9611 9580 9578 9611 9578 9609 9612 9579 9610 9612 9581 9579 9613 9580 9611 9613 9582 9580 9614 9585 9583 9614 9581 9612 9614 9583 9581 9615 9584 9582 9615 9582 9613 9616 9585 9614 9617 9584 9615 9617 9586 9584 9617 9588 9586 9618 9585 9616 9618 9587 9585 9619 9588 9617 9619 9590 9588 9620 9587 9618 9620 9589 9587 9621 9590 9619 9622 9593 9591 9622 9591 9589 9622 9589 9620 9623 9592 9590 9623 9590 9621 9624 9593 9622 9625 9596 9594 9625 9594 9592 9625 9592 9623 9626 9593 9624 9626 9595 9593 9627 9596 9625 9628 9600 9597 9628 9597 5816 9629 9598 9595 9629 9595 9626 9629 9601 9598 9630 9599 9596 9630 9596 9627 9631 9600 9628 9632 9601 9629 9632 5962 9601 9632 5961 5962 9633 9602 9599 9633 9604 9602 9633 9599 9630 9634 9603 9600 9634 9600 9631 9635 9604 9633 9635 9606 9604 9636 9607 9605 9636 9603 9634 9636 9605 9603 9637 9606 9635 9638 9607 9636 9639 9608 9606 9639 9606 9637 9640 9609 9607 9640 9607 9638 9641 9608 9639 9641 9612 9610 9641 9610 9608 9642 9611 9609 9642 9609 9640 9642 9613 9611 9643 9612 9641 9644 9613 9642 9645 9612 9643 9645 9614 9612 9645 9616 9614 9646 9613 9644 9646 9615 9613 9647 9616 9645 9647 9618 9616 9648 9617 9615 9648 9615 9646 9649 9618 9647 9650 9619 9617 9650 9617 9648 9651 9618 9649 9651 9620 9618 9652 9619 9650 9652 9621 9619 9653 9622 9620 9653 9620 9651 9654 9623 9621 9654 9625 9623 9654 9621 9652 9655 9624 9622 9655 9622 9653 9656 9627 9625 9656 9625 9654 9657 9626 9624 9657 9624 9655 9658 9627 9656 9659 9628 5816 9659 9631 9628 9659 5816 5818 9660 9629 9626 9660 9632 9629 9660 9626 9657 9661 9630 9627 9661 9627 9658 9662 9634 9631 9662 9631 9659 9663 9632 9660 9663 5961 9632 9663 5964 5961 9664 9630 9661 9664 9633 9630 9664 9635 9633 9665 9634 9662 9666 9635 9664 9667 9638 9636 9667 9634 9665 9667 9636 9634 9668 9637 9635 9668 9635 9666 9669 9638 9667 9670 9639 9637 9670 9641 9639 9670 9637 9668 9671 9640 9638 9671 9638 9669 9672 9641 9670 9673 9640 9671 9673 9642 9640 9673 9644 9642 9674 9643 9641 9674 9641 9672 9675 9644 9673 9676 9643 9674 9676 9647 9645 9676 9645 9643 9677 9646 9644 9677 9644 9675 9678 9647 9676 9679 9646 9677 9679 9648 9646 9680 9647 9678 9680 9649 9647 9681 9648 9679 9681 9650 9648 9682 9649 9680 9682 9651 9649 9682 9653 9651 9683 9650 9681 9683 9652 9650 9684 9655 9653 9684 9653 9682 9685 9656 9654 9685 9652 9683 9685 9654 9652 9686 9657 9655 9686 9655 9684 9687 9656 9685 9688 9657 9686 9689 9656 9687 9689 9658 9656 9690 9659 5818 9690 5818 5820 9691 9660 9657 9691 9663 9660 9691 9657 9688 9692 9661 9658 9692 9658 9689 9693 9659 9690 9693 9662 9659 9694 9663 9691 9694 5964 9663 9694 5963 5964 9695 9664 9661 9695 9666 9664 9695 9661 9692 9696 9662 9693 9696 9665 9662 9697 9666 9695 9698 9667 9665 9698 9665 9696 9699 9668 9666 9699 9666 9697 9700 9669 9667 9700 9667 9698 9701 9668 9699 9701 9670 9668 9702 9669 9700 9702 9671 9669 9703 9672 9670 9703 9670 9701 9704 9671 9702 9704 9673 9671 9705 9672 9703 9705 9674 9672 9706 9673 9704 9706 9675 9673 9707 9678 9676 9707 9674 9705 9707 9676 9674 9708 9677 9675 9708 9675 9706 9709 9678 9707 9710 9677 9708 9710 9679 9677 9710 9681 9679 9711 9680 9678 9711 9678 9709 9712 9681 9710 9713 9680 9711 9713 9682 9680 9714 9683 9681 9714 9681 9712 9715 9682 9713 9715 9684 9682 9715 9686 9684 9716 9683 9714 9716 9685 9683 9717 9686 9715 9718 9687 9685 9718 9685 9716 9719 9688 9686 9719 9686 9717 9720 9689 9687 9720 9687 9718 9721 9693 9690 9721 9690 5820 9721 5820 5822 9722 9691 9688 9722 9694 9691 9722 9688 9719 9723 9692 9689 9723 9689 9720 9724 9693 9721 9725 5963 9694 9725 5966 5963 9725 9694 9722 9726 9695 9692 9726 9692 9723 9727 9696 9693 9727 9693 9724 9728 9695 9726 9728 9697 9695 9729 9696 9727 9729 9700 9698 9729 9698 9696 9730 9697 9728 9730 9699 9697 9731 9700 9729 9731 9702 9700 9732 9699 9730 9732 9703 9701 9732 9701 9699 9733 9702 9731 9734 9705 9703 9734 9703 9732 9735 9702 9733 9735 9706 9704 9735 9704 9702 9736 9705 9734 9737 9706 9735 9737 9708 9706 9738 9705 9736 9738 9707 9705 9739 9708 9737 9740 9709 9707 9740 9707 9738 9741 9710 9708 9741 9708 9739 9741 9712 9710 9742 9709 9740 9742 9711 9709 9743 9712 9741 9744 9711 9742 9744 9713 9711 9745 9712 9743 9745 9714 9712 9745 9716 9714 9746 9713 9744 9746 9715 9713 9747 9716 9745 9748 9715 9746 9748 9717 9715 9749 9716 9747 9749 9718 9716 9749 9720 9718 9750 9717 9748 9750 9719 9717 9751 9720 9749 9752 9721 5822 9752 5822 5824 9753 9722 9719 9753 9719 9750 9754 9720 9751 9754 9723 9720 9755 9721 9752 9755 9724 9721 9756 9722 9753 9756 5966 9725 9756 5967 5966 9756 9725 9722 9757 9726 9723 9757 9723 9754 9758 9724 9755 9758 9727 9724 9759 9728 9726 9759 9726 9757 9760 9729 9727 9760 9727 9758 9761 9730 9728 9761 9728 9759 9762 9729 9760 9762 9731 9729 9763 9730 9761 9763 9732 9730 9764 9733 9731 9764 9731 9762 9765 9732 9763 9765 9734 9732 9766 9733 9764 9766 9735 9733 9767 9736 9734 9767 9734 9765 9768 9737 9735 9768 9735 9766 9769 9736 9767 9769 9738 9736 9770 9737 9768 9770 9739 9737 9771 9740 9738 9771 9738 9769 9772 9741 9739 9772 9739 9770 9773 9742 9740 9773 9740 9771 9774 9743 9741 9774 9741 9772 9775 9744 9742 9775 9742 9773 9776 9745 9743 9776 9743 9774 9777 9744 9775 9777 9746 9744 9778 9749 9747 9778 9745 9776 9778 9747 9745 9779 9746 9777 9779 9748 9746 9780 9749 9778 9781 9748 9779 9781 9750 9748 9782 9751 9749 9782 9749 9780 9783 9752 5824 9783 5826 5828 9783 5824 5826 9783 9755 9752 9784 9756 9753 9784 9750 9781 9784 9753 9750 9785 9757 9754 9785 9751 9782 9785 9754 9751 9786 9755 9783 9787 5967 9756 9787 5965 5967 9787 9756 9784 9788 9757 9785 9789 9758 9755 9789 9755 9786 9790 9761 9759 9790 9759 9757 9790 9757 9788 9791 9760 9758 9791 9758 9789 9792 9761 9790 9793 9762 9760 9793 9764 9762 9793 9760 9791 9794 9763 9761 9794 9765 9763 9794 9761 9792 9795 9764 9793 9796 9767 9765 9796 9765 9794 9797 9766 9764 9797 9768 9766 9797 9764 9795 9798 9767 9796 9799 9768 9797 9799 9770 9768 9800 9767 9798 9800 9769 9767 9801 9770 9799 9802 9769 9800 9802 9771 9769 9802 9773 9771 9803 9770 9801 9803 9772 9770 9803 9774 9772 9804 9773 9802 9805 9774 9803 9806 9773 9804 9806 9775 9773 9806 9777 9775 9807 9776 9774 9807 9774 9805 9808 9777 9806 9808 9779 9777 9809 9776 9807 9809 9778 9776 9810 9779 9808 9811 9778 9809 9811 9780 9778 9812 9779 9810 9812 9781 9779 9813 9780 9811 9813 9782 9780 9814 9783 5828 9814 9786 9783 9815 9781 9812 9815 9784 9781 9815 9787 9784 9816 9782 9813 9816 9785 9782 9817 9786 9814 9818 5968 5965 9818 9787 9815 9818 5965 9787 9819 9785 9816 9819 9788 9785 9820 9789 9786 9820 9786 9817 9821 9790 9788 9821 9788 9819 9822 9789 9820 9822 9791 9789 9822 9793 9791 9823 9792 9790 9823 9790 9821 9824 9793 9822 9825 9794 9792 9825 9792 9823 9826 9795 9793 9826 9793 9824 9827 9796 9794 9827 9798 9796 9827 9794 9825 9828 9797 9795 9828 9799 9797 9828 9795 9826 9829 9798 9827 9830 9801 9799 9830 9799 9828 9831 9798 9829 9831 9800 9798 9832 9801 9830 9833 9800 9831 9833 9802 9800 9834 9801 9832 9834 9803 9801 9835 9802 9833 9835 9804 9802 9836 9805 9803 9836 9803 9834 9837 9804 9835 9837 9806 9804 9838 9807 9805 9838 9805 9836 9839 9806 9837 9839 9808 9806 9840 9811 9809 9840 9807 9838 9840 9809 9807 9841 9808 9839 9841 9810 9808 9842 9811 9840 9843 9810 9841 9843 9812 9810 9844 9813 9811 9844 9811 9842 9845 9817 9814 9845 5828 5830 9845 9814 5828 9846 9812 9843 9846 9815 9812 9847 9813 9844 9847 9816 9813 9847 9819 9816 9848 9817 9845 9849 9815 9846 9849 5970 5968 9849 9818 9815 9849 5968 9818 9850 9819 9847 9851 9820 9817 9851 9817 9848 9852 9819 9850 9852 9821 9819 9853 9824 9822 9853 9820 9851 9853 9822 9820 9854 9825 9823 9854 9821 9852 9854 9823 9821 9855 9826 9824 9855 9824 9853 9856 9825 9854 9857 9826 9855 9858 9827 9825 9858 9825 9856 9859 9830 9828 9859 9826 9857 9859 9828 9826 9860 9829 9827 9860 9827 9858 9861 9830 9859 9861 9832 9830 9862 9831 9829 9862 9829 9860 9863 9832 9861 9864 9831 9862 9864 9833 9831 9864 9835 9833 9865 9836 9834 9865 9834 9832 9865 9832 9863 9866 9835 9864 9867 9836 9865 9867 9838 9836 9868 9837 9835 9868 9839 9837 9868 9835 9866 9869 9838 9867 9870 9841 9839 9870 9839 9868 9871 9838 9869 9871 9840 9838 9872 9841 9870 9873 9840 9871 9873 9844 9842 9873 9842 9840 9874 9841 9872 9874 9843 9841 9875 9844 9873 9876 9845 5830 9876 5830 5832 9877 9846 9843 9877 9843 9874 9877 9849 9846 9878 9844 9875 9878 9847 9844 9879 9845 9876 9879 9848 9845 9880 9849 9877 9880 5969 5970 9880 5970 9849 9881 9847 9878 9881 9850 9847 9881 9852 9850 9882 9851 9848 9882 9848 9879 9883 9852 9881 9883 9854 9852 9884 9853 9851 9884 9851 9882 9885 9854 9883 9886 9855 9853 9886 9853 9884 9886 9857 9855 9887 9858 9856 9887 9854 9885 9887 9856 9854 9888 9857 9886 9889 9860 9858 9889 9858 9887 9890 9859 9857 9890 9857 9888 9891 9860 9889 9892 9861 9859 9892 9859 9890 9893 9862 9860 9893 9864 9862 9893 9860 9891 9894 9861 9892 9894 9863 9861 9895 9866 9864 9895 9864 9893 9896 9867 9865 9896 9865 9863 9896 9863 9894 9897 9866 9895 9898 9869 9867 9898 9867 9896 9899 9866 9897 9899 9868 9866 9900 9869 9898 9901 9870 9868 9901 9872 9870 9901 9868 9899 9902 9869 9900 9902 9871 9869 9902 9873 9871 9903 9872 9901 9903 9874 9872 9904 9873 9902 9905 9874 9903 9906 9873 9904 9906 9875 9873 9907 5832 5835 9907 9879 9876 9907 9876 5832 9908 9877 9874 9908 9874 9905 9908 9880 9877 9909 9878 9875 9909 9875 9906 9909 9881 9878 9910 9879 9907 9911 9880 9908 9911 5969 9880 9911 5972 5969 9912 9881 9909 9913 9879 9910 9913 9882 9879 9914 9883 9881 9914 9881 9912 9915 9884 9882 9915 9882 9913 9915 9886 9884 9916 9883 9914 9916 9885 9883 9916 9887 9885 9917 9886 9915 9918 9887 9916 9919 9890 9888 9919 9886 9917 9919 9888 9886 9920 9891 9889 9920 9889 9887 9920 9887 9918 9921 9890 9919 9922 9893 9891 9922 9891 9920 9923 9892 9890 9923 9890 9921 9923 9894 9892 9924 9893 9922 9925 9894 9923 9926 9895 9893 9926 9897 9895 9926 9893 9924 9927 9896 9894 9927 9894 9925 9928 9899 9897 9928 9897 9926 9929 9896 9927 9929 9898 9896 9930 9899 9928 9931 9898 9929 9931 9900 9898 9932 9899 9930 9932 9901 9899 9932 9903 9901 9933 9902 9900 9933 9900 9931 9934 9903 9932 9934 9905 9903 9935 9904 9902 9935 9902 9933 9936 9905 9934 9937 9906 9904 9937 9904 9935 9938 5835 5836 9938 9907 5835 9939 9905 9936 9939 9908 9905 9940 9906 9937 9940 9909 9906 9941 9910 9907 9941 9907 9938 9942 9908 9939 9942 9911 9908 9942 5972 9911 9942 5973 5972 9943 9909 9940 9943 9912 9909 9944 9913 9910 9944 9910 9941 9945 9912 9943 9945 9914 9912 9946 9915 9913 9946 9913 9944 9947 9916 9914 9947 9914 9945 9948 9915 9946 9948 9917 9915 9949 9916 9947 9949 9918 9916 9950 9917 9948 9950 9919 9917 9951 9922 9920 9951 9918 9949 9951 9920 9918 9952 9919 9950 9952 9921 9919 9953 9922 9951 9954 9921 9952 9954 9923 9921 9955 9924 9922 9955 9922 9953 9956 9923 9954 9956 9925 9923 9957 9928 9926 9957 9924 9955 9957 9926 9924 9958 9927 9925 9958 9925 9956 9959 9928 9957 9960 9929 9927 9960 9927 9958 9961 9930 9928 9961 9928 9959 9962 9929 9960 9962 9931 9929 9963 9932 9930 9963 9930 9961 9964 9933 9931 9964 9931 9962 9965 9932 9963 9965 9934 9932 9965 9936 9934 9966 9933 9964 9966 9935 9933 9967 9936 9965 9968 9937 9935 9968 9935 9966 9969 9938 5836 9969 5836 5838 9969 9941 9938 9970 9936 9967 9970 9939 9936 9970 9942 9939 9971 9937 9968 9971 9940 9937 9972 9941 9969 9973 9942 9970 9973 5973 9942 9973 5971 5973 9973 5974 5971 9974 9940 9971 9974 9943 9940 9975 9941 9972 9975 9944 9941 9976 9943 9974 9976 9945 9943 9977 9946 9944 9977 9944 9975 9977 9948 9946 9978 9947 9945 9978 9945 9976 9979 9948 9977 9980 9947 9978 9980 9949 9947 9981 9952 9950 9981 9950 9948 9981 9948 9979 9982 9949 9980 9982 9951 9949 9983 9952 9981 9984 9951 9982 9984 9953 9951 9985 9956 9954 9985 9952 9983 9985 9954 9952 9986 9953 9984 9986 9955 9953 9987 9956 9985 9988 9955 9986 9988 9957 9955 9989 9958 9956 9989 9956 9987 9990 9959 9957 9990 9957 9988 9991 9960 9958 9991 9962 9960 9991 9958 9989 9992 9961 9959 9992 9959 9990 9993 9962 9991 9994 9963 9961 9994 9961 9992 9995 9966 9964 9995 9964 9962 9995 9962 9993 9996 9965 9963 9996 9963 9994 9997 9966 9995 9998 9965 9996 9998 9967 9965 9999 9966 9997 9999 9968 9966 10000 5838 5840 10000 9969 5838 10001 9967 9998 10001 9970 9967 10002 9968 9999 10002 9971 9968 10002 9974 9971 10003 9969 10000 10003 9972 9969 10004 9970 10001 10004 9973 9970 10004 5974 9973 10005 9974 10002 10006 9975 9972 10006 9972 10003 10007 9974 10005 10007 9976 9974 10008 9975 10006 10008 9977 9975 10009 9980 9978 10009 9978 9976 10009 9976 10007 10010 9977 10008 10010 9979 9977 10011 9980 10009 10012 9979 10010 10012 9981 9979 10013 9980 10011 10013 9982 9980 10014 9983 9981 10014 9981 10012 10015 9982 10013 10015 9984 9982 10016 9985 9983 10016 9983 10014 10017 9986 9984 10017 9984 10015 10018 9985 10016 10018 9987 9985 10019 9986 10017 10019 9988 9986 10019 9990 9988 10020 9989 9987 10020 9987 10018 10021 9992 9990 10021 9990 10019 10022 9991 9989 10022 9989 10020 10023 9992 10021 10024 9993 9991 10024 9991 10022 10025 9994 9992 10025 9992 10023 10026 9995 9993 10026 9993 10024 10027 9998 9996 10027 9996 9994 10027 9994 10025 10028 9997 9995 10028 9995 10026 10029 9998 10027 10030 9999 9997 10030 9997 10028 10031 10003 10000 10031 10000 5840 10031 5840 5842 10032 9998 10029 10032 10001 9998 10032 10004 10001 10033 10002 9999 10033 9999 10030 10034 10006 10003 10034 10003 10031 10035 10004 10032 10035 5974 10004 10035 5976 5974 10036 10002 10033 10036 10005 10002 10037 10006 10034 10038 10007 10005 10038 10005 10036 10039 10010 10008 10039 10008 10006 10039 10006 10037 10040 10007 10038 10040 10009 10007 10041 10012 10010 10041 10010 10039 10042 10009 10040 10042 10011 10009 10043 10012 10041 10044 10013 10011 10044 10015 10013 10044 10011 10042 10045 10012 10043 10045 10014 10012 10046 10015 10044 10047 10014 10045 10047 10018 10016 10047 10016 10014 10048 10017 10015 10048 10015 10046 10049 10018 10047 10050 10017 10048 10050 10019 10017 10051 10018 10049 10051 10020 10018 10052 10019 10050 10052 10021 10019 10053 10024 10022 10053 10020 10051 10053 10022 10020 10054 10021 10052 10054 10023 10021 10055 10024 10053 10056 10025 10023 10056 10023 10054 10057 10028 10026 10057 10026 10024 10057 10024 10055 10058 10025 10056 10058 10027 10025 10059 10028 10057 10060 10029 10027 10060 10027 10058 10061 10030 10028 10061 10033 10030 10061 10028 10059 10062 10031 5842 10062 5842 5844 10063 10032 10029 10063 10029 10060 10064 10033 10061 10065 10031 10062 10065 10034 10031 10066 10032 10063 10066 5976 10035 10066 10035 10032 10066 5975 5976 10067 10036 10033 10067 10033 10064 10068 10034 10065 10068 10037 10034 10069 10036 10067 10069 10038 10036 10070 10039 10037 10070 10037 10068 10071 10038 10069 10071 10040 10038 10071 10042 10040 10072 10039 10070 10072 10041 10039 10073 10042 10071 10074 10041 10072 10074 10043 10041 10075 10044 10042 10075 10042 10073 10075 10046 10044 10076 10045 10043 10076 10043 10074 10077 10048 10046 10077 10046 10075 10078 10045 10076 10078 10047 10045 10079 10048 10077 10080 10047 10078 10080 10049 10047 10081 10052 10050 10081 10048 10079 10081 10050 10048 10082 10051 10049 10082 10049 10080 10083 10052 10081 10083 10054 10052 10084 10051 10082 10084 10053 10051 10085 10054 10083 10086 10053 10084 10086 10055 10053 10087 10054 10085 10087 10056 10054 10087 10058 10056 10088 10057 10055 10088 10055 10086 10089 10060 10058 10089 10058 10087 10090 10059 10057 10090 10057 10088 10091 10060 10089 10092 10059 10090 10092 10061 10059 10093 10062 5844 10093 5844 5846 10094 10066 10063 10094 10063 10060 10094 10060 10091 10095 10061 10092 10095 10064 10061 10096 10065 10062 10096 10062 10093 10097 10066 10094 10097 5975 10066 10097 5978 5975 10097 5979 5978 10098 10064 10095 10098 10067 10064 10099 10065 10096 10099 10068 10065 10099 10070 10068 10100 10069 10067 10100 10067 10098 10101 10070 10099 10102 10069 10100 10102 10071 10069 10103 10070 10101 10103 10072 10070 10104 10073 10071 10104 10071 10102 10105 10072 10103 10105 10074 10072 10106 10075 10073 10106 10073 10104 10107 10074 10105 10107 10076 10074 10108 10077 10075 10108 10075 10106 10109 10078 10076 10109 10076 10107 10109 10080 10078 10110 10077 10108 10110 10079 10077 10111 10080 10109 10112 10079 10110 10112 10081 10079 10113 10080 10111 10113 10082 10080 10114 10081 10112 10114 10083 10081 10115 10082 10113 10115 10084 10082 10115 10086 10084 10116 10083 10114 10116 10085 10083 10117 10086 10115 10118 10087 10085 10118 10085 10116 10119 10090 10088 10119 10086 10117 10119 10088 10086 10120 10087 10118 10120 10089 10087 10121 10090 10119 10122 10089 10120 10122 10091 10089 10123 10092 10090 10123 10090 10121 10124 10096 10093 10124 5846 5848 10124 10093 5846 10125 10094 10091 10125 10091 10122 10126 10098 10095 10126 10092 10123 10126 10095 10092 10127 10096 10124 10128 5979 10097 10128 10097 10094 10128 10094 10125 10129 10098 10126 10130 10099 10096 10130 10096 10127 10131 10100 10098 10131 10098 10129 10132 10101 10099 10132 10099 10130 10133 10100 10131 10133 10102 10100 10133 10104 10102 10134 10101 10132 10134 10103 10101 10135 10104 10133 10136 10103 10134 10136 10105 10103 10137 10108 10106 10137 10104 10135 10137 10106 10104 10138 10105 10136 10138 10107 10105 10139 10108 10137 10140 10107 10138 10140 10109 10107 10141 10108 10139 10141 10110 10108 10142 10111 10109 10142 10109 10140 10143 10110 10141 10143 10112 10110 10144 10111 10142 10144 10115 10113 10144 10113 10111 10145 10112 10143 10145 10114 10112 10145 10116 10114 10146 10115 10144 10147 10116 10145 10148 10115 10146 10148 10117 10115 10149 10116 10147 10149 10118 10116 10150 10117 10148 10150 10119 10117 10151 10118 10149 10151 10120 10118 10151 10122 10120 10152 10119 10150 10152 10121 10119 10153 10122 10151 10154 10121 10152 10154 10123 10121 10155 10124 5848 10155 5848 5850 10156 10122 10153 10156 10125 10122 10157 10123 10154 10157 10126 10123 10158 10127 10124 10158 10124 10155 10159 10128 10125 10159 5979 10128 10159 10125 10156 10159 5977 5979 10160 10129 10126 10160 10126 10157 10161 10130 10127 10161 10127 10158 10162 10131 10129 10162 10129 10160 10163 10132 10130 10163 10130 10161 10164 10133 10131 10164 10131 10162 10165 10132 10163 10165 10134 10132 10166 10135 10133 10166 10133 10164 10167 10134 10165 10167 10136 10134 10168 10135 10166 10168 10137 10135 10169 10136 10167 10169 10138 10136 10170 10139 10137 10170 10137 10168 10171 10140 10138 10171 10138 10169 10172 10139 10170 10172 10141 10139 10173 10142 10140 10173 10140 10171 10174 10141 10172 10174 10143 10141 10174 10145 10143 10175 10144 10142 10175 10142 10173 10176 10145 10174 10177 10144 10175 10177 10146 10144 10178 10147 10145 10178 10145 10176 10179 10146 10177 10179 10148 10146 10180 10147 10178 10180 10149 10147 10181 10150 10148 10181 10148 10179 10182 10149 10180 10182 10151 10149 10183 10150 10181 10183 10152 10150 10184 10153 10151 10184 10151 10182 10185 10152 10183 10185 10154 10152 10186 10155 5850 10186 5850 5852 10187 10153 10184 10187 10156 10153 10188 10154 10185 10188 10157 10154 10189 10155 10186 10189 10158 10155 10190 5980 5977 10190 10156 10187 10190 10159 10156 10190 5977 10159 10191 10160 10157 10191 10157 10188 10192 10161 10158 10192 10158 10189 10193 10162 10160 10193 10160 10191 10194 10161 10192 10194 10163 10161 10195 10164 10162 10195 10162 10193 10196 10165 10163 10196 10163 10194 10197 10166 10164 10197 10164 10195 10198 10165 10196 10198 10167 10165 10199 10168 10166 10199 10166 10197 10200 10169 10167 10200 10167 10198 10201 10168 10199 10201 10170 10168 10202 10171 10169 10202 10169 10200 10203 10172 10170 10203 10170 10201 10204 10173 10171 10204 10171 10202 10205 10172 10203 10205 10174 10172 10206 10175 10173 10206 10173 10204 10207 10176 10174 10207 10174 10205 10208 10175 10206 10208 10177 10175 10209 10176 10207 10209 10178 10176 10210 10177 10208 10210 10179 10177 10211 10180 10178 10211 10178 10209 10212 10179 10210 10212 10181 10179 10213 10180 10211 10213 10182 10180 10214 10181 10212 10214 10183 10181 10215 10182 10213 10215 10184 10182 10216 10183 10214 10216 10185 10183 10217 5852 5854 10217 10186 5852 10218 10184 10215 10218 10187 10184 10219 10185 10216 10219 10188 10185 10220 10186 10217 10220 10189 10186 10221 10187 10218 10221 5981 5980 10221 10190 10187 10221 5980 10190 10222 10188 10219 10222 10191 10188 10223 10192 10189 10223 10189 10220 10224 10193 10191 10224 10191 10222 10225 10194 10192 10225 10192 10223 10226 10195 10193 10226 10193 10224 10227 10194 10225 10227 10196 10194 10228 10197 10195 10228 10195 10226 10229 10198 10196 10229 10196 10227 10230 10199 10197 10230 10197 10228 10231 10200 10198 10231 10198 10229 10232 10201 10199 10232 10199 10230 10233 10200 10231 10233 10202 10200 10234 10201 10232 10234 10203 10201 10235 10204 10202 10235 10202 10233 10236 10205 10203 10236 10203 10234 10237 10204 10235 10237 10206 10204 10238 10205 10236 10238 10207 10205 10239 10206 10237 10239 10210 10208 10239 10208 10206 10240 10207 10238 10240 10209 10207 10241 10210 10239 10242 10209 10240 10242 10211 10209 10243 10210 10241 10243 10212 10210 10243 10214 10212 10244 10211 10242 10244 10213 10211 10245 10214 10243 10246 10215 10213 10246 10213 10244 10247 10214 10245 10247 10216 10214 10247 10219 10216 10248 10220 10217 10248 5854 5856 10248 10217 5854 10249 10215 10246 10249 10218 10215 10250 10219 10247 10250 10222 10219 10251 10220 10248 10252 10218 10249 10252 10221 10218 10252 5981 10221 10252 5983 5981 10253 10222 10250 10254 10220 10251 10254 10223 10220 10254 10225 10223 10255 10222 10253 10255 10224 10222 10256 10227 10225 10256 10225 10254 10257 10228 10226 10257 10224 10255 10257 10226 10224 10258 10227 10256 10259 10228 10257 10260 10227 10258 10260 10231 10229 10260 10229 10227 10261 10230 10228 10261 10228 10259 10262 10231 10260 10263 10234 10232 10263 10232 10230 10263 10230 10261 10264 10233 10231 10264 10235 10233 10264 10231 10262 10265 10234 10263 10266 10235 10264 10267 10234 10265 10267 10236 10234 10267 10238 10236 10268 10239 10237 10268 10237 10235 10268 10235 10266 10269 10238 10267 10269 10240 10238 10270 10239 10268 10271 10240 10269 10272 10239 10270 10272 10241 10239 10273 10240 10271 10273 10242 10240 10274 10243 10241 10274 10241 10272 10275 10242 10273 10275 10244 10242 10275 10246 10244 10276 10243 10274 10276 10245 10243 10277 10246 10275 10278 10245 10276 10278 10247 10245 10279 5856 5858 10279 10248 5856 10280 10246 10277 10280 10249 10246 10280 10252 10249 10281 10250 10247 10281 10247 10278 10282 10251 10248 10282 10254 10251 10282 10248 10279 10283 10252 10280 10283 5983 10252 10283 5984 5983 10284 10250 10281 10284 10253 10250 10285 10254 10282 10286 10253 10284 10286 10255 10253 10287 10256 10254 10287 10254 10285 10288 10255 10286 10288 10257 10255 10289 10256 10287 10289 10258 10256 10290 10257 10288 10290 10259 10257 10291 10258 10289 10291 10260 10258 10292 10261 10259 10292 10263 10261 10292 10259 10290 10293 10262 10260 10293 10260 10291 10294 10263 10292 10295 10264 10262 10295 10262 10293 10296 10265 10263 10296 10263 10294 10297 10264 10295 10297 10266 10264 10298 10265 10296 10298 10267 10265 10299 10266 10297 10299 10268 10266 10300 10269 10267 10300 10267 10298 10301 10270 10268 10301 10268 10299 10302 10271 10269 10302 10269 10300 10303 10270 10301 10303 10272 10270 10304 10271 10302 10304 10273 10271 10305 10274 10272 10305 10272 10303 10306 10273 10304 10306 10275 10273 10307 10274 10305 10307 10276 10274 10308 10277 10275 10308 10275 10306 10309 10276 10307 10309 10278 10276 10310 10282 10279 10310 5858 5860 10310 10279 5858 10311 10277 10308 10311 10280 10277 10312 10278 10309 10312 10281 10278 10313 10282 10310 10314 10280 10311 10314 10283 10280 10314 5984 10283 10314 5982 5984 10315 10281 10312 10315 10284 10281 10316 10282 10313 10316 10285 10282 10317 10286 10284 10317 10284 10315 10318 10287 10285 10318 10285 10316 10318 10289 10287 10319 10288 10286 10319 10286 10317 10320 10289 10318 10320 10291 10289 10321 10288 10319 10321 10290 10288 10322 10291 10320 10322 10293 10291 10323 10290 10321 10323 10292 10290 10324 10293 10322 10325 10294 10292 10325 10292 10323 10326 10297 10295 10326 10293 10324 10326 10295 10293 10327 10294 10325 10327 10296 10294 10328 10297 10326 10329 10298 10296 10329 10296 10327 10330 10297 10328 10330 10301 10299 10330 10299 10297 10331 10300 10298 10331 10298 10329 10332 10301 10330 10333 10302 10300 10333 10300 10331 10334 10301 10332 10334 10303 10301 10335 10302 10333 10335 10304 10302 10336 10305 10303 10336 10303 10334 10337 10306 10304 10337 10304 10335 10338 10307 10305 10338 10305 10336 10339 10306 10337 10339 10308 10306 10340 10309 10307 10340 10307 10338 10341 5863 8 10341 5860 5863 10341 10310 5860 10341 8 7 10342 10311 10308 10342 10308 10339 10343 10309 10340 10343 10312 10309 10344 10341 7 10344 10310 10341 10344 10313 10310 10344 7 11 10345 10311 10342 10345 10314 10311 10345 5982 10314 10345 5986 5982 10346 10315 10312 10346 10312 10343 10347 10313 10344 10347 10316 10313 10347 10344 11 10347 11 13 10347 13 15 10348 10315 10346 10348 10317 10315 10348 10319 10317 10349 10318 10316 10349 10316 10347 10349 10347 15 10349 15 17 10350 10319 10348 10351 10318 10349 10351 10349 17 10351 10320 10318 10352 10319 10350 10352 10321 10319 10353 17 19 10353 19 21 10353 10322 10320 10353 10320 10351 10353 10351 17 10354 10325 10323 10354 10321 10352 10354 10323 10321 10355 10322 10353 10355 10353 21 10355 10324 10322 10356 10325 10354 10357 21 23 10357 23 25 10357 10355 21 10357 10326 10324 10357 10324 10355 10358 10325 10356 10358 10327 10325 10359 10328 10326 10359 10357 25 10359 10326 10357 10360 10329 10327 10360 10327 10358 10361 10330 10328 10361 25 27 10361 27 29 10361 10328 10359 10361 10359 25 10362 10329 10360 10362 10331 10329 10363 29 31 10363 10332 10330 10363 10334 10332 10363 10361 29 10363 10330 10361 10364 10333 10331 10364 10331 10362 10365 10334 10363 10365 10363 31 10366 10335 10333 10366 10333 10364 10367 10365 31 10367 10334 10365 10367 10336 10334 10367 31 33 10367 33 35 10367 10338 10336 10368 10335 10366 10368 10337 10335 10368 10339 10337 10369 10338 10367 10369 10367 35 10370 10339 10368 10371 35 37 10371 37 41 10371 10369 35 10371 10340 10338 10371 10338 10369 10372 10342 10339 10372 10339 10370 10372 10345 10342 10373 41 44 10373 10343 10340 10373 10340 10371 10373 10346 10343 10373 10371 41 10374 10345 10372 10374 5986 10345 10374 5985 5986 10374 5987 5985 10375 10373 44 10375 10346 10373 10376 10348 10346 10376 44 47 10376 10375 44 10376 10350 10348 10376 10346 10375 10377 47 50 10377 50 53 10377 10352 10350 10377 10350 10376 10377 10376 47 10378 10377 53 10378 10352 10377 10379 53 56 10379 56 59 10379 10378 53 10379 10352 10378 10379 10354 10352 10380 10379 59 10380 59 62 10380 10354 10379 10380 10356 10354 10381 10380 62 10381 10356 10380 10381 10358 10356 10382 10362 10360 10382 62 65 10382 65 68 10382 10381 62 10382 10358 10381 10382 10360 10358 10383 68 71 10383 10362 10382 10383 10364 10362 10383 10382 68 10384 10383 71 10384 10364 10383 10385 10366 10364 10385 71 74 10385 10384 71 10385 10364 10384 10386 10366 10385 10386 10368 10366 10386 10370 10368 10386 74 77 10386 77 80 10386 10385 74 10387 10370 10386 10387 10386 80 10388 80 85 10388 85 89 10388 10372 10370 10388 10374 10372 10388 10387 80 10388 10370 10387 10389 5987 10374 10389 89 5987 10389 10388 89 10389 10374 10388</p>
        </triangles>
      </mesh>
    </geometry>
  </library_geometries>
  <library_visual_scenes>
    <visual_scene id="DefaultScene">
      <node id="node_09088795_2a21_448a_81db_03f649ffff2c" type="NODE">
        <matrix>1 0 0 0 0 1 0 0 0 0 1 0 0 0 0 1</matrix>
        <node id="node_a53c268b_da3f_4c64_be90_79f5a74ad919" type="NODE">
          <matrix>1 0 0 0 0 1 0 0 0 0 1 0 0 0 0 1</matrix>
          <node id="node_a53c268b_da3f_4c64_be90_79f5a74ad919_mesh0" type="NODE">
            <matrix>1 0 0 0 0 1 0 0 0 0 1 0 0 0 0 1</matrix>
            <instance_geometry url="#geometry_3a4ec7aa_dad5_4bb0_ac73_825aee84db67">
              <bind_material>
                <technique_common>
                  <instance_material symbol="mat_0" target="#mat_0"/>
                </technique_common>
              </bind_material>
            </instance_geometry>
          </node>
        </node>
      </node>
    </visual_scene>
  </library_visual_scenes>
  <scene>
    <instance_visual_scene url="#DefaultScene"/>
  </scene>
</COLLADA>
