<?xml version="1.0" encoding="UTF-8" standalone="no" ?>
<COLLADA xmlns="http://www.collada.org/2005/11/COLLADASchema" version="1.4.1">
    <asset>
        <contributor>
            <authoring_tool>SketchUp 6.0.515</authoring_tool>
        </contributor>
        <created>2019-12-06T23:33:22Z</created>
        <modified>2019-12-06T23:33:22Z</modified>
        <unit meter="0.0254" name="inch" />
        <up_axis>Z_UP</up_axis>
    </asset>
    <library_cameras>
        <camera id="ID1" name="skp_camera_Last_Saved_SketchUp_View">
            <optics>
                <technique_common>
                    <perspective>
                        <yfov>35</yfov>
                        <aspect_ratio>0</aspect_ratio>
                        <znear>1</znear>
                        <zfar>1000</zfar>
                    </perspective>
                </technique_common>
            </optics>
        </camera>
    </library_cameras>
    <library_visual_scenes>
        <visual_scene id="ID2">
            <node name="SketchUp">
                <node name="skp_camera_Last_Saved_SketchUp_View">
                    <matrix>0.9999744 -0.002420886 0.006731339 22.34087 0.007153434 0.3384143 -0.9409701 -48.85259 -4.336809e-19 0.9409941 0.3384229 23.33602 0 0 0 1</matrix>
                    <instance_camera url="#ID1" />
                </node>
                <node id="ID3" name="group_0">
                    <matrix>1 0 0 0 0 1 0 0 0 0 1 0 0 0 0 1</matrix>
                    <instance_geometry url="#ID4">
                        <bind_material>
                            <technique_common>
                                <instance_material symbol="Material2" target="#ID5">
                                    <bind_vertex_input semantic="UVSET0" input_semantic="TEXCOORD" input_set="0" />
                                </instance_material>
                                <instance_material symbol="Material3" target="#ID16">
                                    <bind_vertex_input semantic="UVSET0" input_semantic="TEXCOORD" input_set="0" />
                                </instance_material>
                                <instance_material symbol="Material4" target="#ID17">
                                    <bind_vertex_input semantic="UVSET0" input_semantic="TEXCOORD" input_set="0" />
                                </instance_material>
                            </technique_common>
                        </bind_material>
                    </instance_geometry>
                </node>
            </node>
        </visual_scene>
    </library_visual_scenes>
    <library_geometries>
        <geometry id="ID4">
            <mesh>
                <source id="ID10">
                    <float_array id="ID19" count="9522">30.76414 0.250156 0.7439613 30.0017 0.4869859 0.4869859 30.76414 0.4645533 0.4645533 30.0017 0.2776302 0.7598235 30.0017 0.2776302 0.7598235 30.76414 0.250156 0.7439613 30.0017 0.4869859 0.4869859 30.76414 0.4645533 0.4645533 30.0017 0.2776302 0.7598235 30.76414 0.250156 0.7439613 30.0017 0.4869859 0.4869859 30.76414 0.4645533 0.4645533 30.76414 0.1153802 1.069339 30.0017 0.1460237 1.07755 30.0017 0.1460237 1.07755 30.76414 0.1153802 1.069339 30.0017 0.1460237 1.07755 30.76414 0.1153802 1.069339 29.23945 0.5124535 0.5124535 29.23945 0.3088215 0.7778318 29.23945 0.3088215 0.7778318 29.23945 0.5124535 0.5124535 29.23945 0.3088215 0.7778318 29.23945 0.5124535 0.5124535 30.76414 0.7439613 0.250156 30.0017 0.7598235 0.2776302 30.76414 0.7439613 0.250156 30.0017 0.7598235 0.2776302 30.0017 0.7598235 0.2776302 30.76414 0.7439613 0.250156 31.52674 0.2263999 0.7302457 31.52674 0.4451565 0.4451565 31.52674 0.2263999 0.7302457 31.52674 0.4451565 0.4451565 31.52674 0.2263999 0.7302457 31.52674 0.4451565 0.4451565 30.76414 0.06941073 1.418512 30.0017 0.1011351 1.418512 30.0017 0.1011351 1.418512 30.76414 0.06941073 1.418512 30.0017 0.1011351 1.418512 30.76414 0.06941073 1.418512 29.23945 0.180813 1.086871 29.23945 0.180813 1.086871 29.23945 0.180813 1.086871 31.52674 0.08888372 1.062239 31.52674 0.08888372 1.062239 31.52674 0.08888372 1.062239 28.47742 0.5409553 0.5409553 28.47742 0.3437289 0.7979857 28.47742 0.3437289 0.7979857 28.47742 0.5409553 0.5409553 28.47742 0.3437289 0.7979857 28.47742 0.5409553 0.5409553 29.23945 0.7778318 0.3088215 29.23945 0.7778318 0.3088215 29.23945 0.7778318 0.3088215 30.76414 1.069339 0.1153802 30.0017 1.07755 0.1460237 30.76414 1.069339 0.1153802 30.0017 1.07755 0.1460237 30.0017 1.07755 0.1460237 30.76414 1.069339 0.1153802 31.52674 0.7302457 0.2263999 31.52674 0.7302457 0.2263999 31.52674 0.7302457 0.2263999 32.28949 0.2063625 0.7186771 32.28949 0.4287961 0.4287961 32.28949 0.2063625 0.7186771 32.28949 0.4287961 0.4287961 32.28949 0.2063625 0.7186771 32.28949 0.4287961 0.4287961 30.76414 0.1153802 1.767685 30.0017 0.1460237 1.759474 30.0017 0.1460237 1.759474 30.76414 0.1153802 1.767685 30.0017 0.1460237 1.759474 30.76414 0.1153802 1.767685 29.23945 0.1371518 1.418512 29.23945 0.1371518 1.418512 29.23945 0.1371518 1.418512 31.52674 0.04197951 1.418512 31.52674 0.04197951 1.418512 31.52674 0.04197951 1.418512 28.47742 0.2197472 1.097304 28.47742 0.2197472 1.097304 28.47742 0.2197472 1.097304 32.28949 0.06653494 1.056251 32.28949 0.06653494 1.056251 32.28949 0.06653494 1.056251 27.71563 0.5724904 0.5724904 27.71563 0.3823514 0.8202844 27.71563 0.3823514 0.8202844 27.71563 0.5724904 0.5724904 27.71563 0.3823514 0.8202844 27.71563 0.5724904 0.5724904 28.47742 0.7979857 0.3437289 28.47742 0.7979857 0.3437289 28.47742 0.7979857 0.3437289 29.23945 1.086871 0.180813 29.23945 1.086871 0.180813 29.23945 1.086871 0.180813 30.76414 1.418512 0.06941073 30.0017 1.418512 0.1011351 30.76414 1.418512 0.06941073 30.0017 1.418512 0.1011351 30.0017 1.418512 0.1011351 30.76414 1.418512 0.06941073 31.52674 1.062239 0.08888372 31.52674 1.062239 0.08888372 31.52674 1.062239 0.08888372 32.28949 0.7186771 0.2063625 32.28949 0.7186771 0.2063625 32.28949 0.7186771 0.2063625 33.05235 0.1900446 0.709256 33.05235 0.4154725 0.4154725 33.05235 0.1900446 0.709256 33.05235 0.4154725 0.4154725 33.05235 0.1900446 0.709256 33.05235 0.4154725 0.4154725 30.0017 0.2776302 2.0772 30.76414 0.250156 2.093063 30.76414 0.250156 2.093063 30.0017 0.2776302 2.0772 30.0017 0.2776302 2.0772 30.76414 0.250156 2.093063 29.23945 0.180813 1.750152 29.23945 0.180813 1.750152 29.23945 0.180813 1.750152 31.52674 0.08888372 1.774785 31.52674 0.08888372 1.774785 31.52674 0.08888372 1.774785 28.47742 0.1774594 1.418512 28.47742 0.1774594 1.418512 28.47742 0.1774594 1.418512 32.28949 0.01884236 1.418512 32.28949 0.01884236 1.418512 32.28949 0.01884236 1.418512 27.71563 0.2628251 1.108847 27.71563 0.2628251 1.108847 27.71563 0.2628251 1.108847 33.05235 0.04833462 1.051374 33.05235 0.04833462 1.051374 33.05235 0.04833462 1.051374 26.9541 0.6070579 0.6070579 26.9541 0.4246877 0.8447273 26.9541 0.4246877 0.8447273 26.9541 0.6070579 0.6070579 26.9541 0.4246877 0.8447273 26.9541 0.6070579 0.6070579 27.71563 0.8202844 0.3823514 27.71563 0.8202844 0.3823514 27.71563 0.8202844 0.3823514 28.47742 1.097304 0.2197472 28.47742 1.097304 0.2197472 28.47742 1.097304 0.2197472 29.23945 1.418512 0.1371518 29.23945 1.418512 0.1371518 29.23945 1.418512 0.1371518 30.76414 1.767685 0.1153802 30.0017 1.759474 0.1460237 30.76414 1.767685 0.1153802 30.0017 1.759474 0.1460237 30.0017 1.759474 0.1460237 30.76414 1.767685 0.1153802 31.52674 1.418512 0.04197951 31.52674 1.418512 0.04197951 31.52674 1.418512 0.04197951 32.28949 1.056251 0.06653494 32.28949 1.056251 0.06653494 32.28949 1.056251 0.06653494 33.05235 0.709256 0.1900446 33.05235 0.709256 0.1900446 33.05235 0.709256 0.1900446 40.16548 0.1900446 0.709256 40.16548 0.4154725 0.4154725 40.16548 0.1900446 0.709256 40.16548 0.4154725 0.4154725 40.16548 0.1900446 0.709256 40.16548 0.4154725 0.4154725 30.0017 0.4869859 2.350038 30.76414 0.4645533 2.372471 30.76414 0.4645533 2.372471 30.0017 0.4869859 2.350038 30.0017 0.4869859 2.350038 30.76414 0.4645533 2.372471 29.23945 0.3088215 2.059192 29.23945 0.3088215 2.059192 29.23945 0.3088215 2.059192 31.52674 0.2263999 2.106778 31.52674 0.2263999 2.106778 31.52674 0.2263999 2.106778 28.47742 0.2197472 1.73972 28.47742 0.2197472 1.73972 28.47742 0.2197472 1.73972 32.28949 0.06653494 1.780773 32.28949 0.06653494 1.780773 32.28949 0.06653494 1.780773 27.71563 0.2220568 1.418512 27.71563 0.2220568 1.418512 27.71563 0.2220568 1.418512 33.05235 0 1.418512 33.05235 0 1.418512 33.05235 0 1.418512 26.9541 0.3100451 1.121499 26.9541 0.3100451 1.121499 26.9541 0.3100451 1.121499 40.16548 0.04833462 1.051374 40.16548 0.04833462 1.051374 40.16548 0.04833462 1.051374 26.19286 0.6446566 0.6446566 26.19286 0.4707366 0.8713136 26.19286 0.4707366 0.8713136 26.19286 0.6446566 0.6446566 26.19286 0.4707366 0.8713136 26.19286 0.6446566 0.6446566 26.9541 0.8447273 0.4246877 26.9541 0.8447273 0.4246877 26.9541 0.8447273 0.4246877 27.71563 1.108847 0.2628251 27.71563 1.108847 0.2628251 27.71563 1.108847 0.2628251 28.47742 1.418512 0.1774594 28.47742 1.418512 0.1774594 28.47742 1.418512 0.1774594 29.23945 1.750152 0.180813 29.23945 1.750152 0.180813 29.23945 1.750152 0.180813 30.76414 2.093063 0.250156 30.0017 2.0772 0.2776302 30.76414 2.093063 0.250156 30.0017 2.0772 0.2776302 30.0017 2.0772 0.2776302 30.76414 2.093063 0.250156 31.52674 1.774785 0.08888372 31.52674 1.774785 0.08888372 31.52674 1.774785 0.08888372 32.28949 1.418512 0.01884236 32.28949 1.418512 0.01884236 32.28949 1.418512 0.01884236 33.05235 1.051374 0.04833462 33.05235 1.051374 0.04833462 33.05235 1.051374 0.04833462 40.16548 0.709256 0.1900446 40.16548 0.709256 0.1900446 40.16548 0.709256 0.1900446 40.379 0.4496503 0.4496503 40.379 0.2319036 0.7334233 40.379 0.2319036 0.7334233 40.379 0.4496503 0.4496503 40.379 0.2319036 0.7334233 40.379 0.4496503 0.4496503 30.0017 0.7598235 2.559394 30.76414 0.7439613 2.586868 30.76414 0.7439613 2.586868 30.0017 0.7598235 2.559394 30.0017 0.7598235 2.559394 30.76414 0.7439613 2.586868 29.23945 0.5124535 2.32457 29.23945 0.5124535 2.32457 29.23945 0.5124535 2.32457 31.52674 0.4451565 2.391867 31.52674 0.4451565 2.391867 31.52674 0.4451565 2.391867 28.47742 0.3437289 2.039038 28.47742 0.3437289 2.039038 28.47742 0.3437289 2.039038 32.28949 0.2063625 2.118347 32.28949 0.2063625 2.118347 32.28949 0.2063625 2.118347 27.71563 0.2628251 1.728177 27.71563 0.2628251 1.728177 27.71563 0.2628251 1.728177 33.05235 0.04833462 1.78565 33.05235 0.04833462 1.78565 33.05235 0.04833462 1.78565 26.9541 0.2709426 1.418512 26.9541 0.2709426 1.418512 26.9541 0.2709426 1.418512 40.16548 0 1.418512 40.16548 0 1.418512 40.16548 0 1.418512 26.19286 0.3614059 1.135261 26.19286 0.3614059 1.135261 26.19286 0.3614059 1.135261 40.379 0.09502228 1.063884 40.379 0.09502228 1.063884 40.379 0.09502228 1.063884 25.43193 0.6852853 0.6852853 25.43193 0.5204964 0.9000424 25.43193 0.5204964 0.9000424 25.43193 0.6852853 0.6852853 25.43193 0.5204964 0.9000424 25.43193 0.6852853 0.6852853 26.19286 0.8713136 0.4707366 26.19286 0.8713136 0.4707366 26.19286 0.8713136 0.4707366 26.9541 1.121499 0.3100451 26.9541 1.121499 0.3100451 26.9541 1.121499 0.3100451 27.71563 1.418512 0.2220568 27.71563 1.418512 0.2220568 27.71563 1.418512 0.2220568 28.47742 1.73972 0.2197472 28.47742 1.73972 0.2197472 28.47742 1.73972 0.2197472 29.23945 2.059192 0.3088215 29.23945 2.059192 0.3088215 29.23945 2.059192 0.3088215 30.76414 2.372471 0.4645533 30.0017 2.350038 0.4869859 30.76414 2.372471 0.4645533 30.0017 2.350038 0.4869859 30.0017 2.350038 0.4869859 30.76414 2.372471 0.4645533 31.52674 2.106778 0.2263999 31.52674 2.106778 0.2263999 31.52674 2.106778 0.2263999 32.28949 1.780773 0.06653494 32.28949 1.780773 0.06653494 32.28949 1.780773 0.06653494 33.05235 1.418512 0 33.05235 1.418512 0 33.05235 1.418512 0 40.16548 1.051374 0.04833462 40.16548 1.051374 0.04833462 40.16548 1.051374 0.04833462 40.379 0.7334233 0.2319036 40.379 0.7334233 0.2319036 40.379 0.7334233 0.2319036 40.57798 0.5498543 0.5498543 40.57798 0.354628 0.8042782 40.57798 0.354628 0.8042782 40.57798 0.5498543 0.5498543 40.57798 0.354628 0.8042782 40.57798 0.5498543 0.5498543 30.0017 1.07755 2.691 30.76414 1.069339 2.721644 30.76414 1.069339 2.721644 30.0017 1.07755 2.691 30.0017 1.07755 2.691 30.76414 1.069339 2.721644 29.23945 0.7778318 2.528202 29.23945 0.7778318 2.528202 29.23945 0.7778318 2.528202 31.52674 0.7302457 2.610624 31.52674 0.7302457 2.610624 31.52674 0.7302457 2.610624 28.47742 0.5409553 2.296069 28.47742 0.5409553 2.296069 28.47742 0.5409553 2.296069 32.28949 0.4287961 2.408228 32.28949 0.4287961 2.408228 32.28949 0.4287961 2.408228 27.71563 0.3823514 2.016739 27.71563 0.3823514 2.016739 27.71563 0.3823514 2.016739 33.05235 0.1900446 2.127768 33.05235 0.1900446 2.127768 33.05235 0.1900446 2.127768 26.9541 0.3100451 1.715525 26.9541 0.3100451 1.715525 26.9541 0.3100451 1.715525 40.16548 0.04833462 1.78565 40.16548 0.04833462 1.78565 40.16548 0.04833462 1.78565 26.19286 0.3241152 1.418512 26.19286 0.3241152 1.418512 26.19286 0.3241152 1.418512 40.379 0.04833462 1.418512 40.379 0.04833462 1.418512 40.379 0.04833462 1.418512 25.43193 0.4169058 1.150132 25.43193 0.4169058 1.150132 25.43193 0.4169058 1.150132 40.57798 0.2319036 1.100561 40.57798 0.2319036 1.100561 40.57798 0.2319036 1.100561 24.67134 0.7289428 0.7289428 24.67134 0.5739657 0.9309129 24.67134 0.5739657 0.9309129 24.67134 0.7289428 0.7289428 24.67134 0.5739657 0.9309129 24.67134 0.7289428 0.7289428 25.43193 0.9000424 0.5204964 25.43193 0.9000424 0.5204964 25.43193 0.9000424 0.5204964 26.19286 1.135261 0.3614059 26.19286 1.135261 0.3614059 26.19286 1.135261 0.3614059 26.9541 1.418512 0.2709426 26.9541 1.418512 0.2709426 26.9541 1.418512 0.2709426 27.71563 1.728177 0.2628251 27.71563 1.728177 0.2628251 27.71563 1.728177 0.2628251 28.47742 2.039038 0.3437289 28.47742 2.039038 0.3437289 28.47742 2.039038 0.3437289 29.23945 2.32457 0.5124535 29.23945 2.32457 0.5124535 29.23945 2.32457 0.5124535 30.76414 2.586868 0.7439613 30.0017 2.559394 0.7598235 30.0017 2.559394 0.7598235 30.76414 2.586868 0.7439613 30.0017 2.559394 0.7598235 30.76414 2.586868 0.7439613 31.52674 2.391867 0.4451565 31.52674 2.391867 0.4451565 31.52674 2.391867 0.4451565 32.28949 2.118347 0.2063625 32.28949 2.118347 0.2063625 32.28949 2.118347 0.2063625 33.05235 1.78565 0.04833462 33.05235 1.78565 0.04833462 33.05235 1.78565 0.04833462 40.16548 1.418512 0 40.16548 1.418512 0 40.16548 1.418512 0 40.379 1.063884 0.09502228 40.379 1.063884 0.09502228 40.379 1.063884 0.09502228 40.57798 0.8042782 0.354628 40.57798 0.8042782 0.354628 40.57798 0.8042782 0.354628 40.74884 0.5498543 0.9169922 40.74884 0.709256 0.709256 40.74884 0.709256 0.709256 40.74884 0.5498543 0.9169922 40.74884 0.5498543 0.9169922 40.74884 0.709256 0.709256 30.0017 1.418512 2.735889 30.76414 1.418512 2.767613 30.76414 1.418512 2.767613 30.0017 1.418512 2.735889 30.0017 1.418512 2.735889 30.76414 1.418512 2.767613 29.23945 1.086871 2.656211 29.23945 1.086871 2.656211 29.23945 1.086871 2.656211 31.52674 1.062239 2.74814 31.52674 1.062239 2.74814 31.52674 1.062239 2.74814 28.47742 0.7979857 2.493295 28.47742 0.7979857 2.493295 28.47742 0.7979857 2.493295 32.28949 0.7186771 2.630661 32.28949 0.7186771 2.630661 32.28949 0.7186771 2.630661 27.71563 0.5724904 2.264533 27.71563 0.5724904 2.264533 27.71563 0.5724904 2.264533 33.05235 0.4154725 2.421551 33.05235 0.4154725 2.421551 33.05235 0.4154725 2.421551 26.9541 0.4246877 1.992297 26.9541 0.4246877 1.992297 26.9541 0.4246877 1.992297 40.16548 0.1900446 2.127768 40.16548 0.1900446 2.127768 40.16548 0.1900446 2.127768 26.19286 0.3614059 1.701763 26.19286 0.3614059 1.701763 26.19286 0.3614059 1.701763 40.379 0.09502228 1.77314 40.379 0.09502228 1.77314 40.379 0.09502228 1.77314 25.43193 0.3815729 1.418512 25.43193 0.3815729 1.418512 25.43193 0.3815729 1.418512 40.57798 0.1900446 1.418512 40.57798 0.1900446 1.418512 40.57798 0.1900446 1.418512 24.67134 0.476543 1.166112 24.67134 0.476543 1.166112 24.67134 0.476543 1.166112 40.74884 0.4496503 1.158906 40.74884 0.4496503 1.158906 40.74884 0.4496503 1.158906 23.9111 0.7756277 0.7756277 23.9111 0.6311427 0.9639241 23.9111 0.6311427 0.9639241 23.9111 0.7756277 0.7756277 23.9111 0.6311427 0.9639241 23.9111 0.7756277 0.7756277 24.67134 0.9309129 0.5739657 24.67134 0.9309129 0.5739657 24.67134 0.9309129 0.5739657 25.43193 1.150132 0.4169058 25.43193 1.150132 0.4169058 25.43193 1.150132 0.4169058 26.19286 1.418512 0.3241152 26.19286 1.418512 0.3241152 26.19286 1.418512 0.3241152 26.9541 1.715525 0.3100451 26.9541 1.715525 0.3100451 26.9541 1.715525 0.3100451 27.71563 2.016739 0.3823514 27.71563 2.016739 0.3823514 27.71563 2.016739 0.3823514 28.47742 2.296069 0.5409553 28.47742 2.296069 0.5409553 28.47742 2.296069 0.5409553 29.23945 2.528202 0.7778318 29.23945 2.528202 0.7778318 29.23945 2.528202 0.7778318 30.76414 2.721644 1.069339 30.0017 2.691 1.07755 30.0017 2.691 1.07755 30.76414 2.721644 1.069339 30.0017 2.691 1.07755 30.76414 2.721644 1.069339 31.52674 2.610624 0.7302457 31.52674 2.610624 0.7302457 31.52674 2.610624 0.7302457 32.28949 2.408228 0.4287961 32.28949 2.408228 0.4287961 32.28949 2.408228 0.4287961 33.05235 2.127768 0.1900446 33.05235 2.127768 0.1900446 33.05235 2.127768 0.1900446 40.16548 1.78565 0.04833462 40.16548 1.78565 0.04833462 40.16548 1.78565 0.04833462 40.379 1.418512 0.04833462 40.379 1.418512 0.04833462 40.379 1.418512 0.04833462 40.57798 1.100561 0.2319036 40.57798 1.100561 0.2319036 40.57798 1.100561 0.2319036 40.74884 0.9169922 0.5498543 40.74884 0.9169922 0.5498543 40.74884 0.9169922 0.5498543 40.87995 0.8042782 1.063884 40.87995 0.9169922 0.9169922 40.87995 0.9169922 0.9169922 40.87995 0.8042782 1.063884 40.87995 0.8042782 1.063884 40.87995 0.9169922 0.9169922 30.0017 1.759474 2.691 30.76414 1.767685 2.721644 30.76414 1.767685 2.721644 30.0017 1.759474 2.691 30.0017 1.759474 2.691 30.76414 1.767685 2.721644 29.23945 1.418512 2.699872 29.23945 1.418512 2.699872 29.23945 1.418512 2.699872 31.52674 1.418512 2.795044 31.52674 1.418512 2.795044 31.52674 1.418512 2.795044 28.47742 1.097304 2.617277 28.47742 1.097304 2.617277 28.47742 1.097304 2.617277 32.28949 1.056251 2.770489 32.28949 1.056251 2.770489 32.28949 1.056251 2.770489 27.71563 0.8202844 2.454672 27.71563 0.8202844 2.454672 27.71563 0.8202844 2.454672 33.05235 0.709256 2.646979 33.05235 0.709256 2.646979 33.05235 0.709256 2.646979 26.9541 0.6070579 2.229966 26.9541 0.6070579 2.229966 26.9541 0.6070579 2.229966 40.16548 0.4154725 2.421551 40.16548 0.4154725 2.421551 40.16548 0.4154725 2.421551 26.19286 0.4707366 1.96571 26.19286 0.4707366 1.96571 26.19286 0.4707366 1.96571 40.379 0.2319036 2.103601 40.379 0.2319036 2.103601 40.379 0.2319036 2.103601 25.43193 0.4169058 1.686891 25.43193 0.4169058 1.686891 25.43193 0.4169058 1.686891 40.57798 0.2319036 1.736463 40.57798 0.2319036 1.736463 40.57798 0.2319036 1.736463 24.67134 0.4433139 1.418512 24.67134 0.4433139 1.418512 24.67134 0.4433139 1.418512 40.74884 0.4154725 1.418512 40.74884 0.4154725 1.418512 40.74884 0.4154725 1.418512 23.9111 0.5403157 1.1832 23.9111 0.5403157 1.1832 23.9111 0.5403157 1.1832 40.87995 0.7334233 1.234943 40.87995 0.7334233 1.234943 40.87995 0.7334233 1.234943 23.32236 0.8113989 0.8113989 23.32236 0.6749534 0.9892182 23.32236 0.6749534 0.9892182 23.32236 0.8113989 0.8113989 23.32236 0.6749534 0.9892182 23.32236 0.8113989 0.8113989 23.9111 0.9639241 0.6311427 23.9111 0.9639241 0.6311427 23.9111 0.9639241 0.6311427 24.67134 1.166112 0.476543 24.67134 1.166112 0.476543 24.67134 1.166112 0.476543 25.43193 1.418512 0.3815729 25.43193 1.418512 0.3815729 25.43193 1.418512 0.3815729 26.19286 1.701763 0.3614059 26.19286 1.701763 0.3614059 26.19286 1.701763 0.3614059 26.9541 1.992297 0.4246877 26.9541 1.992297 0.4246877 26.9541 1.992297 0.4246877 27.71563 2.264533 0.5724904 27.71563 2.264533 0.5724904 27.71563 2.264533 0.5724904 28.47742 2.493295 0.7979857 28.47742 2.493295 0.7979857 28.47742 2.493295 0.7979857 29.23945 2.656211 1.086871 29.23945 2.656211 1.086871 29.23945 2.656211 1.086871 30.76414 2.767613 1.418512 30.0017 2.735889 1.418512 30.0017 2.735889 1.418512 30.76414 2.767613 1.418512 30.0017 2.735889 1.418512 30.76414 2.767613 1.418512 31.52674 2.74814 1.062239 31.52674 2.74814 1.062239 31.52674 2.74814 1.062239 32.28949 2.630661 0.7186771 32.28949 2.630661 0.7186771 32.28949 2.630661 0.7186771 33.05235 2.421551 0.4154725 33.05235 2.421551 0.4154725 33.05235 2.421551 0.4154725 40.16548 2.127768 0.1900446 40.16548 2.127768 0.1900446 40.16548 2.127768 0.1900446 40.379 1.77314 0.09502228 40.379 1.77314 0.09502228 40.379 1.77314 0.09502228 40.57798 1.418512 0.1900446 40.57798 1.418512 0.1900446 40.57798 1.418512 0.1900446 40.74884 1.158906 0.4496503 40.74884 1.158906 0.4496503 40.74884 1.158906 0.4496503 40.87995 1.063884 0.8042782 40.87995 1.063884 0.8042782 40.87995 1.063884 0.8042782 40.96237 1.100561 1.234943 40.96237 1.158906 1.158906 40.96237 1.158906 1.158906 40.96237 1.100561 1.234943 40.96237 1.100561 1.234943 40.96237 1.158906 1.158906 30.0017 2.0772 2.559394 30.76414 2.093063 2.586868 30.76414 2.093063 2.586868 30.0017 2.0772 2.559394 30.0017 2.0772 2.559394 30.76414 2.093063 2.586868 29.23945 1.750152 2.656211 29.23945 1.750152 2.656211 29.23945 1.750152 2.656211 31.52674 1.774785 2.74814 31.52674 1.774785 2.74814 31.52674 1.774785 2.74814 28.47742 1.418512 2.659564 28.47742 1.418512 2.659564 28.47742 1.418512 2.659564 32.28949 1.418512 2.818181 32.28949 1.418512 2.818181 32.28949 1.418512 2.818181 27.71563 1.108847 2.574199 27.71563 1.108847 2.574199 27.71563 1.108847 2.574199 33.05235 1.051374 2.788689 33.05235 1.051374 2.788689 33.05235 1.051374 2.788689 26.9541 0.8447273 2.412336 26.9541 0.8447273 2.412336 26.9541 0.8447273 2.412336 40.16548 0.709256 2.646979 40.16548 0.709256 2.646979 40.16548 0.709256 2.646979 26.19286 0.6446566 2.192367 26.19286 0.6446566 2.192367 26.19286 0.6446566 2.192367 40.379 0.4496503 2.387374 40.379 0.4496503 2.387374 40.379 0.4496503 2.387374 25.43193 0.5204964 1.936981 25.43193 0.5204964 1.936981 25.43193 0.5204964 1.936981 40.57798 0.354628 2.032746 40.57798 0.354628 2.032746 40.57798 0.354628 2.032746 24.67134 0.476543 1.670912 24.67134 0.476543 1.670912 24.67134 0.476543 1.670912 40.74884 0.4496503 1.678118 40.74884 0.4496503 1.678118 40.74884 0.4496503 1.678118 23.9111 0.5093363 1.418512 23.9111 0.5093363 1.418512 23.9111 0.5093363 1.418512 40.87995 0.709256 1.418512 40.87995 0.709256 1.418512 40.87995 0.709256 1.418512 23.32236 0.5891802 1.196293 23.32236 0.5891802 1.196293 23.32236 0.5891802 1.196293 40.96237 1.063884 1.32349 40.96237 1.063884 1.32349 40.96237 1.063884 1.32349 22.73326 0.8440663 0.8440663 22.73326 0.7149626 1.012318 22.73326 0.7149626 1.012318 22.73326 0.8440663 0.8440663 22.73326 0.7149626 1.012318 22.73326 0.8440663 0.8440663 23.32236 0.9892182 0.6749534 23.32236 0.9892182 0.6749534 23.32236 0.9892182 0.6749534 23.9111 1.1832 0.5403157 23.9111 1.1832 0.5403157 23.9111 1.1832 0.5403157 24.67134 1.418512 0.4433139 24.67134 1.418512 0.4433139 24.67134 1.418512 0.4433139 25.43193 1.686891 0.4169058 25.43193 1.686891 0.4169058 25.43193 1.686891 0.4169058 26.19286 1.96571 0.4707366 26.19286 1.96571 0.4707366 26.19286 1.96571 0.4707366 26.9541 2.229966 0.6070579 26.9541 2.229966 0.6070579 26.9541 2.229966 0.6070579 27.71563 2.454672 0.8202844 27.71563 2.454672 0.8202844 27.71563 2.454672 0.8202844 28.47742 2.617277 1.097304 28.47742 2.617277 1.097304 28.47742 2.617277 1.097304 29.23945 2.699872 1.418512 29.23945 2.699872 1.418512 29.23945 2.699872 1.418512 30.76414 2.721644 1.767685 30.0017 2.691 1.759474 30.0017 2.691 1.759474 30.76414 2.721644 1.767685 30.0017 2.691 1.759474 30.76414 2.721644 1.767685 31.52674 2.795044 1.418512 31.52674 2.795044 1.418512 31.52674 2.795044 1.418512 32.28949 2.770489 1.056251 32.28949 2.770489 1.056251 32.28949 2.770489 1.056251 33.05235 2.646979 0.709256 33.05235 2.646979 0.709256 33.05235 2.646979 0.709256 40.16548 2.421551 0.4154725 40.16548 2.421551 0.4154725 40.16548 2.421551 0.4154725 40.379 2.103601 0.2319036 40.379 2.103601 0.2319036 40.379 2.103601 0.2319036 40.57798 1.736463 0.2319036 40.57798 1.736463 0.2319036 40.57798 1.736463 0.2319036 40.74884 1.418512 0.4154725 40.74884 1.418512 0.4154725 40.74884 1.418512 0.4154725 40.87995 1.234943 0.7334233 40.87995 1.234943 0.7334233 40.87995 1.234943 0.7334233 40.96237 1.234943 1.100561 40.96237 1.234943 1.100561 40.96237 1.234943 1.100561 40.99048 1.418512 1.418512 40.99048 1.418512 1.418512 40.99048 1.418512 1.418512 30.0017 2.350038 2.350038 30.76414 2.372471 2.372471 30.76414 2.372471 2.372471 30.0017 2.350038 2.350038 30.0017 2.350038 2.350038 30.76414 2.372471 2.372471 29.23945 2.059192 2.528202 29.23945 2.059192 2.528202 29.23945 2.059192 2.528202 31.52674 2.106778 2.610624 31.52674 2.106778 2.610624 31.52674 2.106778 2.610624 28.47742 1.73972 2.617277 28.47742 1.73972 2.617277 28.47742 1.73972 2.617277 32.28949 1.780773 2.770489 32.28949 1.780773 2.770489 32.28949 1.780773 2.770489 27.71563 1.418512 2.614967 27.71563 1.418512 2.614967 27.71563 1.418512 2.614967 33.05235 1.418512 2.837024 33.05235 1.418512 2.837024 33.05235 1.418512 2.837024 26.9541 1.121499 2.526979 26.9541 1.121499 2.526979 26.9541 1.121499 2.526979 40.16548 1.051374 2.788689 40.16548 1.051374 2.788689 40.16548 1.051374 2.788689 26.19286 0.8713136 2.366287 26.19286 0.8713136 2.366287 26.19286 0.8713136 2.366287 40.379 0.7334233 2.60512 40.379 0.7334233 2.60512 40.379 0.7334233 2.60512 25.43193 0.6852853 2.151739 25.43193 0.6852853 2.151739 25.43193 0.6852853 2.151739 40.57798 0.5498543 2.28717 40.57798 0.5498543 2.28717 40.57798 0.5498543 2.28717 24.67134 0.5739657 1.906111 24.67134 0.5739657 1.906111 24.67134 0.5739657 1.906111 40.74884 0.5498543 1.920032 40.74884 0.5498543 1.920032 40.74884 0.5498543 1.920032 23.9111 0.5403157 1.653824 23.9111 0.5403157 1.653824 23.9111 0.5403157 1.653824 40.87995 0.7334233 1.602081 40.87995 0.7334233 1.602081 40.87995 0.7334233 1.602081 23.32236 0.5599245 1.418512 23.32236 0.5599245 1.418512 23.32236 0.5599245 1.418512 40.96237 1.051374 1.418512 40.96237 1.051374 1.418512 40.96237 1.051374 1.418512 22.73326 0.6338046 1.20825 22.73326 0.6338046 1.20825 22.73326 0.6338046 1.20825 22.14383 0.873628 0.873628 22.14383 0.7511681 1.033221 22.14383 0.7511681 1.033221 22.14383 0.873628 0.873628 22.14383 0.7511681 1.033221 22.14383 0.873628 0.873628 22.73326 1.012318 0.7149626 22.73326 1.012318 0.7149626 22.73326 1.012318 0.7149626 23.32236 1.196293 0.5891802 23.32236 1.196293 0.5891802 23.32236 1.196293 0.5891802 23.9111 1.418512 0.5093363 23.9111 1.418512 0.5093363 23.9111 1.418512 0.5093363 24.67134 1.670912 0.476543 24.67134 1.670912 0.476543 24.67134 1.670912 0.476543 25.43193 1.936981 0.5204964 25.43193 1.936981 0.5204964 25.43193 1.936981 0.5204964 26.19286 2.192367 0.6446566 26.19286 2.192367 0.6446566 26.19286 2.192367 0.6446566 26.9541 2.412336 0.8447273 26.9541 2.412336 0.8447273 26.9541 2.412336 0.8447273 27.71563 2.574199 1.108847 27.71563 2.574199 1.108847 27.71563 2.574199 1.108847 28.47742 2.659564 1.418512 28.47742 2.659564 1.418512 28.47742 2.659564 1.418512 29.23945 2.656211 1.750152 29.23945 2.656211 1.750152 29.23945 2.656211 1.750152 30.0017 2.559394 2.0772 30.76414 2.586868 2.093063 30.76414 2.586868 2.093063 30.0017 2.559394 2.0772 30.0017 2.559394 2.0772 30.76414 2.586868 2.093063 31.52674 2.74814 1.774785 31.52674 2.74814 1.774785 31.52674 2.74814 1.774785 32.28949 2.818181 1.418512 32.28949 2.818181 1.418512 32.28949 2.818181 1.418512 33.05235 2.788689 1.051374 33.05235 2.788689 1.051374 33.05235 2.788689 1.051374 40.16548 2.646979 0.709256 40.16548 2.646979 0.709256 40.16548 2.646979 0.709256 40.379 2.387374 0.4496503 40.379 2.387374 0.4496503 40.379 2.387374 0.4496503 40.57798 2.032746 0.354628 40.57798 2.032746 0.354628 40.57798 2.032746 0.354628 40.74884 1.678118 0.4496503 40.74884 1.678118 0.4496503 40.74884 1.678118 0.4496503 40.87995 1.418512 0.709256 40.87995 1.418512 0.709256 40.87995 1.418512 0.709256 40.96237 1.32349 1.063884 40.96237 1.32349 1.063884 40.96237 1.32349 1.063884 29.23945 2.32457 2.32457 29.23945 2.32457 2.32457 29.23945 2.32457 2.32457 31.52674 2.391867 2.391867 31.52674 2.391867 2.391867 31.52674 2.391867 2.391867 28.47742 2.039038 2.493295 28.47742 2.039038 2.493295 28.47742 2.039038 2.493295 32.28949 2.118347 2.630661 32.28949 2.118347 2.630661 32.28949 2.118347 2.630661 27.71563 1.728177 2.574199 27.71563 1.728177 2.574199 27.71563 1.728177 2.574199 33.05235 1.78565 2.788689 33.05235 1.78565 2.788689 33.05235 1.78565 2.788689 26.9541 1.418512 2.566081 26.9541 1.418512 2.566081 26.9541 1.418512 2.566081 40.16548 1.418512 2.837024 40.16548 1.418512 2.837024 40.16548 1.418512 2.837024 26.19286 1.135261 2.475618 26.19286 1.135261 2.475618 26.19286 1.135261 2.475618 40.379 1.063884 2.742002 40.379 1.063884 2.742002 40.379 1.063884 2.742002 25.43193 0.9000424 2.316527 25.43193 0.9000424 2.316527 25.43193 0.9000424 2.316527 40.57798 0.8042782 2.482396 40.57798 0.8042782 2.482396 40.57798 0.8042782 2.482396 24.67134 0.7289428 2.108081 24.67134 0.7289428 2.108081 24.67134 0.7289428 2.108081 40.74884 0.709256 2.127768 40.74884 0.709256 2.127768 40.74884 0.709256 2.127768 23.9111 0.6311427 1.8731 23.9111 0.6311427 1.8731 23.9111 0.6311427 1.8731 40.87995 0.8042782 1.77314 40.87995 0.8042782 1.77314 40.87995 0.8042782 1.77314 23.32236 0.5891802 1.640731 23.32236 0.5891802 1.640731 23.32236 0.5891802 1.640731 40.96237 1.063884 1.513534 40.96237 1.063884 1.513534 40.96237 1.063884 1.513534 22.73326 0.6061232 1.418512 22.73326 0.6061232 1.418512 22.73326 0.6061232 1.418512 22.14383 0.6741866 1.219071 22.14383 0.6741866 1.219071 22.14383 0.6741866 1.219071 21.55411 0.9000823 0.9000823 21.55411 0.7835679 1.051927 21.55411 0.7835679 1.051927 21.55411 0.9000823 0.9000823 21.55411 0.7835679 1.051927 21.55411 0.9000823 0.9000823 22.14383 1.033221 0.7511681 22.14383 1.033221 0.7511681 22.14383 1.033221 0.7511681 22.73326 1.20825 0.6338046 22.73326 1.20825 0.6338046 22.73326 1.20825 0.6338046 23.32236 1.418512 0.5599245 23.32236 1.418512 0.5599245 23.32236 1.418512 0.5599245 23.9111 1.653824 0.5403157 23.9111 1.653824 0.5403157 23.9111 1.653824 0.5403157 24.67134 1.906111 0.5739657 24.67134 1.906111 0.5739657 24.67134 1.906111 0.5739657 25.43193 2.151739 0.6852853 25.43193 2.151739 0.6852853 25.43193 2.151739 0.6852853 26.19286 2.366287 0.8713136 26.19286 2.366287 0.8713136 26.19286 2.366287 0.8713136 26.9541 2.526979 1.121499 26.9541 2.526979 1.121499 26.9541 2.526979 1.121499 27.71563 2.614967 1.418512 27.71563 2.614967 1.418512 27.71563 2.614967 1.418512 28.47742 2.617277 1.73972 28.47742 2.617277 1.73972 28.47742 2.617277 1.73972 29.23945 2.528202 2.059192 29.23945 2.528202 2.059192 29.23945 2.528202 2.059192 31.52674 2.610624 2.106778 31.52674 2.610624 2.106778 31.52674 2.610624 2.106778 32.28949 2.770489 1.780773 32.28949 2.770489 1.780773 32.28949 2.770489 1.780773 33.05235 2.837024 1.418512 33.05235 2.837024 1.418512 33.05235 2.837024 1.418512 40.16548 2.788689 1.051374 40.16548 2.788689 1.051374 40.16548 2.788689 1.051374 40.379 2.60512 0.7334233 40.379 2.60512 0.7334233 40.379 2.60512 0.7334233 40.57798 2.28717 0.5498543 40.57798 2.28717 0.5498543 40.57798 2.28717 0.5498543 40.74884 1.920032 0.5498543 40.74884 1.920032 0.5498543 40.74884 1.920032 0.5498543 40.87995 1.602081 0.7334233 40.87995 1.602081 0.7334233 40.87995 1.602081 0.7334233 40.96237 1.418512 1.051374 40.96237 1.418512 1.051374 40.96237 1.418512 1.051374 28.47742 2.296069 2.296069 28.47742 2.296069 2.296069 28.47742 2.296069 2.296069 32.28949 2.408228 2.408228 32.28949 2.408228 2.408228 32.28949 2.408228 2.408228 27.71563 2.016739 2.454672 27.71563 2.016739 2.454672 27.71563 2.016739 2.454672 33.05235 2.127768 2.646979 33.05235 2.127768 2.646979 33.05235 2.127768 2.646979 26.9541 1.715525 2.526979 26.9541 1.715525 2.526979 26.9541 1.715525 2.526979 40.16548 1.78565 2.788689 40.16548 1.78565 2.788689 40.16548 1.78565 2.788689 26.19286 1.418512 2.512909 26.19286 1.418512 2.512909 26.19286 1.418512 2.512909 40.379 1.418512 2.788689 40.379 1.418512 2.788689 40.379 1.418512 2.788689 25.43193 1.150132 2.420118 25.43193 1.150132 2.420118 25.43193 1.150132 2.420118 40.57798 1.100561 2.60512 40.57798 1.100561 2.60512 40.57798 1.100561 2.60512 24.67134 0.9309129 2.263058 24.67134 0.9309129 2.263058 24.67134 0.9309129 2.263058 40.74884 0.9169922 2.28717 40.74884 0.9169922 2.28717 40.74884 0.9169922 2.28717 23.9111 0.7756277 2.061396 23.9111 0.7756277 2.061396 23.9111 0.7756277 2.061396 40.87995 0.9169922 1.920032 40.87995 0.9169922 1.920032 40.87995 0.9169922 1.920032 23.32236 0.6749534 1.847806 23.32236 0.6749534 1.847806 23.32236 0.6749534 1.847806 40.96237 1.100561 1.602081 40.96237 1.100561 1.602081 40.96237 1.100561 1.602081 22.73326 0.6338046 1.628774 22.73326 0.6338046 1.628774 22.73326 0.6338046 1.628774 22.14383 0.6479297 1.418512 22.14383 0.6479297 1.418512 22.14383 0.6479297 1.418512 21.55411 0.7103239 1.228754 21.55411 0.7103239 1.228754 21.55411 0.7103239 1.228754 20.96412 0.9234278 0.9234278 20.96412 0.8121602 1.068435 20.96412 0.8121602 1.068435 20.96412 0.9234278 0.9234278 20.96412 0.8121602 1.068435 20.96412 0.9234278 0.9234278 21.55411 1.051927 0.7835679 21.55411 1.051927 0.7835679 21.55411 1.051927 0.7835679 22.14383 1.219071 0.6741866 22.14383 1.219071 0.6741866 22.14383 1.219071 0.6741866 22.73326 1.418512 0.6061232 22.73326 1.418512 0.6061232 22.73326 1.418512 0.6061232 23.32236 1.640731 0.5891802 23.32236 1.640731 0.5891802 23.32236 1.640731 0.5891802 23.9111 1.8731 0.6311427 23.9111 1.8731 0.6311427 23.9111 1.8731 0.6311427 24.67134 2.108081 0.7289428 24.67134 2.108081 0.7289428 24.67134 2.108081 0.7289428 25.43193 2.316527 0.9000424 25.43193 2.316527 0.9000424 25.43193 2.316527 0.9000424 26.19286 2.475618 1.135261 26.19286 2.475618 1.135261 26.19286 2.475618 1.135261 26.9541 2.566081 1.418512 26.9541 2.566081 1.418512 26.9541 2.566081 1.418512 27.71563 2.574199 1.728177 27.71563 2.574199 1.728177 27.71563 2.574199 1.728177 28.47742 2.493295 2.039038 28.47742 2.493295 2.039038 28.47742 2.493295 2.039038 32.28949 2.630661 2.118347 32.28949 2.630661 2.118347 32.28949 2.630661 2.118347 33.05235 2.788689 1.78565 33.05235 2.788689 1.78565 33.05235 2.788689 1.78565 40.16548 2.837024 1.418512 40.16548 2.837024 1.418512 40.16548 2.837024 1.418512 40.379 2.742002 1.063884 40.379 2.742002 1.063884 40.379 2.742002 1.063884 40.57798 2.482396 0.8042782 40.57798 2.482396 0.8042782 40.57798 2.482396 0.8042782 40.74884 2.127768 0.709256 40.74884 2.127768 0.709256 40.74884 2.127768 0.709256 40.87995 1.77314 0.8042782 40.87995 1.77314 0.8042782 40.87995 1.77314 0.8042782 40.96237 1.513534 1.063884 40.96237 1.513534 1.063884 40.96237 1.513534 1.063884 27.71563 2.264533 2.264533 27.71563 2.264533 2.264533 27.71563 2.264533 2.264533 33.05235 2.421551 2.421551 33.05235 2.421551 2.421551 33.05235 2.421551 2.421551 26.9541 1.992297 2.412336 26.9541 1.992297 2.412336 26.9541 1.992297 2.412336 40.16548 2.127768 2.646979 40.16548 2.127768 2.646979 40.16548 2.127768 2.646979 26.19286 1.701763 2.475618 26.19286 1.701763 2.475618 26.19286 1.701763 2.475618 40.379 1.77314 2.742002 40.379 1.77314 2.742002 40.379 1.77314 2.742002 25.43193 1.418512 2.455451 25.43193 1.418512 2.455451 25.43193 1.418512 2.455451 40.57798 1.418512 2.646979 40.57798 1.418512 2.646979 40.57798 1.418512 2.646979 24.67134 1.166112 2.360481 24.67134 1.166112 2.360481 24.67134 1.166112 2.360481 40.74884 1.158906 2.387374 40.74884 1.158906 2.387374 40.74884 1.158906 2.387374 23.9111 0.9639241 2.205881 23.9111 0.9639241 2.205881 23.9111 0.9639241 2.205881 40.87995 1.063884 2.032746 40.87995 1.063884 2.032746 40.87995 1.063884 2.032746 23.32236 0.8113989 2.025625 23.32236 0.8113989 2.025625 23.32236 0.8113989 2.025625 40.96237 1.158906 1.678118 40.96237 1.158906 1.678118 40.96237 1.158906 1.678118 22.73326 0.7149626 1.824706 22.73326 0.7149626 1.824706 22.73326 0.7149626 1.824706 22.14383 0.6741866 1.617953 22.14383 0.6741866 1.617953 22.14383 0.6741866 1.617953 21.55411 0.6853418 1.418512 21.55411 0.6853418 1.418512 21.55411 0.6853418 1.418512 20.96412 0.7422145 1.237299 20.96412 0.7422145 1.237299 20.96412 0.7422145 1.237299 20.37391 0.9436633 0.9436633 20.37391 0.8369434 1.082743 20.37391 0.8369434 1.082743 20.37391 0.9436633 0.9436633 20.37391 0.8369434 1.082743 20.37391 0.9436633 0.9436633 20.96412 1.068435 0.8121602 20.96412 1.068435 0.8121602 20.96412 1.068435 0.8121602 21.55411 1.228754 0.7103239 21.55411 1.228754 0.7103239 21.55411 1.228754 0.7103239 22.14383 1.418512 0.6479297 22.14383 1.418512 0.6479297 22.14383 1.418512 0.6479297 22.73326 1.628774 0.6338046 22.73326 1.628774 0.6338046 22.73326 1.628774 0.6338046 23.32236 1.847806 0.6749534 23.32236 1.847806 0.6749534 23.32236 1.847806 0.6749534 23.9111 2.061396 0.7756277 23.9111 2.061396 0.7756277 23.9111 2.061396 0.7756277 24.67134 2.263058 0.9309129 24.67134 2.263058 0.9309129 24.67134 2.263058 0.9309129 25.43193 2.420118 1.150132 25.43193 2.420118 1.150132 25.43193 2.420118 1.150132 26.19286 2.512909 1.418512 26.19286 2.512909 1.418512 26.19286 2.512909 1.418512 26.9541 2.526979 1.715525 26.9541 2.526979 1.715525 26.9541 2.526979 1.715525 27.71563 2.454672 2.016739 27.71563 2.454672 2.016739 27.71563 2.454672 2.016739 33.05235 2.646979 2.127768 33.05235 2.646979 2.127768 33.05235 2.646979 2.127768 40.16548 2.788689 1.78565 40.16548 2.788689 1.78565 40.16548 2.788689 1.78565 40.379 2.788689 1.418512 40.379 2.788689 1.418512 40.379 2.788689 1.418512 40.57798 2.60512 1.100561 40.57798 2.60512 1.100561 40.57798 2.60512 1.100561 40.74884 2.28717 0.9169922 40.74884 2.28717 0.9169922 40.74884 2.28717 0.9169922 40.87995 1.920032 0.9169922 40.87995 1.920032 0.9169922 40.87995 1.920032 0.9169922 40.96237 1.602081 1.100561 40.96237 1.602081 1.100561 40.96237 1.602081 1.100561 26.9541 2.229966 2.229966 26.9541 2.229966 2.229966 26.9541 2.229966 2.229966 40.16548 2.421551 2.421551 40.16548 2.421551 2.421551 40.16548 2.421551 2.421551 26.19286 1.96571 2.366287 26.19286 1.96571 2.366287 26.19286 1.96571 2.366287 40.379 2.103601 2.60512 40.379 2.103601 2.60512 40.379 2.103601 2.60512 25.43193 1.686891 2.420118 25.43193 1.686891 2.420118 25.43193 1.686891 2.420118 40.57798 1.736463 2.60512 40.57798 1.736463 2.60512 40.57798 1.736463 2.60512 24.67134 1.418512 2.39371 24.67134 1.418512 2.39371 24.67134 1.418512 2.39371 40.74884 1.418512 2.421551 40.74884 1.418512 2.421551 40.74884 1.418512 2.421551 23.9111 1.1832 2.296708 23.9111 1.1832 2.296708 23.9111 1.1832 2.296708 40.87995 1.234943 2.103601 40.87995 1.234943 2.103601 40.87995 1.234943 2.103601 23.32236 0.9892182 2.16207 23.32236 0.9892182 2.16207 23.32236 0.9892182 2.16207 40.96237 1.234943 1.736463 40.96237 1.234943 1.736463 40.96237 1.234943 1.736463 22.73326 0.8440663 1.992958 22.73326 0.8440663 1.992958 22.73326 0.8440663 1.992958 22.14383 0.7511681 1.803803 22.14383 0.7511681 1.803803 22.14383 0.7511681 1.803803 21.55411 0.7103239 1.60827 21.55411 0.7103239 1.60827 21.55411 0.7103239 1.60827 20.96412 0.7183573 1.418512 20.96412 0.7183573 1.418512 20.96412 0.7183573 1.418512 20.37391 0.7698566 1.244705 20.37391 0.7698566 1.244705 20.37391 0.7698566 1.244705 19.78349 0.9607874 0.9607874 19.78349 0.8579162 1.094852 19.78349 0.8579162 1.094852 19.78349 0.9607874 0.9607874 19.78349 0.8579162 1.094852 19.78349 0.9607874 0.9607874 20.37391 1.082743 0.8369434 20.37391 1.082743 0.8369434 20.37391 1.082743 0.8369434 20.96412 1.237299 0.7422145 20.96412 1.237299 0.7422145 20.96412 1.237299 0.7422145 21.55411 1.418512 0.6853418 21.55411 1.418512 0.6853418 21.55411 1.418512 0.6853418 22.14383 1.617953 0.6741866 22.14383 1.617953 0.6741866 22.14383 1.617953 0.6741866 22.73326 1.824706 0.7149626 22.73326 1.824706 0.7149626 22.73326 1.824706 0.7149626 23.32236 2.025625 0.8113989 23.32236 2.025625 0.8113989 23.32236 2.025625 0.8113989 23.9111 2.205881 0.9639241 23.9111 2.205881 0.9639241 23.9111 2.205881 0.9639241 24.67134 2.360481 1.166112 24.67134 2.360481 1.166112 24.67134 2.360481 1.166112 25.43193 2.455451 1.418512 25.43193 2.455451 1.418512 25.43193 2.455451 1.418512 26.19286 2.475618 1.701763 26.19286 2.475618 1.701763 26.19286 2.475618 1.701763 26.9541 2.412336 1.992297 26.9541 2.412336 1.992297 26.9541 2.412336 1.992297 40.16548 2.646979 2.127768 40.16548 2.646979 2.127768 40.16548 2.646979 2.127768 40.379 2.742002 1.77314 40.379 2.742002 1.77314 40.379 2.742002 1.77314 40.57798 2.646979 1.418512 40.57798 2.646979 1.418512 40.57798 2.646979 1.418512 40.74884 2.387374 1.158906 40.74884 2.387374 1.158906 40.74884 2.387374 1.158906 40.87995 2.032746 1.063884 40.87995 2.032746 1.063884 40.87995 2.032746 1.063884 40.96237 1.678118 1.158906 40.96237 1.678118 1.158906 40.96237 1.678118 1.158906 26.19286 2.192367 2.192367 26.19286 2.192367 2.192367 26.19286 2.192367 2.192367 40.379 2.387374 2.387374 40.379 2.387374 2.387374 40.379 2.387374 2.387374 25.43193 1.936981 2.316527 25.43193 1.936981 2.316527 25.43193 1.936981 2.316527 40.57798 2.032746 2.482396 40.57798 2.032746 2.482396 40.57798 2.032746 2.482396 24.67134 1.670912 2.360481 24.67134 1.670912 2.360481 24.67134 1.670912 2.360481 40.74884 1.678118 2.387374 40.74884 1.678118 2.387374 40.74884 1.678118 2.387374 23.9111 1.418512 2.327688 23.9111 1.418512 2.327688 23.9111 1.418512 2.327688 40.87995 1.418512 2.127768 40.87995 1.418512 2.127768 40.87995 1.418512 2.127768 23.32236 1.196293 2.247844 23.32236 1.196293 2.247844 23.32236 1.196293 2.247844 40.96237 1.32349 1.77314 40.96237 1.32349 1.77314 40.96237 1.32349 1.77314 22.73326 1.012318 2.122061 22.73326 1.012318 2.122061 22.73326 1.012318 2.122061 22.14383 0.873628 1.963396 22.14383 0.873628 1.963396 22.14383 0.873628 1.963396 21.55411 0.7835679 1.785097 21.55411 0.7835679 1.785097 21.55411 0.7835679 1.785097 20.96412 0.7422145 1.599725 20.96412 0.7422145 1.599725 20.96412 0.7422145 1.599725 20.37391 0.7469745 1.418512 20.37391 0.7469745 1.418512 20.37391 0.7469745 1.418512 19.78349 0.7932486 1.250973 19.78349 0.7932486 1.250973 19.78349 0.7932486 1.250973 19.19292 0.9747994 0.9747994 19.19292 0.8750773 1.10476 19.19292 0.8750773 1.10476 19.19292 0.9747994 0.9747994 19.19292 0.8750773 1.10476 19.19292 0.9747994 0.9747994 19.78349 1.094852 0.8579162 19.78349 1.094852 0.8579162 19.78349 1.094852 0.8579162 20.37391 1.244705 0.7698566 20.37391 1.244705 0.7698566 20.37391 1.244705 0.7698566 20.96412 1.418512 0.7183573 20.96412 1.418512 0.7183573 20.96412 1.418512 0.7183573 21.55411 1.60827 0.7103239 21.55411 1.60827 0.7103239 21.55411 1.60827 0.7103239 22.14383 1.803803 0.7511681 22.14383 1.803803 0.7511681 22.14383 1.803803 0.7511681 22.73326 1.992958 0.8440663 22.73326 1.992958 0.8440663 22.73326 1.992958 0.8440663 23.32236 2.16207 0.9892182 23.32236 2.16207 0.9892182 23.32236 2.16207 0.9892182 23.9111 2.296708 1.1832 23.9111 2.296708 1.1832 23.9111 2.296708 1.1832 24.67134 2.39371 1.418512 24.67134 2.39371 1.418512 24.67134 2.39371 1.418512 25.43193 2.420118 1.686891 25.43193 2.420118 1.686891 25.43193 2.420118 1.686891 26.19286 2.366287 1.96571 26.19286 2.366287 1.96571 26.19286 2.366287 1.96571 40.379 2.60512 2.103601 40.379 2.60512 2.103601 40.379 2.60512 2.103601 40.57798 2.60512 1.736463 40.57798 2.60512 1.736463 40.57798 2.60512 1.736463 40.74884 2.421551 1.418512 40.74884 2.421551 1.418512 40.74884 2.421551 1.418512 40.87995 2.103601 1.234943 40.87995 2.103601 1.234943 40.87995 2.103601 1.234943 40.96237 1.736463 1.234943 40.96237 1.736463 1.234943 40.96237 1.736463 1.234943 25.43193 2.151739 2.151739 25.43193 2.151739 2.151739 25.43193 2.151739 2.151739 40.57798 2.28717 2.28717 40.57798 2.28717 2.28717 40.57798 2.28717 2.28717 24.67134 1.906111 2.263058 24.67134 1.906111 2.263058 24.67134 1.906111 2.263058 40.74884 1.920032 2.28717 40.74884 1.920032 2.28717 40.74884 1.920032 2.28717 23.9111 1.653824 2.296708 23.9111 1.653824 2.296708 23.9111 1.653824 2.296708 40.87995 1.602081 2.103601 40.87995 1.602081 2.103601 40.87995 1.602081 2.103601 23.32236 1.418512 2.277099 23.32236 1.418512 2.277099 23.32236 1.418512 2.277099 40.96237 1.418512 1.78565 40.96237 1.418512 1.78565 40.96237 1.418512 1.78565 22.73326 1.20825 2.203219 22.73326 1.20825 2.203219 22.73326 1.20825 2.203219 22.14383 1.033221 2.085856 22.14383 1.033221 2.085856 22.14383 1.033221 2.085856 21.55411 0.9000823 1.936941 21.55411 0.9000823 1.936941 21.55411 0.9000823 1.936941 20.96412 0.8121602 1.768589 20.96412 0.8121602 1.768589 20.96412 0.8121602 1.768589 20.37391 0.7698566 1.592319 20.37391 0.7698566 1.592319 20.37391 0.7698566 1.592319 19.78349 0.7711917 1.418512 19.78349 0.7711917 1.418512 19.78349 0.7711917 1.418512 19.19292 0.8123894 1.256102 19.19292 0.8123894 1.256102 19.19292 0.8123894 1.256102 18.60221 0.9856984 0.9856984 18.60221 0.8884258 1.112467 18.60221 0.8884258 1.112467 18.60221 0.9856984 0.9856984 18.60221 0.8884258 1.112467 18.60221 0.9856984 0.9856984 19.19292 1.10476 0.8750773 19.19292 1.10476 0.8750773 19.19292 1.10476 0.8750773 19.78349 1.250973 0.7932486 19.78349 1.250973 0.7932486 19.78349 1.250973 0.7932486 20.37391 1.418512 0.7469745 20.37391 1.418512 0.7469745 20.37391 1.418512 0.7469745 20.96412 1.599725 0.7422145 20.96412 1.599725 0.7422145 20.96412 1.599725 0.7422145 21.55411 1.785097 0.7835679 21.55411 1.785097 0.7835679 21.55411 1.785097 0.7835679 22.14383 1.963396 0.873628 22.14383 1.963396 0.873628 22.14383 1.963396 0.873628 22.73326 2.122061 1.012318 22.73326 2.122061 1.012318 22.73326 2.122061 1.012318 23.32236 2.247844 1.196293 23.32236 2.247844 1.196293 23.32236 2.247844 1.196293 23.9111 2.327688 1.418512 23.9111 2.327688 1.418512 23.9111 2.327688 1.418512 24.67134 2.360481 1.670912 24.67134 2.360481 1.670912 24.67134 2.360481 1.670912 25.43193 2.316527 1.936981 25.43193 2.316527 1.936981 25.43193 2.316527 1.936981 40.57798 2.482396 2.032746 40.57798 2.482396 2.032746 40.57798 2.482396 2.032746 40.74884 2.387374 1.678118 40.74884 2.387374 1.678118 40.74884 2.387374 1.678118 40.87995 2.127768 1.418512 40.87995 2.127768 1.418512 40.87995 2.127768 1.418512 40.96237 1.77314 1.32349 40.96237 1.77314 1.32349 40.96237 1.77314 1.32349 24.67134 2.108081 2.108081 24.67134 2.108081 2.108081 24.67134 2.108081 2.108081 40.74884 2.127768 2.127768 40.74884 2.127768 2.127768 40.74884 2.127768 2.127768 23.9111 1.8731 2.205881 23.9111 1.8731 2.205881 23.9111 1.8731 2.205881 40.87995 1.77314 2.032746 40.87995 1.77314 2.032746 40.87995 1.77314 2.032746 23.32236 1.640731 2.247844 23.32236 1.640731 2.247844 23.32236 1.640731 2.247844 40.96237 1.513534 1.77314 40.96237 1.513534 1.77314 40.96237 1.513534 1.77314 22.73326 1.418512 2.230901 22.73326 1.418512 2.230901 22.73326 1.418512 2.230901 22.14383 1.219071 2.162837 22.14383 1.219071 2.162837 22.14383 1.219071 2.162837 21.55411 1.051927 2.053456 21.55411 1.051927 2.053456 21.55411 1.051927 2.053456 20.96412 0.9234278 1.913596 20.96412 0.9234278 1.913596 20.96412 0.9234278 1.913596 20.37391 0.8369434 1.754281 20.37391 0.8369434 1.754281 20.37391 0.8369434 1.754281 19.78349 0.7932486 1.586051 19.78349 0.7932486 1.586051 19.78349 0.7932486 1.586051 19.19292 0.7910077 1.418512 19.19292 0.7910077 1.418512 19.19292 0.7910077 1.418512 18.60221 0.8272777 1.260091 18.60221 0.8272777 1.260091 18.60221 0.8272777 1.260091 18.0114 0.9934839 0.9934839 18.0114 0.897961 1.117972 18.0114 0.897961 1.117972 18.0114 0.9934839 0.9934839 18.0114 0.897961 1.117972 18.0114 0.9934839 0.9934839 18.60221 1.112467 0.8884258 18.60221 1.112467 0.8884258 18.60221 1.112467 0.8884258 19.19292 1.256102 0.8123894 19.19292 1.256102 0.8123894 19.19292 1.256102 0.8123894 19.78349 1.418512 0.7711917 19.78349 1.418512 0.7711917 19.78349 1.418512 0.7711917 20.37391 1.592319 0.7698566 20.37391 1.592319 0.7698566 20.37391 1.592319 0.7698566 20.96412 1.768589 0.8121602 20.96412 1.768589 0.8121602 20.96412 1.768589 0.8121602 21.55411 1.936941 0.9000823 21.55411 1.936941 0.9000823 21.55411 1.936941 0.9000823 22.14383 2.085856 1.033221 22.14383 2.085856 1.033221 22.14383 2.085856 1.033221 22.73326 2.203219 1.20825 22.73326 2.203219 1.20825 22.73326 2.203219 1.20825 23.32236 2.277099 1.418512 23.32236 2.277099 1.418512 23.32236 2.277099 1.418512 23.9111 2.296708 1.653824 23.9111 2.296708 1.653824 23.9111 2.296708 1.653824 24.67134 2.263058 1.906111 24.67134 2.263058 1.906111 24.67134 2.263058 1.906111 40.74884 2.28717 1.920032 40.74884 2.28717 1.920032 40.74884 2.28717 1.920032 40.87995 2.103601 1.602081 40.87995 2.103601 1.602081 40.87995 2.103601 1.602081 40.96237 1.78565 1.418512 40.96237 1.78565 1.418512 40.96237 1.78565 1.418512 23.9111 2.061396 2.061396 23.9111 2.061396 2.061396 23.9111 2.061396 2.061396 40.87995 1.920032 1.920032 40.87995 1.920032 1.920032 40.87995 1.920032 1.920032 23.32236 1.847806 2.16207 23.32236 1.847806 2.16207 23.32236 1.847806 2.16207 40.96237 1.602081 1.736463 40.96237 1.602081 1.736463 40.96237 1.602081 1.736463 22.73326 1.628774 2.203219 22.73326 1.628774 2.203219 22.73326 1.628774 2.203219 22.14383 1.418512 2.189094 22.14383 1.418512 2.189094 22.14383 1.418512 2.189094 21.55411 1.228754 2.1267 21.55411 1.228754 2.1267 21.55411 1.228754 2.1267 20.96412 1.068435 2.024864 20.96412 1.068435 2.024864 20.96412 1.068435 2.024864 20.37391 0.9436633 1.893361 20.37391 0.9436633 1.893361 20.37391 0.9436633 1.893361 19.78349 0.8579162 1.742172 19.78349 0.8579162 1.742172 19.78349 0.8579162 1.742172 19.19292 0.8123894 1.580922 19.19292 0.8123894 1.580922 19.19292 0.8123894 1.580922 18.60221 0.8064212 1.418512 18.60221 0.8064212 1.418512 18.60221 0.8064212 1.418512 18.0114 0.8379128 1.262941 18.0114 0.8379128 1.262941 18.0114 0.8379128 1.262941 17.42053 0.9981553 0.9981553 17.42053 0.9036823 1.121275 17.42053 0.9036823 1.121275 17.42053 0.9981553 0.9981553 17.42053 0.9036823 1.121275 17.42053 0.9981553 0.9981553 18.0114 1.117972 0.897961 18.0114 1.117972 0.897961 18.0114 1.117972 0.897961 18.60221 1.260091 0.8272777 18.60221 1.260091 0.8272777 18.60221 1.260091 0.8272777 19.19292 1.418512 0.7910077 19.19292 1.418512 0.7910077 19.19292 1.418512 0.7910077 19.78349 1.586051 0.7932486 19.78349 1.586051 0.7932486 19.78349 1.586051 0.7932486 20.37391 1.754281 0.8369434 20.37391 1.754281 0.8369434 20.37391 1.754281 0.8369434 20.96412 1.913596 0.9234278 20.96412 1.913596 0.9234278 20.96412 1.913596 0.9234278 21.55411 2.053456 1.051927 21.55411 2.053456 1.051927 21.55411 2.053456 1.051927 22.14383 2.162837 1.219071 22.14383 2.162837 1.219071 22.14383 2.162837 1.219071 22.73326 2.230901 1.418512 22.73326 2.230901 1.418512 22.73326 2.230901 1.418512 23.32236 2.247844 1.640731 23.32236 2.247844 1.640731 23.32236 2.247844 1.640731 23.9111 2.205881 1.8731 23.9111 2.205881 1.8731 23.9111 2.205881 1.8731 40.87995 2.032746 1.77314 40.87995 2.032746 1.77314 40.87995 2.032746 1.77314 40.96237 1.77314 1.513534 40.96237 1.77314 1.513534 40.96237 1.77314 1.513534 23.32236 2.025625 2.025625 23.32236 2.025625 2.025625 23.32236 2.025625 2.025625 40.96237 1.678118 1.678118 40.96237 1.678118 1.678118 40.96237 1.678118 1.678118 22.73326 1.824706 2.122061 22.73326 1.824706 2.122061 22.73326 1.824706 2.122061 22.14383 1.617953 2.162837 22.14383 1.617953 2.162837 22.14383 1.617953 2.162837 21.55411 1.418512 2.151682 21.55411 1.418512 2.151682 21.55411 1.418512 2.151682 20.96412 1.237299 2.094809 20.96412 1.237299 2.094809 20.96412 1.237299 2.094809 20.37391 1.082743 2.00008 20.37391 1.082743 2.00008 20.37391 1.082743 2.00008 19.78349 0.9607874 1.876236 19.78349 0.9607874 1.876236 19.78349 0.9607874 1.876236 19.19292 0.8750773 1.732264 19.19292 0.8750773 1.732264 19.19292 0.8750773 1.732264 18.60221 0.8272777 1.576933 18.60221 0.8272777 1.576933 18.60221 0.8272777 1.576933 18.0114 0.8174315 1.418512 18.0114 0.8174315 1.418512 18.0114 0.8174315 1.418512 17.42053 0.8442941 1.264651 17.42053 0.8442941 1.264651 17.42053 0.8442941 1.264651 16.82962 0.9997125 0.9997125 16.82962 0.9055895 1.122376 16.82962 0.9055895 1.122376 16.82962 0.9997125 0.9997125 16.82962 0.9055895 1.122376 16.82962 0.9997125 0.9997125 17.42053 1.121275 0.9036823 17.42053 1.121275 0.9036823 17.42053 1.121275 0.9036823 18.0114 1.262941 0.8379128 18.0114 1.262941 0.8379128 18.0114 1.262941 0.8379128 18.60221 1.418512 0.8064212 18.60221 1.418512 0.8064212 18.60221 1.418512 0.8064212 19.19292 1.580922 0.8123894 19.19292 1.580922 0.8123894 19.19292 1.580922 0.8123894 19.78349 1.742172 0.8579162 19.78349 1.742172 0.8579162 19.78349 1.742172 0.8579162 20.37391 1.893361 0.9436633 20.37391 1.893361 0.9436633 20.37391 1.893361 0.9436633 20.96412 2.024864 1.068435 20.96412 2.024864 1.068435 20.96412 2.024864 1.068435 21.55411 2.1267 1.228754 21.55411 2.1267 1.228754 21.55411 2.1267 1.228754 22.14383 2.189094 1.418512 22.14383 2.189094 1.418512 22.14383 2.189094 1.418512 22.73326 2.203219 1.628774 22.73326 2.203219 1.628774 22.73326 2.203219 1.628774 23.32236 2.16207 1.847806 23.32236 2.16207 1.847806 23.32236 2.16207 1.847806 40.96237 1.736463 1.602081 40.96237 1.736463 1.602081 40.96237 1.736463 1.602081 22.73326 1.992958 1.992958 22.73326 1.992958 1.992958 22.73326 1.992958 1.992958 22.14383 1.803803 2.085856 22.14383 1.803803 2.085856 22.14383 1.803803 2.085856 21.55411 1.60827 2.1267 21.55411 1.60827 2.1267 21.55411 1.60827 2.1267 20.96412 1.418512 2.118667 20.96412 1.418512 2.118667 20.96412 1.418512 2.118667 20.37391 1.244705 2.067167 20.37391 1.244705 2.067167 20.37391 1.244705 2.067167 19.78349 1.094852 1.979108 19.78349 1.094852 1.979108 19.78349 1.094852 1.979108 19.19292 0.9747994 1.862224 19.19292 0.9747994 1.862224 19.19292 0.9747994 1.862224 18.60221 0.8884258 1.724557 18.60221 0.8884258 1.724557 18.60221 0.8884258 1.724557 18.0114 0.8379128 1.574083 18.0114 0.8379128 1.574083 18.0114 0.8379128 1.574083 17.42053 0.8240379 1.418512 17.42053 0.8240379 1.418512 17.42053 0.8240379 1.418512 16.82962 0.8464212 1.265221 16.82962 0.8464212 1.265221 16.82962 0.8464212 1.265221 3.3542 0.9997125 0.9997125 3.3542 0.9055895 1.122376 3.3542 0.9055895 1.122376 3.3542 0.9997125 0.9997125 3.3542 0.9055895 1.122376 3.3542 0.9997125 0.9997125 16.82962 1.122376 0.9055895 16.82962 1.122376 0.9055895 16.82962 1.122376 0.9055895 17.42053 1.264651 0.8442941 17.42053 1.264651 0.8442941 17.42053 1.264651 0.8442941 18.0114 1.418512 0.8174315 18.0114 1.418512 0.8174315 18.0114 1.418512 0.8174315 18.60221 1.576933 0.8272777 18.60221 1.576933 0.8272777 18.60221 1.576933 0.8272777 19.19292 1.732264 0.8750773 19.19292 1.732264 0.8750773 19.19292 1.732264 0.8750773 19.78349 1.876236 0.9607874 19.78349 1.876236 0.9607874 19.78349 1.876236 0.9607874 20.37391 2.00008 1.082743 20.37391 2.00008 1.082743 20.37391 2.00008 1.082743 20.96412 2.094809 1.237299 20.96412 2.094809 1.237299 20.96412 2.094809 1.237299 21.55411 2.151682 1.418512 21.55411 2.151682 1.418512 21.55411 2.151682 1.418512 22.14383 2.162837 1.617953 22.14383 2.162837 1.617953 22.14383 2.162837 1.617953 22.73326 2.122061 1.824706 22.73326 2.122061 1.824706 22.73326 2.122061 1.824706 22.14383 1.963396 1.963396 22.14383 1.963396 1.963396 22.14383 1.963396 1.963396 21.55411 1.785097 2.053456 21.55411 1.785097 2.053456 21.55411 1.785097 2.053456 20.96412 1.599725 2.094809 20.96412 1.599725 2.094809 20.96412 1.599725 2.094809 20.37391 1.418512 2.090049 20.37391 1.418512 2.090049 20.37391 1.418512 2.090049 19.78349 1.250973 2.043775 19.78349 1.250973 2.043775 19.78349 1.250973 2.043775 19.19292 1.10476 1.961947 19.19292 1.10476 1.961947 19.19292 1.10476 1.961947 18.60221 0.9856984 1.851325 18.60221 0.9856984 1.851325 18.60221 0.9856984 1.851325 18.0114 0.897961 1.719052 18.0114 0.897961 1.719052 18.0114 0.897961 1.719052 17.42053 0.8442941 1.572373 17.42053 0.8442941 1.572373 17.42053 0.8442941 1.572373 16.82962 0.8262401 1.418512 16.82962 0.8262401 1.418512 16.82962 0.8262401 1.418512 3.3542 0.8464212 1.265221 3.3542 0.8464212 1.265221 3.3542 0.8464212 1.265221 2.696581 0.888112 1.112285 2.696581 0.9854422 0.9854422 2.696581 0.888112 1.112285 2.696581 0.9854422 0.9854422 2.696581 0.888112 1.112285 2.696581 0.9854422 0.9854422 3.3542 1.122376 0.9055895 3.3542 1.122376 0.9055895 3.3542 1.122376 0.9055895 16.82962 1.265221 0.8464212 16.82962 1.265221 0.8464212 16.82962 1.265221 0.8464212 17.42053 1.418512 0.8240379 17.42053 1.418512 0.8240379 17.42053 1.418512 0.8240379 18.0114 1.574083 0.8379128 18.0114 1.574083 0.8379128 18.0114 1.574083 0.8379128 18.60221 1.724557 0.8884258 18.60221 1.724557 0.8884258 18.60221 1.724557 0.8884258 19.19292 1.862224 0.9747994 19.19292 1.862224 0.9747994 19.19292 1.862224 0.9747994 19.78349 1.979108 1.094852 19.78349 1.979108 1.094852 19.78349 1.979108 1.094852 20.37391 2.067167 1.244705 20.37391 2.067167 1.244705 20.37391 2.067167 1.244705 20.96412 2.118667 1.418512 20.96412 2.118667 1.418512 20.96412 2.118667 1.418512 21.55411 2.1267 1.60827 21.55411 2.1267 1.60827 21.55411 2.1267 1.60827 22.14383 2.085856 1.803803 22.14383 2.085856 1.803803 22.14383 2.085856 1.803803 21.55411 1.936941 1.936941 21.55411 1.936941 1.936941 21.55411 1.936941 1.936941 20.96412 1.768589 2.024864 20.96412 1.768589 2.024864 20.96412 1.768589 2.024864 20.37391 1.592319 2.067167 20.37391 1.592319 2.067167 20.37391 1.592319 2.067167 19.78349 1.418512 2.065832 19.78349 1.418512 2.065832 19.78349 1.418512 2.065832 19.19292 1.256102 2.024634 19.19292 1.256102 2.024634 19.19292 1.256102 2.024634 18.60221 1.112467 1.948598 18.60221 1.112467 1.948598 18.60221 1.112467 1.948598 18.0114 0.9934839 1.84354 18.0114 0.9934839 1.84354 18.0114 0.9934839 1.84354 17.42053 0.9036823 1.715749 17.42053 0.9036823 1.715749 17.42053 0.9036823 1.715749 16.82962 0.8464212 1.571803 16.82962 0.8464212 1.571803 16.82962 0.8464212 1.571803 3.3542 0.8262401 1.418512 3.3542 0.8262401 1.418512 3.3542 0.8262401 1.418512 2.696581 0.8269277 1.259997 2.696581 0.8269277 1.259997 2.696581 0.8269277 1.259997 2.083777 0.8368709 1.082701 2.083777 0.943604 0.943604 2.083777 0.8368709 1.082701 2.083777 0.943604 0.943604 2.083777 0.8368709 1.082701 2.083777 0.943604 0.943604 2.696581 1.112285 0.888112 2.696581 1.112285 0.888112 2.696581 1.112285 0.888112 3.3542 1.265221 0.8464212 3.3542 1.265221 0.8464212 3.3542 1.265221 0.8464212 16.82962 1.418512 0.8262401 16.82962 1.418512 0.8262401 16.82962 1.418512 0.8262401 17.42053 1.572373 0.8442941 17.42053 1.572373 0.8442941 17.42053 1.572373 0.8442941 18.0114 1.719052 0.897961 18.0114 1.719052 0.897961 18.0114 1.719052 0.897961 18.60221 1.851325 0.9856984 18.60221 1.851325 0.9856984 18.60221 1.851325 0.9856984 19.19292 1.961947 1.10476 19.19292 1.961947 1.10476 19.19292 1.961947 1.10476 19.78349 2.043775 1.250973 19.78349 2.043775 1.250973 19.78349 2.043775 1.250973 20.37391 2.090049 1.418512 20.37391 2.090049 1.418512 20.37391 2.090049 1.418512 20.96412 2.094809 1.599725 20.96412 2.094809 1.599725 20.96412 2.094809 1.599725 21.55411 2.053456 1.785097 21.55411 2.053456 1.785097 21.55411 2.053456 1.785097 20.96412 1.913596 1.913596 20.96412 1.913596 1.913596 20.96412 1.913596 1.913596 20.37391 1.754281 2.00008 20.37391 1.754281 2.00008 20.37391 1.754281 2.00008 19.78349 1.586051 2.043775 19.78349 1.586051 2.043775 19.78349 1.586051 2.043775 19.19292 1.418512 2.046016 19.19292 1.418512 2.046016 19.19292 1.418512 2.046016 18.60221 1.260091 2.009746 18.60221 1.260091 2.009746 18.60221 1.260091 2.009746 18.0114 1.117972 1.939063 18.0114 1.117972 1.939063 18.0114 1.117972 1.939063 17.42053 0.9981553 1.838869 17.42053 0.9981553 1.838869 17.42053 0.9981553 1.838869 16.82962 0.9055895 1.714648 16.82962 0.9055895 1.714648 16.82962 0.9055895 1.714648 3.3542 0.8464212 1.571803 3.3542 0.8464212 1.571803 3.3542 0.8464212 1.571803 2.696581 0.8060589 1.418512 2.696581 0.8060589 1.418512 2.696581 0.8060589 1.418512 2.083777 0.7697756 1.244684 2.083777 0.7697756 1.244684 2.083777 0.7697756 1.244684 1.55755 0.7553579 1.03564 1.55755 0.877049 0.877049 1.55755 0.7553579 1.03564 1.55755 0.877049 0.877049 1.55755 0.7553579 1.03564 1.55755 0.877049 0.877049 2.083777 1.082701 0.8368709 2.083777 1.082701 0.8368709 2.083777 1.082701 0.8368709 2.696581 1.259997 0.8269277 2.696581 1.259997 0.8269277 2.696581 1.259997 0.8269277 3.3542 1.418512 0.8262401 3.3542 1.418512 0.8262401 3.3542 1.418512 0.8262401 16.82962 1.571803 0.8464212 16.82962 1.571803 0.8464212 16.82962 1.571803 0.8464212 17.42053 1.715749 0.9036823 17.42053 1.715749 0.9036823 17.42053 1.715749 0.9036823 18.0114 1.84354 0.9934839 18.0114 1.84354 0.9934839 18.0114 1.84354 0.9934839 18.60221 1.948598 1.112467 18.60221 1.948598 1.112467 18.60221 1.948598 1.112467 19.19292 2.024634 1.256102 19.19292 2.024634 1.256102 19.19292 2.024634 1.256102 19.78349 2.065832 1.418512 19.78349 2.065832 1.418512 19.78349 2.065832 1.418512 20.37391 2.067167 1.592319 20.37391 2.067167 1.592319 20.37391 2.067167 1.592319 20.96412 2.024864 1.768589 20.96412 2.024864 1.768589 20.96412 2.024864 1.768589 20.37391 1.893361 1.893361 20.37391 1.893361 1.893361 20.37391 1.893361 1.893361 19.78349 1.742172 1.979108 19.78349 1.742172 1.979108 19.78349 1.742172 1.979108 19.19292 1.580922 2.024634 19.19292 1.580922 2.024634 19.19292 1.580922 2.024634 18.60221 1.418512 2.030603 18.60221 1.418512 2.030603 18.60221 1.418512 2.030603 18.0114 1.262941 1.999111 18.0114 1.262941 1.999111 18.0114 1.262941 1.999111 17.42053 1.121275 1.933342 17.42053 1.121275 1.933342 17.42053 1.121275 1.933342 16.82962 0.9997125 1.837311 16.82962 0.9997125 1.837311 16.82962 0.9997125 1.837311 3.3542 0.9055895 1.714648 3.3542 0.9055895 1.714648 3.3542 0.9055895 1.714648 2.696581 0.8269277 1.577026 2.696581 0.8269277 1.577026 2.696581 0.8269277 1.577026 2.083777 0.7468907 1.418512 2.083777 0.7468907 1.418512 2.083777 0.7468907 1.418512 1.55755 0.6788598 1.220323 1.55755 0.6788598 1.220323 1.55755 0.6788598 1.220323 1.153763 0.6491282 0.974308 1.153763 0.7903128 0.7903128 1.153763 0.6491282 0.974308 1.153763 0.7903128 0.7903128 1.153763 0.6491282 0.974308 1.153763 0.7903128 0.7903128 1.55755 1.03564 0.7553579 1.55755 1.03564 0.7553579 1.55755 1.03564 0.7553579 2.083777 1.244684 0.7697756 2.083777 1.244684 0.7697756 2.083777 1.244684 0.7697756 2.696581 1.418512 0.8060589 2.696581 1.418512 0.8060589 2.696581 1.418512 0.8060589 3.3542 1.571803 0.8464212 3.3542 1.571803 0.8464212 3.3542 1.571803 0.8464212 16.82962 1.714648 0.9055895 16.82962 1.714648 0.9055895 16.82962 1.714648 0.9055895 17.42053 1.838869 0.9981553 17.42053 1.838869 0.9981553 17.42053 1.838869 0.9981553 18.0114 1.939063 1.117972 18.0114 1.939063 1.117972 18.0114 1.939063 1.117972 18.60221 2.009746 1.260091 18.60221 2.009746 1.260091 18.60221 2.009746 1.260091 19.19292 2.046016 1.418512 19.19292 2.046016 1.418512 19.19292 2.046016 1.418512 19.78349 2.043775 1.586051 19.78349 2.043775 1.586051 19.78349 2.043775 1.586051 20.37391 2.00008 1.754281 20.37391 2.00008 1.754281 20.37391 2.00008 1.754281 19.78349 1.876236 1.876236 19.78349 1.876236 1.876236 19.78349 1.876236 1.876236 19.19292 1.732264 1.961947 19.19292 1.732264 1.961947 19.19292 1.732264 1.961947 18.60221 1.576933 2.009746 18.60221 1.576933 2.009746 18.60221 1.576933 2.009746 18.0114 1.418512 2.019592 18.0114 1.418512 2.019592 18.0114 1.418512 2.019592 17.42053 1.264651 1.99273 17.42053 1.264651 1.99273 17.42053 1.264651 1.99273 16.82962 1.122376 1.931434 16.82962 1.122376 1.931434 16.82962 1.122376 1.931434 3.3542 0.9997125 1.837311 3.3542 0.9997125 1.837311 3.3542 0.9997125 1.837311 2.696581 0.888112 1.724738 2.696581 0.888112 1.724738 2.696581 0.888112 1.724738 2.083777 0.7697756 1.59234 2.083777 0.7697756 1.59234 2.083777 0.7697756 1.59234 1.55755 0.6527677 1.418512 1.55755 0.6527677 1.418512 1.55755 0.6527677 1.418512 1.153763 0.5603759 1.188575 1.153763 0.5603759 1.188575 1.153763 0.5603759 1.188575 0.899931 0.5254211 0.9028857 0.899931 0.6893063 0.6893063 0.899931 0.5254211 0.9028857 0.899931 0.6893063 0.6893063 0.899931 0.5254211 0.9028857 0.899931 0.6893063 0.6893063 1.153763 0.974308 0.6491282 1.153763 0.974308 0.6491282 1.153763 0.974308 0.6491282 1.55755 1.220323 0.6788598 1.55755 1.220323 0.6788598 1.55755 1.220323 0.6788598 2.083777 1.418512 0.7468907 2.083777 1.418512 0.7468907 2.083777 1.418512 0.7468907 2.696581 1.577026 0.8269277 2.696581 1.577026 0.8269277 2.696581 1.577026 0.8269277 3.3542 1.714648 0.9055895 3.3542 1.714648 0.9055895 3.3542 1.714648 0.9055895 16.82962 1.837311 0.9997125 16.82962 1.837311 0.9997125 16.82962 1.837311 0.9997125 17.42053 1.933342 1.121275 17.42053 1.933342 1.121275 17.42053 1.933342 1.121275 18.0114 1.999111 1.262941 18.0114 1.999111 1.262941 18.0114 1.999111 1.262941 18.60221 2.030603 1.418512 18.60221 2.030603 1.418512 18.60221 2.030603 1.418512 19.19292 2.024634 1.580922 19.19292 2.024634 1.580922 19.19292 2.024634 1.580922 19.78349 1.979108 1.742172 19.78349 1.979108 1.742172 19.78349 1.979108 1.742172 19.19292 1.862224 1.862224 19.19292 1.862224 1.862224 19.19292 1.862224 1.862224 18.60221 1.724557 1.948598 18.60221 1.724557 1.948598 18.60221 1.724557 1.948598 18.0114 1.574083 1.999111 18.0114 1.574083 1.999111 18.0114 1.574083 1.999111 17.42053 1.418512 2.012986 17.42053 1.418512 2.012986 17.42053 1.418512 2.012986 16.82962 1.265221 1.990603 16.82962 1.265221 1.990603 16.82962 1.265221 1.990603 3.3542 1.122376 1.931434 3.3542 1.122376 1.931434 3.3542 1.122376 1.931434 2.696581 0.9854422 1.851582 2.696581 0.9854422 1.851582 2.696581 0.9854422 1.851582 2.083777 0.8368709 1.754323 2.083777 0.8368709 1.754323 2.083777 0.8368709 1.754323 1.55755 0.6788598 1.616701 1.55755 0.6788598 1.616701 1.55755 0.6788598 1.616701 1.153763 0.5301041 1.418512 1.153763 0.5301041 1.418512 1.153763 0.5301041 1.418512 0.899931 0.4223985 1.151604 0.899931 0.4223985 1.151604 0.899931 0.4223985 1.151604 0.7605785 0.6094535 0.6094535 0.7605785 0.4276218 0.8464212 0.7605785 0.6094535 0.6094535 0.7605785 0.4276218 0.8464212 0.7605785 0.4276218 0.8464212 0.7605785 0.6094535 0.6094535 0.899931 0.9028857 0.5254211 0.899931 0.9028857 0.5254211 0.899931 0.9028857 0.5254211 1.153763 1.188575 0.5603759 1.153763 1.188575 0.5603759 1.153763 1.188575 0.5603759 1.55755 1.418512 0.6527677 1.55755 1.418512 0.6527677 1.55755 1.418512 0.6527677 2.083777 1.59234 0.7697756 2.083777 1.59234 0.7697756 2.083777 1.59234 0.7697756 2.696581 1.724738 0.888112 2.696581 1.724738 0.888112 2.696581 1.724738 0.888112 3.3542 1.837311 0.9997125 3.3542 1.837311 0.9997125 3.3542 1.837311 0.9997125 16.82962 1.931434 1.122376 16.82962 1.931434 1.122376 16.82962 1.931434 1.122376 17.42053 1.99273 1.264651 17.42053 1.99273 1.264651 17.42053 1.99273 1.264651 18.0114 2.019592 1.418512 18.0114 2.019592 1.418512 18.0114 2.019592 1.418512 18.60221 2.009746 1.576933 18.60221 2.009746 1.576933 18.60221 2.009746 1.576933 19.19292 1.961947 1.732264 19.19292 1.961947 1.732264 19.19292 1.961947 1.732264 18.60221 1.851325 1.851325 18.60221 1.851325 1.851325 18.60221 1.851325 1.851325 18.0114 1.719052 1.939063 18.0114 1.719052 1.939063 18.0114 1.719052 1.939063 17.42053 1.572373 1.99273 17.42053 1.572373 1.99273 17.42053 1.572373 1.99273 16.82962 1.418512 2.010784 16.82962 1.418512 2.010784 16.82962 1.418512 2.010784 3.3542 1.265221 1.990603 3.3542 1.265221 1.990603 3.3542 1.265221 1.990603 2.696581 1.112285 1.948912 2.696581 1.112285 1.948912 2.696581 1.112285 1.948912 2.083777 0.943604 1.89342 2.083777 0.943604 1.89342 2.083777 0.943604 1.89342 1.55755 0.7553579 1.801384 1.55755 0.7553579 1.801384 1.55755 0.7553579 1.801384 1.153763 0.5603759 1.648449 1.153763 0.5603759 1.648449 1.153763 0.5603759 1.648449 0.899931 0.3872595 1.418512 0.899931 0.3872595 1.418512 0.899931 0.3872595 1.418512 0.7605785 0.3133176 1.122376 0.7605785 0.3133176 1.122376 0.7605785 0.3133176 1.122376 0.6042 0.392667 0.8262401 0.6042 0.580913 0.580913 0.6042 0.392667 0.8262401 0.6042 0.580913 0.580913 0.6042 0.392667 0.8262401 0.6042 0.580913 0.580913 0.7605785 0.8464212 0.4276218 0.7605785 0.8464212 0.4276218 0.7605785 0.8464212 0.4276218 0.899931 1.151604 0.4223985 0.899931 1.151604 0.4223985 0.899931 1.151604 0.4223985 1.153763 1.418512 0.5301041 1.153763 1.418512 0.5301041 1.153763 1.418512 0.5301041 1.55755 1.616701 0.6788598 1.55755 1.616701 0.6788598 1.55755 1.616701 0.6788598 2.083777 1.754323 0.8368709 2.083777 1.754323 0.8368709 2.083777 1.754323 0.8368709 2.696581 1.851582 0.9854422 2.696581 1.851582 0.9854422 2.696581 1.851582 0.9854422 3.3542 1.931434 1.122376 3.3542 1.931434 1.122376 3.3542 1.931434 1.122376 16.82962 1.990603 1.265221 16.82962 1.990603 1.265221 16.82962 1.990603 1.265221 17.42053 2.012986 1.418512 17.42053 2.012986 1.418512 17.42053 2.012986 1.418512 18.0114 1.999111 1.574083 18.0114 1.999111 1.574083 18.0114 1.999111 1.574083 18.60221 1.948598 1.724557 18.60221 1.948598 1.724557 18.60221 1.948598 1.724557 18.0114 1.84354 1.84354 18.0114 1.84354 1.84354 18.0114 1.84354 1.84354 17.42053 1.715749 1.933342 17.42053 1.715749 1.933342 17.42053 1.715749 1.933342 16.82962 1.571803 1.990603 16.82962 1.571803 1.990603 16.82962 1.571803 1.990603 3.3542 1.418512 2.010784 3.3542 1.418512 2.010784 3.3542 1.418512 2.010784 2.696581 1.259997 2.010096 2.696581 1.259997 2.010096 2.696581 1.259997 2.010096 2.083777 1.082701 2.000153 2.083777 1.082701 2.000153 2.083777 1.082701 2.000153 1.55755 0.877049 1.959975 1.55755 0.877049 1.959975 1.55755 0.877049 1.959975 1.153763 0.6491282 1.862716 1.153763 0.6491282 1.862716 1.153763 0.6491282 1.862716 0.899931 0.4223985 1.68542 0.899931 0.4223985 1.68542 0.899931 0.4223985 1.68542 0.7605785 0.2743306 1.418512 0.7605785 0.2743306 1.418512 0.7605785 0.2743306 1.418512 0.6042 0.2743306 1.111929 0.6042 0.2743306 1.111929 0.6042 0.2743306 1.111929 0.4478215 0.6094535 0.6094535 0.4478215 0.4276218 0.8464212 0.4478215 0.4276218 0.8464212 0.4478215 0.6094535 0.6094535 0.4478215 0.4276218 0.8464212 0.4478215 0.6094535 0.6094535 0.6042 0.8262401 0.392667 0.6042 0.8262401 0.392667 0.6042 0.8262401 0.392667 0.7605785 1.122376 0.3133176 0.7605785 1.122376 0.3133176 0.7605785 1.122376 0.3133176 0.899931 1.418512 0.3872595 0.899931 1.418512 0.3872595 0.899931 1.418512 0.3872595 1.153763 1.648449 0.5603759 1.153763 1.648449 0.5603759 1.153763 1.648449 0.5603759 1.55755 1.801384 0.7553579 1.55755 1.801384 0.7553579 1.55755 1.801384 0.7553579 2.083777 1.89342 0.943604 2.083777 1.89342 0.943604 2.083777 1.89342 0.943604 2.696581 1.948912 1.112285 2.696581 1.948912 1.112285 2.696581 1.948912 1.112285 3.3542 1.990603 1.265221 3.3542 1.990603 1.265221 3.3542 1.990603 1.265221 16.82962 2.010784 1.418512 16.82962 2.010784 1.418512 16.82962 2.010784 1.418512 17.42053 1.99273 1.572373 17.42053 1.99273 1.572373 17.42053 1.99273 1.572373 18.0114 1.939063 1.719052 18.0114 1.939063 1.719052 18.0114 1.939063 1.719052 17.42053 1.838869 1.838869 17.42053 1.838869 1.838869 17.42053 1.838869 1.838869 16.82962 1.714648 1.931434 16.82962 1.714648 1.931434 16.82962 1.714648 1.931434 3.3542 1.571803 1.990603 3.3542 1.571803 1.990603 3.3542 1.571803 1.990603 2.696581 1.418512 2.030965 2.696581 1.418512 2.030965 2.696581 1.418512 2.030965 2.083777 1.244684 2.067248 2.083777 1.244684 2.067248 2.083777 1.244684 2.067248 1.55755 1.03564 2.081666 1.55755 1.03564 2.081666 1.55755 1.03564 2.081666 1.153763 0.7903128 2.046711 1.153763 0.7903128 2.046711 1.153763 0.7903128 2.046711 0.899931 0.5254211 1.934138 0.899931 0.5254211 1.934138 0.899931 0.5254211 1.934138 0.7605785 0.3133176 1.714648 0.7605785 0.3133176 1.714648 0.7605785 0.3133176 1.714648 0.6042 0.2339682 1.418512 0.6042 0.2339682 1.418512 0.6042 0.2339682 1.418512 0.4478215 0.3133176 1.122376 0.4478215 0.3133176 1.122376 0.4478215 0.3133176 1.122376 0.3021 0.5301041 0.9055895 0.3021 0.69313 0.69313 0.3021 0.69313 0.69313 0.3021 0.5301041 0.9055895 0.3021 0.5301041 0.9055895 0.3021 0.69313 0.69313 0.4478215 0.8464212 0.4276218 0.4478215 0.8464212 0.4276218 0.4478215 0.8464212 0.4276218 0.6042 1.111929 0.2743306 0.6042 1.111929 0.2743306 0.6042 1.111929 0.2743306 0.7605785 1.418512 0.2743306 0.7605785 1.418512 0.2743306 0.7605785 1.418512 0.2743306 0.899931 1.68542 0.4223985 0.899931 1.68542 0.4223985 0.899931 1.68542 0.4223985 1.153763 1.862716 0.6491282 1.153763 1.862716 0.6491282 1.153763 1.862716 0.6491282 1.55755 1.959975 0.877049 1.55755 1.959975 0.877049 1.55755 1.959975 0.877049 2.083777 2.000153 1.082701 2.083777 2.000153 1.082701 2.083777 2.000153 1.082701 2.696581 2.010096 1.259997 2.696581 2.010096 1.259997 2.696581 2.010096 1.259997 3.3542 2.010784 1.418512 3.3542 2.010784 1.418512 3.3542 2.010784 1.418512 16.82962 1.990603 1.571803 16.82962 1.990603 1.571803 16.82962 1.990603 1.571803 17.42053 1.933342 1.715749 17.42053 1.933342 1.715749 17.42053 1.933342 1.715749 16.82962 1.837311 1.837311 16.82962 1.837311 1.837311 16.82962 1.837311 1.837311 3.3542 1.714648 1.931434 3.3542 1.714648 1.931434 3.3542 1.714648 1.931434 2.696581 1.577026 2.010096 2.696581 1.577026 2.010096 2.696581 1.577026 2.010096 2.083777 1.418512 2.090133 2.083777 1.418512 2.090133 2.083777 1.418512 2.090133 1.55755 1.220323 2.158164 1.55755 1.220323 2.158164 1.55755 1.220323 2.158164 1.153763 0.974308 2.187896 1.153763 0.974308 2.187896 1.153763 0.974308 2.187896 0.899931 0.6893063 2.147718 0.899931 0.6893063 2.147718 0.899931 0.6893063 2.147718 0.7605785 0.4276218 1.990603 0.7605785 0.4276218 1.990603 0.7605785 0.4276218 1.990603 0.6042 0.2743306 1.725094 0.6042 0.2743306 1.725094 0.6042 0.2743306 1.725094 0.4478215 0.2743306 1.418512 0.4478215 0.2743306 1.418512 0.4478215 0.2743306 1.418512 0.3021 0.4276218 1.153004 0.3021 0.4276218 1.153004 0.3021 0.4276218 1.153004 0.1769661 0.69313 0.9997125 0.1769661 0.8262401 0.8262401 0.1769661 0.8262401 0.8262401 0.1769661 0.69313 0.9997125 0.1769661 0.69313 0.9997125 0.1769661 0.8262401 0.8262401 0.3021 0.9055895 0.5301041 0.3021 0.9055895 0.5301041 0.3021 0.9055895 0.5301041 0.4478215 1.122376 0.3133176 0.4478215 1.122376 0.3133176 0.4478215 1.122376 0.3133176 0.6042 1.418512 0.2339682 0.6042 1.418512 0.2339682 0.6042 1.418512 0.2339682 0.7605785 1.714648 0.3133176 0.7605785 1.714648 0.3133176 0.7605785 1.714648 0.3133176 0.899931 1.934138 0.5254211 0.899931 1.934138 0.5254211 0.899931 1.934138 0.5254211 1.153763 2.046711 0.7903128 1.153763 2.046711 0.7903128 1.153763 2.046711 0.7903128 1.55755 2.081666 1.03564 1.55755 2.081666 1.03564 1.55755 2.081666 1.03564 2.083777 2.067248 1.244684 2.083777 2.067248 1.244684 2.083777 2.067248 1.244684 2.696581 2.030965 1.418512 2.696581 2.030965 1.418512 2.696581 2.030965 1.418512 3.3542 1.990603 1.571803 3.3542 1.990603 1.571803 3.3542 1.990603 1.571803 16.82962 1.931434 1.714648 16.82962 1.931434 1.714648 16.82962 1.931434 1.714648 3.3542 1.837311 1.837311 3.3542 1.837311 1.837311 3.3542 1.837311 1.837311 2.696581 1.724738 1.948912 2.696581 1.724738 1.948912 2.696581 1.724738 1.948912 2.083777 1.59234 2.067248 2.083777 1.59234 2.067248 2.083777 1.59234 2.067248 1.55755 1.418512 2.184256 1.55755 1.418512 2.184256 1.55755 1.418512 2.184256 1.153763 1.188575 2.276648 1.153763 1.188575 2.276648 1.153763 1.188575 2.276648 0.899931 0.9028857 2.311603 0.899931 0.9028857 2.311603 0.899931 0.9028857 2.311603 0.7605785 0.6094535 2.22757 0.7605785 0.6094535 2.22757 0.7605785 0.6094535 2.22757 0.6042 0.392667 2.010784 0.6042 0.392667 2.010784 0.6042 0.392667 2.010784 0.4478215 0.3133176 1.714648 0.4478215 0.3133176 1.714648 0.4478215 0.3133176 1.714648 0.3021 0.392667 1.418512 0.3021 0.392667 1.418512 0.3021 0.392667 1.418512 0.1769661 0.6094535 1.201725 0.1769661 0.6094535 1.201725 0.1769661 0.6094535 1.201725 0.08094745 0.9055895 1.122376 0.08094745 0.9997125 0.9997125 0.08094745 0.9997125 0.9997125 0.08094745 0.9055895 1.122376 0.08094745 0.9055895 1.122376 0.08094745 0.9997125 0.9997125 0.1769661 0.9997125 0.69313 0.1769661 0.9997125 0.69313 0.1769661 0.9997125 0.69313 0.3021 1.153004 0.4276218 0.3021 1.153004 0.4276218 0.3021 1.153004 0.4276218 0.4478215 1.418512 0.2743306 0.4478215 1.418512 0.2743306 0.4478215 1.418512 0.2743306 0.6042 1.725094 0.2743306 0.6042 1.725094 0.2743306 0.6042 1.725094 0.2743306 0.7605785 1.990603 0.4276218 0.7605785 1.990603 0.4276218 0.7605785 1.990603 0.4276218 0.899931 2.147718 0.6893063 0.899931 2.147718 0.6893063 0.899931 2.147718 0.6893063 1.153763 2.187896 0.974308 1.153763 2.187896 0.974308 1.153763 2.187896 0.974308 1.55755 2.158164 1.220323 1.55755 2.158164 1.220323 1.55755 2.158164 1.220323 2.083777 2.090133 1.418512 2.083777 2.090133 1.418512 2.083777 2.090133 1.418512 2.696581 2.010096 1.577026 2.696581 2.010096 1.577026 2.696581 2.010096 1.577026 3.3542 1.931434 1.714648 3.3542 1.931434 1.714648 3.3542 1.931434 1.714648 2.696581 1.851582 1.851582 2.696581 1.851582 1.851582 2.696581 1.851582 1.851582 2.083777 1.754323 2.000153 2.083777 1.754323 2.000153 2.083777 1.754323 2.000153 1.55755 1.616701 2.158164 1.55755 1.616701 2.158164 1.55755 1.616701 2.158164 1.153763 1.418512 2.30692 1.153763 1.418512 2.30692 1.153763 1.418512 2.30692 0.899931 1.151604 2.414625 0.899931 1.151604 2.414625 0.899931 1.151604 2.414625 0.7605785 0.8464212 2.409402 0.7605785 0.8464212 2.409402 0.7605785 0.8464212 2.409402 0.6042 0.580913 2.256111 0.6042 0.580913 2.256111 0.6042 0.580913 2.256111 0.4478215 0.4276218 1.990603 0.4478215 0.4276218 1.990603 0.4478215 0.4276218 1.990603 0.3021 0.4276218 1.68402 0.3021 0.4276218 1.68402 0.3021 0.4276218 1.68402 0.1769661 0.580913 1.418512 0.1769661 0.580913 1.418512 0.1769661 0.580913 1.418512 0.08094745 0.8464212 1.265221 0.08094745 0.8464212 1.265221 0.08094745 0.8464212 1.265221 0.02058762 1.153004 1.265221 0.02058762 1.201725 1.201725 0.02058762 1.201725 1.201725 0.02058762 1.153004 1.265221 0.02058762 1.153004 1.265221 0.02058762 1.201725 1.201725 0.08094745 1.122376 0.9055895 0.08094745 1.122376 0.9055895 0.08094745 1.122376 0.9055895 0.1769661 1.201725 0.6094535 0.1769661 1.201725 0.6094535 0.1769661 1.201725 0.6094535 0.3021 1.418512 0.392667 0.3021 1.418512 0.392667 0.3021 1.418512 0.392667 0.4478215 1.714648 0.3133176 0.4478215 1.714648 0.3133176 0.4478215 1.714648 0.3133176 0.6042 2.010784 0.392667 0.6042 2.010784 0.392667 0.6042 2.010784 0.392667 0.7605785 2.22757 0.6094535 0.7605785 2.22757 0.6094535 0.7605785 2.22757 0.6094535 0.899931 2.311603 0.9028857 0.899931 2.311603 0.9028857 0.899931 2.311603 0.9028857 1.153763 2.276648 1.188575 1.153763 2.276648 1.188575 1.153763 2.276648 1.188575 1.55755 2.184256 1.418512 1.55755 2.184256 1.418512 1.55755 2.184256 1.418512 2.083777 2.067248 1.59234 2.083777 2.067248 1.59234 2.083777 2.067248 1.59234 2.696581 1.948912 1.724738 2.696581 1.948912 1.724738 2.696581 1.948912 1.724738 2.083777 1.89342 1.89342 2.083777 1.89342 1.89342 2.083777 1.89342 1.89342 1.55755 1.801384 2.081666 1.55755 1.801384 2.081666 1.55755 1.801384 2.081666 1.153763 1.648449 2.276648 1.153763 1.648449 2.276648 1.153763 1.648449 2.276648 0.899931 1.418512 2.449764 0.899931 1.418512 2.449764 0.899931 1.418512 2.449764 0.7605785 1.122376 2.523706 0.7605785 1.122376 2.523706 0.7605785 1.122376 2.523706 0.6042 0.8262401 2.444357 0.6042 0.8262401 2.444357 0.6042 0.8262401 2.444357 0.4478215 0.6094535 2.22757 0.4478215 0.6094535 2.22757 0.4478215 0.6094535 2.22757 0.3021 0.5301041 1.931434 0.3021 0.5301041 1.931434 0.3021 0.5301041 1.931434 0.1769661 0.6094535 1.635298 0.1769661 0.6094535 1.635298 0.1769661 0.6094535 1.635298 0.08094745 0.8262401 1.418512 0.08094745 0.8262401 1.418512 0.08094745 0.8262401 1.418512 0.02058762 1.122376 1.339163 0.02058762 1.122376 1.339163 0.02058762 1.122376 1.339163 0 1.418512 1.418512 0 1.418512 1.418512 0 1.418512 1.418512 0.02058762 1.265221 1.153004 0.02058762 1.265221 1.153004 0.02058762 1.265221 1.153004 0.08094745 1.265221 0.8464212 0.08094745 1.265221 0.8464212 0.08094745 1.265221 0.8464212 0.1769661 1.418512 0.580913 0.1769661 1.418512 0.580913 0.1769661 1.418512 0.580913 0.3021 1.68402 0.4276218 0.3021 1.68402 0.4276218 0.3021 1.68402 0.4276218 0.4478215 1.990603 0.4276218 0.4478215 1.990603 0.4276218 0.4478215 1.990603 0.4276218 0.6042 2.256111 0.580913 0.6042 2.256111 0.580913 0.6042 2.256111 0.580913 0.7605785 2.409402 0.8464212 0.7605785 2.409402 0.8464212 0.7605785 2.409402 0.8464212 0.899931 2.414625 1.151604 0.899931 2.414625 1.151604 0.899931 2.414625 1.151604 1.153763 2.30692 1.418512 1.153763 2.30692 1.418512 1.153763 2.30692 1.418512 1.55755 2.158164 1.616701 1.55755 2.158164 1.616701 1.55755 2.158164 1.616701 2.083777 2.000153 1.754323 2.083777 2.000153 1.754323 2.083777 2.000153 1.754323 1.55755 1.959975 1.959975 1.55755 1.959975 1.959975 1.55755 1.959975 1.959975 1.153763 1.862716 2.187896 1.153763 1.862716 2.187896 1.153763 1.862716 2.187896 0.899931 1.68542 2.414625 0.899931 1.68542 2.414625 0.899931 1.68542 2.414625 0.7605785 1.418512 2.562693 0.7605785 1.418512 2.562693 0.7605785 1.418512 2.562693 0.6042 1.111929 2.562693 0.6042 1.111929 2.562693 0.6042 1.111929 2.562693 0.4478215 0.8464212 2.409402 0.4478215 0.8464212 2.409402 0.4478215 0.8464212 2.409402 0.3021 0.69313 2.143894 0.3021 0.69313 2.143894 0.3021 0.69313 2.143894 0.1769661 0.69313 1.837311 0.1769661 0.69313 1.837311 0.1769661 0.69313 1.837311 0.08094745 0.8464212 1.571803 0.08094745 0.8464212 1.571803 0.08094745 0.8464212 1.571803 0.02058762 1.111929 1.418512 0.02058762 1.111929 1.418512 0.02058762 1.111929 1.418512 0.02058762 1.339163 1.122376 0.02058762 1.339163 1.122376 0.02058762 1.339163 1.122376 0.08094745 1.418512 0.8262401 0.08094745 1.418512 0.8262401 0.08094745 1.418512 0.8262401 0.1769661 1.635298 0.6094535 0.1769661 1.635298 0.6094535 0.1769661 1.635298 0.6094535 0.3021 1.931434 0.5301041 0.3021 1.931434 0.5301041 0.3021 1.931434 0.5301041 0.4478215 2.22757 0.6094535 0.4478215 2.22757 0.6094535 0.4478215 2.22757 0.6094535 0.6042 2.444357 0.8262401 0.6042 2.444357 0.8262401 0.6042 2.444357 0.8262401 0.7605785 2.523706 1.122376 0.7605785 2.523706 1.122376 0.7605785 2.523706 1.122376 0.899931 2.449764 1.418512 0.899931 2.449764 1.418512 0.899931 2.449764 1.418512 1.153763 2.276648 1.648449 1.153763 2.276648 1.648449 1.153763 2.276648 1.648449 1.55755 2.081666 1.801384 1.55755 2.081666 1.801384 1.55755 2.081666 1.801384 1.153763 2.046711 2.046711 1.153763 2.046711 2.046711 1.153763 2.046711 2.046711 0.899931 1.934138 2.311603 0.899931 1.934138 2.311603 0.899931 1.934138 2.311603 0.7605785 1.714648 2.523706 0.7605785 1.714648 2.523706 0.7605785 1.714648 2.523706 0.6042 1.418512 2.603056 0.6042 1.418512 2.603056 0.6042 1.418512 2.603056 0.4478215 1.122376 2.523706 0.4478215 1.122376 2.523706 0.4478215 1.122376 2.523706 0.3021 0.9055895 2.30692 0.3021 0.9055895 2.30692 0.3021 0.9055895 2.30692 0.1769661 0.8262401 2.010784 0.1769661 0.8262401 2.010784 0.1769661 0.8262401 2.010784 0.08094745 0.9055895 1.714648 0.08094745 0.9055895 1.714648 0.08094745 0.9055895 1.714648 0.02058762 1.122376 1.497861 0.02058762 1.122376 1.497861 0.02058762 1.122376 1.497861 0.02058762 1.418512 1.111929 0.02058762 1.418512 1.111929 0.02058762 1.418512 1.111929 0.08094745 1.571803 0.8464212 0.08094745 1.571803 0.8464212 0.08094745 1.571803 0.8464212 0.1769661 1.837311 0.69313 0.1769661 1.837311 0.69313 0.1769661 1.837311 0.69313 0.3021 2.143894 0.69313 0.3021 2.143894 0.69313 0.3021 2.143894 0.69313 0.4478215 2.409402 0.8464212 0.4478215 2.409402 0.8464212 0.4478215 2.409402 0.8464212 0.6042 2.562693 1.111929 0.6042 2.562693 1.111929 0.6042 2.562693 1.111929 0.7605785 2.562693 1.418512 0.7605785 2.562693 1.418512 0.7605785 2.562693 1.418512 0.899931 2.414625 1.68542 0.899931 2.414625 1.68542 0.899931 2.414625 1.68542 1.153763 2.187896 1.862716 1.153763 2.187896 1.862716 1.153763 2.187896 1.862716 0.899931 2.147718 2.147718 0.899931 2.147718 2.147718 0.899931 2.147718 2.147718 0.7605785 1.990603 2.409402 0.7605785 1.990603 2.409402 0.7605785 1.990603 2.409402 0.6042 1.725094 2.562693 0.6042 1.725094 2.562693 0.6042 1.725094 2.562693 0.4478215 1.418512 2.562693 0.4478215 1.418512 2.562693 0.4478215 1.418512 2.562693 0.3021 1.153004 2.409402 0.3021 1.153004 2.409402 0.3021 1.153004 2.409402 0.1769661 0.9997125 2.143894 0.1769661 0.9997125 2.143894 0.1769661 0.9997125 2.143894 0.08094745 0.9997125 1.837311 0.08094745 0.9997125 1.837311 0.08094745 0.9997125 1.837311 0.02058762 1.153004 1.571803 0.02058762 1.153004 1.571803 0.02058762 1.153004 1.571803 0.02058762 1.497861 1.122376 0.02058762 1.497861 1.122376 0.02058762 1.497861 1.122376 0.08094745 1.714648 0.9055895 0.08094745 1.714648 0.9055895 0.08094745 1.714648 0.9055895 0.1769661 2.010784 0.8262401 0.1769661 2.010784 0.8262401 0.1769661 2.010784 0.8262401 0.3021 2.30692 0.9055895 0.3021 2.30692 0.9055895 0.3021 2.30692 0.9055895 0.4478215 2.523706 1.122376 0.4478215 2.523706 1.122376 0.4478215 2.523706 1.122376 0.6042 2.603056 1.418512 0.6042 2.603056 1.418512 0.6042 2.603056 1.418512 0.7605785 2.523706 1.714648 0.7605785 2.523706 1.714648 0.7605785 2.523706 1.714648 0.899931 2.311603 1.934138 0.899931 2.311603 1.934138 0.899931 2.311603 1.934138 0.7605785 2.22757 2.22757 0.7605785 2.22757 2.22757 0.7605785 2.22757 2.22757 0.6042 2.010784 2.444357 0.6042 2.010784 2.444357 0.6042 2.010784 2.444357 0.4478215 1.714648 2.523706 0.4478215 1.714648 2.523706 0.4478215 1.714648 2.523706 0.3021 1.418512 2.444357 0.3021 1.418512 2.444357 0.3021 1.418512 2.444357 0.1769661 1.201725 2.22757 0.1769661 1.201725 2.22757 0.1769661 1.201725 2.22757 0.08094745 1.122376 1.931434 0.08094745 1.122376 1.931434 0.08094745 1.122376 1.931434 0.02058762 1.201725 1.635298 0.02058762 1.201725 1.635298 0.02058762 1.201725 1.635298 0.02058762 1.571803 1.153004 0.02058762 1.571803 1.153004 0.02058762 1.571803 1.153004 0.08094745 1.837311 0.9997125 0.08094745 1.837311 0.9997125 0.08094745 1.837311 0.9997125 0.1769661 2.143894 0.9997125 0.1769661 2.143894 0.9997125 0.1769661 2.143894 0.9997125 0.3021 2.409402 1.153004 0.3021 2.409402 1.153004 0.3021 2.409402 1.153004 0.4478215 2.562693 1.418512 0.4478215 2.562693 1.418512 0.4478215 2.562693 1.418512 0.6042 2.562693 1.725094 0.6042 2.562693 1.725094 0.6042 2.562693 1.725094 0.7605785 2.409402 1.990603 0.7605785 2.409402 1.990603 0.7605785 2.409402 1.990603 0.6042 2.256111 2.256111 0.6042 2.256111 2.256111 0.6042 2.256111 2.256111 0.4478215 1.990603 2.409402 0.4478215 1.990603 2.409402 0.4478215 1.990603 2.409402 0.3021 1.68402 2.409402 0.3021 1.68402 2.409402 0.3021 1.68402 2.409402 0.1769661 1.418512 2.256111 0.1769661 1.418512 2.256111 0.1769661 1.418512 2.256111 0.08094745 1.265221 1.990603 0.08094745 1.265221 1.990603 0.08094745 1.265221 1.990603 0.02058762 1.265221 1.68402 0.02058762 1.265221 1.68402 0.02058762 1.265221 1.68402 0.02058762 1.635298 1.201725 0.02058762 1.635298 1.201725 0.02058762 1.635298 1.201725 0.08094745 1.931434 1.122376 0.08094745 1.931434 1.122376 0.08094745 1.931434 1.122376 0.1769661 2.22757 1.201725 0.1769661 2.22757 1.201725 0.1769661 2.22757 1.201725 0.3021 2.444357 1.418512 0.3021 2.444357 1.418512 0.3021 2.444357 1.418512 0.4478215 2.523706 1.714648 0.4478215 2.523706 1.714648 0.4478215 2.523706 1.714648 0.6042 2.444357 2.010784 0.6042 2.444357 2.010784 0.6042 2.444357 2.010784 0.4478215 2.22757 2.22757 0.4478215 2.22757 2.22757 0.4478215 2.22757 2.22757 0.3021 1.931434 2.30692 0.3021 1.931434 2.30692 0.3021 1.931434 2.30692 0.1769661 1.635298 2.22757 0.1769661 1.635298 2.22757 0.1769661 1.635298 2.22757 0.08094745 1.418512 2.010784 0.08094745 1.418512 2.010784 0.08094745 1.418512 2.010784 0.02058762 1.339163 1.714648 0.02058762 1.339163 1.714648 0.02058762 1.339163 1.714648 0.02058762 1.68402 1.265221 0.02058762 1.68402 1.265221 0.02058762 1.68402 1.265221 0.08094745 1.990603 1.265221 0.08094745 1.990603 1.265221 0.08094745 1.990603 1.265221 0.1769661 2.256111 1.418512 0.1769661 2.256111 1.418512 0.1769661 2.256111 1.418512 0.3021 2.409402 1.68402 0.3021 2.409402 1.68402 0.3021 2.409402 1.68402 0.4478215 2.409402 1.990603 0.4478215 2.409402 1.990603 0.4478215 2.409402 1.990603 0.3021 2.143894 2.143894 0.3021 2.143894 2.143894 0.3021 2.143894 2.143894 0.1769661 1.837311 2.143894 0.1769661 1.837311 2.143894 0.1769661 1.837311 2.143894 0.08094745 1.571803 1.990603 0.08094745 1.571803 1.990603 0.08094745 1.571803 1.990603 0.02058762 1.418512 1.725094 0.02058762 1.418512 1.725094 0.02058762 1.418512 1.725094 0.02058762 1.714648 1.339163 0.02058762 1.714648 1.339163 0.02058762 1.714648 1.339163 0.08094745 2.010784 1.418512 0.08094745 2.010784 1.418512 0.08094745 2.010784 1.418512 0.1769661 2.22757 1.635298 0.1769661 2.22757 1.635298 0.1769661 2.22757 1.635298 0.3021 2.30692 1.931434 0.3021 2.30692 1.931434 0.3021 2.30692 1.931434 0.1769661 2.010784 2.010784 0.1769661 2.010784 2.010784 0.1769661 2.010784 2.010784 0.08094745 1.714648 1.931434 0.08094745 1.714648 1.931434 0.08094745 1.714648 1.931434 0.02058762 1.497861 1.714648 0.02058762 1.497861 1.714648 0.02058762 1.497861 1.714648 0.02058762 1.725094 1.418512 0.02058762 1.725094 1.418512 0.02058762 1.725094 1.418512 0.08094745 1.990603 1.571803 0.08094745 1.990603 1.571803 0.08094745 1.990603 1.571803 0.1769661 2.143894 1.837311 0.1769661 2.143894 1.837311 0.1769661 2.143894 1.837311 0.08094745 1.837311 1.837311 0.08094745 1.837311 1.837311 0.08094745 1.837311 1.837311 0.02058762 1.571803 1.68402 0.02058762 1.571803 1.68402 0.02058762 1.571803 1.68402 0.02058762 1.714648 1.497861 0.02058762 1.714648 1.497861 0.02058762 1.714648 1.497861 0.08094745 1.931434 1.714648 0.08094745 1.931434 1.714648 0.08094745 1.931434 1.714648 0.02058762 1.635298 1.635298 0.02058762 1.635298 1.635298 0.02058762 1.635298 1.635298 0.02058762 1.68402 1.571803 0.02058762 1.68402 1.571803 0.02058762 1.68402 1.571803</float_array>
                    <technique_common>
                        <accessor count="3174" source="#ID19" stride="3">
                            <param name="X" type="float" />
                            <param name="Y" type="float" />
                            <param name="Z" type="float" />
                        </accessor>
                    </technique_common>
                </source>
                <source id="ID11">
                    <float_array id="ID20" count="9522">-0.03875136 -0.8653749 -0.4996244 -0.04437543 -0.7064102 -0.7064102 -0.03875136 -0.7065757 -0.7065757 -0.04437543 -0.8651723 -0.4995075 0.04437543 0.8651723 0.4995075 0.03875136 0.8653749 0.4996244 0.04437543 0.7064102 0.7064102 0.03875136 0.7065757 0.7065757 0 0 0 0 0 0 0 0 0 0 0 0 -0.03875136 -0.9652003 -0.2586246 -0.04437543 -0.9649743 -0.2585641 0.04437543 0.9649743 0.2585641 0.03875136 0.9652003 0.2586246 0 0 0 0 0 0 -0.0499981 -0.7062224 -0.7062224 -0.0499981 -0.8649423 -0.4993747 0.0499981 0.8649423 0.4993747 0.0499981 0.7062224 0.7062224 0 0 0 0 0 0 -0.03875136 -0.4996244 -0.8653749 -0.04437543 -0.4995075 -0.8651723 0.03875136 0.4996244 0.8653749 0.04437543 0.4995075 0.8651723 0 0 0 0 0 0 -0.03312606 -0.8655501 -0.4997256 -0.03312606 -0.7067187 -0.7067187 0.03312606 0.8655501 0.4997256 0.03312606 0.7067187 0.7067187 0 0 0 0 0 0 -0.03875136 -0.9992489 -6.060918e-16 -0.04437543 -0.9990149 -4.456539e-16 0.04437543 0.9990149 4.456539e-16 0.03875136 0.9992489 6.060918e-16 0 0 0 0 0 0 -0.0499981 -0.9647178 -0.2584953 0.0499981 0.9647178 0.2584953 0 0 0 -0.03312606 -0.9653957 -0.258677 0.03312606 0.9653957 0.258677 0 0 0 -0.05561918 -0.7060122 -0.7060122 -0.05561918 -0.8646848 -0.499226 0.05561918 0.8646848 0.499226 0.05561918 0.7060122 0.7060122 0 0 0 0 0 0 -0.0499981 -0.4993747 -0.8649423 0.0499981 0.4993747 0.8649423 0 0 0 -0.03875136 -0.2586246 -0.9652003 -0.04437543 -0.2585641 -0.9649743 0.03875136 0.2586246 0.9652003 0.04437543 0.2585641 0.9649743 0 0 0 0 0 0 -0.03312606 -0.4997256 -0.8655501 0.03312606 0.4997256 0.8655501 0 0 0 -0.02749971 -0.8656979 -0.4998109 -0.02749971 -0.7068394 -0.7068394 0.02749971 0.8656979 0.4998109 0.02749971 0.7068394 0.7068394 0 0 0 0 0 0 -0.03875136 -0.9652003 0.2586246 -0.04437543 -0.9649743 0.2585641 0.04437543 0.9649743 -0.2585641 0.03875136 0.9652003 -0.2586246 0 0 0 0 0 0 -0.0499981 -0.9987493 -5.124996e-16 0.0499981 0.9987493 5.124996e-16 0 0 0 -0.03312606 -0.9994512 -6.863122e-16 0.03312606 0.9994512 6.863122e-16 0 0 0 -0.05561918 -0.9644306 -0.2584184 0.05561918 0.9644306 0.2584184 0 0 0 -0.02749971 -0.9655605 -0.2587212 0.02749971 0.9655605 0.2587212 0 0 0 -0.0612385 -0.7057797 -0.7057797 -0.0612385 -0.8644 -0.4990616 0.0612385 0.8644 0.4990616 0.0612385 0.7057797 0.7057797 0 0 0 0 0 0 -0.05561918 -0.499226 -0.8646848 0.05561918 0.499226 0.8646848 0 0 0 -0.0499981 -0.2584953 -0.9647178 0.0499981 0.2584953 0.9647178 0 0 0 -0.03875136 1.549545e-14 -0.9992489 -0.04437543 1.564245e-14 -0.9990149 0.03875136 -1.549545e-14 0.9992489 0.04437543 -1.564245e-14 0.9990149 0 0 0 0 0 0 -0.03312606 -0.258677 -0.9653957 0.03312606 0.258677 0.9653957 0 0 0 -0.02749971 -0.4998109 -0.8656979 0.02749971 0.4998109 0.8656979 0 0 0 -0.01233428 -0.8659595 -0.499962 -0.01233428 -0.707053 -0.707053 0.01233428 0.8659595 0.499962 0.01233428 0.707053 0.707053 0 0 0 0 0 0 -0.04437543 -0.8651723 0.4995075 -0.03875136 -0.8653749 0.4996244 0.03875136 0.8653749 -0.4996244 0.04437543 0.8651723 -0.4995075 0 0 0 0 0 0 -0.0499981 -0.9647178 0.2584953 0.0499981 0.9647178 -0.2584953 0 0 0 -0.03312606 -0.9653957 0.258677 0.03312606 0.9653957 -0.258677 0 0 0 -0.05561918 -0.9984521 -4.501061e-16 0.05561918 0.9984521 4.501061e-16 0 0 0 -0.02749971 -0.9996218 -9.35883e-17 0.02749971 0.9996218 9.35883e-17 0 0 0 -0.0612385 -0.9641129 -0.2583333 0.0612385 0.9641129 0.2583333 0 0 0 -0.01233428 -0.9658523 -0.2587994 0.01233428 0.9658523 0.2587994 0 0 0 -0.06685588 -0.7055247 -0.7055247 -0.06685588 -0.8640878 -0.4988813 0.06685588 0.8640878 0.4988813 0.06685588 0.7055247 0.7055247 0 0 0 0 0 0 -0.0612385 -0.4990616 -0.8644 0.0612385 0.4990616 0.8644 0 0 0 -0.05561918 -0.2584184 -0.9644306 0.05561918 0.2584184 0.9644306 0 0 0 -0.0499981 4.512671e-14 -0.9987493 0.0499981 -4.512671e-14 0.9987493 0 0 0 -0.03875136 0.2586246 -0.9652003 -0.04437543 0.2585641 -0.9649743 0.03875136 -0.2586246 0.9652003 0.04437543 -0.2585641 0.9649743 0 0 0 0 0 0 -0.03312606 1.761237e-14 -0.9994512 0.03312606 -1.761237e-14 0.9994512 0 0 0 -0.02749971 -0.2587212 -0.9655605 0.02749971 0.2587212 0.9655605 0 0 0 -0.01233428 -0.499962 -0.8659595 0.01233428 0.499962 0.8659595 0 0 0 0.1100712 -0.8607632 -0.4969619 0.1100712 -0.7028102 -0.7028102 -0.1100712 0.8607632 0.4969619 -0.1100712 0.7028102 0.7028102 0 0 0 0 0 0 -0.04437543 -0.7064102 0.7064102 -0.03875136 -0.7065757 0.7065757 0.03875136 0.7065757 -0.7065757 0.04437543 0.7064102 -0.7064102 0 0 0 0 0 0 -0.0499981 -0.8649423 0.4993747 0.0499981 0.8649423 -0.4993747 0 0 0 -0.03312606 -0.8655501 0.4997256 0.03312606 0.8655501 -0.4997256 0 0 0 -0.05561918 -0.9644306 0.2584184 0.05561918 0.9644306 -0.2584184 0 0 0 -0.02749971 -0.9655605 0.2587212 0.02749971 0.9655605 -0.2587212 0 0 0 -0.0612385 -0.9981232 -7.709694e-16 0.0612385 0.9981232 7.709694e-16 0 0 0 -0.01233428 -0.9999239 -6.690689e-16 0.01233428 0.9999239 6.690689e-16 0 0 0 -0.06685588 -0.9637647 -0.25824 0.06685588 0.9637647 0.25824 0 0 0 0.1100712 -0.9600566 -0.2572464 -0.1100712 0.9600566 0.2572464 0 0 0 -0.07247114 -0.7052475 -0.7052475 -0.07247114 -0.8637482 -0.4986853 0.07247114 0.8637482 0.4986853 0.07247114 0.7052475 0.7052475 0 0 0 0 0 0 -0.06685588 -0.4988813 -0.8640878 0.06685588 0.4988813 0.8640878 0 0 0 -0.0612385 -0.2583333 -0.9641129 0.0612385 0.2583333 0.9641129 0 0 0 -0.05561918 8.129985e-14 -0.9984521 0.05561918 -8.129985e-14 0.9984521 0 0 0 -0.0499981 0.2584953 -0.9647178 0.0499981 -0.2584953 0.9647178 0 0 0 -0.03875136 0.4996244 -0.8653749 -0.04437543 0.4995075 -0.8651723 0.03875136 -0.4996244 0.8653749 0.04437543 -0.4995075 0.8651723 0 0 0 0 0 0 -0.03312606 0.258677 -0.9653957 0.03312606 -0.258677 0.9653957 0 0 0 -0.02749971 5.958455e-15 -0.9996218 0.02749971 -5.958455e-15 0.9996218 0 0 0 -0.01233428 -0.2587994 -0.9658523 0.01233428 0.2587994 0.9658523 0 0 0 0.1100712 -0.4969619 -0.8607632 -0.1100712 0.4969619 0.8607632 0 0 0 0.4024582 -0.6473127 -0.6473127 0.4024582 -0.7927929 -0.4577192 -0.4024582 0.7927929 0.4577192 -0.4024582 0.6473127 0.6473127 0 0 0 0 0 0 -0.04437543 -0.4995075 0.8651723 -0.03875136 -0.4996244 0.8653749 0.03875136 0.4996244 -0.8653749 0.04437543 0.4995075 -0.8651723 0 0 0 0 0 0 -0.0499981 -0.7062224 0.7062224 0.0499981 0.7062224 -0.7062224 0 0 0 -0.03312606 -0.7067187 0.7067187 0.03312606 0.7067187 -0.7067187 0 0 0 -0.05561918 -0.8646848 0.499226 0.05561918 0.8646848 -0.499226 0 0 0 -0.02749971 -0.8656979 0.4998109 0.02749971 0.8656979 -0.4998109 0 0 0 -0.0612385 -0.9641129 0.2583333 0.0612385 0.9641129 -0.2583333 0 0 0 -0.01233428 -0.9658523 0.2587994 0.01233428 0.9658523 -0.2587994 0 0 0 -0.06685588 -0.9977626 -4.456443e-17 0.06685588 0.9977626 4.456443e-17 0 0 0 0.1100712 -0.9939237 -1.117397e-15 -0.1100712 0.9939237 1.117397e-15 0 0 0 -0.07247114 -0.9633859 -0.2581385 0.07247114 0.9633859 0.2581385 0 0 0 0.4024582 -0.8842455 -0.2369329 -0.4024582 0.8842455 0.2369329 0 0 0 -0.07808411 -0.7049478 -0.7049478 -0.07808411 -0.8633812 -0.4984734 0.07808411 0.8633812 0.4984734 0.07808411 0.7049478 0.7049478 0 0 0 0 0 0 -0.07247114 -0.4986853 -0.8637482 0.07247114 0.4986853 0.8637482 0 0 0 -0.06685588 -0.25824 -0.9637647 0.06685588 0.25824 0.9637647 0 0 0 -0.0612385 6.865193e-14 -0.9981232 0.0612385 -6.865193e-14 0.9981232 0 0 0 -0.05561918 0.2584184 -0.9644306 0.05561918 -0.2584184 0.9644306 0 0 0 -0.0499981 0.4993747 -0.8649423 0.0499981 -0.4993747 0.8649423 0 0 0 -0.03875136 0.7065757 -0.7065757 -0.04437543 0.7064102 -0.7064102 0.03875136 -0.7065757 0.7065757 0.04437543 -0.7064102 0.7064102 0 0 0 0 0 0 -0.03312606 0.4997256 -0.8655501 0.03312606 -0.4997256 0.8655501 0 0 0 -0.02749971 0.2587212 -0.9655605 0.02749971 -0.2587212 0.9655605 0 0 0 -0.01233428 5.93241e-16 -0.9999239 0.01233428 -5.93241e-16 0.9999239 0 0 0 0.1100712 -0.2572464 -0.9600566 -0.1100712 0.2572464 0.9600566 0 0 0 0.4024582 -0.4577192 -0.7927929 -0.4024582 0.4577192 0.7927929 0 0 0 0.6903012 -0.5116074 -0.5116074 0.6903012 -0.6265885 -0.3617611 -0.6903012 0.6265885 0.3617611 -0.6903012 0.5116074 0.5116074 0 0 0 0 0 0 -0.04437543 -0.2585641 0.9649743 -0.03875136 -0.2586246 0.9652003 0.03875136 0.2586246 -0.9652003 0.04437543 0.2585641 -0.9649743 0 0 0 0 0 0 -0.0499981 -0.4993747 0.8649423 0.0499981 0.4993747 -0.8649423 0 0 0 -0.03312606 -0.4997256 0.8655501 0.03312606 0.4997256 -0.8655501 0 0 0 -0.05561918 -0.7060122 0.7060122 0.05561918 0.7060122 -0.7060122 0 0 0 -0.02749971 -0.7068394 0.7068394 0.02749971 0.7068394 -0.7068394 0 0 0 -0.0612385 -0.8644 0.4990616 0.0612385 0.8644 -0.4990616 0 0 0 -0.01233428 -0.8659595 0.499962 0.01233428 0.8659595 -0.499962 0 0 0 -0.06685588 -0.9637647 0.25824 0.06685588 0.9637647 -0.25824 0 0 0 0.1100712 -0.9600566 0.2572464 -0.1100712 0.9600566 -0.2572464 0 0 0 -0.07247114 -0.9973705 -8.288928e-16 0.07247114 0.9973705 8.288928e-16 0 0 0 0.4024582 -0.9154383 2.39509e-16 -0.4024582 0.9154383 -2.39509e-16 0 0 0 -0.07808411 -0.9629766 -0.2580288 0.07808411 0.9629766 0.2580288 0 0 0 0.6903012 -0.6988687 -0.1872613 -0.6903012 0.6988687 0.1872613 0 0 0 -0.0836946 -0.7046259 -0.7046259 -0.0836946 -0.8629869 -0.4982457 0.0836946 0.8629869 0.4982457 0.0836946 0.7046259 0.7046259 0 0 0 0 0 0 -0.07808411 -0.4984734 -0.8633812 0.07808411 0.4984734 0.8633812 0 0 0 -0.07247114 -0.2581385 -0.9633859 0.07247114 0.2581385 0.9633859 0 0 0 -0.06685588 -5.579466e-15 -0.9977626 0.06685588 5.579466e-15 0.9977626 0 0 0 -0.0612385 0.2583333 -0.9641129 0.0612385 -0.2583333 0.9641129 0 0 0 -0.05561918 0.499226 -0.8646848 0.05561918 -0.499226 0.8646848 0 0 0 -0.0499981 0.7062224 -0.7062224 0.0499981 -0.7062224 0.7062224 0 0 0 -0.03875136 0.8653749 -0.4996244 -0.04437543 0.8651723 -0.4995075 0.04437543 -0.8651723 0.4995075 0.03875136 -0.8653749 0.4996244 0 0 0 0 0 0 -0.03312606 0.7067187 -0.7067187 0.03312606 -0.7067187 0.7067187 0 0 0 -0.02749971 0.4998109 -0.8656979 0.02749971 -0.4998109 0.8656979 0 0 0 -0.01233428 0.2587994 -0.9658523 0.01233428 -0.2587994 0.9658523 0 0 0 0.1100712 -1.103826e-15 -0.9939237 -0.1100712 1.103826e-15 0.9939237 0 0 0 0.4024582 -0.2369329 -0.8842455 -0.4024582 0.2369329 0.8842455 0 0 0 0.6903012 -0.3617611 -0.6265885 -0.6903012 0.3617611 0.6265885 0 0 0 0.8565321 -0.4469503 -0.2580468 0.8565321 -0.3649334 -0.3649334 -0.8565321 0.3649334 0.3649334 -0.8565321 0.4469503 0.2580468 0 0 0 0 0 0 -0.04437543 -2.210443e-15 0.9990149 -0.03875136 1.546425e-15 0.9992489 0.03875136 -1.546425e-15 -0.9992489 0.04437543 2.210443e-15 -0.9990149 0 0 0 0 0 0 -0.0499981 -0.2584953 0.9647178 0.0499981 0.2584953 -0.9647178 0 0 0 -0.03312606 -0.258677 0.9653957 0.03312606 0.258677 -0.9653957 0 0 0 -0.05561918 -0.499226 0.8646848 0.05561918 0.499226 -0.8646848 0 0 0 -0.02749971 -0.4998109 0.8656979 0.02749971 0.4998109 -0.8656979 0 0 0 -0.0612385 -0.7057797 0.7057797 0.0612385 0.7057797 -0.7057797 0 0 0 -0.01233428 -0.707053 0.707053 0.01233428 0.707053 -0.707053 0 0 0 -0.06685588 -0.8640878 0.4988813 0.06685588 0.8640878 -0.4988813 0 0 0 0.1100712 -0.8607632 0.4969619 -0.1100712 0.8607632 -0.4969619 0 0 0 -0.07247114 -0.9633859 0.2581385 0.07247114 0.9633859 -0.2581385 0 0 0 0.4024582 -0.8842455 0.2369329 -0.4024582 0.8842455 -0.2369329 0 0 0 -0.07808411 -0.9969468 -2.673828e-17 0.07808411 0.9969468 2.673828e-17 0 0 0 0.6903012 -0.7235221 -1.857194e-16 -0.6903012 0.7235221 1.857194e-16 0 0 0 -0.0836946 -0.9625368 -0.257911 0.0836946 0.9625368 0.257911 0 0 0 0.8565321 -0.4985082 -0.1335749 -0.8565321 0.4985082 0.1335749 0 0 0 -0.08606815 -0.7044829 -0.7044829 -0.08606815 -0.8628118 -0.4981446 0.08606815 0.8628118 0.4981446 0.08606815 0.7044829 0.7044829 0 0 0 0 0 0 -0.0836946 -0.4982457 -0.8629869 0.0836946 0.4982457 0.8629869 0 0 0 -0.07808411 -0.2580288 -0.9629766 0.07808411 0.2580288 0.9629766 0 0 0 -0.07247114 -2.201468e-15 -0.9973705 0.07247114 2.201468e-15 0.9973705 0 0 0 -0.06685588 0.25824 -0.9637647 0.06685588 -0.25824 0.9637647 0 0 0 -0.0612385 0.4990616 -0.8644 0.0612385 -0.4990616 0.8644 0 0 0 -0.05561918 0.7060122 -0.7060122 0.05561918 -0.7060122 0.7060122 0 0 0 -0.0499981 0.8649423 -0.4993747 0.0499981 -0.8649423 0.4993747 0 0 0 -0.03875136 0.9652003 -0.2586246 -0.04437543 0.9649743 -0.2585641 0.04437543 -0.9649743 0.2585641 0.03875136 -0.9652003 0.2586246 0 0 0 0 0 0 -0.03312606 0.8655501 -0.4997256 0.03312606 -0.8655501 0.4997256 0 0 0 -0.02749971 0.7068394 -0.7068394 0.02749971 -0.7068394 0.7068394 0 0 0 -0.01233428 0.499962 -0.8659595 0.01233428 -0.499962 0.8659595 0 0 0 0.1100712 0.2572464 -0.9600566 -0.1100712 -0.2572464 0.9600566 0 0 0 0.4024582 -1.590432e-14 -0.9154383 -0.4024582 1.590432e-14 0.9154383 0 0 0 0.6903012 -0.1872613 -0.6988687 -0.6903012 0.1872613 0.6988687 0 0 0 0.8565321 -0.2580468 -0.4469503 -0.8565321 0.2580468 0.4469503 0 0 0 0.9443218 -0.2849426 -0.1645117 0.9443218 -0.2326546 -0.2326546 -0.9443218 0.2326546 0.2326546 -0.9443218 0.2849426 0.1645117 0 0 0 0 0 0 -0.04437543 0.2585641 0.9649743 -0.03875136 0.2586246 0.9652003 0.03875136 -0.2586246 -0.9652003 0.04437543 -0.2585641 -0.9649743 0 0 0 0 0 0 -0.0499981 -1.310216e-15 0.9987493 0.0499981 1.310216e-15 -0.9987493 0 0 0 -0.03312606 1.336972e-17 0.9994512 0.03312606 -1.336972e-17 -0.9994512 0 0 0 -0.05561918 -0.2584184 0.9644306 0.05561918 0.2584184 -0.9644306 0 0 0 -0.02749971 -0.2587212 0.9655605 0.02749971 0.2587212 -0.9655605 0 0 0 -0.0612385 -0.4990616 0.8644 0.0612385 0.4990616 -0.8644 0 0 0 -0.01233428 -0.499962 0.8659595 0.01233428 0.499962 -0.8659595 0 0 0 -0.06685588 -0.7055247 0.7055247 0.06685588 0.7055247 -0.7055247 0 0 0 0.1100712 -0.7028102 0.7028102 -0.1100712 0.7028102 -0.7028102 0 0 0 -0.07247114 -0.8637482 0.4986853 0.07247114 0.8637482 -0.4986853 0 0 0 0.4024582 -0.7927929 0.4577192 -0.4024582 0.7927929 -0.4577192 0 0 0 -0.07808411 -0.9629766 0.2580288 0.07808411 0.9629766 -0.2580288 0 0 0 0.6903012 -0.6988687 0.1872613 -0.6903012 0.6988687 -0.1872613 0 0 0 -0.0836946 -0.9964915 -6.461701e-16 0.0836946 0.9964915 6.461701e-16 0 0 0 0.8565321 -0.5160937 -5.687838e-16 -0.8565321 0.5160937 5.687838e-16 0 0 0 -0.08606815 -0.9623415 -0.2578586 0.08606815 0.9623415 0.2578586 0 0 0 0.9443218 -0.3178121 -0.08515751 -0.9443218 0.3178121 0.08515751 0 0 0 -0.08192238 -0.70473 -0.70473 -0.08192238 -0.8631144 -0.4983194 0.08192238 0.8631144 0.4983194 0.08192238 0.70473 0.70473 0 0 0 0 0 0 -0.08606815 -0.4981446 -0.8628118 0.08606815 0.4981446 0.8628118 0 0 0 -0.0836946 -0.257911 -0.9625368 0.0836946 0.257911 0.9625368 0 0 0 -0.07808411 6.468436e-14 -0.9969468 0.07808411 -6.468436e-14 0.9969468 0 0 0 -0.07247114 0.2581385 -0.9633859 0.07247114 -0.2581385 0.9633859 0 0 0 -0.06685588 0.4988813 -0.8640878 0.06685588 -0.4988813 0.8640878 0 0 0 -0.0612385 0.7057797 -0.7057797 0.0612385 -0.7057797 0.7057797 0 0 0 -0.05561918 0.8646848 -0.499226 0.05561918 -0.8646848 0.499226 0 0 0 -0.0499981 0.9647178 -0.2584953 0.0499981 -0.9647178 0.2584953 0 0 0 -0.03875136 0.9992489 8.913114e-18 -0.04437543 0.9990149 1.604354e-16 0.04437543 -0.9990149 -1.604354e-16 0.03875136 -0.9992489 -8.913114e-18 0 0 0 0 0 0 -0.03312606 0.9653957 -0.258677 0.03312606 -0.9653957 0.258677 0 0 0 -0.02749971 0.8656979 -0.4998109 0.02749971 -0.8656979 0.4998109 0 0 0 -0.01233428 0.707053 -0.707053 0.01233428 -0.707053 0.707053 0 0 0 0.1100712 0.4969619 -0.8607632 -0.1100712 -0.4969619 0.8607632 0 0 0 0.4024582 0.2369329 -0.8842455 -0.4024582 -0.2369329 0.8842455 0 0 0 0.6903012 -3.940422e-14 -0.7235221 -0.6903012 3.940422e-14 0.7235221 0 0 0 0.8565321 -0.1335749 -0.4985082 -0.8565321 0.1335749 0.4985082 0 0 0 0.9443218 -0.1645117 -0.2849426 -0.9443218 0.1645117 0.2849426 0 0 0 0.9867487 -0.1405179 -0.08112803 0.9867487 -0.1147324 -0.1147324 -0.9867487 0.1147324 0.1147324 -0.9867487 0.1405179 0.08112803 0 0 0 0 0 0 -0.04437543 0.4995075 0.8651723 -0.03875136 0.4996244 0.8653749 0.03875136 -0.4996244 -0.8653749 0.04437543 -0.4995075 -0.8651723 0 0 0 0 0 0 -0.0499981 0.2584953 0.9647178 0.0499981 -0.2584953 -0.9647178 0 0 0 -0.03312606 0.258677 0.9653957 0.03312606 -0.258677 -0.9653957 0 0 0 -0.05561918 -6.684744e-16 0.9984521 0.05561918 6.684744e-16 -0.9984521 0 0 0 -0.02749971 -4.456586e-18 0.9996218 0.02749971 4.456586e-18 -0.9996218 0 0 0 -0.0612385 -0.2583333 0.9641129 0.0612385 0.2583333 -0.9641129 0 0 0 -0.01233428 -0.2587994 0.9658523 0.01233428 0.2587994 -0.9658523 0 0 0 -0.06685588 -0.4988813 0.8640878 0.06685588 0.4988813 -0.8640878 0 0 0 0.1100712 -0.4969619 0.8607632 -0.1100712 0.4969619 -0.8607632 0 0 0 -0.07247114 -0.7052475 0.7052475 0.07247114 0.7052475 -0.7052475 0 0 0 0.4024582 -0.6473127 0.6473127 -0.4024582 0.6473127 -0.6473127 0 0 0 -0.07808411 -0.8633812 0.4984734 0.07808411 0.8633812 -0.4984734 0 0 0 0.6903012 -0.6265885 0.3617611 -0.6903012 0.6265885 -0.3617611 0 0 0 -0.0836946 -0.9625368 0.257911 0.0836946 0.9625368 -0.257911 0 0 0 0.8565321 -0.4985082 0.1335749 -0.8565321 0.4985082 -0.1335749 0 0 0 -0.08606815 -0.9962893 -5.568883e-16 0.08606815 0.9962893 5.568883e-16 0 0 0 0.9443218 -0.3290233 -1.680387e-16 -0.9443218 0.3290233 1.680387e-16 0 0 0 -0.08192238 -0.9626791 -0.2579491 0.08192238 0.9626791 0.2579491 0 0 0 0.9867487 -0.1567273 -0.04199496 -0.9867487 0.1567273 0.04199496 0 0 0 -0.0744894 -0.7051423 -0.7051423 -0.0744894 -0.8636194 -0.4986109 0.0744894 0.8636194 0.4986109 0.0744894 0.7051423 0.7051423 0 0 0 0 0 0 -0.08192238 -0.4983194 -0.8631144 0.08192238 0.4983194 0.8631144 0 0 0 -0.08606815 -0.2578586 -0.9623415 0.08606815 0.2578586 0.9623415 0 0 0 -0.0836946 5.755816e-14 -0.9964915 0.0836946 -5.755816e-14 0.9964915 0 0 0 -0.07808411 0.2580288 -0.9629766 0.07808411 -0.2580288 0.9629766 0 0 0 -0.07247114 0.4986853 -0.8637482 0.07247114 -0.4986853 0.8637482 0 0 0 -0.06685588 0.7055247 -0.7055247 0.06685588 -0.7055247 0.7055247 0 0 0 -0.0612385 0.8644 -0.4990616 0.0612385 -0.8644 0.4990616 0 0 0 -0.05561918 0.9644306 -0.2584184 0.05561918 -0.9644306 0.2584184 0 0 0 -0.0499981 0.9987493 2.139129e-16 0.0499981 -0.9987493 -2.139129e-16 0 0 0 -0.03875136 0.9652003 0.2586246 -0.04437543 0.9649743 0.2585641 0.04437543 -0.9649743 -0.2585641 0.03875136 -0.9652003 -0.2586246 0 0 0 0 0 0 -0.03312606 0.9994512 2.763075e-16 0.03312606 -0.9994512 -2.763075e-16 0 0 0 -0.02749971 0.9655605 -0.2587212 0.02749971 -0.9655605 0.2587212 0 0 0 -0.01233428 0.8659595 -0.499962 0.01233428 -0.8659595 0.499962 0 0 0 0.1100712 0.7028102 -0.7028102 -0.1100712 -0.7028102 0.7028102 0 0 0 0.4024582 0.4577192 -0.7927929 -0.4024582 -0.4577192 0.7927929 0 0 0 0.6903012 0.1872613 -0.6988687 -0.6903012 -0.1872613 0.6988687 0 0 0 0.8565321 -3.594534e-14 -0.5160937 -0.8565321 3.594534e-14 0.5160937 0 0 0 0.9443218 -0.08515751 -0.3178121 -0.9443218 0.08515751 0.3178121 0 0 0 0.9867487 -0.08112803 -0.1405179 -0.9867487 0.08112803 0.1405179 0 0 0 1 4.221453e-17 -1.432378e-15 -1 -4.221453e-17 1.432378e-15 0 0 0 -0.04437543 0.7064102 0.7064102 -0.03875136 0.7065757 0.7065757 0.03875136 -0.7065757 -0.7065757 0.04437543 -0.7064102 -0.7064102 0 0 0 0 0 0 -0.0499981 0.4993747 0.8649423 0.0499981 -0.4993747 -0.8649423 0 0 0 -0.03312606 0.4997256 0.8655501 0.03312606 -0.4997256 -0.8655501 0 0 0 -0.05561918 0.2584184 0.9644306 0.05561918 -0.2584184 -0.9644306 0 0 0 -0.02749971 0.2587212 0.9655605 0.02749971 -0.2587212 -0.9655605 0 0 0 -0.0612385 -1.519656e-15 0.9981232 0.0612385 1.519656e-15 -0.9981232 0 0 0 -0.01233428 -4.460459e-18 0.9999239 0.01233428 4.460459e-18 -0.9999239 0 0 0 -0.06685588 -0.25824 0.9637647 0.06685588 0.25824 -0.9637647 0 0 0 0.1100712 -0.2572464 0.9600566 -0.1100712 0.2572464 -0.9600566 0 0 0 -0.07247114 -0.4986853 0.8637482 0.07247114 0.4986853 -0.8637482 0 0 0 0.4024582 -0.4577192 0.7927929 -0.4024582 0.4577192 -0.7927929 0 0 0 -0.07808411 -0.7049478 0.7049478 0.07808411 0.7049478 -0.7049478 0 0 0 0.6903012 -0.5116074 0.5116074 -0.6903012 0.5116074 -0.5116074 0 0 0 -0.0836946 -0.8629869 0.4982457 0.0836946 0.8629869 -0.4982457 0 0 0 0.8565321 -0.4469503 0.2580468 -0.8565321 0.4469503 -0.2580468 0 0 0 -0.08606815 -0.9623415 0.2578586 0.08606815 0.9623415 -0.2578586 0 0 0 0.9443218 -0.3178121 0.08515751 -0.9443218 0.3178121 -0.08515751 0 0 0 -0.08192238 -0.9966387 -2.182438e-16 0.08192238 0.9966387 2.182438e-16 0 0 0 0.9867487 -0.1622561 -3.793961e-16 -0.9867487 0.1622561 3.793961e-16 0 0 0 -0.0744894 -0.9632423 -0.2581 0.0744894 0.9632423 0.2581 0 0 0 -0.06705227 -0.7055154 -0.7055154 -0.06705227 -0.8640764 -0.4988747 0.06705227 0.8640764 0.4988747 0.06705227 0.7055154 0.7055154 0 0 0 0 0 0 -0.0744894 -0.4986109 -0.8636194 0.0744894 0.4986109 0.8636194 0 0 0 -0.08192238 -0.2579491 -0.9626791 0.08192238 0.2579491 0.9626791 0 0 0 -0.08606815 7.36429e-15 -0.9962893 0.08606815 -7.36429e-15 0.9962893 0 0 0 -0.0836946 0.257911 -0.9625368 0.0836946 -0.257911 0.9625368 0 0 0 -0.07808411 0.4984734 -0.8633812 0.07808411 -0.4984734 0.8633812 0 0 0 -0.07247114 0.7052475 -0.7052475 0.07247114 -0.7052475 0.7052475 0 0 0 -0.06685588 0.8640878 -0.4988813 0.06685588 -0.8640878 0.4988813 0 0 0 -0.0612385 0.9641129 -0.2583333 0.0612385 -0.9641129 0.2583333 0 0 0 -0.05561918 0.9984521 4.144541e-16 0.05561918 -0.9984521 -4.144541e-16 0 0 0 -0.0499981 0.9647178 0.2584953 0.0499981 -0.9647178 -0.2584953 0 0 0 -0.04437543 0.8651723 0.4995075 -0.03875136 0.8653749 0.4996244 0.03875136 -0.8653749 -0.4996244 0.04437543 -0.8651723 -0.4995075 0 0 0 0 0 0 -0.03312606 0.9653957 0.258677 0.03312606 -0.9653957 -0.258677 0 0 0 -0.02749971 0.9996218 4.456586e-17 0.02749971 -0.9996218 -4.456586e-17 0 0 0 -0.01233428 0.9658523 -0.2587994 0.01233428 -0.9658523 0.2587994 0 0 0 0.1100712 0.8607632 -0.4969619 -0.1100712 -0.8607632 0.4969619 0 0 0 0.4024582 0.6473127 -0.6473127 -0.4024582 -0.6473127 0.6473127 0 0 0 0.6903012 0.3617611 -0.6265885 -0.6903012 -0.3617611 0.6265885 0 0 0 0.8565321 0.1335749 -0.4985082 -0.8565321 -0.1335749 0.4985082 0 0 0 0.9443218 -1.168258e-14 -0.3290233 -0.9443218 1.168258e-14 0.3290233 0 0 0 0.9867487 -0.04199496 -0.1567273 -0.9867487 0.04199496 0.1567273 0 0 0 -0.0499981 0.7062224 0.7062224 0.0499981 -0.7062224 -0.7062224 0 0 0 -0.03312606 0.7067187 0.7067187 0.03312606 -0.7067187 -0.7067187 0 0 0 -0.05561918 0.499226 0.8646848 0.05561918 -0.499226 -0.8646848 0 0 0 -0.02749971 0.4998109 0.8656979 0.02749971 -0.4998109 -0.8656979 0 0 0 -0.0612385 0.2583333 0.9641129 0.0612385 -0.2583333 -0.9641129 0 0 0 -0.01233428 0.2587994 0.9658523 0.01233428 -0.2587994 -0.9658523 0 0 0 -0.06685588 1.559755e-15 0.9977626 0.06685588 -1.559755e-15 -0.9977626 0 0 0 0.1100712 4.523876e-18 0.9939237 -0.1100712 -4.523876e-18 -0.9939237 0 0 0 -0.07247114 -0.2581385 0.9633859 0.07247114 0.2581385 -0.9633859 0 0 0 0.4024582 -0.2369329 0.8842455 -0.4024582 0.2369329 -0.8842455 0 0 0 -0.07808411 -0.4984734 0.8633812 0.07808411 0.4984734 -0.8633812 0 0 0 0.6903012 -0.3617611 0.6265885 -0.6903012 0.3617611 -0.6265885 0 0 0 -0.0836946 -0.7046259 0.7046259 0.0836946 0.7046259 -0.7046259 0 0 0 0.8565321 -0.3649334 0.3649334 -0.8565321 0.3649334 -0.3649334 0 0 0 -0.08606815 -0.8628118 0.4981446 0.08606815 0.8628118 -0.4981446 0 0 0 0.9443218 -0.2849426 0.1645117 -0.9443218 0.2849426 -0.1645117 0 0 0 -0.08192238 -0.9626791 0.2579491 0.08192238 0.9626791 -0.2579491 0 0 0 0.9867487 -0.1567273 0.04199496 -0.9867487 0.1567273 -0.04199496 0 0 0 -0.0744894 -0.9972218 -7.438179e-16 0.0744894 0.9972218 7.438179e-16 0 0 0 -0.06705227 -0.963752 -0.2582366 0.06705227 0.963752 0.2582366 0 0 0 -0.05961141 -0.7058493 -0.7058493 -0.05961141 -0.8644853 -0.4991108 0.05961141 0.8644853 0.4991108 0.05961141 0.7058493 0.7058493 0 0 0 0 0 0 -0.06705227 -0.4988747 -0.8640764 0.06705227 0.4988747 0.8640764 0 0 0 -0.0744894 -0.2581 -0.9632423 0.0744894 0.2581 0.9632423 0 0 0 -0.08192238 -4.27268e-14 -0.9966387 0.08192238 4.27268e-14 0.9966387 0 0 0 -0.08606815 0.2578586 -0.9623415 0.08606815 -0.2578586 0.9623415 0 0 0 -0.0836946 0.4982457 -0.8629869 0.0836946 -0.4982457 0.8629869 0 0 0 -0.07808411 0.7049478 -0.7049478 0.07808411 -0.7049478 0.7049478 0 0 0 -0.07247114 0.8637482 -0.4986853 0.07247114 -0.8637482 0.4986853 0 0 0 -0.06685588 0.9637647 -0.25824 0.06685588 -0.9637647 0.25824 0 0 0 -0.0612385 0.9981232 3.253223e-16 0.0612385 -0.9981232 -3.253223e-16 0 0 0 -0.05561918 0.9644306 0.2584184 0.05561918 -0.9644306 -0.2584184 0 0 0 -0.0499981 0.8649423 0.4993747 0.0499981 -0.8649423 -0.4993747 0 0 0 -0.03312606 0.8655501 0.4997256 0.03312606 -0.8655501 -0.4997256 0 0 0 -0.02749971 0.9655605 0.2587212 0.02749971 -0.9655605 -0.2587212 0 0 0 -0.01233428 0.9999239 1.382742e-16 0.01233428 -0.9999239 -1.382742e-16 0 0 0 0.1100712 0.9600566 -0.2572464 -0.1100712 -0.9600566 0.2572464 0 0 0 0.4024582 0.7927929 -0.4577192 -0.4024582 -0.7927929 0.4577192 0 0 0 0.6903012 0.5116074 -0.5116074 -0.6903012 -0.5116074 0.5116074 0 0 0 0.8565321 0.2580468 -0.4469503 -0.8565321 -0.2580468 0.4469503 0 0 0 0.9443218 0.08515751 -0.3178121 -0.9443218 -0.08515751 0.3178121 0 0 0 0.9867487 -5.162062e-15 -0.1622561 -0.9867487 5.162062e-15 0.1622561 0 0 0 -0.05561918 0.7060122 0.7060122 0.05561918 -0.7060122 -0.7060122 0 0 0 -0.02749971 0.7068394 0.7068394 0.02749971 -0.7068394 -0.7068394 0 0 0 -0.0612385 0.4990616 0.8644 0.0612385 -0.4990616 -0.8644 0 0 0 -0.01233428 0.499962 0.8659595 0.01233428 -0.499962 -0.8659595 0 0 0 -0.06685588 0.25824 0.9637647 0.06685588 -0.25824 -0.9637647 0 0 0 0.1100712 0.2572464 0.9600566 -0.1100712 -0.2572464 -0.9600566 0 0 0 -0.07247114 7.442209e-16 0.9973705 0.07247114 -7.442209e-16 -0.9973705 0 0 0 0.4024582 -3.578817e-15 0.9154383 -0.4024582 3.578817e-15 -0.9154383 0 0 0 -0.07808411 -0.2580288 0.9629766 0.07808411 0.2580288 -0.9629766 0 0 0 0.6903012 -0.1872613 0.6988687 -0.6903012 0.1872613 -0.6988687 0 0 0 -0.0836946 -0.4982457 0.8629869 0.0836946 0.4982457 -0.8629869 0 0 0 0.8565321 -0.2580468 0.4469503 -0.8565321 0.2580468 -0.4469503 0 0 0 -0.08606815 -0.7044829 0.7044829 0.08606815 0.7044829 -0.7044829 0 0 0 0.9443218 -0.2326546 0.2326546 -0.9443218 0.2326546 -0.2326546 0 0 0 -0.08192238 -0.8631144 0.4983194 0.08192238 0.8631144 -0.4983194 0 0 0 0.9867487 -0.1405179 0.08112803 -0.9867487 0.1405179 -0.08112803 0 0 0 -0.0744894 -0.9632423 0.2581 0.0744894 0.9632423 -0.2581 0 0 0 -0.06705227 -0.9977495 -5.077604e-16 0.06705227 0.9977495 5.077604e-16 0 0 0 -0.05961141 -0.9642081 -0.2583588 0.05961141 0.9642081 0.2583588 0 0 0 -0.05216723 -0.706144 -0.706144 -0.05216723 -0.8648462 -0.4993192 0.05216723 0.8648462 0.4993192 0.05216723 0.706144 0.706144 0 0 0 0 0 0 -0.05961141 -0.4991108 -0.8644853 0.05961141 0.4991108 0.8644853 0 0 0 -0.06705227 -0.2582366 -0.963752 0.06705227 0.2582366 0.963752 0 0 0 -0.0744894 -2.818045e-14 -0.9972218 0.0744894 2.818045e-14 0.9972218 0 0 0 -0.08192238 0.2579491 -0.9626791 0.08192238 -0.2579491 0.9626791 0 0 0 -0.08606815 0.4981446 -0.8628118 0.08606815 -0.4981446 0.8628118 0 0 0 -0.0836946 0.7046259 -0.7046259 0.0836946 -0.7046259 0.7046259 0 0 0 -0.07808411 0.8633812 -0.4984734 0.07808411 -0.8633812 0.4984734 0 0 0 -0.07247114 0.9633859 -0.2581385 0.07247114 -0.9633859 0.2581385 0 0 0 -0.06685588 0.9977626 9.35853e-17 0.06685588 -0.9977626 -9.35853e-17 0 0 0 -0.0612385 0.9641129 0.2583333 0.0612385 -0.9641129 -0.2583333 0 0 0 -0.05561918 0.8646848 0.499226 0.05561918 -0.8646848 -0.499226 0 0 0 -0.02749971 0.8656979 0.4998109 0.02749971 -0.8656979 -0.4998109 0 0 0 -0.01233428 0.9658523 0.2587994 0.01233428 -0.9658523 -0.2587994 0 0 0 0.1100712 0.9939237 1.266685e-16 -0.1100712 -0.9939237 -1.266685e-16 0 0 0 0.4024582 0.8842455 -0.2369329 -0.4024582 -0.8842455 0.2369329 0 0 0 0.6903012 0.6265885 -0.3617611 -0.6903012 -0.6265885 0.3617611 0 0 0 0.8565321 0.3649334 -0.3649334 -0.8565321 -0.3649334 0.3649334 0 0 0 0.9443218 0.1645117 -0.2849426 -0.9443218 -0.1645117 0.2849426 0 0 0 0.9867487 0.04199496 -0.1567273 -0.9867487 -0.04199496 0.1567273 0 0 0 -0.0612385 0.7057797 0.7057797 0.0612385 -0.7057797 -0.7057797 0 0 0 -0.01233428 0.707053 0.707053 0.01233428 -0.707053 -0.707053 0 0 0 -0.06685588 0.4988813 0.8640878 0.06685588 -0.4988813 -0.8640878 0 0 0 0.1100712 0.4969619 0.8607632 -0.1100712 -0.4969619 -0.8607632 0 0 0 -0.07247114 0.2581385 0.9633859 0.07247114 -0.2581385 -0.9633859 0 0 0 0.4024582 0.2369329 0.8842455 -0.4024582 -0.2369329 -0.8842455 0 0 0 -0.07808411 -3.199681e-15 0.9969468 0.07808411 3.199681e-15 -0.9969468 0 0 0 0.6903012 6.649661e-15 0.7235221 -0.6903012 -6.649661e-15 -0.7235221 0 0 0 -0.0836946 -0.257911 0.9625368 0.0836946 0.257911 -0.9625368 0 0 0 0.8565321 -0.1335749 0.4985082 -0.8565321 0.1335749 -0.4985082 0 0 0 -0.08606815 -0.4981446 0.8628118 0.08606815 0.4981446 -0.8628118 0 0 0 0.9443218 -0.1645117 0.2849426 -0.9443218 0.1645117 -0.2849426 0 0 0 -0.08192238 -0.70473 0.70473 0.08192238 0.70473 -0.70473 0 0 0 0.9867487 -0.1147324 0.1147324 -0.9867487 0.1147324 -0.1147324 0 0 0 -0.0744894 -0.8636194 0.4986109 0.0744894 0.8636194 -0.4986109 0 0 0 -0.06705227 -0.963752 0.2582366 0.06705227 0.963752 -0.2582366 0 0 0 -0.05961141 -0.9982217 -7.393762e-16 0.05961141 0.9982217 7.393762e-16 0 0 0 -0.05216723 -0.9646106 -0.2584666 0.05216723 0.9646106 0.2584666 0 0 0 -0.04472016 -0.7063994 -0.7063994 -0.04472016 -0.865159 -0.4994998 0.04472016 0.865159 0.4994998 0.04472016 0.7063994 0.7063994 0 0 0 0 0 0 -0.05216723 -0.4993192 -0.8648462 0.05216723 0.4993192 0.8648462 0 0 0 -0.05961141 -0.2583588 -0.9642081 0.05961141 0.2583588 0.9642081 0 0 0 -0.06705227 3.364581e-14 -0.9977495 0.06705227 -3.364581e-14 0.9977495 0 0 0 -0.0744894 0.2581 -0.9632423 0.0744894 -0.2581 0.9632423 0 0 0 -0.08192238 0.4983194 -0.8631144 0.08192238 -0.4983194 0.8631144 0 0 0 -0.08606815 0.7044829 -0.7044829 0.08606815 -0.7044829 0.7044829 0 0 0 -0.0836946 0.8629869 -0.4982457 0.0836946 -0.8629869 0.4982457 0 0 0 -0.07808411 0.9629766 -0.2580288 0.07808411 -0.9629766 0.2580288 0 0 0 -0.07247114 0.9973705 4.456413e-16 0.07247114 -0.9973705 -4.456413e-16 0 0 0 -0.06685588 0.9637647 0.25824 0.06685588 -0.9637647 -0.25824 0 0 0 -0.0612385 0.8644 0.4990616 0.0612385 -0.8644 -0.4990616 0 0 0 -0.01233428 0.8659595 0.499962 0.01233428 -0.8659595 -0.499962 0 0 0 0.1100712 0.9600566 0.2572464 -0.1100712 -0.9600566 -0.2572464 0 0 0 0.4024582 0.9154383 2.763565e-16 -0.4024582 -0.9154383 -2.763565e-16 0 0 0 0.6903012 0.6988687 -0.1872613 -0.6903012 -0.6988687 0.1872613 0 0 0 0.8565321 0.4469503 -0.2580468 -0.8565321 -0.4469503 0.2580468 0 0 0 0.9443218 0.2326546 -0.2326546 -0.9443218 -0.2326546 0.2326546 0 0 0 0.9867487 0.08112803 -0.1405179 -0.9867487 -0.08112803 0.1405179 0 0 0 -0.06685588 0.7055247 0.7055247 0.06685588 -0.7055247 -0.7055247 0 0 0 0.1100712 0.7028102 0.7028102 -0.1100712 -0.7028102 -0.7028102 0 0 0 -0.07247114 0.4986853 0.8637482 0.07247114 -0.4986853 -0.8637482 0 0 0 0.4024582 0.4577192 0.7927929 -0.4024582 -0.4577192 -0.7927929 0 0 0 -0.07808411 0.2580288 0.9629766 0.07808411 -0.2580288 -0.9629766 0 0 0 0.6903012 0.1872613 0.6988687 -0.6903012 -0.1872613 -0.6988687 0 0 0 -0.0836946 -8.511619e-16 0.9964915 0.0836946 8.511619e-16 -0.9964915 0 0 0 0.8565321 -1.833992e-15 0.5160937 -0.8565321 1.833992e-15 -0.5160937 0 0 0 -0.08606815 -0.2578586 0.9623415 0.08606815 0.2578586 -0.9623415 0 0 0 0.9443218 -0.08515751 0.3178121 -0.9443218 0.08515751 -0.3178121 0 0 0 -0.08192238 -0.4983194 0.8631144 0.08192238 0.4983194 -0.8631144 0 0 0 0.9867487 -0.08112803 0.1405179 -0.9867487 0.08112803 -0.1405179 0 0 0 -0.0744894 -0.7051423 0.7051423 0.0744894 0.7051423 -0.7051423 0 0 0 -0.06705227 -0.8640764 0.4988747 0.06705227 0.8640764 -0.4988747 0 0 0 -0.05961141 -0.9642081 0.2583588 0.05961141 0.9642081 -0.2583588 0 0 0 -0.05216723 -0.9986384 -5.923959e-16 0.05216723 0.9986384 5.923959e-16 0 0 0 -0.04472016 -0.9649595 -0.2585601 0.04472016 0.9649595 0.2585601 0 0 0 -0.0372706 -0.7066155 -0.7066155 -0.0372706 -0.8654237 -0.4996526 0.0372706 0.8654237 0.4996526 0.0372706 0.7066155 0.7066155 0 0 0 0 0 0 -0.04472016 -0.4994998 -0.865159 0.04472016 0.4994998 0.865159 0 0 0 -0.05216723 -0.2584666 -0.9646106 0.05216723 0.2584666 0.9646106 0 0 0 -0.05961141 7.781267e-14 -0.9982217 0.05961141 -7.781267e-14 0.9982217 0 0 0 -0.06705227 0.2582366 -0.963752 0.06705227 -0.2582366 0.963752 0 0 0 -0.0744894 0.4986109 -0.8636194 0.0744894 -0.4986109 0.8636194 0 0 0 -0.08192238 0.70473 -0.70473 0.08192238 -0.70473 0.70473 0 0 0 -0.08606815 0.8628118 -0.4981446 0.08606815 -0.8628118 0.4981446 0 0 0 -0.0836946 0.9625368 -0.257911 0.0836946 -0.9625368 0.257911 0 0 0 -0.07808411 0.9969468 2.317318e-16 0.07808411 -0.9969468 -2.317318e-16 0 0 0 -0.07247114 0.9633859 0.2581385 0.07247114 -0.9633859 -0.2581385 0 0 0 -0.06685588 0.8640878 0.4988813 0.06685588 -0.8640878 -0.4988813 0 0 0 0.1100712 0.8607632 0.4969619 -0.1100712 -0.8607632 -0.4969619 0 0 0 0.4024582 0.8842455 0.2369329 -0.4024582 -0.8842455 -0.2369329 0 0 0 0.6903012 0.7235221 -6.975802e-16 -0.6903012 -0.7235221 6.975802e-16 0 0 0 0.8565321 0.4985082 -0.1335749 -0.8565321 -0.4985082 0.1335749 0 0 0 0.9443218 0.2849426 -0.1645117 -0.9443218 -0.2849426 0.1645117 0 0 0 0.9867487 0.1147324 -0.1147324 -0.9867487 -0.1147324 0.1147324 0 0 0 -0.07247114 0.7052475 0.7052475 0.07247114 -0.7052475 -0.7052475 0 0 0 0.4024582 0.6473127 0.6473127 -0.4024582 -0.6473127 -0.6473127 0 0 0 -0.07808411 0.4984734 0.8633812 0.07808411 -0.4984734 -0.8633812 0 0 0 0.6903012 0.3617611 0.6265885 -0.6903012 -0.3617611 -0.6265885 0 0 0 -0.0836946 0.257911 0.9625368 0.0836946 -0.257911 -0.9625368 0 0 0 0.8565321 0.1335749 0.4985082 -0.8565321 -0.1335749 -0.4985082 0 0 0 -0.08606815 -3.916038e-15 0.9962893 0.08606815 3.916038e-15 -0.9962893 0 0 0 0.9443218 -2.588464e-15 0.3290233 -0.9443218 2.588464e-15 -0.3290233 0 0 0 -0.08192238 -0.2579491 0.9626791 0.08192238 0.2579491 -0.9626791 0 0 0 0.9867487 -0.04199496 0.1567273 -0.9867487 0.04199496 -0.1567273 0 0 0 -0.0744894 -0.4986109 0.8636194 0.0744894 0.4986109 -0.8636194 0 0 0 -0.06705227 -0.7055154 0.7055154 0.06705227 0.7055154 -0.7055154 0 0 0 -0.05961141 -0.8644853 0.4991108 0.05961141 0.8644853 -0.4991108 0 0 0 -0.05216723 -0.9646106 0.2584666 0.05216723 0.9646106 -0.2584666 0 0 0 -0.04472016 -0.9989996 -8.284685e-16 0.04472016 0.9989996 8.284685e-16 0 0 0 -0.0372706 -0.9652547 -0.2586392 0.0372706 0.9652547 0.2586392 0 0 0 -0.02981897 -0.7067923 -0.7067923 -0.02981897 -0.8656403 -0.4997777 0.02981897 0.8656403 0.4997777 0.02981897 0.7067923 0.7067923 0 0 0 0 0 0 -0.0372706 -0.4996526 -0.8654237 0.0372706 0.4996526 0.8654237 0 0 0 -0.04472016 -0.2585601 -0.9649595 0.04472016 0.2585601 0.9649595 0 0 0 -0.05216723 6.492748e-14 -0.9986384 0.05216723 -6.492748e-14 0.9986384 0 0 0 -0.05961141 0.2583588 -0.9642081 0.05961141 -0.2583588 0.9642081 0 0 0 -0.06705227 0.4988747 -0.8640764 0.06705227 -0.4988747 0.8640764 0 0 0 -0.0744894 0.7051423 -0.7051423 0.0744894 -0.7051423 0.7051423 0 0 0 -0.08192238 0.8631144 -0.4983194 0.08192238 -0.8631144 0.4983194 0 0 0 -0.08606815 0.9623415 -0.2578586 0.08606815 -0.9623415 0.2578586 0 0 0 -0.0836946 0.9964915 3.431386e-16 0.0836946 -0.9964915 -3.431386e-16 0 0 0 -0.07808411 0.9629766 0.2580288 0.07808411 -0.9629766 -0.2580288 0 0 0 -0.07247114 0.8637482 0.4986853 0.07247114 -0.8637482 -0.4986853 0 0 0 0.4024582 0.7927929 0.4577192 -0.4024582 -0.7927929 -0.4577192 0 0 0 0.6903012 0.6988687 0.1872613 -0.6903012 -0.6988687 -0.1872613 0 0 0 0.8565321 0.5160937 1.068149e-15 -0.8565321 -0.5160937 -1.068149e-15 0 0 0 0.9443218 0.3178121 -0.08515751 -0.9443218 -0.3178121 0.08515751 0 0 0 0.9867487 0.1405179 -0.08112803 -0.9867487 -0.1405179 0.08112803 0 0 0 -0.07808411 0.7049478 0.7049478 0.07808411 -0.7049478 -0.7049478 0 0 0 0.6903012 0.5116074 0.5116074 -0.6903012 -0.5116074 -0.5116074 0 0 0 -0.0836946 0.4982457 0.8629869 0.0836946 -0.4982457 -0.8629869 0 0 0 0.8565321 0.2580468 0.4469503 -0.8565321 -0.2580468 -0.4469503 0 0 0 -0.08606815 0.2578586 0.9623415 0.08606815 -0.2578586 -0.9623415 0 0 0 0.9443218 0.08515751 0.3178121 -0.9443218 -0.08515751 -0.3178121 0 0 0 -0.08192238 6.017294e-15 0.9966387 0.08192238 -6.017294e-15 -0.9966387 0 0 0 0.9867487 5.557821e-16 0.1622561 -0.9867487 -5.557821e-16 -0.1622561 0 0 0 -0.0744894 -0.2581 0.9632423 0.0744894 0.2581 -0.9632423 0 0 0 -0.06705227 -0.4988747 0.8640764 0.06705227 0.4988747 -0.8640764 0 0 0 -0.05961141 -0.7058493 0.7058493 0.05961141 0.7058493 -0.7058493 0 0 0 -0.05216723 -0.8648462 0.4993192 0.05216723 0.8648462 -0.4993192 0 0 0 -0.04472016 -0.9649595 0.2585601 0.04472016 0.9649595 -0.2585601 0 0 0 -0.0372706 -0.9993052 -4.365071e-16 0.0372706 0.9993052 4.365071e-16 0 0 0 -0.02981897 -0.9654963 -0.258704 0.02981897 0.9654963 0.258704 0 0 0 -0.02236568 -0.7069299 -0.7069299 -0.02236568 -0.8658088 -0.4998749 0.02236568 0.8658088 0.4998749 0.02236568 0.7069299 0.7069299 0 0 0 0 0 0 -0.02981897 -0.4997777 -0.8656403 0.02981897 0.4997777 0.8656403 0 0 0 -0.0372706 -0.2586392 -0.9652547 0.0372706 0.2586392 0.9652547 0 0 0 -0.04472016 -1.138476e-14 -0.9989996 0.04472016 1.138476e-14 0.9989996 0 0 0 -0.05216723 0.2584666 -0.9646106 0.05216723 -0.2584666 0.9646106 0 0 0 -0.05961141 0.4991108 -0.8644853 0.05961141 -0.4991108 0.8644853 0 0 0 -0.06705227 0.7055154 -0.7055154 0.06705227 -0.7055154 0.7055154 0 0 0 -0.0744894 0.8636194 -0.4986109 0.0744894 -0.8636194 0.4986109 0 0 0 -0.08192238 0.9626791 -0.2579491 0.08192238 -0.9626791 0.2579491 0 0 0 -0.08606815 0.9962893 7.57368e-17 0.08606815 -0.9962893 -7.57368e-17 0 0 0 -0.0836946 0.9625368 0.257911 0.0836946 -0.9625368 -0.257911 0 0 0 -0.07808411 0.8633812 0.4984734 0.07808411 -0.8633812 -0.4984734 0 0 0 0.6903012 0.6265885 0.3617611 -0.6903012 -0.6265885 -0.3617611 0 0 0 0.8565321 0.4985082 0.1335749 -0.8565321 -0.4985082 -0.1335749 0 0 0 0.9443218 0.3290233 -3.338517e-16 -0.9443218 -0.3290233 3.338517e-16 0 0 0 0.9867487 0.1567273 -0.04199496 -0.9867487 -0.1567273 0.04199496 0 0 0 -0.0836946 0.7046259 0.7046259 0.0836946 -0.7046259 -0.7046259 0 0 0 0.8565321 0.3649334 0.3649334 -0.8565321 -0.3649334 -0.3649334 0 0 0 -0.08606815 0.4981446 0.8628118 0.08606815 -0.4981446 -0.8628118 0 0 0 0.9443218 0.1645117 0.2849426 -0.9443218 -0.1645117 -0.2849426 0 0 0 -0.08192238 0.2579491 0.9626791 0.08192238 -0.2579491 -0.9626791 0 0 0 0.9867487 0.04199496 0.1567273 -0.9867487 -0.04199496 -0.1567273 0 0 0 -0.0744894 -5.656579e-16 0.9972218 0.0744894 5.656579e-16 -0.9972218 0 0 0 -0.06705227 -0.2582366 0.963752 0.06705227 0.2582366 -0.963752 0 0 0 -0.05961141 -0.4991108 0.8644853 0.05961141 0.4991108 -0.8644853 0 0 0 -0.05216723 -0.706144 0.706144 0.05216723 0.706144 -0.706144 0 0 0 -0.04472016 -0.865159 0.4994998 0.04472016 0.865159 -0.4994998 0 0 0 -0.0372706 -0.9652547 0.2586392 0.0372706 0.9652547 -0.2586392 0 0 0 -0.02981897 -0.9995553 -4.365089e-16 0.02981897 0.9995553 4.365089e-16 0 0 0 -0.02236568 -0.9656842 -0.2587543 0.02236568 0.9656842 0.2587543 0 0 0 -0.01491114 -0.7070282 -0.7070282 -0.01491114 -0.8659291 -0.4999444 0.01491114 0.8659291 0.4999444 0.01491114 0.7070282 0.7070282 0 0 0 0 0 0 -0.02236568 -0.4998749 -0.8658088 0.02236568 0.4998749 0.8658088 0 0 0 -0.02981897 -0.258704 -0.9654963 0.02981897 0.258704 0.9654963 0 0 0 -0.0372706 3.233716e-15 -0.9993052 0.0372706 -3.233716e-15 0.9993052 0 0 0 -0.04472016 0.2585601 -0.9649595 0.04472016 -0.2585601 0.9649595 0 0 0 -0.05216723 0.4993192 -0.8648462 0.05216723 -0.4993192 0.8648462 0 0 0 -0.05961141 0.7058493 -0.7058493 0.05961141 -0.7058493 0.7058493 0 0 0 -0.06705227 0.8640764 -0.4988747 0.06705227 -0.8640764 0.4988747 0 0 0 -0.0744894 0.9632423 -0.2581 0.0744894 -0.9632423 0.2581 0 0 0 -0.08192238 0.9966387 7.660804e-16 0.08192238 -0.9966387 -7.660804e-16 0 0 0 -0.08606815 0.9623415 0.2578586 0.08606815 -0.9623415 -0.2578586 0 0 0 -0.0836946 0.8629869 0.4982457 0.0836946 -0.8629869 -0.4982457 0 0 0 0.8565321 0.4469503 0.2580468 -0.8565321 -0.4469503 -0.2580468 0 0 0 0.9443218 0.3178121 0.08515751 -0.9443218 -0.3178121 -0.08515751 0 0 0 0.9867487 0.1622561 2.365679e-16 -0.9867487 -0.1622561 -2.365679e-16 0 0 0 -0.08606815 0.7044829 0.7044829 0.08606815 -0.7044829 -0.7044829 0 0 0 0.9443218 0.2326546 0.2326546 -0.9443218 -0.2326546 -0.2326546 0 0 0 -0.08192238 0.4983194 0.8631144 0.08192238 -0.4983194 -0.8631144 0 0 0 0.9867487 0.08112803 0.1405179 -0.9867487 -0.08112803 -0.1405179 0 0 0 -0.0744894 0.2581 0.9632423 0.0744894 -0.2581 -0.9632423 0 0 0 -0.06705227 -5.077604e-15 0.9977495 0.06705227 5.077604e-15 -0.9977495 0 0 0 -0.05961141 -0.2583588 0.9642081 0.05961141 0.2583588 -0.9642081 0 0 0 -0.05216723 -0.4993192 0.8648462 0.05216723 0.4993192 -0.8648462 0 0 0 -0.04472016 -0.7063994 0.7063994 0.04472016 0.7063994 -0.7063994 0 0 0 -0.0372706 -0.8654237 0.4996526 0.0372706 0.8654237 -0.4996526 0 0 0 -0.02981897 -0.9654963 0.258704 0.02981897 0.9654963 -0.258704 0 0 0 -0.02236568 -0.9997499 -1.42534e-16 0.02236568 0.9997499 1.42534e-16 0 0 0 -0.01491114 -0.9658184 -0.2587903 0.01491114 0.9658184 0.2587903 0 0 0 -0.007455778 -0.7070871 -0.7070871 -0.007455778 -0.8660013 -0.4999861 0.007455778 0.8660013 0.4999861 0.007455778 0.7070871 0.7070871 0 0 0 0 0 0 -0.01491114 -0.4999444 -0.8659291 0.01491114 0.4999444 0.8659291 0 0 0 -0.02236568 -0.2587543 -0.9656842 0.02236568 0.2587543 0.9656842 0 0 0 -0.02981897 8.692318e-14 -0.9995553 0.02981897 -8.692318e-14 0.9995553 0 0 0 -0.0372706 0.2586392 -0.9652547 0.0372706 -0.2586392 0.9652547 0 0 0 -0.04472016 0.4994998 -0.865159 0.04472016 -0.4994998 0.865159 0 0 0 -0.05216723 0.706144 -0.706144 0.05216723 -0.706144 0.706144 0 0 0 -0.05961141 0.8644853 -0.4991108 0.05961141 -0.8644853 0.4991108 0 0 0 -0.06705227 0.963752 -0.2582366 0.06705227 -0.963752 0.2582366 0 0 0 -0.0744894 0.9972218 8.907998e-17 0.0744894 -0.9972218 -8.907998e-17 0 0 0 -0.08192238 0.9626791 0.2579491 0.08192238 -0.9626791 -0.2579491 0 0 0 -0.08606815 0.8628118 0.4981446 0.08606815 -0.8628118 -0.4981446 0 0 0 0.9443218 0.2849426 0.1645117 -0.9443218 -0.2849426 -0.1645117 0 0 0 0.9867487 0.1567273 0.04199496 -0.9867487 -0.1567273 -0.04199496 0 0 0 -0.08192238 0.70473 0.70473 0.08192238 -0.70473 -0.70473 0 0 0 0.9867487 0.1147324 0.1147324 -0.9867487 -0.1147324 -0.1147324 0 0 0 -0.0744894 0.4986109 0.8636194 0.0744894 -0.4986109 -0.8636194 0 0 0 -0.06705227 0.2582366 0.963752 0.06705227 -0.2582366 -0.963752 0 0 0 -0.05961141 1.44312e-15 0.9982217 0.05961141 -1.44312e-15 -0.9982217 0 0 0 -0.05216723 -0.2584666 0.9646106 0.05216723 0.2584666 -0.9646106 0 0 0 -0.04472016 -0.4994998 0.865159 0.04472016 0.4994998 -0.865159 0 0 0 -0.0372706 -0.7066155 0.7066155 0.0372706 0.7066155 -0.7066155 0 0 0 -0.02981897 -0.8656403 0.4997777 0.02981897 0.8656403 -0.4997777 0 0 0 -0.02236568 -0.9656842 0.2587543 0.02236568 0.9656842 -0.2587543 0 0 0 -0.01491114 -0.9998888 -1.126912e-15 0.01491114 0.9998888 1.126912e-15 0 0 0 -0.007455778 -0.965899 -0.2588119 0.007455778 0.965899 0.2588119 0 0 0 -0.001863672 -0.7071056 -0.7071056 -0.001863672 -0.8660239 -0.4999991 0.001863672 0.8660239 0.4999991 0.001863672 0.7071056 0.7071056 0 0 0 0 0 0 -0.007455778 -0.4999861 -0.8660013 0.007455778 0.4999861 0.8660013 0 0 0 -0.01491114 -0.2587903 -0.9658184 0.01491114 0.2587903 0.9658184 0 0 0 -0.02236568 5.084455e-14 -0.9997499 0.02236568 -5.084455e-14 0.9997499 0 0 0 -0.02981897 0.258704 -0.9654963 0.02981897 -0.258704 0.9654963 0 0 0 -0.0372706 0.4996526 -0.8654237 0.0372706 -0.4996526 0.8654237 0 0 0 -0.04472016 0.7063994 -0.7063994 0.04472016 -0.7063994 0.7063994 0 0 0 -0.05216723 0.8648462 -0.4993192 0.05216723 -0.8648462 0.4993192 0 0 0 -0.05961141 0.9642081 -0.2583588 0.05961141 -0.9642081 0.2583588 0 0 0 -0.06705227 0.9977495 7.126462e-17 0.06705227 -0.9977495 -7.126462e-17 0 0 0 -0.0744894 0.9632423 0.2581 0.0744894 -0.9632423 -0.2581 0 0 0 -0.08192238 0.8631144 0.4983194 0.08192238 -0.8631144 -0.4983194 0 0 0 0.9867487 0.1405179 0.08112803 -0.9867487 -0.1405179 -0.08112803 0 0 0 -0.0744894 0.7051423 0.7051423 0.0744894 -0.7051423 -0.7051423 0 0 0 -0.06705227 0.4988747 0.8640764 0.06705227 -0.4988747 -0.8640764 0 0 0 -0.05961141 0.2583588 0.9642081 0.05961141 -0.2583588 -0.9642081 0 0 0 -0.05216723 -1.336231e-17 0.9986384 0.05216723 1.336231e-17 -0.9986384 0 0 0 -0.04472016 -0.2585601 0.9649595 0.04472016 0.2585601 -0.9649595 0 0 0 -0.0372706 -0.4996526 0.8654237 0.0372706 0.4996526 -0.8654237 0 0 0 -0.02981897 -0.7067923 0.7067923 0.02981897 0.7067923 -0.7067923 0 0 0 -0.02236568 -0.8658088 0.4998749 0.02236568 0.8658088 -0.4998749 0 0 0 -0.01491114 -0.9658184 0.2587903 0.01491114 0.9658184 -0.2587903 0 0 0 -0.007455778 -0.9999722 -1.915308e-16 0.007455778 0.9999722 1.915308e-16 0 0 0 -0.001863672 -0.9659241 -0.2588186 0.001863672 0.9659241 0.2588186 0 0 0 0.01535828 -0.7070234 -0.7070234 0.01535828 -0.8659233 -0.499941 -0.01535828 0.8659233 0.499941 -0.01535828 0.7070234 0.7070234 0 0 0 0 0 0 -0.001863672 -0.4999991 -0.8660239 0.001863672 0.4999991 0.8660239 0 0 0 -0.007455778 -0.2588119 -0.965899 0.007455778 0.2588119 0.965899 0 0 0 -0.01491114 -3.929939e-14 -0.9998888 0.01491114 3.929939e-14 0.9998888 0 0 0 -0.02236568 0.2587543 -0.9656842 0.02236568 -0.2587543 0.9656842 0 0 0 -0.02981897 0.4997777 -0.8656403 0.02981897 -0.4997777 0.8656403 0 0 0 -0.0372706 0.7066155 -0.7066155 0.0372706 -0.7066155 0.7066155 0 0 0 -0.04472016 0.865159 -0.4994998 0.04472016 -0.865159 0.4994998 0 0 0 -0.05216723 0.9646106 -0.2584666 0.05216723 -0.9646106 0.2584666 0 0 0 -0.05961141 0.9982217 3.474177e-16 0.05961141 -0.9982217 -3.474177e-16 0 0 0 -0.06705227 0.963752 0.2582366 0.06705227 -0.963752 -0.2582366 0 0 0 -0.0744894 0.8636194 0.4986109 0.0744894 -0.8636194 -0.4986109 0 0 0 -0.06705227 0.7055154 0.7055154 0.06705227 -0.7055154 -0.7055154 0 0 0 -0.05961141 0.4991108 0.8644853 0.05961141 -0.4991108 -0.8644853 0 0 0 -0.05216723 0.2584666 0.9646106 0.05216723 -0.2584666 -0.9646106 0 0 0 -0.04472016 1.968726e-15 0.9989996 0.04472016 -1.968726e-15 -0.9989996 0 0 0 -0.0372706 -0.2586392 0.9652547 0.0372706 0.2586392 -0.9652547 0 0 0 -0.02981897 -0.4997777 0.8656403 0.02981897 0.4997777 -0.8656403 0 0 0 -0.02236568 -0.7069299 0.7069299 0.02236568 0.7069299 -0.7069299 0 0 0 -0.01491114 -0.8659291 0.4999444 0.01491114 0.8659291 -0.4999444 0 0 0 -0.007455778 -0.965899 0.2588119 0.007455778 0.965899 -0.2588119 0 0 0 -0.001863672 -0.9999983 -7.127796e-16 0.001863672 0.9999983 7.127796e-16 0 0 0 0.01535828 -0.9658119 -0.2587885 -0.01535828 0.9658119 0.2587885 0 0 0 0.06359727 -0.8642723 -0.4989878 0.06359727 -0.7056753 -0.7056753 -0.06359727 0.8642723 0.4989878 -0.06359727 0.7056753 0.7056753 0 0 0 0 0 0 0.01535828 -0.499941 -0.8659233 -0.01535828 0.499941 0.8659233 0 0 0 -0.001863672 -0.2588186 -0.9659241 0.001863672 0.2588186 0.9659241 0 0 0 -0.007455778 -5.975315e-14 -0.9999722 0.007455778 5.975315e-14 0.9999722 0 0 0 -0.01491114 0.2587903 -0.9658184 0.01491114 -0.2587903 0.9658184 0 0 0 -0.02236568 0.4998749 -0.8658088 0.02236568 -0.4998749 0.8658088 0 0 0 -0.02981897 0.7067923 -0.7067923 0.02981897 -0.7067923 0.7067923 0 0 0 -0.0372706 0.8654237 -0.4996526 0.0372706 -0.8654237 0.4996526 0 0 0 -0.04472016 0.9649595 -0.2585601 0.04472016 -0.9649595 0.2585601 0 0 0 -0.05216723 0.9986384 7.571978e-17 0.05216723 -0.9986384 -7.571978e-17 0 0 0 -0.05961141 0.9642081 0.2583588 0.05961141 -0.9642081 -0.2583588 0 0 0 -0.06705227 0.8640764 0.4988747 0.06705227 -0.8640764 -0.4988747 0 0 0 -0.05961141 0.7058493 0.7058493 0.05961141 -0.7058493 -0.7058493 0 0 0 -0.05216723 0.4993192 0.8648462 0.05216723 -0.4993192 -0.8648462 0 0 0 -0.04472016 0.2585601 0.9649595 0.04472016 -0.2585601 -0.9649595 0 0 0 -0.0372706 -2.022186e-15 0.9993052 0.0372706 2.022186e-15 -0.9993052 0 0 0 -0.02981897 -0.258704 0.9654963 0.02981897 0.258704 -0.9654963 0 0 0 -0.02236568 -0.4998749 0.8658088 0.02236568 0.4998749 -0.8658088 0 0 0 -0.01491114 -0.7070282 0.7070282 0.01491114 0.7070282 -0.7070282 0 0 0 -0.007455778 -0.8660013 0.4999861 0.007455778 0.8660013 -0.4999861 0 0 0 -0.001863672 -0.9659241 0.2588186 0.001863672 0.9659241 -0.2588186 0 0 0 0.01535828 -0.9998821 -7.076119e-16 -0.01535828 0.9998821 7.076119e-16 0 0 0 0.06359727 -0.9639704 -0.2582951 -0.06359727 0.9639704 0.2582951 0 0 0 0.1366538 -0.8579011 -0.4953094 0.1366538 -0.7004733 -0.7004733 -0.1366538 0.8579011 0.4953094 -0.1366538 0.7004733 0.7004733 0 0 0 0 0 0 0.06359727 -0.4989878 -0.8642723 -0.06359727 0.4989878 0.8642723 0 0 0 0.01535828 -0.2587885 -0.9658119 -0.01535828 0.2587885 0.9658119 0 0 0 -0.001863672 -8.839358e-14 -0.9999983 0.001863672 8.839358e-14 0.9999983 0 0 0 -0.007455778 0.2588119 -0.965899 0.007455778 -0.2588119 0.965899 0 0 0 -0.01491114 0.4999444 -0.8659291 0.01491114 -0.4999444 0.8659291 0 0 0 -0.02236568 0.7069299 -0.7069299 0.02236568 -0.7069299 0.7069299 0 0 0 -0.02981897 0.8656403 -0.4997777 0.02981897 -0.8656403 0.4997777 0 0 0 -0.0372706 0.9652547 -0.2586392 0.0372706 -0.9652547 0.2586392 0 0 0 -0.04472016 0.9989996 6.413949e-16 0.04472016 -0.9989996 -6.413949e-16 0 0 0 -0.05216723 0.9646106 0.2584666 0.05216723 -0.9646106 -0.2584666 0 0 0 -0.05961141 0.8644853 0.4991108 0.05961141 -0.8644853 -0.4991108 0 0 0 -0.05216723 0.706144 0.706144 0.05216723 -0.706144 -0.706144 0 0 0 -0.04472016 0.4994998 0.865159 0.04472016 -0.4994998 -0.865159 0 0 0 -0.0372706 0.2586392 0.9652547 0.0372706 -0.2586392 -0.9652547 0 0 0 -0.02981897 -2.659141e-15 0.9995553 0.02981897 2.659141e-15 -0.9995553 0 0 0 -0.02236568 -0.2587543 0.9656842 0.02236568 0.2587543 -0.9656842 0 0 0 -0.01491114 -0.4999444 0.8659291 0.01491114 0.4999444 -0.8659291 0 0 0 -0.007455778 -0.7070871 0.7070871 0.007455778 0.7070871 -0.7070871 0 0 0 -0.001863672 -0.8660239 0.4999991 0.001863672 0.8660239 -0.4999991 0 0 0 0.01535828 -0.9658119 0.2587885 -0.01535828 0.9658119 -0.2587885 0 0 0 0.06359727 -0.9979756 -6.757419e-16 -0.06359727 0.9979756 6.757419e-16 0 0 0 0.1366538 -0.9568644 -0.256391 -0.1366538 0.9568644 0.256391 0 0 0 0.2348952 -0.8417946 -0.4860104 0.2348952 -0.6873224 -0.6873224 -0.2348952 0.8417946 0.4860104 -0.2348952 0.6873224 0.6873224 0 0 0 0 0 0 0.1366538 -0.4953094 -0.8579011 -0.1366538 0.4953094 0.8579011 0 0 0 0.06359727 -0.2582951 -0.9639704 -0.06359727 0.2582951 0.9639704 0 0 0 0.01535828 -6.706292e-14 -0.9998821 -0.01535828 6.706292e-14 0.9998821 0 0 0 -0.001863672 0.2588186 -0.9659241 0.001863672 -0.2588186 0.9659241 0 0 0 -0.007455778 0.4999861 -0.8660013 0.007455778 -0.4999861 0.8660013 0 0 0 -0.01491114 0.7070282 -0.7070282 0.01491114 -0.7070282 0.7070282 0 0 0 -0.02236568 0.8658088 -0.4998749 0.02236568 -0.8658088 0.4998749 0 0 0 -0.02981897 0.9654963 -0.258704 0.02981897 -0.9654963 0.258704 0 0 0 -0.0372706 0.9993052 8.908308e-17 0.0372706 -0.9993052 -8.908308e-17 0 0 0 -0.04472016 0.9649595 0.2585601 0.04472016 -0.9649595 -0.2585601 0 0 0 -0.05216723 0.8648462 0.4993192 0.05216723 -0.8648462 -0.4993192 0 0 0 -0.04472016 0.7063994 0.7063994 0.04472016 -0.7063994 -0.7063994 0 0 0 -0.0372706 0.4996526 0.8654237 0.0372706 -0.4996526 -0.8654237 0 0 0 -0.02981897 0.258704 0.9654963 0.02981897 -0.258704 -0.9654963 0 0 0 -0.02236568 6.458572e-16 0.9997499 0.02236568 -6.458572e-16 -0.9997499 0 0 0 -0.01491114 -0.2587903 0.9658184 0.01491114 0.2587903 -0.9658184 0 0 0 -0.007455778 -0.4999861 0.8660013 0.007455778 0.4999861 -0.8660013 0 0 0 -0.001863672 -0.7071056 0.7071056 0.001863672 0.7071056 -0.7071056 0 0 0 0.01535828 -0.8659233 0.499941 -0.01535828 0.8659233 -0.499941 0 0 0 0.06359727 -0.9639704 0.2582951 -0.06359727 0.9639704 -0.2582951 0 0 0 0.1366538 -0.9906189 7.55421e-17 -0.1366538 0.9906189 -7.55421e-17 0 0 0 0.2348952 -0.9388999 -0.2515775 -0.2348952 0.9388999 0.2515775 0 0 0 0.3961718 -0.7951641 -0.4590882 0.3961718 -0.6492487 -0.6492487 -0.3961718 0.7951641 0.4590882 -0.3961718 0.6492487 0.6492487 0 0 0 0 0 0 0.2348952 -0.4860104 -0.8417946 -0.2348952 0.4860104 0.8417946 0 0 0 0.1366538 -0.256391 -0.9568644 -0.1366538 0.256391 0.9568644 0 0 0 0.06359727 2.636283e-15 -0.9979756 -0.06359727 -2.636283e-15 0.9979756 0 0 0 0.01535828 0.2587885 -0.9658119 -0.01535828 -0.2587885 0.9658119 0 0 0 -0.001863672 0.4999991 -0.8660239 0.001863672 -0.4999991 0.8660239 0 0 0 -0.007455778 0.7070871 -0.7070871 0.007455778 -0.7070871 0.7070871 0 0 0 -0.01491114 0.8659291 -0.4999444 0.01491114 -0.8659291 0.4999444 0 0 0 -0.02236568 0.9656842 -0.2587543 0.02236568 -0.9656842 0.2587543 0 0 0 -0.02981897 0.9995553 5.389549e-16 0.02981897 -0.9995553 -5.389549e-16 0 0 0 -0.0372706 0.9652547 0.2586392 0.0372706 -0.9652547 -0.2586392 0 0 0 -0.04472016 0.865159 0.4994998 0.04472016 -0.865159 -0.4994998 0 0 0 -0.0372706 0.7066155 0.7066155 0.0372706 -0.7066155 -0.7066155 0 0 0 -0.02981897 0.4997777 0.8656403 0.02981897 -0.4997777 -0.8656403 0 0 0 -0.02236568 0.2587543 0.9656842 0.02236568 -0.2587543 -0.9656842 0 0 0 -0.01491114 -6.770381e-16 0.9998888 0.01491114 6.770381e-16 -0.9998888 0 0 0 -0.007455778 -0.2588119 0.965899 0.007455778 0.2588119 -0.965899 0 0 0 -0.001863672 -0.4999991 0.8660239 0.001863672 0.4999991 -0.8660239 0 0 0 0.01535828 -0.7070234 0.7070234 -0.01535828 0.7070234 -0.7070234 0 0 0 0.06359727 -0.8642723 0.4989878 -0.06359727 0.8642723 -0.4989878 0 0 0 0.1366538 -0.9568644 0.256391 -0.1366538 0.9568644 -0.256391 0 0 0 0.2348952 -0.9720207 -1.207665e-15 -0.2348952 0.9720207 1.207665e-15 0 0 0 0.3961718 -0.8868903 -0.2376415 -0.3961718 0.8868903 0.2376415 0 0 0 0.5652836 -0.7143814 -0.4124483 0.5652836 -0.58329 -0.58329 -0.5652836 0.7143814 0.4124483 -0.5652836 0.58329 0.58329 0 0 0 0 0 0 0.3961718 -0.4590882 -0.7951641 -0.3961718 0.4590882 0.7951641 0 0 0 0.2348952 -0.2515775 -0.9388999 -0.2348952 0.2515775 0.9388999 0 0 0 0.1366538 1.086917e-14 -0.9906189 -0.1366538 -1.086917e-14 0.9906189 0 0 0 0.06359727 0.2582951 -0.9639704 -0.06359727 -0.2582951 0.9639704 0 0 0 0.01535828 0.499941 -0.8659233 -0.01535828 -0.499941 0.8659233 0 0 0 -0.001863672 0.7071056 -0.7071056 0.001863672 -0.7071056 0.7071056 0 0 0 -0.007455778 0.8660013 -0.4999861 0.007455778 -0.8660013 0.4999861 0 0 0 -0.01491114 0.9658184 -0.2587903 0.01491114 -0.9658184 0.2587903 0 0 0 -0.02236568 0.9997499 2.316177e-16 0.02236568 -0.9997499 -2.316177e-16 0 0 0 -0.02981897 0.9654963 0.258704 0.02981897 -0.9654963 -0.258704 0 0 0 -0.0372706 0.8654237 0.4996526 0.0372706 -0.8654237 -0.4996526 0 0 0 -0.02981897 0.7067923 0.7067923 0.02981897 -0.7067923 -0.7067923 0 0 0 -0.02236568 0.4998749 0.8658088 0.02236568 -0.4998749 -0.8658088 0 0 0 -0.01491114 0.2587903 0.9658184 0.01491114 -0.2587903 -0.9658184 0 0 0 -0.007455778 8.908408e-18 0.9999722 0.007455778 -8.908408e-18 -0.9999722 0 0 0 -0.001863672 -0.2588186 0.9659241 0.001863672 0.2588186 -0.9659241 0 0 0 0.01535828 -0.499941 0.8659233 -0.01535828 0.499941 -0.8659233 0 0 0 0.06359727 -0.7056753 0.7056753 -0.06359727 0.7056753 -0.7056753 0 0 0 0.1366538 -0.8579011 0.4953094 -0.1366538 0.8579011 -0.4953094 0 0 0 0.2348952 -0.9388999 0.2515775 -0.2348952 0.9388999 -0.2515775 0 0 0 0.3961718 -0.9181764 -2.175034e-16 -0.3961718 0.9181764 2.175034e-16 0 0 0 0.5652836 -0.7967889 -0.213499 -0.5652836 0.7967889 0.213499 0 0 0 0.44309 -0.6339051 -0.6339051 0.44309 -0.776372 -0.4482386 -0.44309 0.6339051 0.6339051 -0.44309 0.776372 0.4482386 0 0 0 0 0 0 0.5652836 -0.4124483 -0.7143814 -0.5652836 0.4124483 0.7143814 0 0 0 0.3961718 -0.2376415 -0.8868903 -0.3961718 0.2376415 0.8868903 0 0 0 0.2348952 -1.21832e-14 -0.9720207 -0.2348952 1.21832e-14 0.9720207 0 0 0 0.1366538 0.256391 -0.9568644 -0.1366538 -0.256391 0.9568644 0 0 0 0.06359727 0.4989878 -0.8642723 -0.06359727 -0.4989878 0.8642723 0 0 0 0.01535828 0.7070234 -0.7070234 -0.01535828 -0.7070234 0.7070234 0 0 0 -0.001863672 0.8660239 -0.4999991 0.001863672 -0.8660239 0.4999991 0 0 0 -0.007455778 0.965899 -0.2588119 0.007455778 -0.965899 0.2588119 0 0 0 -0.01491114 0.9998888 3.652442e-16 0.01491114 -0.9998888 -3.652442e-16 0 0 0 -0.02236568 0.9656842 0.2587543 0.02236568 -0.9656842 -0.2587543 0 0 0 -0.02981897 0.8656403 0.4997777 0.02981897 -0.8656403 -0.4997777 0 0 0 -0.02236568 0.7069299 0.7069299 0.02236568 -0.7069299 -0.7069299 0 0 0 -0.01491114 0.4999444 0.8659291 0.01491114 -0.4999444 -0.8659291 0 0 0 -0.007455778 0.2588119 0.965899 0.007455778 -0.2588119 -0.965899 0 0 0 -0.001863672 -4.454873e-18 0.9999983 0.001863672 4.454873e-18 -0.9999983 0 0 0 0.01535828 -0.2587885 0.9658119 -0.01535828 0.2587885 -0.9658119 0 0 0 0.06359727 -0.4989878 0.8642723 -0.06359727 0.4989878 -0.8642723 0 0 0 0.1366538 -0.7004733 0.7004733 -0.1366538 0.7004733 -0.7004733 0 0 0 0.2348952 -0.8417946 0.4860104 -0.2348952 0.8417946 -0.4860104 0 0 0 0.3961718 -0.8868903 0.2376415 -0.3961718 0.8868903 -0.2376415 0 0 0 0.5652836 -0.8248966 -1.28568e-15 -0.5652836 0.8248966 1.28568e-15 0 0 0 0.44309 -0.8659304 -0.2320254 -0.44309 0.8659304 0.2320254 0 0 0 0 -0.8660254 -0.5 9.393358e-18 -0.7071068 -0.7071068 -0 0.8660254 0.5 -9.393358e-18 0.7071068 0.7071068 0 0 0 0 0 0 0.44309 -0.4482386 -0.776372 -0.44309 0.4482386 0.776372 0 0 0 0.5652836 -0.213499 -0.7967889 -0.5652836 0.213499 0.7967889 0 0 0 0.3961718 4.119248e-15 -0.9181764 -0.3961718 -4.119248e-15 0.9181764 0 0 0 0.2348952 0.2515775 -0.9388999 -0.2348952 -0.2515775 0.9388999 0 0 0 0.1366538 0.4953094 -0.8579011 -0.1366538 -0.4953094 0.8579011 0 0 0 0.06359727 0.7056753 -0.7056753 -0.06359727 -0.7056753 0.7056753 0 0 0 0.01535828 0.8659233 -0.499941 -0.01535828 -0.8659233 0.499941 0 0 0 -0.001863672 0.9659241 -0.2588186 0.001863672 -0.9659241 0.2588186 0 0 0 -0.007455778 0.9999722 6.191343e-16 0.007455778 -0.9999722 -6.191343e-16 0 0 0 -0.01491114 0.9658184 0.2587903 0.01491114 -0.9658184 -0.2587903 0 0 0 -0.02236568 0.8658088 0.4998749 0.02236568 -0.8658088 -0.4998749 0 0 0 -0.01491114 0.7070282 0.7070282 0.01491114 -0.7070282 -0.7070282 0 0 0 -0.007455778 0.4999861 0.8660013 0.007455778 -0.4999861 -0.8660013 0 0 0 -0.001863672 0.2588186 0.9659241 0.001863672 -0.2588186 -0.9659241 0 0 0 0.01535828 2.260798e-15 0.9998821 -0.01535828 -2.260798e-15 -0.9998821 0 0 0 0.06359727 -0.2582951 0.9639704 -0.06359727 0.2582951 -0.9639704 0 0 0 0.1366538 -0.4953094 0.8579011 -0.1366538 0.4953094 -0.8579011 0 0 0 0.2348952 -0.6873224 0.6873224 -0.2348952 0.6873224 -0.6873224 0 0 0 0.3961718 -0.7951641 0.4590882 -0.3961718 0.7951641 -0.4590882 0 0 0 0.5652836 -0.7967889 0.213499 -0.5652836 0.7967889 -0.213499 0 0 0 0.44309 -0.8964771 1.058902e-15 -0.44309 0.8964771 -1.058902e-15 0 0 0 9.393358e-18 -0.9659258 -0.258819 -9.393358e-18 0.9659258 0.258819 0 0 0 -0.4435237 -0.6337534 -0.6337534 -0.4435237 -0.7761862 -0.4481313 0.4435237 0.7761862 0.4481313 0.4435237 0.6337534 0.6337534 0 0 0 0 0 0 -2.818007e-17 -0.5 -0.8660254 2.818007e-17 0.5 0.8660254 0 0 0 0.44309 -0.2320254 -0.8659304 -0.44309 0.2320254 0.8659304 0 0 0 0.5652836 4.110187e-14 -0.8248966 -0.5652836 -4.110187e-14 0.8248966 0 0 0 0.3961718 0.2376415 -0.8868903 -0.3961718 -0.2376415 0.8868903 0 0 0 0.2348952 0.4860104 -0.8417946 -0.2348952 -0.4860104 0.8417946 0 0 0 0.1366538 0.7004733 -0.7004733 -0.1366538 -0.7004733 0.7004733 0 0 0 0.06359727 0.8642723 -0.4989878 -0.06359727 -0.8642723 0.4989878 0 0 0 0.01535828 0.9658119 -0.2587885 -0.01535828 -0.9658119 0.2587885 0 0 0 -0.001863672 0.9999983 1.826498e-16 0.001863672 -0.9999983 -1.826498e-16 0 0 0 -0.007455778 0.965899 0.2588119 0.007455778 -0.965899 -0.2588119 0 0 0 -0.01491114 0.8659291 0.4999444 0.01491114 -0.8659291 -0.4999444 0 0 0 -0.007455778 0.7070871 0.7070871 0.007455778 -0.7070871 -0.7070871 0 0 0 -0.001863672 0.4999991 0.8660239 0.001863672 -0.4999991 -0.8660239 0 0 0 0.01535828 0.2587885 0.9658119 -0.01535828 -0.2587885 -0.9658119 0 0 0 0.06359727 4.352311e-15 0.9979756 -0.06359727 -4.352311e-15 -0.9979756 0 0 0 0.1366538 -0.256391 0.9568644 -0.1366538 0.256391 -0.9568644 0 0 0 0.2348952 -0.4860104 0.8417946 -0.2348952 0.4860104 -0.8417946 0 0 0 0.3961718 -0.6492487 0.6492487 -0.3961718 0.6492487 -0.6492487 0 0 0 0.5652836 -0.7143814 0.4124483 -0.5652836 0.7143814 -0.4124483 0 0 0 0.44309 -0.8659304 0.2320254 -0.44309 0.8659304 -0.2320254 0 0 0 0 -1 -2.376519e-15 -0 1 2.376519e-15 0 0 0 -0.4435237 -0.8657233 -0.2319698 0.4435237 0.8657233 0.2319698 0 0 0 -0.7338297 -0.58832 -0.3396667 -0.7338297 -0.4803613 -0.4803613 0.7338297 0.4803613 0.4803613 0.7338297 0.58832 0.3396667 0 0 0 0 0 0 -0.4435237 -0.4481313 -0.7761862 0.4435237 0.4481313 0.7761862 0 0 0 -2.818007e-17 -0.258819 -0.9659258 2.818007e-17 0.258819 0.9659258 0 0 0 0.44309 3.854587e-14 -0.8964771 -0.44309 -3.854587e-14 0.8964771 0 0 0 0.5652836 0.213499 -0.7967889 -0.5652836 -0.213499 0.7967889 0 0 0 0.3961718 0.4590882 -0.7951641 -0.3961718 -0.4590882 0.7951641 0 0 0 0.2348952 0.6873224 -0.6873224 -0.2348952 -0.6873224 0.6873224 0 0 0 0.1366538 0.8579011 -0.4953094 -0.1366538 -0.8579011 0.4953094 0 0 0 0.06359727 0.9639704 -0.2582951 -0.06359727 -0.9639704 0.2582951 0 0 0 0.01535828 0.9998821 2.492218e-16 -0.01535828 -0.9998821 -2.492218e-16 0 0 0 -0.001863672 0.9659241 0.2588186 0.001863672 -0.9659241 -0.2588186 0 0 0 -0.007455778 0.8660013 0.4999861 0.007455778 -0.8660013 -0.4999861 0 0 0 -0.001863672 0.7071056 0.7071056 0.001863672 -0.7071056 -0.7071056 0 0 0 0.01535828 0.499941 0.8659233 -0.01535828 -0.499941 -0.8659233 0 0 0 0.06359727 0.2582951 0.9639704 -0.06359727 -0.2582951 -0.9639704 0 0 0 0.1366538 4.323674e-15 0.9906189 -0.1366538 -4.323674e-15 -0.9906189 0 0 0 0.2348952 -0.2515775 0.9388999 -0.2348952 0.2515775 -0.9388999 0 0 0 0.3961718 -0.4590882 0.7951641 -0.3961718 0.4590882 -0.7951641 0 0 0 0.5652836 -0.58329 0.58329 -0.5652836 0.58329 -0.58329 0 0 0 0.44309 -0.776372 0.4482386 -0.44309 0.776372 -0.4482386 0 0 0 0 -0.9659258 0.258819 -0 0.9659258 -0.258819 0 0 0 -0.4435237 -0.8962627 9.341841e-16 0.4435237 0.8962627 -9.341841e-16 0 0 0 -0.7338297 -0.6561857 -0.1758244 0.7338297 0.6561857 0.1758244 0 0 0 -0.8834172 -0.4058086 -0.2342937 -0.8834172 -0.3313413 -0.3313413 0.8834172 0.3313413 0.3313413 0.8834172 0.4058086 0.2342937 0 0 0 0 0 0 -0.7338297 -0.3396667 -0.58832 0.7338297 0.3396667 0.58832 0 0 0 -0.4435237 -0.2319698 -0.8657233 0.4435237 0.2319698 0.8657233 0 0 0 -1.878672e-17 1.451743e-14 -1 1.878672e-17 -1.451743e-14 1 0 0 0 0.44309 0.2320254 -0.8659304 -0.44309 -0.2320254 0.8659304 0 0 0 0.5652836 0.4124483 -0.7143814 -0.5652836 -0.4124483 0.7143814 0 0 0 0.3961718 0.6492487 -0.6492487 -0.3961718 -0.6492487 0.6492487 0 0 0 0.2348952 0.8417946 -0.4860104 -0.2348952 -0.8417946 0.4860104 0 0 0 0.1366538 0.9568644 -0.256391 -0.1366538 -0.9568644 0.256391 0 0 0 0.06359727 0.9979756 7.113073e-16 -0.06359727 -0.9979756 -7.113073e-16 0 0 0 0.01535828 0.9658119 0.2587885 -0.01535828 -0.9658119 -0.2587885 0 0 0 -0.001863672 0.8660239 0.4999991 0.001863672 -0.8660239 -0.4999991 0 0 0 0.01535828 0.7070234 0.7070234 -0.01535828 -0.7070234 -0.7070234 0 0 0 0.06359727 0.4989878 0.8642723 -0.06359727 -0.4989878 -0.8642723 0 0 0 0.1366538 0.256391 0.9568644 -0.1366538 -0.256391 -0.9568644 0 0 0 0.2348952 -4.875058e-15 0.9720207 -0.2348952 4.875058e-15 -0.9720207 0 0 0 0.3961718 -0.2376415 0.8868903 -0.3961718 0.2376415 -0.8868903 0 0 0 0.5652836 -0.4124483 0.7143814 -0.5652836 0.4124483 -0.7143814 0 0 0 0.44309 -0.6339051 0.6339051 -0.44309 0.6339051 -0.6339051 0 0 0 -1.878672e-17 -0.8660254 0.5 1.878672e-17 0.8660254 -0.5 0 0 0 -0.4435237 -0.8657233 0.2319698 0.4435237 0.8657233 -0.2319698 0 0 0 -0.7338297 -0.6793335 5.293367e-16 0.7338297 0.6793335 -5.293367e-16 0 0 0 -0.8834172 -0.4526207 -0.1212793 0.8834172 0.4526207 0.1212793 0 0 0 -0.9561627 -0.2536033 -0.1464179 -0.9561627 -0.2070662 -0.2070662 0.9561627 0.2070662 0.2070662 0.9561627 0.2536033 0.1464179 0 0 0 0 0 0 -0.8834172 -0.2342937 -0.4058086 0.8834172 0.2342937 0.4058086 0 0 0 -0.7338297 -0.1758244 -0.6561857 0.7338297 0.1758244 0.6561857 0 0 0 -0.4435237 9.152229e-15 -0.8962627 0.4435237 -9.152229e-15 0.8962627 0 0 0 -1.878672e-17 0.258819 -0.9659258 1.878672e-17 -0.258819 0.9659258 0 0 0 0.44309 0.4482386 -0.776372 -0.44309 -0.4482386 0.776372 0 0 0 0.5652836 0.58329 -0.58329 -0.5652836 -0.58329 0.58329 0 0 0 0.3961718 0.7951641 -0.4590882 -0.3961718 -0.7951641 0.4590882 0 0 0 0.2348952 0.9388999 -0.2515775 -0.2348952 -0.9388999 0.2515775 0 0 0 0.1366538 0.9906189 3.999288e-17 -0.1366538 -0.9906189 -3.999288e-17 0 0 0 0.06359727 0.9639704 0.2582951 -0.06359727 -0.9639704 -0.2582951 0 0 0 0.01535828 0.8659233 0.499941 -0.01535828 -0.8659233 -0.499941 0 0 0 0.06359727 0.7056753 0.7056753 -0.06359727 -0.7056753 -0.7056753 0 0 0 0.1366538 0.4953094 0.8579011 -0.1366538 -0.4953094 -0.8579011 0 0 0 0.2348952 0.2515775 0.9388999 -0.2348952 -0.2515775 -0.9388999 0 0 0 0.3961718 6.480713e-15 0.9181764 -0.3961718 -6.480713e-15 -0.9181764 0 0 0 0.5652836 -0.213499 0.7967889 -0.5652836 0.213499 -0.7967889 0 0 0 0.44309 -0.4482386 0.776372 -0.44309 0.4482386 -0.776372 0 0 0 -1.878672e-17 -0.7071068 0.7071068 1.878672e-17 0.7071068 -0.7071068 0 0 0 -0.4435237 -0.7761862 0.4481313 0.4435237 0.7761862 -0.4481313 0 0 0 -0.7338297 -0.6561857 0.1758244 0.7338297 0.6561857 -0.1758244 0 0 0 -0.8834172 -0.4685874 6.928045e-17 0.8834172 0.4685874 -6.928045e-17 0 0 0 -0.9561627 -0.2828577 -0.0757915 0.9561627 0.2828577 0.0757915 0 0 0 -0.989729 -0.1238036 -0.07147805 -0.989729 -0.1010852 -0.1010852 0.989729 0.1010852 0.1010852 0.989729 0.1238036 0.07147805 0 0 0 0 0 0 -0.9561627 -0.1464179 -0.2536033 0.9561627 0.1464179 0.2536033 0 0 0 -0.8834172 -0.1212793 -0.4526207 0.8834172 0.1212793 0.4526207 0 0 0 -0.7338297 -1.987953e-14 -0.6793335 0.7338297 1.987953e-14 0.6793335 0 0 0 -0.4435237 0.2319698 -0.8657233 0.4435237 -0.2319698 0.8657233 0 0 0 9.393358e-18 0.5 -0.8660254 -9.393358e-18 -0.5 0.8660254 0 0 0 0.44309 0.6339051 -0.6339051 -0.44309 -0.6339051 0.6339051 0 0 0 0.5652836 0.7143814 -0.4124483 -0.5652836 -0.7143814 0.4124483 0 0 0 0.3961718 0.8868903 -0.2376415 -0.3961718 -0.8868903 0.2376415 0 0 0 0.2348952 0.9720207 4.661941e-16 -0.2348952 -0.9720207 -4.661941e-16 0 0 0 0.1366538 0.9568644 0.256391 -0.1366538 -0.9568644 -0.256391 0 0 0 0.06359727 0.8642723 0.4989878 -0.06359727 -0.8642723 -0.4989878 0 0 0 0.1366538 0.7004733 0.7004733 -0.1366538 -0.7004733 -0.7004733 0 0 0 0.2348952 0.4860104 0.8417946 -0.2348952 -0.4860104 -0.8417946 0 0 0 0.3961718 0.2376415 0.8868903 -0.3961718 -0.2376415 -0.8868903 0 0 0 0.5652836 -3.50237e-15 0.8248966 -0.5652836 3.50237e-15 -0.8248966 0 0 0 0.44309 -0.2320254 0.8659304 -0.44309 0.2320254 -0.8659304 0 0 0 -1.878672e-17 -0.5 0.8660254 1.878672e-17 0.5 -0.8660254 0 0 0 -0.4435237 -0.6337534 0.6337534 0.4435237 0.6337534 -0.6337534 0 0 0 -0.7338297 -0.58832 0.3396667 0.7338297 0.58832 -0.3396667 0 0 0 -0.8834172 -0.4526207 0.1212793 0.8834172 0.4526207 -0.1212793 0 0 0 -0.9561627 -0.2928359 -1.85232e-15 0.9561627 0.2928359 1.85232e-15 0 0 0 -0.989729 -0.138085 -0.03699976 0.989729 0.138085 0.03699976 0 0 0 -1 3.502296e-15 3.613305e-15 1 -3.502296e-15 -3.613305e-15 0 0 0 -0.989729 -0.07147805 -0.1238036 0.989729 0.07147805 0.1238036 0 0 0 -0.9561627 -0.0757915 -0.2828577 0.9561627 0.0757915 0.2828577 0 0 0 -0.8834172 -5.36186e-14 -0.4685874 0.8834172 5.36186e-14 0.4685874 0 0 0 -0.7338297 0.1758244 -0.6561857 0.7338297 -0.1758244 0.6561857 0 0 0 -0.4435237 0.4481313 -0.7761862 0.4435237 -0.4481313 0.7761862 0 0 0 2.818007e-17 0.7071068 -0.7071068 -2.818007e-17 -0.7071068 0.7071068 0 0 0 0.44309 0.776372 -0.4482386 -0.44309 -0.776372 0.4482386 0 0 0 0.5652836 0.7967889 -0.213499 -0.5652836 -0.7967889 0.213499 0 0 0 0.3961718 0.9181764 1.198488e-16 -0.3961718 -0.9181764 -1.198488e-16 0 0 0 0.2348952 0.9388999 0.2515775 -0.2348952 -0.9388999 -0.2515775 0 0 0 0.1366538 0.8579011 0.4953094 -0.1366538 -0.8579011 -0.4953094 0 0 0 0.2348952 0.6873224 0.6873224 -0.2348952 -0.6873224 -0.6873224 0 0 0 0.3961718 0.4590882 0.7951641 -0.3961718 -0.4590882 -0.7951641 0 0 0 0.5652836 0.213499 0.7967889 -0.5652836 -0.213499 -0.7967889 0 0 0 0.44309 -2.173292e-16 0.8964771 -0.44309 2.173292e-16 -0.8964771 0 0 0 0 -0.258819 0.9659258 -0 0.258819 -0.9659258 0 0 0 -0.4435237 -0.4481313 0.7761862 0.4435237 0.4481313 -0.7761862 0 0 0 -0.7338297 -0.4803613 0.4803613 0.7338297 0.4803613 -0.4803613 0 0 0 -0.8834172 -0.4058086 0.2342937 0.8834172 0.4058086 -0.2342937 0 0 0 -0.9561627 -0.2828577 0.0757915 0.9561627 0.2828577 -0.0757915 0 0 0 -0.989729 -0.1429561 6.871071e-17 0.989729 0.1429561 -6.871071e-17 0 0 0 -0.989729 -0.03699976 -0.138085 0.989729 0.03699976 0.138085 0 0 0 -0.9561627 -3.944653e-14 -0.2928359 0.9561627 3.944653e-14 0.2928359 0 0 0 -0.8834172 0.1212793 -0.4526207 0.8834172 -0.1212793 0.4526207 0 0 0 -0.7338297 0.3396667 -0.58832 0.7338297 -0.3396667 0.58832 0 0 0 -0.4435237 0.6337534 -0.6337534 0.4435237 -0.6337534 0.6337534 0 0 0 1.878672e-17 0.8660254 -0.5 -1.878672e-17 -0.8660254 0.5 0 0 0 0.44309 0.8659304 -0.2320254 -0.44309 -0.8659304 0.2320254 0 0 0 0.5652836 0.8248966 7.669748e-16 -0.5652836 -0.8248966 -7.669748e-16 0 0 0 0.3961718 0.8868903 0.2376415 -0.3961718 -0.8868903 -0.2376415 0 0 0 0.2348952 0.8417946 0.4860104 -0.2348952 -0.8417946 -0.4860104 0 0 0 0.3961718 0.6492487 0.6492487 -0.3961718 -0.6492487 -0.6492487 0 0 0 0.5652836 0.4124483 0.7143814 -0.5652836 -0.4124483 -0.7143814 0 0 0 0.44309 0.2320254 0.8659304 -0.44309 -0.2320254 -0.8659304 0 0 0 -3.757343e-17 5.636015e-17 1 3.757343e-17 -5.636015e-17 -1 0 0 0 -0.4435237 -0.2319698 0.8657233 0.4435237 0.2319698 -0.8657233 0 0 0 -0.7338297 -0.3396667 0.58832 0.7338297 0.3396667 -0.58832 0 0 0 -0.8834172 -0.3313413 0.3313413 0.8834172 0.3313413 -0.3313413 0 0 0 -0.9561627 -0.2536033 0.1464179 0.9561627 0.2536033 -0.1464179 0 0 0 -0.989729 -0.138085 0.03699976 0.989729 0.138085 -0.03699976 0 0 0 -0.989729 -2.06243e-15 -0.1429561 0.989729 2.06243e-15 0.1429561 0 0 0 -0.9561627 0.0757915 -0.2828577 0.9561627 -0.0757915 0.2828577 0 0 0 -0.8834172 0.2342937 -0.4058086 0.8834172 -0.2342937 0.4058086 0 0 0 -0.7338297 0.4803613 -0.4803613 0.7338297 -0.4803613 0.4803613 0 0 0 -0.4435237 0.7761862 -0.4481313 0.4435237 -0.7761862 0.4481313 0 0 0 -1.878672e-17 0.9659258 -0.258819 1.878672e-17 -0.9659258 0.258819 0 0 0 0.44309 0.8964771 -5.918752e-16 -0.44309 -0.8964771 5.918752e-16 0 0 0 0.5652836 0.7967889 0.213499 -0.5652836 -0.7967889 -0.213499 0 0 0 0.3961718 0.7951641 0.4590882 -0.3961718 -0.7951641 -0.4590882 0 0 0 0.5652836 0.58329 0.58329 -0.5652836 -0.58329 -0.58329 0 0 0 0.44309 0.4482386 0.776372 -0.44309 -0.4482386 -0.776372 0 0 0 -9.393358e-18 0.258819 0.9659258 9.393358e-18 -0.258819 -0.9659258 0 0 0 -0.4435237 -5.780842e-16 0.8962627 0.4435237 5.780842e-16 -0.8962627 0 0 0 -0.7338297 -0.1758244 0.6561857 0.7338297 0.1758244 -0.6561857 0 0 0 -0.8834172 -0.2342937 0.4058086 0.8834172 0.2342937 -0.4058086 0 0 0 -0.9561627 -0.2070662 0.2070662 0.9561627 0.2070662 -0.2070662 0 0 0 -0.989729 -0.1238036 0.07147805 0.989729 0.1238036 -0.07147805 0 0 0 -0.989729 0.03699976 -0.138085 0.989729 -0.03699976 0.138085 0 0 0 -0.9561627 0.1464179 -0.2536033 0.9561627 -0.1464179 0.2536033 0 0 0 -0.8834172 0.3313413 -0.3313413 0.8834172 -0.3313413 0.3313413 0 0 0 -0.7338297 0.58832 -0.3396667 0.7338297 -0.58832 0.3396667 0 0 0 -0.4435237 0.8657233 -0.2319698 0.4435237 -0.8657233 0.2319698 0 0 0 0 1 9.956959e-16 -0 -1 -9.956959e-16 0 0 0 0.44309 0.8659304 0.2320254 -0.44309 -0.8659304 -0.2320254 0 0 0 0.5652836 0.7143814 0.4124483 -0.5652836 -0.7143814 -0.4124483 0 0 0 0.44309 0.6339051 0.6339051 -0.44309 -0.6339051 -0.6339051 0 0 0 9.393358e-18 0.5 0.8660254 -9.393358e-18 -0.5 -0.8660254 0 0 0 -0.4435237 0.2319698 0.8657233 0.4435237 -0.2319698 -0.8657233 0 0 0 -0.7338297 -3.827511e-15 0.6793335 0.7338297 3.827511e-15 -0.6793335 0 0 0 -0.8834172 -0.1212793 0.4526207 0.8834172 0.1212793 -0.4526207 0 0 0 -0.9561627 -0.1464179 0.2536033 0.9561627 0.1464179 -0.2536033 0 0 0 -0.989729 -0.1010852 0.1010852 0.989729 0.1010852 -0.1010852 0 0 0 -0.989729 0.07147805 -0.1238036 0.989729 -0.07147805 0.1238036 0 0 0 -0.9561627 0.2070662 -0.2070662 0.9561627 -0.2070662 0.2070662 0 0 0 -0.8834172 0.4058086 -0.2342937 0.8834172 -0.4058086 0.2342937 0 0 0 -0.7338297 0.6561857 -0.1758244 0.7338297 -0.6561857 0.1758244 0 0 0 -0.4435237 0.8962627 -6.243309e-16 0.4435237 -0.8962627 6.243309e-16 0 0 0 -9.393358e-18 0.9659258 0.258819 9.393358e-18 -0.9659258 -0.258819 0 0 0 0.44309 0.776372 0.4482386 -0.44309 -0.776372 -0.4482386 0 0 0 1.878672e-17 0.7071068 0.7071068 -1.878672e-17 -0.7071068 -0.7071068 0 0 0 -0.4435237 0.4481313 0.7761862 0.4435237 -0.4481313 -0.7761862 0 0 0 -0.7338297 0.1758244 0.6561857 0.7338297 -0.1758244 -0.6561857 0 0 0 -0.8834172 2.43599e-15 0.4685874 0.8834172 -2.43599e-15 -0.4685874 0 0 0 -0.9561627 -0.0757915 0.2828577 0.9561627 0.0757915 -0.2828577 0 0 0 -0.989729 -0.07147805 0.1238036 0.989729 0.07147805 -0.1238036 0 0 0 -0.989729 0.1010852 -0.1010852 0.989729 -0.1010852 0.1010852 0 0 0 -0.9561627 0.2536033 -0.1464179 0.9561627 -0.2536033 0.1464179 0 0 0 -0.8834172 0.4526207 -0.1212793 0.8834172 -0.4526207 0.1212793 0 0 0 -0.7338297 0.6793335 9.365188e-16 0.7338297 -0.6793335 -9.365188e-16 0 0 0 -0.4435237 0.8657233 0.2319698 0.4435237 -0.8657233 -0.2319698 0 0 0 -9.393358e-18 0.8660254 0.5 9.393358e-18 -0.8660254 -0.5 0 0 0 -0.4435237 0.6337534 0.6337534 0.4435237 -0.6337534 -0.6337534 0 0 0 -0.7338297 0.3396667 0.58832 0.7338297 -0.3396667 -0.58832 0 0 0 -0.8834172 0.1212793 0.4526207 0.8834172 -0.1212793 -0.4526207 0 0 0 -0.9561627 -3.555743e-16 0.2928359 0.9561627 3.555743e-16 -0.2928359 0 0 0 -0.989729 -0.03699976 0.138085 0.989729 0.03699976 -0.138085 0 0 0 -0.989729 0.1238036 -0.07147805 0.989729 -0.1238036 0.07147805 0 0 0 -0.9561627 0.2828577 -0.0757915 0.9561627 -0.2828577 0.0757915 0 0 0 -0.8834172 0.4685874 -4.782586e-16 0.8834172 -0.4685874 4.782586e-16 0 0 0 -0.7338297 0.6561857 0.1758244 0.7338297 -0.6561857 -0.1758244 0 0 0 -0.4435237 0.7761862 0.4481313 0.4435237 -0.7761862 -0.4481313 0 0 0 -0.7338297 0.4803613 0.4803613 0.7338297 -0.4803613 -0.4803613 0 0 0 -0.8834172 0.2342937 0.4058086 0.8834172 -0.2342937 -0.4058086 0 0 0 -0.9561627 0.0757915 0.2828577 0.9561627 -0.0757915 -0.2828577 0 0 0 -0.989729 9.309193e-17 0.1429561 0.989729 -9.309193e-17 -0.1429561 0 0 0 -0.989729 0.138085 -0.03699976 0.989729 -0.138085 0.03699976 0 0 0 -0.9561627 0.2928359 1.733425e-16 0.9561627 -0.2928359 -1.733425e-16 0 0 0 -0.8834172 0.4526207 0.1212793 0.8834172 -0.4526207 -0.1212793 0 0 0 -0.7338297 0.58832 0.3396667 0.7338297 -0.58832 -0.3396667 0 0 0 -0.8834172 0.3313413 0.3313413 0.8834172 -0.3313413 -0.3313413 0 0 0 -0.9561627 0.1464179 0.2536033 0.9561627 -0.1464179 -0.2536033 0 0 0 -0.989729 0.03699976 0.138085 0.989729 -0.03699976 -0.138085 0 0 0 -0.989729 0.1429561 2.016992e-16 0.989729 -0.1429561 -2.016992e-16 0 0 0 -0.9561627 0.2828577 0.0757915 0.9561627 -0.2828577 -0.0757915 0 0 0 -0.8834172 0.4058086 0.2342937 0.8834172 -0.4058086 -0.2342937 0 0 0 -0.9561627 0.2070662 0.2070662 0.9561627 -0.2070662 -0.2070662 0 0 0 -0.989729 0.07147805 0.1238036 0.989729 -0.07147805 -0.1238036 0 0 0 -0.989729 0.138085 0.03699976 0.989729 -0.138085 -0.03699976 0 0 0 -0.9561627 0.2536033 0.1464179 0.9561627 -0.2536033 -0.1464179 0 0 0 -0.989729 0.1010852 0.1010852 0.989729 -0.1010852 -0.1010852 0 0 0 -0.989729 0.1238036 0.07147805 0.989729 -0.1238036 -0.07147805 0 0 0</float_array>
                    <technique_common>
                        <accessor count="3174" source="#ID20" stride="3">
                            <param name="X" type="float" />
                            <param name="Y" type="float" />
                            <param name="Z" type="float" />
                        </accessor>
                    </technique_common>
                </source>
                <source id="ID12">
                    <Name_array id="ID22" count="0" />
                    <technique_common>
                        <accessor count="0" source="#ID22" stride="1">
                            <param name="skp_material" type="Name" />
                        </accessor>
                    </technique_common>
                </source>
                <source id="ID14">
                    <float_array id="ID21" count="8544">0.6397842 -0.01110671 0.6236653 -0.01785147 0.6395522 -0.01844025 0.6238918 -0.01069038 0.6401743 0.008735288 0.6241553 0.001756785 0.6400491 0.001399147 0.6242776 0.008920415 0.6236077 -0.01334868 0.6074668 -0.01984039 0.6233506 -0.02050874 0.6077169 -0.01287609 0.638405 -0.04342985 0.6229193 -0.03533661 0.622535 -0.04249097 0.6387986 -0.0361032 0.6559327 -0.00873644 0.6398384 -0.01571087 0.655728 -0.01622004 0.6400389 -0.008376405 0.6403053 0.02563658 0.6243686 0.01847201 0.6402655 0.01829948 0.6244075 0.02563658 0.6240794 0.007482991 0.6080479 0.000725671 0.6239406 0.000319663 0.608183 0.007693157 0.6562469 0.01005103 0.6402415 0.002874703 0.6561364 0.002565452 0.6403498 0.01021111 0.6074044 -0.01546201 0.5912444 -0.02167734 0.6071246 -0.02242519 0.5915154 -0.0149332 0.6219784 -0.04698531 0.6065405 -0.03896398 0.6061163 -0.04591985 0.6224145 -0.03983392 0.6348399 -0.08293198 0.6197385 -0.07414248 0.619029 -0.08127194 0.6355665 -0.07563083 0.6547932 -0.03962148 0.6392566 -0.03148006 0.6389161 -0.03880937 0.6551406 -0.03214315 0.6720519 -0.006238233 0.6559844 -0.01341893 0.6718764 -0.01384844 0.656157 -0.005934525 0.6402655 0.0403004 0.6244075 0.03296329 0.6403053 0.03296329 0.6243686 0.04012786 0.6242394 0.0251793 0.6082986 0.01821063 0.6241953 0.01801476 0.6083416 0.0251793 0.6563512 0.026106 0.6404189 0.01876887 0.656316 0.01861969 0.6404533 0.026106 0.6079628 0.0062943 0.5919203 -0.0002184967 0.6078117 -0.0006728554 0.5920667 0.006529493 0.6722964 0.01143006 0.6563059 0.004079267 0.6722016 0.003818418 0.6563991 0.01156508 0.5911758 -0.01744641 0.5749997 -0.02336203 0.590876 -0.02418932 0.5752887 -0.01686143 0.6055167 -0.0502872 0.5901231 -0.04236144 0.5896636 -0.04909535 0.6059912 -0.04333458 0.6176764 -0.08948143 0.6026727 -0.08067472 0.6018904 -0.08759946 0.6184807 -0.08236204 0.6022175 -0.2190485 0.5892125 -0.2073788 0.5870718 -0.2142162 0.6044097 -0.2120464 0.6519201 -0.07590279 0.6367163 -0.06715542 0.6360873 -0.07446562 0.6525618 -0.06844395 0.6711394 -0.03556102 0.6555494 -0.02739516 0.6552564 -0.03487582 0.6714374 -0.02795462 0.6881407 -0.003612484 0.6721018 -0.01097602 0.6879958 -0.01132583 0.6722448 -0.003365129 0.6401743 0.04587826 0.6241553 0.05285676 0.6242776 0.04569313 0.6400491 0.0532144 0.6241953 0.04058537 0.6083416 0.03342083 0.6242394 0.03342083 0.6082986 0.04038949 0.656316 0.03997997 0.6404533 0.03249366 0.6563512 0.03249366 0.6404189 0.03983079 0.608154 0.02473419 0.5922096 0.01798477 0.6081059 0.01776556 0.5922562 0.02473419 0.6723764 0.0265875 0.656449 0.01910116 0.6723463 0.01897533 0.6564786 0.0265875 0.5918253 0.00516936 0.5757734 -0.001075587 0.5916633 -0.001578274 0.5759296 0.00542957 0.6883222 0.01287218 0.6723475 0.005370309 0.688244 0.005157874 0.6724247 0.01298215 0.5749229 -0.0193016 0.5587342 -0.02489426 0.5746062 -0.02580092 0.559038 -0.01866049 0.5890234 -0.05333494 0.5736702 -0.04552837 0.5731803 -0.05201693 0.5895316 -0.04660452 0.6004405 -0.09554896 0.585529 -0.08674985 0.5846824 -0.09344612 0.6013146 -0.08863521 0.5783102 -0.2363603 0.5656975 -0.2243773 0.5633636 -0.2309437 0.5807097 -0.2296094 -0.6222215 -0.1562191 -0.6048836 -0.1583889 -0.6070243 -0.1515515 -0.6200293 -0.1632212 0.625795 -0.1996471 0.6123865 -0.1883386 0.6104692 -0.1954209 0.6277513 -0.1924208 0.6689058 -0.06839665 0.6535962 -0.05971641 0.6530544 -0.06718317 0.6694568 -0.06080439 0.6874403 -0.03124936 0.671795 -0.02308284 0.6715522 -0.0306912 0.6876863 -0.02353858 0.8367808 0.009312475 0.6885906 0.001597768 0.8367808 0.001597768 0.6885906 0.009312475 0.6397842 0.05802104 0.6236653 0.0647658 0.6238918 0.05760471 0.6395522 0.06535458 0.6240794 0.04713285 0.6080479 0.05389017 0.608183 0.04692269 0.6239406 0.05429618 0.6562469 0.04456051 0.6402415 0.05173684 0.6403498 0.04440042 0.6561364 0.05204609 0.608154 0.03386622 0.5922096 0.04061563 0.5922562 0.03386622 0.6081059 0.04083484 0.6723764 0.03201197 0.656449 0.03949831 0.6564786 0.03201197 0.6723463 0.03962414 0.5920495 0.02430132 0.5761021 0.01779447 0.5919981 0.01755193 0.5761517 0.02430132 0.6883807 0.02708103 0.6724583 0.01946884 0.6883558 0.01936637 0.6724828 0.02708103 0.5756674 0.004108306 0.559608 -0.00184548 0.5754963 -0.002396473 0.5597722 0.004393521 0.8367808 0.01985096 0.6885906 0.01213625 0.8367808 0.01213625 0.6885906 0.01985096 0.5586472 -0.02102735 0.5424496 -0.0262738 0.5583168 -0.02725975 0.5427646 -0.02033017 0.572502 -0.05612807 0.5571847 -0.04846426 0.5566699 -0.05468415 0.5730388 -0.04964322 0.5831432 -0.101133 0.5683174 -0.09236618 0.5674159 -0.09881046 0.5840783 -0.09444852 0.5542219 -0.2515972 0.5419856 -0.2393477 0.5394908 -0.2456193 0.5567977 -0.2451219 -0.6006757 -0.1745155 -0.5833295 -0.1758498 -0.5856634 -0.1692834 -0.5982761 -0.1812664 -0.6419013 -0.02138592 -0.6253638 -0.02702704 -0.6260732 -0.01989757 -0.6411747 -0.02868707 -0.6433291 -0.1359296 -0.626047 -0.1389297 -0.6279643 -0.1318474 -0.6413728 -0.1431559 0.6488869 -0.178165 0.6350686 -0.1672661 0.6334021 -0.1745647 0.6505814 -0.1707437 0.6857863 -0.06041696 0.6703684 -0.05182889 0.6699193 -0.05942786 0.6862415 -0.05271569 0.8367808 -0.009312475 0.6885906 -0.001597768 0.6885906 -0.009312475 0.8367808 -0.001597768 0.8120141 0.1381961 0.8062615 0.144919 0.8075398 0.137311 0.8107793 0.1455449 0.6387986 0.07213571 0.622535 0.07852348 0.6229193 0.07136912 0.638405 0.07946236 0.6236077 0.06026978 0.6074668 0.06676149 0.6077169 0.05979719 0.6233506 0.06742984 0.6559327 0.05564485 0.6398384 0.06261929 0.6400389 0.05528482 0.655728 0.06312845 0.6079628 0.04832413 0.5919203 0.05483693 0.5920667 0.04808894 0.6078117 0.05529129 0.6722964 0.04317976 0.6563059 0.05053055 0.6563991 0.04304474 0.6722016 0.0507914 0.5920495 0.0342994 0.5761021 0.04080625 0.5761517 0.0342994 0.5919981 0.04104879 0.6883558 0.03923295 0.6724828 0.03151829 0.6883807 0.03151829 0.6724583 0.03913048 0.5759266 0.02388071 0.5599765 0.01763977 0.5758722 0.01737391 0.5600287 0.02388071 0.8367808 0.02929951 0.6885906 0.0215848 0.8367808 0.0215848 0.6885906 0.02929951 0.55949 0.003111264 0.543425 -0.002528071 0.5593115 -0.003127343 0.5435952 0.00342147 0.8185965 0.08656869 0.813371 0.09370911 0.8140679 0.08602595 0.8179233 0.09399006 0.5423499 -0.02262344 0.5261473 -0.02750051 0.5420095 -0.02856567 0.5264699 -0.02187026 0.555956 -0.05866625 0.5406696 -0.0511687 0.5401359 -0.05709669 0.5565157 -0.05245023 0.5657955 -0.1062326 0.551048 -0.09752258 0.550102 -0.1036916 0.5667817 -0.09980075 0.5300915 -0.2647946 0.5182113 -0.2523238 0.51559 -0.2582795 0.5328105 -0.2586169 -0.5788327 -0.1908221 -0.5615257 -0.1913195 -0.5640205 -0.1850479 -0.5762568 -0.1972974 -0.6256624 -0.02822044 -0.6090721 -0.03345786 -0.6098544 -0.02653311 -0.6248581 -0.03533982 -0.6427947 0.01064063 -0.6265311 0.004252861 -0.6269154 0.01140722 -0.6424012 0.003313981 -0.6580461 -0.01410848 -0.6415716 -0.02013016 -0.6422006 -0.01281996 -0.6574043 -0.02156732 -0.663852 -0.1136667 -0.6466727 -0.1174876 -0.6483392 -0.1101891 -0.6621575 -0.1210879 0.6713336 -0.1546366 0.6571048 -0.1441959 0.6557132 -0.1516799 0.672744 -0.1470519 0.8367808 -0.01985096 0.6885906 -0.01213625 0.6885906 -0.01985096 0.8367808 -0.01213625 0.794585 0.2172121 0.7881199 0.2232531 0.790237 0.2158346 0.79254 0.2243779 0.6390984 0.2851771 0.631598 0.2895851 0.634614 0.2827709 0.6363944 0.2912865 0.6355665 0.09836091 0.619029 0.104002 0.6197385 0.09687257 0.6348399 0.1056621 0.6224145 0.07588141 0.6061163 0.08196733 0.6065405 0.07501146 0.6219784 0.0830328 0.6551406 0.06816258 0.6389161 0.07482879 0.6392566 0.06749949 0.6547932 0.07564091 0.6074044 0.06239074 0.5912444 0.06860606 0.5915154 0.06186193 0.6071246 0.06935391 0.6720519 0.05314159 0.6559844 0.06032229 0.656157 0.05283788 0.6718764 0.06075179 0.5918253 0.04945195 0.5757734 0.0556969 0.5759296 0.04919174 0.5916633 0.05619959 0.6883222 0.04173621 0.6723475 0.04923809 0.6724247 0.04162625 0.688244 0.04945052 0.5758722 0.04122716 0.5600287 0.03472035 0.5759266 0.03472035 0.5599765 0.0409613 0.8367808 0.03701421 0.6885906 0.02929951 0.8367808 0.02929951 0.6885906 0.03701421 0.5597856 0.02347242 0.5438336 0.01752069 0.5597288 0.01723151 0.5438878 0.02347242 0.8209081 0.04539152 0.8161323 0.05284026 0.8163546 0.04512876 0.8206933 0.05284026 0.5432937 0.002178345 0.5272251 -0.003123266 0.5431098 -0.003770787 0.5273994 0.002513527 0.6761519 0.1745562 0.6695742 0.18025 0.6713058 0.1730022 0.6745993 0.1810545 0.5260322 -0.0240897 0.5098291 -0.02857426 0.5256857 -0.02971854 0.510155 -0.02328058 0.5393889 -0.06094925 0.5241278 -0.05364136 0.5235817 -0.05925434 0.5399652 -0.05502524 0.5484083 -0.1108474 0.5337307 -0.1022185 0.5327515 -0.1080894 0.5494351 -0.1046913 0.506046 -0.2760058 0.4944977 -0.2633571 0.4917857 -0.2689782 0.5088735 -0.2701451 -0.5568257 -0.205163 -0.5396051 -0.2048256 -0.5422264 -0.19887 -0.5541067 -0.2113407 -0.6093393 -0.03460949 -0.592707 -0.0394204 -0.5935536 -0.03272413 -0.6084651 -0.04152324 -0.6269494 0.006867514 -0.6106512 0.0007815908 -0.6110754 0.007737462 -0.6265133 -0.0002838736 -0.6267345 0.01805009 -0.6428534 0.02479485 -0.6426214 0.01746131 -0.626961 0.02521118 -0.6585971 0.01463774 -0.6423727 0.007971521 -0.6427131 0.01530083 -0.6582498 0.007159403 -0.6740875 -0.006391249 -0.657685 -0.01277003 -0.6582269 -0.005303274 -0.6735365 -0.01398351 -0.6836426 -0.08947503 -0.6666117 -0.09410297 -0.6680034 -0.08661903 -0.6822322 -0.09705972 0.8367808 -0.02929951 0.6885906 -0.0215848 0.6885906 -0.02929951 0.8367808 -0.0215848 0.7368597 0.3672473 0.7292849 0.3718205 0.7328906 0.3650003 0.7333769 0.3738352 0.5646933 0.4134816 0.556391 0.416081 0.5608686 0.4101245 0.5606788 0.4188222 0.4481917 0.2756922 0.4500376 0.2839242 0.4447141 0.2813969 0.4528771 0.2792663 0.6044097 0.2201304 0.5870718 0.2223002 0.5892125 0.2154628 0.6022175 0.2271324 0.6184807 0.1051243 0.6018904 0.1103617 0.6026727 0.103437 0.6176764 0.1122437 0.6525618 0.0911459 0.6360873 0.09716757 0.6367163 0.08985737 0.6519201 0.09860473 0.6059912 0.07939892 0.5896636 0.08515969 0.5901231 0.07842578 0.6055167 0.08635154 0.6714374 0.06396286 0.6552564 0.07088406 0.6555494 0.0634034 0.6711394 0.07156926 0.5911758 0.06438362 0.5749997 0.07029924 0.5752887 0.06379863 0.590876 0.07112653 0.6881407 0.05051164 0.6721018 0.05787517 0.6722448 0.05026428 0.6879958 0.05822498 0.5756674 0.05051618 0.559608 0.05646996 0.5597722 0.05023096 0.5754963 0.05702096 0.8367808 0.04246934 0.6885906 0.03475463 0.8367808 0.03475463 0.6885906 0.04246934 0.5597856 0.03512902 0.5438336 0.04108075 0.5438878 0.03512902 0.5597288 0.04136993 0.8206933 0.005783102 0.8163546 0.01349461 0.8161323 0.005783102 0.8209081 0.01323184 0.5436271 0.02307647 0.5276739 0.01743726 0.5435686 0.01712478 0.5277293 0.02307647 0.6913902 0.07466806 0.6857951 0.08133001 0.6863594 0.07389957 0.6908843 0.08133001 0.5270792 0.001309653 0.5110093 -0.003630983 0.526892 -0.004326724 0.5111855 0.001669795 0.4937389 0.1757942 0.4974095 0.1833903 0.4916506 0.1821406 0.4991147 0.1782085 0.5096955 -0.02542599 0.4934964 -0.02949495 0.5093471 -0.03071824 0.4938212 -0.024561 0.5228041 -0.06297694 0.5075622 -0.05588205 0.5070107 -0.06115701 0.5233905 -0.05736802 0.5309925 -0.1149776 0.5163755 -0.106454 0.5153752 -0.1120041 0.5320482 -0.10912 0.4821989 -0.2852983 0.4709551 -0.2725129 0.4681894 -0.2777833 0.4850989 -0.2797719 -0.5347777 -0.2175804 -0.51769 -0.2164134 -0.5204019 -0.2107923 -0.5319502 -0.223441 -0.5929414 -0.04055108 -0.576279 -0.04491303 -0.5771805 -0.03846874 -0.5920063 -0.04723557 -0.611064 0.003319164 -0.5947364 -0.002441609 -0.595196 0.004292303 -0.6105895 -0.003633456 -0.6109508 0.01603833 -0.6270916 0.02253005 -0.6268346 0.01536999 -0.6112008 0.02300264 -0.6267918 0.02433344 -0.6428108 0.03131195 -0.6426856 0.02397581 -0.6269141 0.03149707 -0.6424925 0.02021063 -0.6585869 0.02718507 -0.6583822 0.01970147 -0.6426931 0.0275451 -0.6743538 0.01885798 -0.6581728 0.01193678 -0.6584658 0.01941744 -0.6740558 0.01125158 -0.6900159 0.001762107 -0.6736937 -0.004950059 -0.6741428 0.002648911 -0.6895608 -0.005939161 -0.8367808 0.03701421 -0.6885906 0.02929951 -0.6885906 0.03701421 -0.8367808 0.02929951 0.4484737 0.6893482 0.4396255 0.6893482 0.4462373 0.6853732 0.4420872 0.6931878 0.4229648 0.5558469 0.414265 0.5558469 0.4203178 0.5515003 0.417538 0.559744 0.3718855 0.3723654 0.3715926 0.3807968 0.3670799 0.377007 0.3755164 0.377007 0.2994182 0.2128347 0.3022011 0.2204648 0.2962908 0.2173043 0.3044125 0.2173043 -0.6200293 0.1713052 -0.6070243 0.1596355 -0.6048836 0.1664729 -0.6222215 0.1643031 0.5807097 0.237797 0.5633636 0.2391312 0.5656975 0.2325649 0.5783102 0.2445479 0.6277513 0.2004132 0.6104692 0.2034133 0.6123865 0.196331 0.625795 0.2076395 0.6013146 0.1114336 0.5846824 0.1162446 0.585529 0.1095483 0.6004405 0.1183474 0.6694568 0.08348225 0.6530544 0.08986103 0.6535962 0.08239427 0.6689058 0.09107451 0.5895316 0.0826876 0.5731803 0.08810001 0.5736702 0.08161146 0.5890234 0.08941802 0.6876863 0.05953752 0.6715522 0.06669015 0.671795 0.05908179 0.6874403 0.06724831 0.5749229 0.06624814 0.5587342 0.0718408 0.559038 0.06560704 0.5746062 0.07274746 0.8367808 0.04529311 0.6885906 0.03757841 0.8367808 0.03757841 0.6885906 0.04529311 0.55949 0.05151668 0.543425 0.05715601 0.5435952 0.05120647 0.5593115 0.05775529 0.8185965 -0.03173893 0.813371 -0.03887936 0.8179233 -0.0391603 0.8140679 -0.03119619 0.5435686 0.04147706 0.5277293 0.03552537 0.5436271 0.03552537 0.5276739 0.04116459 0.6913902 -0.01590033 0.6857951 -0.02256228 0.6908843 -0.02256228 0.6863594 -0.01513184 0.5274517 0.02269291 0.5114978 0.01738951 0.5273921 0.01705374 0.5115538 0.02269291 0.5144964 0.07603336 0.5196944 0.08267824 0.5138014 0.08267824 0.5202618 0.07725272 0.5108473 0.0005052766 0.4947785 -0.004051154 0.5106589 -0.004795082 0.4949541 0.0008903617 0.3365521 0.1413008 0.3411321 0.148008 0.3346246 0.146404 0.3424951 0.1443995 0.4938967 -0.02422499 0.4813004 -0.02822181 0.4935753 -0.02915917 0.4816039 -0.02356218 0.506205 -0.06474932 0.4909759 -0.05789067 0.4904265 -0.06280469 0.5067943 -0.05947845 0.5135588 -0.118624 0.4989922 -0.1102296 0.4979837 -0.1154365 0.514631 -0.1130874 0.4586498 -0.2927514 0.4476802 -0.2798682 0.4448984 -0.2847739 0.4615857 -0.2875739 -0.5128002 -0.2281311 -0.4958906 -0.2261425 -0.4986563 -0.2208722 -0.5099001 -0.2336575 -0.5764784 -0.04604381 -0.5597987 -0.04993469 -0.5607446 -0.04376564 -0.5754921 -0.05247566 -0.5951415 -3.758341e-06 -0.5787901 -0.005416167 -0.5792801 0.001072389 -0.5946332 -0.006734173 -0.5951428 0.01417568 -0.6113029 0.02039101 -0.6110231 0.01342783 -0.5954138 0.02091982 -0.611041 0.02329028 -0.6270725 0.0300476 -0.6269337 0.02288427 -0.6111761 0.03025776 -0.6268258 0.0261735 -0.6427625 0.03333807 -0.6427227 0.02600097 -0.6268646 0.03333807 -0.6425213 0.02546189 -0.6585267 0.03263822 -0.6584162 0.02515264 -0.6426297 0.0327983 -0.6582233 0.02251963 -0.6742909 0.02970033 -0.6741153 0.02209013 -0.6583959 0.03000404 -0.6900619 0.02330037 -0.6739279 0.01614774 -0.6741706 0.0237561 -0.6898159 0.01558959 -0.8367808 0.04246934 -0.6885906 0.03475463 -0.6885906 0.04246934 -0.8367808 0.03475463 -0.3909953 0.7219334 -0.3951453 0.7141188 -0.3885335 0.7180938 -0.3973818 0.7180938 0.1827264 0.6712278 0.1747079 0.6678529 0.1819729 0.6661947 0.1762128 0.6727145 0.259377 0.4556523 0.256706 0.4636548 0.2534528 0.4587411 0.2615432 0.4611327 0.2427781 0.2758046 0.2434999 0.2838943 0.2386041 0.2793169 0.2464513 0.2814107 0.1799677 0.1385884 0.1840479 0.1452818 0.1776619 0.1416807 0.1852415 0.1436811 -0.6411747 0.05141715 -0.6260732 0.04262766 -0.6253638 0.04975712 -0.6419013 0.044116 -0.5982761 0.189454 -0.5856634 0.177471 -0.5833295 0.1840373 -0.6006757 0.1827031 -0.6413728 0.1511483 -0.6279643 0.1398398 -0.626047 0.1469221 -0.6433291 0.143922 0.5567977 0.2534246 0.5394908 0.253922 0.5419856 0.2476504 0.5542219 0.2598999 0.6505814 0.178657 0.6334021 0.182478 0.6350686 0.1751794 0.6488869 0.1860782 0.5840783 0.1172871 0.5674159 0.1216491 0.5683174 0.1152048 0.5831432 0.1239716 0.6862415 0.07537354 0.6699193 0.0820857 0.6703684 0.07448673 0.6857863 0.0830748 0.5730388 0.08574691 0.5566699 0.09078785 0.5571847 0.08456796 0.572502 0.09223176 0.8367808 0.03757841 0.6885906 0.04529311 0.6885906 0.03757841 0.8367808 0.04529311 0.5586472 0.06798407 0.5424496 0.07323053 0.5427646 0.0672869 0.5583168 0.07421648 0.8120141 -0.09064784 0.8062615 -0.09737079 0.8107793 -0.09799665 0.8075398 -0.08976274 0.5432937 0.05245334 0.5272251 0.05775496 0.5273994 0.05211816 0.5431098 0.05840248 0.6761519 -0.1184137 0.6695742 -0.1241075 0.6745993 -0.124912 0.6713058 -0.1168597 0.5274517 0.03590937 0.5114978 0.04121278 0.5115538 0.03590937 0.5273921 0.04154854 0.5196944 -0.02375959 0.5144964 -0.01711471 0.5138014 -0.02375959 0.5202618 -0.01833407 0.5112598 0.02232177 0.4953061 0.01737745 0.5111999 0.01701841 0.4953619 0.02232177 0.3545232 0.06543861 0.3605753 0.07085484 0.353873 0.07085484 0.3610351 0.06702499 0.49501 0.001072803 0.4825388 -0.003298752 0.4948362 -0.003868778 0.4827029 0.00136787 0.2028945 0.09682691 0.2085477 0.1022576 0.2014542 0.1004053 0.2092932 0.1004053 0.4821943 -0.02087787 0.4696363 -0.02468281 0.4819171 -0.02553914 0.4698986 -0.02027236 0.4905575 -0.06224251 0.4788508 -0.0561111 0.4783374 -0.06075229 0.4911012 -0.05732786 0.4961178 -0.1217879 0.4815905 -0.1135464 0.4805877 -0.1183883 0.4971934 -0.1165944 0.4354842 -0.2984522 0.4247561 -0.2855078 0.4219963 -0.2900369 0.4384187 -0.2936364 -0.490992 -0.2368842 -0.4743046 -0.2340841 -0.4770864 -0.2291785 -0.488056 -0.2420616 -0.55996 -0.0510868 -0.5432764 -0.05448493 -0.5442556 -0.04861405 -0.5589332 -0.05724292 -0.5791846 -0.00310069 -0.5628157 -0.008141625 -0.5633305 -0.001921737 -0.5786478 -0.009585541 -0.5793122 0.0124624 -0.5954883 0.01837803 -0.5951885 0.01163511 -0.5796013 0.01896301 -0.5952699 0.02233254 -0.6113124 0.02884534 -0.6111613 0.02187818 -0.5954163 0.02908053 -0.6110883 0.0259083 -0.627029 0.03287696 -0.6269849 0.02571243 -0.6111312 0.03287696 -0.6268646 0.02526181 -0.6427227 0.03259891 -0.6427625 0.02526181 -0.6268258 0.03242638 -0.6425435 0.0264737 -0.6584758 0.03381082 -0.6584407 0.02632451 -0.642578 0.03381082 -0.6582289 0.02667545 -0.6742194 0.03402624 -0.6741246 0.0264146 -0.6583221 0.03416127 -0.6739253 0.02497672 -0.6899642 0.03234025 -0.6898193 0.0246269 -0.6740683 0.0325876 -0.8367808 0.04529311 -0.6885906 0.03757841 -0.6885906 0.04529311 -0.8367808 0.03757841 -0.703477 0.4197949 -0.7029906 0.41096 -0.699385 0.4177803 -0.7069597 0.413207 -0.1180927 0.6814156 -0.1238529 0.6748959 -0.1165879 0.6765541 -0.1246064 0.6799289 0.113346 0.5079175 0.1083177 0.5146918 0.1067547 0.5090098 0.1136994 0.5137999 0.1679045 0.3243699 0.1664172 0.3323544 0.1629377 0.326626 0.1699292 0.3307591 0.1465472 0.1736695 0.1487568 0.1811907 0.1435199 0.1760601 0.1503238 0.1799533 0.08172175 0.06938961 0.07507436 0.06556104 0.07628761 0.0639752 -0.6424012 0.03271853 -0.6269154 0.02462529 -0.6265311 0.03177965 -0.6427947 0.02539188 -0.6248581 0.05810208 -0.6098544 0.04929537 -0.6090721 0.05622011 -0.6256624 0.05098269 -0.6574043 0.04426927 -0.6422006 0.03552191 -0.6415716 0.04283211 -0.6580461 0.03681043 -0.5762568 0.2056001 -0.5640205 0.1933506 -0.5615257 0.1996222 -0.5788327 0.1991248 -0.6621575 0.1290012 -0.6483392 0.1181024 -0.6466727 0.1254009 -0.663852 0.1215799 0.5328105 0.2670458 0.51559 0.2667084 0.5182113 0.2607527 0.5300915 0.2732235 0.672744 0.1548989 0.6557132 0.1595268 0.6571048 0.1520429 0.6713336 0.1624836 0.5667817 0.1226835 0.550102 0.1265744 0.551048 0.1204053 0.5657955 0.1291154 0.8367808 0.03475463 0.6885906 0.04246934 0.6885906 0.03475463 0.8367808 0.04246934 0.5565157 0.08857641 0.5401359 0.09322287 0.5406696 0.08729488 0.555956 0.09479243 0.79254 -0.1869607 0.790237 -0.1784175 0.7881199 -0.185836 0.794585 -0.179795 0.5423499 0.06959119 0.5261473 0.07446827 0.5264699 0.06883801 0.5420095 0.07553343 0.6390984 -0.2338986 0.631598 -0.2383067 0.6363944 -0.2400081 0.634614 -0.2314924 0.5270792 0.05332607 0.5110093 0.05826671 0.5111855 0.05296593 0.526892 0.05896245 0.4974095 -0.1259042 0.4937389 -0.1183081 0.4916506 -0.1246544 0.4991147 -0.1207224 0.5111999 0.04158434 0.4953619 0.03628098 0.5112598 0.03628098 0.4953061 0.0412253 0.3605753 -0.01183506 0.3545232 -0.006418832 0.353873 -0.01183506 0.3610351 -0.00800521 0.4954107 0.02237993 0.4830479 0.01771071 0.4953554 0.0174356 0.4831 0.02237993 0.2143186 0.05112291 0.2211605 0.05494908 0.2138291 0.05494908 0.2214139 0.05296851 0.4831416 0.002824715 0.4706922 -0.001321768 0.4829918 -0.001842386 0.470834 0.003094207 0.09025393 0.05457725 0.0828429 0.05259676 0.08360507 0.05075123 0.4704449 -0.01764674 0.4579213 -0.02128345 0.4702075 -0.02205861 0.4581465 -0.01709862 0.4793564 -0.05625541 0.4675655 -0.05049726 0.4671214 -0.05489313 0.4798258 -0.05160955 0.4808888 -0.1173969 0.4697946 -0.1102164 0.4688571 -0.1147909 0.4818814 -0.1125529 0.4127739 -0.3024938 0.4022525 -0.2895221 0.399553 -0.2936649 0.4156693 -0.2980502 -0.469439 -0.2439175 -0.4530166 -0.2403181 -0.4557764 -0.2357889 -0.4665045 -0.2487334 -0.5433956 -0.05567975 -0.5267226 -0.05856384 -0.5277229 -0.05301377 -0.5423399 -0.06153735 -0.5631963 -0.005971169 -0.5468165 -0.01061763 -0.5473502 -0.004689632 -0.5626366 -0.01218719 -0.5634605 0.01089874 -0.5796493 0.01649139 -0.5793325 0.009992079 -0.5637644 0.0171325 -0.5794793 0.02146036 -0.5955312 0.0277053 -0.5953692 0.02095767 -0.5796355 0.02796551 -0.5953316 0.02567814 -0.611276 0.03242756 -0.6112279 0.02545893 -0.5953781 0.03242756 -0.6111312 0.02572316 -0.6269849 0.0328877 -0.627029 0.02572316 -0.6110883 0.03269182 -0.6267918 0.0302801 -0.6428108 0.0233016 -0.6269141 0.02311647 -0.6426856 0.03063774 -0.6425435 0.03212596 -0.6584758 0.02478884 -0.642578 0.02478884 -0.6584407 0.03227515 -0.658241 0.02680884 -0.6741685 0.03429518 -0.6741384 0.02668301 -0.6582707 0.03429518 -0.6739136 0.02797397 -0.6898882 0.03547584 -0.68981 0.02776153 -0.6739908 0.03558581 -0.6885906 0.04529311 -0.8367808 0.03757841 -0.6885906 0.03757841 -0.8367808 0.04529311 -0.7720954 0.2673063 -0.7697924 0.2587631 -0.7676753 0.2661816 -0.7741404 0.2601406 -0.3655741 0.5809981 -0.368354 0.5727544 -0.3623012 0.577101 -0.3710009 0.577101 -0.04794214 0.5125436 -0.05488683 0.5173337 -0.05453338 0.5114513 -0.0495051 0.5182256 0.07929308 0.3520783 0.07563551 0.3593299 0.07389394 0.3528578 0.07945328 0.3587787 0.1044701 0.1993765 0.104629 0.207214 0.1009216 0.2008891 0.1064658 0.206431 0.06962402 0.08152213 0.06419404 0.07610356 0.06577639 0.07488576 -0.6267345 0.02886424 -0.6428534 0.02211948 -0.626961 0.02170315 -0.6426214 0.02945302 -0.6265133 0.03633136 -0.6110754 0.02831002 -0.6106512 0.03526589 -0.6269494 0.02917997 -0.6582498 0.02886003 -0.6427131 0.0207186 -0.6423727 0.02804791 -0.6585971 0.02138169 -0.6084651 0.06432168 -0.5935536 0.05552257 -0.592707 0.06221884 -0.6093393 0.05740793 -0.6735365 0.03666137 -0.6582269 0.02798114 -0.657685 0.0354479 -0.6740875 0.02906911 -0.5541067 0.2197696 -0.5422264 0.2072988 -0.5396051 0.2132545 -0.5568257 0.2135919 -0.6822322 0.1049067 -0.6680034 0.09446598 -0.6666117 0.1019499 -0.6836426 0.09732198 0.5088735 0.2787108 0.4917857 0.2775438 0.4944977 0.2719227 0.506046 0.2845714 0.8367808 0.02929951 0.6885906 0.03701421 0.6885906 0.02929951 0.8367808 0.03701421 0.5494351 0.1276221 0.5327515 0.1310202 0.5337307 0.1251493 0.5484083 0.1337782 0.7333769 -0.3482505 0.7328906 -0.3394156 0.7292849 -0.3462359 0.7368597 -0.3416626 0.5399652 0.09117577 0.5235817 0.09540487 0.5241278 0.08979189 0.5393889 0.09709978 0.5606788 -0.3738094 0.5608686 -0.3651117 0.556391 -0.3710683 0.5646933 -0.3684689 0.5260322 0.07106934 0.5098291 0.0755539 0.510155 0.07026021 0.5256857 0.07669817 0.4500376 -0.2290076 0.4481917 -0.2207756 0.4447141 -0.2264803 0.4528771 -0.2243497 0.5108473 0.05413477 0.4947785 0.0586912 0.4949541 0.05374969 0.5106589 0.05943513 0.3411321 -0.08963707 0.3365521 -0.08292983 0.3346246 -0.08803306 0.3424951 -0.08602854 0.4953554 0.04116707 0.4831 0.03622275 0.4954107 0.03622275 0.4830479 0.04089196 0.2211605 0.004127509 0.2143186 0.00795368 0.2138291 0.004127509 0.2214139 0.006108081 0.4834833 0.02284423 0.4711276 0.01842621 0.4834356 0.01817497 0.4711727 0.02284423 0.09466231 0.03808593 0.08699121 0.03808593 0.08725107 0.0361062 0.4712415 0.004518062 0.4588116 0.0005728421 0.4711132 0.0001016758 0.4589333 0.004761956 0.45865 -0.01453274 0.4461573 -0.01802489 0.4584484 -0.01871877 0.4463492 -0.01404209 0.468061 -0.05048521 0.4561939 -0.04507783 0.4558124 -0.04925131 0.4684632 -0.04608531 0.4711919 -0.1068271 0.4599278 -0.1000964 0.4591151 -0.1044392 0.4720508 -0.1022373 0.4010062 -0.2917646 0.3932653 -0.2810539 0.390735 -0.2849784 0.4036857 -0.2876088 -0.4482147 -0.2493154 -0.4320984 -0.2449301 -0.4347978 -0.2407873 -0.4453192 -0.253759 -0.526795 -0.0598229 -0.5101476 -0.06217208 -0.5111561 -0.05696513 -0.5257227 -0.06535951 -0.5471794 -0.008614838 -0.5307958 -0.01284394 -0.5313419 -0.007230956 -0.5466031 -0.01453884 -0.5475893 0.00948489 -0.5637869 0.01473135 -0.5634565 0.008498939 -0.5479044 0.01542852 -0.56367 0.02067385 -0.5797295 0.02662764 -0.5795583 0.02012286 -0.5638342 0.02691285 -0.5795563 0.02548305 -0.5955038 0.0319899 -0.5954523 0.02524051 -0.5796059 0.0319899 -0.5953781 0.02617285 -0.6112279 0.03314148 -0.611276 0.02617285 -0.5953316 0.03292227 -0.611041 0.03132557 -0.6270725 0.02456825 -0.6111761 0.02435808 -0.6269337 0.03173157 -0.6425213 0.02914965 -0.6585267 0.02197332 -0.6426297 0.02181324 -0.6584162 0.0294589 -0.6582707 0.0243043 -0.6741384 0.03191647 -0.6741685 0.0243043 -0.658241 0.03179063 -0.6739177 0.02717888 -0.6898401 0.03479107 -0.6898152 0.02707641 -0.6739422 0.03479107 -0.6885906 0.04246934 -0.8367808 0.03475463 -0.6885906 0.03475463 -0.8367808 0.04246934 -0.790173 0.1787007 -0.7959257 0.1719778 -0.7914514 0.1710927 -0.7946908 0.1793266 -0.5159138 0.4438336 -0.5161036 0.4351359 -0.5116259 0.4410925 -0.5199283 0.4384931 -0.2026502 0.4649644 -0.1999792 0.4729669 -0.2048163 0.4704449 -0.1967259 0.4680533 -0.01489102 0.3542685 -0.02045037 0.3601894 -0.02029016 0.353489 -0.0166326 0.3607406 0.05653508 0.2134153 0.05461087 0.2210145 0.05271265 0.2139331 0.05658951 0.2207464 0.05476688 0.09013898 0.0509269 0.08349818 0.05277081 0.08273213 -0.6109508 0.03088277 -0.6270916 0.02439105 -0.6112008 0.02391846 -0.6268346 0.03155111 -0.6424925 0.02669778 -0.6585869 0.01972335 -0.6426931 0.01936331 -0.6583822 0.02720695 -0.6105895 0.0396978 -0.595196 0.03177204 -0.5947364 0.03850595 -0.611064 0.03274518 -0.6740558 0.02475666 -0.6584658 0.0165908 -0.6581728 0.02407146 -0.6743538 0.01715026 -0.5920063 0.07007419 -0.5771805 0.06130736 -0.576279 0.06775164 -0.5929414 0.0633897 -0.6895608 0.02859701 -0.6741428 0.02000893 -0.6736937 0.0276079 -0.6900159 0.02089574 -0.5319502 0.2320066 -0.5204019 0.2193579 -0.51769 0.2249791 -0.5347777 0.226146 -0.8367808 -0.0215848 -0.6885906 -0.02929951 -0.6885906 -0.0215848 -0.8367808 -0.02929951 0.4850989 0.2884843 0.4681894 0.2864957 0.4709551 0.2812254 0.4821989 0.2940108 0.4420872 -0.6782152 0.4462373 -0.6704006 0.4396255 -0.6743756 0.4484737 -0.6743756 0.5320482 0.1321028 0.5153752 0.1349869 0.5163755 0.1294368 0.5309925 0.1379604 0.417538 -0.5209671 0.4203178 -0.5127234 0.414265 -0.51707 0.4229648 -0.51707 0.5233905 0.09354476 0.5070107 0.09733374 0.5075622 0.09205879 0.5228041 0.09915368 0.3715926 -0.3290057 0.3718855 -0.3205743 0.3670799 -0.3252159 0.3755164 -0.3252159 0.5096955 0.07241835 0.4934964 0.07648731 0.4938212 0.07155336 0.5093471 0.0777106 0.3022011 -0.163235 0.2994182 -0.1556049 0.2962908 -0.1600745 0.3044125 -0.1600745 0.49501 0.05356653 0.4825388 0.05793808 0.4827029 0.05327146 0.4948362 0.05850811 0.2085477 -0.04339468 0.2028945 -0.03796401 0.2014542 -0.04154238 0.2092932 -0.04154238 0.4834833 0.03575784 0.4711276 0.04017586 0.4711727 0.03575784 0.4834356 0.0404271 0.09466231 0.02101575 0.08725107 0.02299548 0.08699121 0.02101575 0.4715294 0.02329786 0.4591801 0.01910716 0.4714886 0.0188798 0.4592188 0.02329786 0.4593104 0.006152397 0.4468981 0.002384607 0.4592015 0.001962931 0.4470018 0.006370672 0.4468111 -0.01153694 0.4343464 -0.01490826 0.4466417 -0.01552076 0.4345081 -0.01110384 0.4566748 -0.04493526 0.444739 -0.03985602 0.4444139 -0.04383015 0.4570165 -0.04075834 0.4612612 -0.09657662 0.4498427 -0.09027703 0.4491429 -0.09440908 0.461999 -0.0922204 0.4023111 -0.2691165 0.3940089 -0.2589551 0.3917671 -0.2627624 0.4046804 -0.2650927 -0.43599 -0.238714 -0.4230393 -0.2360836 -0.4255696 -0.2321591 -0.4333106 -0.2428698 -0.5101673 -0.06351702 -0.4935616 -0.06531086 -0.4945644 -0.06046897 -0.5090917 -0.06871051 -0.5311369 -0.01103144 -0.5147572 -0.01482042 -0.5153086 -0.009545469 -0.5305505 -0.01664036 -0.5317 0.008221028 -0.5479025 0.01309811 -0.5475621 0.007155871 -0.5320225 0.01385129 -0.5478429 0.01997314 -0.563908 0.02561247 -0.5637295 0.01937386 -0.5480132 0.02592268 -0.5637629 0.02532308 -0.579713 0.03156402 -0.5796585 0.02505722 -0.5638151 0.03156402 -0.5795563 0.03311766 -0.5955038 0.02661082 -0.5796059 0.02661082 -0.5954523 0.03336021 -0.5952699 0.0322859 -0.6113124 0.0257731 -0.5954163 0.02553791 -0.6111613 0.03274025 -0.6582289 0.02793437 -0.6742194 0.02058358 -0.6583221 0.02044855 -0.6741246 0.02819522 -0.6739177 0.03142044 -0.6898401 0.02380824 -0.6739422 0.02380824 -0.6898152 0.03152291 -0.6885906 0.03701421 -0.8367808 0.02929951 -0.6885906 0.02929951 -0.8367808 0.03701421 -0.7994191 0.1151548 -0.8046446 0.1080144 -0.800116 0.1074717 -0.8039714 0.1154358 -0.5923029 0.3115404 -0.5998032 0.3071324 -0.5953189 0.3047262 -0.5970992 0.3132418 -0.3182997 0.3843817 -0.3180069 0.392813 -0.3219306 0.3890232 -0.3134941 0.3890232 -0.1096576 0.3281747 -0.1081704 0.3361591 -0.1116824 0.3345638 -0.1046909 0.3304308 0.00636231 0.2143717 0.002485449 0.221185 0.002539879 0.2138539 0.004464085 0.2214531 0.03815876 0.09463297 0.03617333 0.08722326 0.03815286 0.08696188 -0.5951428 0.03275305 -0.6113029 0.02653772 -0.5954138 0.02600891 -0.6110231 0.03350089 -0.6582233 0.02438372 -0.6742909 0.01720302 -0.6583959 0.01689931 -0.6741153 0.02481323 -0.5946332 0.04281726 -0.5792801 0.03501069 -0.5787901 0.04149925 -0.5951415 0.03608684 -0.6898159 0.02040936 -0.6741706 0.01224284 -0.6739279 0.0198512 -0.6900619 0.01269858 -0.5754921 0.07535841 -0.5607446 0.06664839 -0.5597987 0.07281745 -0.5764784 0.06892656 -0.8367808 -0.01213625 -0.6885906 -0.01985096 -0.6885906 -0.01213625 -0.8367808 -0.01985096 -0.5099001 0.24237 -0.4986563 0.2295846 -0.4958906 0.234855 -0.5128002 0.2368435 -0.3973818 -0.7031212 -0.3885335 -0.7031212 -0.3951453 -0.6991462 -0.3909953 -0.7069608 0.4615857 0.2964426 0.4448984 0.2936426 0.4476802 0.288737 0.4586498 0.3016201 0.1762128 -0.6380449 0.1819729 -0.6315251 0.1747079 -0.6331833 0.1827264 -0.6365582 0.514631 0.136126 0.4979837 0.1384752 0.4989922 0.1332682 0.5135588 0.1416626 0.256706 -0.4147314 0.259377 -0.406729 0.2534528 -0.4098178 0.2615432 -0.4122094 0.5067943 0.09568324 0.4904265 0.09900949 0.4909759 0.09409546 0.506205 0.1009541 0.2434999 -0.2280111 0.2427781 -0.2199215 0.2386041 -0.2234338 0.2464513 -0.2255276 0.4938967 0.07121523 0.4813004 0.07521205 0.4816039 0.07055242 0.4935753 0.07614941 0.1840479 -0.08679091 0.1799677 -0.08009743 0.1776619 -0.08318979 0.1852415 -0.08519019 0.4831416 0.05180901 0.4706922 0.0559555 0.470834 0.05153952 0.4829918 0.05647612 0.09025393 0.00450175 0.08360507 0.008327765 0.0828429 0.006482241 0.4714886 0.03972172 0.4592188 0.03530365 0.4715294 0.03530365 0.4591801 0.03949436 0.4595497 0.0237407 0.4472061 0.01975343 0.459515 0.01954996 0.447239 0.0237407 0.4473493 0.007727289 0.4349529 0.004113075 0.4472579 0.003740925 0.4350402 0.007919928 0.4349296 -0.00866039 0.4224903 -0.01193464 0.4347894 -0.01246566 0.4226247 -0.008284904 0.4452015 -0.0396088 0.4332038 -0.03483487 0.4329296 -0.03863284 0.4454886 -0.03563174 0.4511032 -0.08665933 0.4395447 -0.08077183 0.4389472 -0.08471422 0.4517311 -0.08251576 0.4029336 -0.2460228 0.3940937 -0.2364352 0.3921229 -0.2401339 0.4050113 -0.2421236 -0.4349279 -0.2149002 -0.4220147 -0.2125698 -0.4242564 -0.2087625 -0.4325587 -0.218924 -0.4947246 -0.05944447 -0.4817003 -0.0616824 -0.4826378 -0.05710796 -0.493732 -0.06428843 -0.5150715 -0.01322082 -0.4987038 -0.01654706 -0.4992531 -0.01163303 -0.5144822 -0.01849168 -0.5157942 0.007107291 -0.5319973 0.01159185 -0.5316509 0.005963018 -0.5161201 0.01240097 -0.5319988 0.0193583 -0.5480675 0.02465991 -0.5478835 0.01871078 -0.5321731 0.0249951 -0.547952 0.02519825 -0.563904 0.03114998 -0.5638473 0.02490908 -0.5480062 0.03114998 -0.5637629 0.03327798 -0.579713 0.02703704 -0.5638151 0.02703704 -0.5796585 0.03354384 -0.5794793 0.03316096 -0.5955312 0.02691601 -0.5796355 0.0266558 -0.5953692 0.03366365 -0.6739136 0.02663443 -0.6898882 0.01913255 -0.6739908 0.01902259 -0.68981 0.02684686 -0.6885906 0.02929951 -0.8367808 0.0215848 -0.6885906 0.0215848 -0.8367808 0.02929951 -0.8030833 0.06018197 -0.807859 0.05273324 -0.8033056 0.05247047 -0.8076443 0.06018197 -0.6336834 0.19493 -0.6402612 0.1892361 -0.6354151 0.1876821 -0.6387086 0.1957344 -0.3976556 0.2870245 -0.3995015 0.2952565 -0.402341 0.2905987 -0.394178 0.2927293 -0.1857747 0.2808911 -0.1864966 0.2889807 -0.189448 0.2864972 -0.1816008 0.2844034 -0.04561928 0.2005703 -0.04577825 0.2084077 -0.04761505 0.2076248 -0.04207086 0.2020828 0.02292833 0.08726874 0.0209429 0.09467845 0.0209488 0.08700736 -0.5793122 0.0344748 -0.5954883 0.02855918 -0.5796013 0.0279742 -0.5951885 0.03530209 -0.6739253 0.02192244 -0.6899642 0.01455891 -0.6740683 0.01431155 -0.6898193 0.02227225 -0.5786478 0.04568924 -0.5633305 0.03802543 -0.5628157 0.04424532 -0.5791846 0.03920439 -0.8367808 -0.001597768 -0.6885906 -0.009312475 -0.6885906 -0.001597768 -0.8367808 -0.009312475 -0.5589332 0.08017374 -0.5442556 0.07154488 -0.5432764 0.07741576 -0.55996 0.07401763 -0.7069597 -0.3876224 -0.699385 -0.3921956 -0.7029906 -0.3853754 -0.703477 -0.3942102 -0.488056 0.2509304 -0.4770864 0.2380472 -0.4743046 0.2429529 -0.490992 0.2457529 -0.1246064 -0.6452594 -0.1165879 -0.6418845 -0.1238529 -0.6402263 -0.1180927 -0.6467461 0.4384187 0.3026705 0.4219963 0.299071 0.4247561 0.2945419 0.4354842 0.3074863 0.1083177 -0.4675034 0.113346 -0.4607292 0.1067547 -0.4618215 0.1136994 -0.4666116 0.4971934 0.1396928 0.4805877 0.1414866 0.4815905 0.1366447 0.4961178 0.1448863 0.1664172 -0.2776643 0.1679045 -0.2696798 0.1629377 -0.2719359 0.1699292 -0.276069 0.4911012 0.09352798 0.4783374 0.09695241 0.4788508 0.09231122 0.4905575 0.09844263 0.1487568 -0.1231323 0.1465472 -0.1156111 0.1435199 -0.1180016 0.1503238 -0.1218949 0.4821943 0.06785163 0.4696363 0.07165657 0.4698986 0.06724612 0.4819171 0.0725129 0.08172175 -0.01034991 0.07628761 -0.004935508 0.07507436 -0.00652135 0.4712415 0.05011057 0.4588116 0.05405579 0.4589333 0.04986668 0.4711132 0.05452696 0.4595497 0.03486031 0.4472061 0.03884759 0.447239 0.03486031 0.459515 0.03905105 0.4475447 0.02417264 0.4352063 0.02036489 0.4475156 0.02018534 0.4352341 0.02417264 0.435359 0.009242326 0.4229769 0.005757817 0.4352833 0.005435224 0.4230496 0.009409312 0.4230072 -0.005904071 0.410591 -0.009105055 0.4228934 -0.009554514 0.4107007 -0.005586255 0.4336449 -0.03450889 0.4215915 -0.03001731 0.4213635 -0.0336624 0.4338827 -0.03070847 0.4407249 -0.07708892 0.4290399 -0.07159386 0.4285351 -0.07536812 0.4412535 -0.0731367 0.4027663 -0.2225506 0.3934145 -0.2135614 0.3916984 -0.2171606 0.40457 -0.2187678 -0.4330442 -0.190662 -0.4201559 -0.1886723 -0.4221266 -0.1849737 -0.4309666 -0.1945613 -0.4838189 -0.04888607 -0.4708832 -0.05108799 -0.4716959 -0.04674513 -0.48296 -0.05347589 -0.4992926 -0.01105709 -0.4865288 -0.01448152 -0.4870422 -0.009840328 -0.4987489 -0.01597174 -0.4998735 0.006143779 -0.5160726 0.01021274 -0.5157242 0.004920489 -0.5001983 0.01107774 -0.5161386 0.01882944 -0.5322085 0.02377007 -0.5320212 0.0181337 -0.5163147 0.02413022 -0.5321242 0.0251086 -0.5480774 0.03074781 -0.548019 0.02479612 -0.5321796 0.03074781 -0.5480062 0.02745146 -0.5638473 0.03369236 -0.563904 0.02745146 -0.547952 0.03340319 -0.56367 0.03395063 -0.5797295 0.02799684 -0.5638342 0.02771163 -0.5795583 0.03450162 -0.6885906 0.01985096 -0.8367808 0.01213625 -0.6885906 0.01213625 -0.8367808 0.01985096 -0.8033056 0.006152889 -0.8076443 -0.001558614 -0.8030833 -0.001558614 -0.807859 0.005890126 -0.6515077 0.0864632 -0.6571027 0.07980125 -0.6520719 0.07903276 -0.6565968 0.0864632 -0.4454618 0.1837193 -0.4491323 0.1913154 -0.4508375 0.1861336 -0.4433734 0.1900656 -0.2437562 0.2178014 -0.2465392 0.2254316 -0.2487506 0.2222711 -0.2406288 0.2222711 -0.0880787 0.1752896 -0.09028828 0.1828108 -0.09185532 0.1815734 -0.0850514 0.1776801 0.008151971 0.08362239 0.004311986 0.09026319 0.006308054 0.08285634 -0.5634605 0.0360478 -0.5796493 0.03045515 -0.5637644 0.02981404 -0.5793325 0.03695446 -0.6885906 0.009312475 -0.8367808 0.001597768 -0.6885906 0.001597768 -0.8367808 0.009312475 -0.5626366 0.04831337 -0.5473502 0.04081581 -0.5468165 0.04674381 -0.5631963 0.04209735 -0.7741404 -0.2227234 -0.7676753 -0.2287644 -0.7697924 -0.2213459 -0.7720954 -0.2298892 -0.5423399 0.08452015 -0.5277229 0.07599658 -0.5267226 0.08154664 -0.5433956 0.07866256 -0.3710009 -0.5383241 -0.3623012 -0.5383241 -0.368354 -0.5339775 -0.3655741 -0.5422212 -0.4665045 0.2577674 -0.4557764 0.244823 -0.4530166 0.2493521 -0.469439 0.2529516 -0.0495051 -0.4710372 -0.05453338 -0.464263 -0.05488683 -0.4701454 -0.04794214 -0.4653553 0.4156693 0.3072582 0.399553 0.3028728 0.4022525 0.2987301 0.4127739 0.3117018 0.07563551 -0.3053406 0.07929308 -0.298089 0.07389394 -0.2988685 0.07945328 -0.3047894 0.4818814 0.1356413 0.4688571 0.1378793 0.4697946 0.1333048 0.4808888 0.1404853 0.104629 -0.1495327 0.1044701 -0.1416953 0.1009216 -0.1432078 0.1064658 -0.1487498 0.4798258 0.08777333 0.4671214 0.09105691 0.4675655 0.08666103 0.4793564 0.09241919 0.06962402 -0.02252785 0.06577639 -0.01589148 0.06419404 -0.01710928 0.4704449 0.0646055 0.4579213 0.0682422 0.4581465 0.06405738 0.4702075 0.06901737 0.4593104 0.04847165 0.4468981 0.05223944 0.4470018 0.04825337 0.4592015 0.05266111 0.4475156 0.03841524 0.4352341 0.03442793 0.4475447 0.03442793 0.4352063 0.03823568 0.4355153 0.02459357 0.4231816 0.02094142 0.4354912 0.02078579 0.4232047 0.02459357 0.4233405 0.01069712 0.4109714 0.007318424 0.423279 0.007045415 0.4110307 0.01083844 0.4110454 -0.003268922 0.3986505 -0.006420454 0.4109556 -0.006788286 0.3987376 -0.003008825 0.4220089 -0.02963844 0.4099054 -0.02540612 0.4097192 -0.02892171 0.4222021 -0.02599134 0.4301342 -0.06787859 0.4183352 -0.06275584 0.4179147 -0.06638376 0.4305727 -0.06409607 0.4017001 -0.1987905 0.391865 -0.1904235 0.3903881 -0.1939333 0.4032465 -0.1951152 -0.4302276 -0.1660822 -0.4173559 -0.164475 -0.4190721 -0.1608758 -0.4284238 -0.1698651 -0.4726809 -0.03864631 -0.4598249 -0.040835 -0.4605247 -0.03670295 -0.4719432 -0.04300254 -0.4873138 -0.00523647 -0.4746095 -0.008520048 -0.4750536 -0.004124172 -0.4868445 -0.009882329 -0.4876109 0.007424047 -0.5002071 0.01142087 -0.4998858 0.006486686 -0.4879144 0.01208368 -0.500263 0.01838661 -0.5163318 0.02294304 -0.5161435 0.01764269 -0.5004386 0.02332813 -0.5162799 0.02505414 -0.5322338 0.03035755 -0.5321742 0.02471837 -0.5163359 0.03035755 -0.5321242 0.03349325 -0.5480774 0.02785403 -0.5321796 0.02785403 -0.548019 0.03380572 -0.5478429 0.03465481 -0.563908 0.02901547 -0.5480132 0.02870527 -0.5637295 0.03525408 -0.7994191 -0.06032508 -0.8046446 -0.05318466 -0.8039714 -0.06060602 -0.800116 -0.05264192 -0.6515077 -0.02769547 -0.6571027 -0.02103352 -0.6565968 -0.02769547 -0.6520719 -0.02026503 -0.467393 0.0788636 -0.472591 0.08550849 -0.4731584 0.08008296 -0.466698 0.08550849 -0.2819784 0.1448657 -0.2865584 0.1515729 -0.2879214 0.1479644 -0.2800508 0.1499689 -0.1219315 0.1401964 -0.1260117 0.1468899 -0.1272053 0.1452892 -0.1196258 0.1432888 -0.005154585 0.07627312 -0.01058457 0.08169169 -0.006736936 0.07505532 -0.5475893 0.03747183 -0.5637869 0.03222538 -0.5479044 0.0315282 -0.5634565 0.03845779 -0.790173 -0.1311525 -0.7959257 -0.1244295 -0.7946908 -0.1317783 -0.7914514 -0.1235444 -0.5466031 0.05068937 -0.5313419 0.04338149 -0.5307958 0.04899447 -0.5471794 0.04476537 -0.5199283 -0.3934804 -0.5116259 -0.3960798 -0.5161036 -0.3901232 -0.5159138 -0.3988209 -0.5257227 0.08839817 -0.5111561 0.08000378 -0.5101476 0.08521074 -0.526795 0.08286156 -0.1999792 -0.4240436 -0.2026502 -0.4160411 -0.2048163 -0.4215215 -0.1967259 -0.4191299 -0.4453192 0.262967 -0.4347978 0.2499952 -0.4320984 0.254138 -0.4482147 0.2585233 -0.0166326 -0.3067513 -0.02029016 -0.2994998 -0.02045037 -0.3062002 -0.01489102 -0.3002793 0.4036857 0.2967881 0.390735 0.2941577 0.3932653 0.2902332 0.4010062 0.3009438 0.05461087 -0.1635521 0.05653508 -0.1559529 0.05271265 -0.1564708 0.05658951 -0.163284 0.4720508 0.1252484 0.4591151 0.1274503 0.4599278 0.1231074 0.4711919 0.1298382 0.05476688 -0.03118406 0.05277081 -0.02377721 0.0509269 -0.02454326 0.4684632 0.08221598 0.4558124 0.08538199 0.4561939 0.08120851 0.468061 0.08661588 0.45865 0.06147799 0.4461573 0.06497013 0.4463492 0.06098734 0.4584484 0.06566401 0.4473493 0.04689267 0.4349529 0.05050689 0.4350402 0.04670003 0.4472579 0.05087904 0.4355153 0.03400662 0.4231816 0.03765876 0.4232047 0.03400662 0.4354912 0.0378144 0.423462 0.02500337 0.4111325 0.02148291 0.4234424 0.02135121 0.4111514 0.02500337 0.4112945 0.01209128 0.3989374 0.008794507 0.411246 0.008571105 0.3989844 0.01220692 0.3990458 -0.0007558301 0.3866708 -0.003881747 0.3989781 -0.004167898 0.3867369 -0.0005534915 0.4102975 -0.02500022 0.3981486 -0.02100393 0.3980009 -0.02441347 0.4104499 -0.02148301 0.4193396 -0.05904105 0.4074381 -0.05426997 0.4070944 -0.05777366 0.4196962 -0.05540627 0.3996284 -0.1748587 0.3893412 -0.1671364 0.3880899 -0.1705676 0.4009331 -0.1712813 -0.4263674 -0.1412686 -0.413509 -0.1400868 -0.4149859 -0.136577 -0.4248209 -0.1449439 -0.4613169 -0.02873938 -0.448533 -0.03093784 -0.4491304 -0.02699544 -0.4606889 -0.03288295 -0.4752455 0.0003810835 -0.4625947 -0.002784922 -0.4629762 0.001388557 -0.4748433 -0.00401882 -0.4754011 0.01101852 -0.4879592 0.01482346 -0.4876819 0.01016219 -0.4756635 0.01542897 -0.4879658 0.01914279 -0.500437 0.02351434 -0.5002633 0.01857276 -0.4881299 0.02380941 -0.5004198 0.0250349 -0.5163734 0.02997922 -0.5163136 0.02467585 -0.5004756 0.02997922 -0.5162799 0.03354814 -0.5322338 0.02824474 -0.5163359 0.02824474 -0.5321742 0.03388391 -0.5319988 0.03527339 -0.5480675 0.02997178 -0.5321731 0.02963659 -0.5478835 0.03592091 -0.6336834 -0.1387875 -0.6402612 -0.1330937 -0.6387086 -0.1395919 -0.6354151 -0.1315396 -0.472591 -0.02658983 -0.467393 -0.01994495 -0.4731584 -0.02116431 -0.466698 -0.02658983 -0.3005494 0.06672909 -0.3066015 0.07214532 -0.3070613 0.06831547 -0.2998992 0.07214532 -0.1452251 0.09799667 -0.1508783 0.1034273 -0.1516238 0.101575 -0.1437848 0.101575 -0.01608033 0.06573048 -0.02272772 0.06955904 -0.01729357 0.06414463 -0.5317 0.03874673 -0.5479025 0.03386965 -0.5320225 0.03311647 -0.5475621 0.03981189 -0.5923029 -0.260262 -0.5998032 -0.2558539 -0.5970992 -0.2619634 -0.5953189 -0.2534477 -0.5305505 0.05281709 -0.5153086 0.0457222 -0.5147572 0.05099716 -0.5311369 0.04720817 -0.3180069 -0.3410219 -0.3182997 -0.3325905 -0.3219306 -0.3372321 -0.3134941 -0.3372321 -0.5090917 0.09180886 -0.4945644 0.08356732 -0.4935616 0.08840921 -0.5101673 0.08661536 -0.1081704 -0.2814691 -0.1096576 -0.2734846 -0.1116824 -0.2798738 -0.1046909 -0.2757407 -0.4333106 0.252049 -0.4255696 0.2413384 -0.4230393 0.2452629 -0.43599 0.2478933 0.002485449 -0.1637226 0.00636231 -0.1569094 0.002539879 -0.1563915 0.004464085 -0.1639907 0.4046804 0.2740454 0.3917671 0.271715 0.3940089 0.2679077 0.4023111 0.2780692 0.03815286 -0.0280297 0.03617333 -0.02829108 0.03815876 -0.03570079 0.461999 0.1151608 0.4491429 0.1173495 0.4498427 0.1132175 0.4612612 0.119517 0.4570165 0.07685917 0.4444139 0.07993099 0.444739 0.07595686 0.4566748 0.0810361 0.4468111 0.05847017 0.4343464 0.06184149 0.4345081 0.05803707 0.4466417 0.06245398 0.435359 0.04537406 0.4229769 0.04885857 0.4230496 0.04520707 0.4352833 0.04918116 0.4234424 0.03724864 0.4111514 0.03359648 0.423462 0.03359648 0.4111325 0.03711694 0.4113855 0.02540196 0.3990599 0.02198925 0.4113701 0.02188148 0.3990749 0.02540196 0.399222 0.01342447 0.3868761 0.0101857 0.3991854 0.01001192 0.3869117 0.01351442 0.38701 0.001634368 0.3746539 -0.001489785 0.3869628 -0.001694209 0.3747002 0.001778917 0.3985146 -0.0205968 0.3863246 -0.01681322 0.3862125 -0.02014024 0.3986296 -0.017186 0.4083505 -0.05058841 0.3963569 -0.04614793 0.3960838 -0.04954973 0.4086322 -0.04707919 0.3964531 -0.1508979 0.3857478 -0.1438406 0.3847096 -0.1472045 0.3975301 -0.1474081 -0.4213594 -0.1163564 -0.4085161 -0.1156426 -0.4097675 -0.1122115 -0.4200546 -0.1199337 -0.4497337 -0.01917907 -0.4370154 -0.02141049 -0.4375202 -0.01763624 -0.4492052 -0.0231313 -0.4630909 0.005792264 -0.4504882 0.002720446 -0.4508133 0.006694583 -0.4627491 0.001615336 -0.4631397 0.01446839 -0.4756633 0.01810509 -0.4754259 0.01369323 -0.4633649 0.01865322 -0.4756488 0.02114911 -0.4880982 0.0252956 -0.4879484 0.0206285 -0.4757905 0.02556509 -0.4881079 0.02536936 -0.5004706 0.03003857 -0.5004154 0.02509424 -0.48816 0.03003857 -0.5004198 0.03356785 -0.5163734 0.02862353 -0.5004756 0.02862353 -0.5163136 0.0339269 -0.5161386 0.03580629 -0.5322085 0.03086565 -0.5163147 0.03050551 -0.5320212 0.03650203 -0.4491323 -0.1338292 -0.4454618 -0.1262331 -0.4508375 -0.1286475 -0.4433734 -0.1325795 -0.3066015 -0.01312555 -0.3005494 -0.007709315 -0.3070613 -0.009295692 -0.2998992 -0.01312555 -0.1568578 0.05154952 -0.1636997 0.05537569 -0.1639531 0.05339512 -0.1563683 0.05537569 -0.02388811 0.05272071 -0.03129914 0.0547012 -0.02465028 0.05087518 -0.5157942 0.03987234 -0.5319973 0.03538778 -0.5161201 0.03457866 -0.5316509 0.04101662 -0.3995015 -0.24034 -0.3976556 -0.232108 -0.402341 -0.2356821 -0.394178 -0.2378127 -0.5144822 0.05469647 -0.4992531 0.04783783 -0.4987038 0.05275185 -0.5150715 0.04942561 -0.1864966 -0.2330976 -0.1857747 -0.225008 -0.189448 -0.230614 -0.1816008 -0.2285203 -0.493732 0.08737686 -0.4826378 0.08019639 -0.4817003 0.08477083 -0.4947246 0.08253289 -0.04577825 -0.1507265 -0.04561928 -0.142889 -0.04761505 -0.1499435 -0.04207086 -0.1444016 -0.4325587 0.2278767 -0.4242564 0.2177152 -0.4220147 0.2215225 -0.4349279 0.2238528 0.02292833 -0.02833656 0.0209488 -0.02807518 0.0209429 -0.03574627 0.4050113 0.250865 0.3921229 0.2488753 0.3940937 0.2451767 0.4029336 0.2547643 0.4517311 0.1053924 0.4389472 0.1075909 0.4395447 0.1036485 0.4511032 0.109536 0.4454886 0.07170602 0.4329296 0.07470712 0.4332038 0.07090915 0.4452015 0.07568308 0.4349296 0.05558309 0.4224903 0.05885734 0.4226247 0.0552076 0.4347894 0.05938836 0.4233405 0.04391621 0.4109714 0.0472949 0.4110307 0.04377489 0.423279 0.04756791 0.4113701 0.03671809 0.3990749 0.03319762 0.4113855 0.03319762 0.3990599 0.03661033 0.3992865 0.02578922 0.3869645 0.02246033 0.3992749 0.0223765 0.3869759 0.02578922 0.3871239 0.01469633 0.3747884 0.01149165 0.3870984 0.01136752 0.3748134 0.01476059 0.3749395 0.003900887 0.3626017 0.000754641 0.3749117 0.0006319742 0.3626292 0.003987625 0.3866645 -0.0164306 0.3744369 -0.01283629 0.3743582 -0.01610437 0.3867446 -0.01310265 0.3971768 -0.04253217 0.3851003 -0.03840078 0.3848928 -0.04172322 0.3973895 -0.03912606 0.3920903 -0.1270766 0.3810034 -0.1207012 0.3801678 -0.12401 0.3929524 -0.1236632 -0.4151112 -0.09150776 -0.4022906 -0.09130413 -0.4033288 -0.0879402 -0.4140341 -0.09499754 -0.4379392 -0.009978758 -0.4252813 -0.01226646 -0.4257018 -0.008638532 -0.4375008 -0.01376128 -0.4508531 0.0109939 -0.4382941 0.007992801 -0.4385683 0.01179077 -0.4505659 0.007016841 -0.4508285 0.01777247 -0.4633212 0.02126462 -0.4631196 0.01707859 -0.4510204 0.02175527 -0.4632973 0.02307043 -0.4757272 0.02701565 -0.4755989 0.02259926 -0.463419 0.02725954 -0.4757485 0.02609416 -0.4881042 0.03051218 -0.4880566 0.02584292 -0.4757936 0.03051218 -0.48816 0.0285641 -0.5004154 0.03350843 -0.5004706 0.0285641 -0.4881079 0.03323332 -0.500263 0.03625344 -0.5163318 0.03169701 -0.5004386 0.03131192 -0.5161435 0.03699736 -0.2865584 -0.09320192 -0.2819784 -0.08649469 -0.2879214 -0.0895934 -0.2800508 -0.09159791 -0.1636997 0.003700895 -0.1568578 0.007527066 -0.1639531 0.005681467 -0.1563683 0.003700895 -0.02805905 0.03813128 -0.03573014 0.03813128 -0.02831891 0.03615155 -0.4998735 0.04084858 -0.5160726 0.03677962 -0.5001983 0.03591462 -0.5157242 0.04207187 -0.2465392 -0.1682018 -0.2437562 -0.1605716 -0.2487506 -0.1650413 -0.2406288 -0.1650413 -0.4987489 0.05217187 -0.4870422 0.04604045 -0.4865288 0.05068165 -0.4992926 0.04725721 -0.09028828 -0.1247524 -0.0880787 -0.1172312 -0.09185532 -0.123515 -0.0850514 -0.1196217 -0.48296 0.07648694 -0.4716959 0.06975618 -0.4708832 0.07409903 -0.4838189 0.07189711 0.008151971 -0.02466747 0.006308054 -0.02390142 0.004311986 -0.03130827 -0.4309666 0.2033028 -0.4221266 0.1937152 -0.4201559 0.1974138 -0.4330442 0.1994035 0.40457 0.2273146 0.3916984 0.2257074 0.3934145 0.2221082 0.4027663 0.2310974 0.4412535 0.09595645 0.4285351 0.09818787 0.4290399 0.09441362 0.4407249 0.09990867 0.4338827 0.06675948 0.4213635 0.06971342 0.4215915 0.06606833 0.4336449 0.0705599 0.4230072 0.05281774 0.410591 0.05601872 0.4107007 0.05249992 0.4228934 0.05646818 0.4112945 0.04251949 0.3989374 0.04581626 0.3989844 0.04240384 0.411246 0.04603966 0.3992749 0.03622285 0.3869759 0.03281013 0.3992865 0.03281013 0.3869645 0.03613902 0.3871657 0.02616508 0.3748471 0.02289605 0.3871576 0.02283617 0.374855 0.02616508 0.375001 0.01590656 0.3626756 0.01271205 0.374986 0.01263756 0.3626905 0.01594511 0.362836 0.006042995 0.3505163 0.002850798 0.3628269 0.002809907 0.3505254 0.006071909 0.3747513 -0.01250385 0.3624889 -0.009075313 0.3624422 -0.01230808 0.3747985 -0.009235164 0.385829 -0.03488312 0.3736777 -0.03103893 0.373532 -0.03430471 0.3859774 -0.03155751 0.3864774 -0.1035858 0.3750474 -0.0979053 0.3744058 -0.1011718 0.3871352 -0.1002371 -0.4075494 -0.0669108 -0.3947648 -0.06725759 -0.3956004 -0.06394874 -0.4066874 -0.07032414 -0.4259419 -0.001151264 -0.4133401 -0.003518652 -0.4136838 -1.495953e-05 -0.4255853 -0.004786035 -0.4385355 0.01598298 -0.4260162 0.01302905 -0.4262443 0.01667414 -0.4382977 0.01218256 -0.4384696 0.0209296 -0.4509343 0.02430092 -0.450765 0.02031711 -0.4386313 0.02473402 -0.4509126 0.02490624 -0.463325 0.02867403 -0.463216 0.02448457 -0.4510163 0.02889231 -0.4633617 0.02678358 -0.475711 0.03097428 -0.4756702 0.02655622 -0.4634004 0.03097428 -0.4757485 0.03250791 -0.4881042 0.02808989 -0.4757936 0.02808989 -0.4880566 0.03275915 -0.4879658 0.03549655 -0.500437 0.03112499 -0.4881299 0.03082992 -0.5002633 0.03606657 -0.1508783 -0.04456444 -0.1452251 -0.03913378 -0.1516238 -0.04271214 -0.1437848 -0.04271214 -0.02805905 0.0209704 -0.02831891 0.02295013 -0.03573014 0.0209704 -0.4876109 0.03956619 -0.5002071 0.03556938 -0.4879144 0.03490656 -0.4998858 0.04050356 -0.1260117 -0.088399 -0.1219315 -0.08170552 -0.1272053 -0.08679828 -0.1196258 -0.08479788 -0.4868445 0.0460461 -0.4750536 0.04028795 -0.4746095 0.04468382 -0.4873138 0.04140024 -0.005154585 -0.01727884 -0.006736936 -0.01606104 -0.01058457 -0.02269741 -0.4719432 0.06594296 -0.4605247 0.05964337 -0.4598249 0.06377542 -0.4726809 0.06158673 -0.4284238 0.1784118 -0.4190721 0.1694226 -0.4173559 0.1730218 -0.4302276 0.174629 0.4032465 0.203485 0.3903881 0.2023032 0.391865 0.1987934 0.4017001 0.2071603 0.4305727 0.0868659 0.4179147 0.0891536 0.4183352 0.08552568 0.4301342 0.09064843 0.4222021 0.06202239 0.4097192 0.06495276 0.4099054 0.06143718 0.4220089 0.0656695 0.4110454 0.05017506 0.3986505 0.05332659 0.3987376 0.04991496 0.4109556 0.05369443 0.399222 0.04118426 0.3868761 0.04442302 0.3869117 0.0410943 0.3991854 0.0445968 0.3871657 0.03243411 0.3748471 0.03570313 0.374855 0.03243411 0.3871576 0.03576301 0.3750236 0.02652943 0.3627083 0.02329633 0.3750189 0.0232604 0.362713 0.02652943 0.3628544 0.01705484 0.3505389 0.01384657 0.3628495 0.01382174 0.3505438 0.01706769 0.3506171 0.007065684 0.06987917 0.003844559 0.3506171 0.003844559 0.06987917 0.007065684 0.3627792 -0.00881863 0.3504842 -0.005532276 0.3504687 -0.008753363 0.3627947 -0.005585566 0.3743183 -0.02765127 0.3620991 -0.02407205 0.3620126 -0.02730399 0.3744058 -0.02438341 0.3795786 -0.08063446 0.3678459 -0.07565684 0.3673916 -0.07889416 0.3800412 -0.07733785 -0.3986261 -0.04277541 -0.3858967 -0.04371012 -0.3865384 -0.04044364 -0.3979683 -0.04612415 -0.4137509 0.007291168 -0.4012025 0.004820627 -0.4014755 0.008222425 -0.4134692 0.003781945 -0.4261416 0.02075663 -0.4136587 0.01782626 -0.4138449 0.02134184 -0.4259485 0.01710952 -0.426065 0.0239387 -0.4385044 0.02721296 -0.4383642 0.02340768 -0.4261995 0.02758844 -0.4384959 0.02665611 -0.4508923 0.03027032 -0.4508008 0.02628396 -0.4385832 0.03046296 -0.4509482 0.02743747 -0.4632917 0.03142475 -0.4632571 0.02723401 -0.4509811 0.03142475 -0.4633617 0.03181794 -0.475711 0.02762723 -0.4634004 0.02762723 -0.4756702 0.0320453 -0.4756488 0.03348462 -0.4880982 0.02933813 -0.4757905 0.02906864 -0.4879484 0.03400523 -0.02388811 0.006358291 -0.02465028 0.008203815 -0.03129914 0.004377801 -0.4754011 0.03595524 -0.4879592 0.0321503 -0.4756635 0.03154479 -0.4876819 0.03681157 -0.01608033 -0.006690781 -0.01729357 -0.005104939 -0.02272772 -0.01051934 -0.4748433 0.04014949 -0.4629762 0.03474212 -0.4625947 0.0389156 -0.4752455 0.03574959 -0.4606889 0.05575958 -0.4491304 0.04987208 -0.448533 0.05381447 -0.4613169 0.05161601 -0.4248209 0.1533138 -0.4149859 0.1449468 -0.413509 0.1484566 -0.4263674 0.1496385 0.4009331 0.1794931 0.3880899 0.1787794 0.3893412 0.1753482 0.3996284 0.1830705 0.4196962 0.07813322 0.4070944 0.08050061 0.4074381 0.07699691 0.4193396 0.08176799 0.4104499 0.05749741 0.3980009 0.06042787 0.3981486 0.05701833 0.4102975 0.06101462 0.3990458 0.04765594 0.3866708 0.05078186 0.3867369 0.0474536 0.3989781 0.05106801 0.3871239 0.03991086 0.3747884 0.04311553 0.3748134 0.0398466 0.3870984 0.04323967 0.3750189 0.03533868 0.362713 0.03206965 0.3750236 0.03206965 0.3627083 0.03530275 0.3628611 0.0268822 0.350549 0.02366107 0.3628596 0.0236491 0.3505505 0.0268822 0.3506171 0.01760417 0.06987917 0.01438304 0.3506171 0.01438304 0.06987917 0.01760417 0.07062599 0.005493709 0.05684655 0.008449052 0.05692426 0.005119077 0.07055085 0.008713957 0.3506171 -0.007065684 0.06987917 -0.003844559 0.06987917 -0.007065684 0.3506171 -0.003844559 0.3626564 -0.02084583 0.350375 -0.01750904 0.3503463 -0.02073004 0.3626852 -0.01761286 0.3713908 -0.0584416 0.3593964 -0.05416916 0.3591251 -0.05739086 0.3716651 -0.05518409 -0.3883252 -0.01932715 -0.3756756 -0.02088346 -0.3761299 -0.01764614 -0.3878626 -0.02262376 -0.401376 0.01533695 -0.3888793 0.01273979 -0.3890867 0.01606224 -0.4011633 0.01193085 -0.4136749 0.02531213 -0.4012259 0.02238167 -0.4013736 0.02579121 -0.4135225 0.02179492 -0.4136167 0.02679873 -0.4260329 0.02999972 -0.4259191 0.02634927 -0.4137264 0.03031753 -0.4260481 0.02831958 -0.4384302 0.03180409 -0.4383545 0.02799699 -0.4261207 0.03197108 -0.4385087 0.02805572 -0.450847 0.03186347 -0.450818 0.02787616 -0.4385364 0.03186347 -0.4509811 0.02717627 -0.4632571 0.03136701 -0.4632917 0.02717627 -0.4509482 0.03116354 -0.4632973 0.03155821 -0.4757272 0.02761299 -0.463419 0.02736909 -0.4755989 0.03202937 -0.4631397 0.03249037 -0.4756633 0.02885366 -0.4633649 0.02830554 -0.4754259 0.03326553 -0.4627491 0.0344855 -0.4508133 0.02940626 -0.4504882 0.03338039 -0.4630909 0.03030857 -0.4492052 0.04595105 -0.4375202 0.04045599 -0.4370154 0.04423024 -0.4497337 0.04199883 -0.4200546 0.1281455 -0.4097675 0.1204233 -0.4085161 0.1238544 -0.4213594 0.1245682 0.3975301 0.1554819 0.3847096 0.1552783 0.3857478 0.1519144 0.3964531 0.1589717 0.4086322 0.06977031 0.3960838 0.07224085 0.3963569 0.06883905 0.4083505 0.07327953 0.3986296 0.05318706 0.3862125 0.05614131 0.3863246 0.05281428 0.3985146 0.05659787 0.38701 0.04526123 0.3746539 0.04838538 0.3747002 0.04511668 0.3869628 0.0485898 0.375001 0.03869961 0.3626756 0.04189412 0.3626905 0.03866105 0.374986 0.0419686 0.3628611 0.03171682 0.350549 0.03493795 0.3505505 0.03171682 0.3628596 0.03494992 0.3506171 0.02705272 0.06987917 0.02383159 0.3506171 0.02383159 0.06987917 0.02705272 0.07046229 0.01527179 0.05671537 0.01837489 0.05675732 0.01504427 0.07042171 0.01849266 0.05823356 0.008057827 0.04518797 0.01060503 0.04545434 0.006962087 0.05799066 0.01137984 0.07095926 -0.004258889 0.05713353 -0.001528272 0.05726544 -0.004856541 0.0708317 -0.001040292 0.3506171 -0.01760417 0.06987917 -0.01438304 0.06987917 -0.01760417 0.3506171 -0.01438304 0.3619461 -0.03722752 0.3497309 -0.03365631 0.3496405 -0.03687616 0.3620368 -0.03399569 -0.3766666 0.00320115 -0.3641266 0.0009943784 -0.3643979 0.004216081 -0.3763923 -5.63559e-05 -0.3888277 0.02297524 -0.3763824 0.02022803 -0.376528 0.02349382 -0.3886794 0.01964963 -0.401139 0.02964693 -0.3887219 0.02669269 -0.3888341 0.03001971 -0.4010241 0.02623613 -0.4011267 0.02950872 -0.4135216 0.03266025 -0.4134318 0.02914089 -0.4012137 0.03292035 -0.4135705 0.02989626 -0.4259396 0.03327495 -0.4258781 0.02962325 -0.4136298 0.03341627 -0.426044 0.02863819 -0.4383777 0.03229033 -0.4383536 0.02848256 -0.426067 0.03229033 -0.4385087 0.03054486 -0.450847 0.0267371 -0.4385364 0.0267371 -0.450818 0.03072441 -0.4509126 0.0297178 -0.463325 0.02595001 -0.4510163 0.02573174 -0.463216 0.03013948 -0.4508285 0.02917278 -0.4633212 0.02568063 -0.4510204 0.02518998 -0.4631196 0.02986666 -0.4505659 0.02905744 -0.4385683 0.02428351 -0.4382941 0.02808148 -0.4508531 0.02508038 -0.4375008 0.03653112 -0.4257018 0.03140837 -0.4252813 0.03503629 -0.4379392 0.03274859 -0.4140341 0.1030713 -0.4033288 0.09601399 -0.4022906 0.09937793 -0.4151112 0.09958155 0.3929524 0.1316201 0.3801678 0.1319669 0.3810034 0.1286581 0.3920903 0.1350335 0.3973895 0.06178848 0.3848928 0.06438564 0.3851003 0.0610632 0.3971768 0.06519459 0.3867446 0.04909371 0.3743582 0.05209544 0.3744369 0.04882735 0.3866645 0.05242166 0.3749395 0.04299169 0.3626017 0.04613794 0.3626292 0.04290495 0.3749117 0.0462606 0.3628544 0.03755081 0.3505389 0.04075908 0.3505438 0.03753796 0.3628495 0.04078391 0.3506171 0.03476742 0.06987917 0.0315463 0.3506171 0.0315463 0.06987917 0.03476742 0.07038718 0.0241136 0.05666743 0.0273347 0.05668077 0.02400384 0.07037428 0.0273347 0.0577865 0.01662022 0.04483366 0.01960345 0.04497772 0.01595362 0.05765513 0.01994851 0.04665485 0.009912153 0.03510031 0.01230759 0.03565335 0.008179907 0.04616979 0.01353248 0.05909645 0.0001637203 0.04593879 0.002048316 0.04638894 -0.001576512 0.05868595 0.00346921 0.07174844 -0.01238377 0.05783861 -0.01012021 0.05808251 -0.01344215 0.07151258 -0.009171296 0.3506171 -0.02705272 0.06987917 -0.02383159 0.06987917 -0.02705272 0.3506171 -0.02383159 -0.3637092 0.02457946 -0.3513129 0.02169899 -0.3514033 0.02491884 -0.3636185 0.02134763 -0.3761171 0.03019593 -0.363724 0.02727535 -0.3638105 0.03050729 -0.3760297 0.02692807 -0.3885377 0.03375865 -0.3761513 0.03075693 -0.3762299 0.03402501 -0.3884576 0.0304307 -0.3885971 0.03206775 -0.4009721 0.03519367 -0.4009044 0.0317816 -0.3886632 0.03539601 -0.4010642 0.03138574 -0.4134213 0.03468251 -0.4133728 0.03116233 -0.4011112 0.03479815 -0.4135548 0.02918477 -0.4258843 0.03270523 -0.4258647 0.02905307 -0.4135736 0.03270523 -0.426067 0.02630985 -0.4383536 0.03011763 -0.4383777 0.02630985 -0.426044 0.029962 -0.4384959 0.02796385 -0.4508923 0.02434964 -0.4385832 0.024157 -0.4508008 0.028336 -0.4384696 0.02600362 -0.4509343 0.0226323 -0.4386313 0.0221992 -0.450765 0.02661612 -0.4382977 0.02386845 -0.4262443 0.01937688 -0.4260162 0.02302197 -0.4385355 0.02006803 -0.4255853 0.02751298 -0.4136838 0.0227419 -0.4133401 0.02624559 -0.4259419 0.02387821 -0.4066874 0.07828106 -0.3956004 0.07190566 -0.3947648 0.07521451 -0.4075494 0.07486772 0.3871352 0.1080992 0.3744058 0.1090339 0.3750474 0.1057674 0.3864774 0.111448 0.3859774 0.05419837 0.373532 0.05694557 0.3736777 0.05367979 0.385829 0.05752397 0.3747985 0.04521956 0.3624422 0.04829247 0.3624889 0.04505971 0.3747513 0.04848825 0.362836 0.04084808 0.3505163 0.04404027 0.3505254 0.04081916 0.3628269 0.04408116 0.3506171 0.04022254 0.06987917 0.03700142 0.3506171 0.03700142 0.06987917 0.04022254 0.07038718 0.03448589 0.05666743 0.03126479 0.07037428 0.03126479 0.05668077 0.03459564 0.0575744 0.02450088 0.0447065 0.0278315 0.04475232 0.02417911 0.05753262 0.0278315 0.04592028 0.01752549 0.03453323 0.02062075 0.03483365 0.01646703 0.04565678 0.02116865 0.03682147 0.01160255 0.02727161 0.01409623 0.02831554 0.00937867 0.03592167 0.01566875 0.04798811 0.003452367 0.03626429 0.004793087 0.03718834 0.0007323261 0.04717764 0.00701399 0.06086959 -0.00411701 0.04758812 -0.003589484 0.04840704 -0.007149173 0.06012282 -0.0008709206 0.07476352 -0.0104948 0.06067113 -0.01038786 0.06142082 -0.01363328 0.07403854 -0.007356325 -0.3506171 0.03476742 -0.06987917 0.0315463 -0.06987917 0.03476742 -0.3506171 0.0315463 -0.3632558 0.03698981 -0.3509169 0.03387263 -0.3509457 0.03709363 -0.363227 0.03375684 -0.3758745 0.03764507 -0.3635183 0.03457215 -0.363565 0.03780492 -0.3758273 0.03437638 -0.37603 0.03447496 -0.3883861 0.03759911 -0.3883389 0.03427054 -0.3760763 0.03774366 -0.3885304 0.03278765 -0.4008764 0.03602642 -0.4008398 0.03261387 -0.3885661 0.03611637 -0.401042 0.02969536 -0.4133675 0.03310806 -0.4133521 0.02958759 -0.4010569 0.03310806 -0.4135548 0.02941508 -0.4258843 0.02589462 -0.4135736 0.02589462 -0.4258647 0.02954679 -0.4260481 0.0262968 -0.4384302 0.02281229 -0.4261207 0.02264531 -0.4383545 0.0266194 -0.426065 0.022984 -0.4385044 0.01970974 -0.4261995 0.01933426 -0.4383642 0.02351501 -0.4259485 0.01892153 -0.4138449 0.01468921 -0.4136587 0.01820479 -0.4261416 0.01527442 -0.4134692 0.01890918 -0.4014755 0.0144687 -0.4012025 0.0178705 -0.4137509 0.01539995 -0.3979683 0.05398629 -0.3865384 0.04830578 -0.3858967 0.05157226 -0.3986261 0.05063755 0.3800412 0.08512813 0.3673916 0.08668444 0.3678459 0.08344713 0.3795786 0.08842475 0.3744058 0.04700988 0.3620126 0.04993047 0.3620991 0.04669852 0.3743183 0.05027774 0.3627947 0.04156662 0.3504687 0.04473442 0.3504842 0.04151333 0.3627792 0.04479969 0.3506171 0.04304632 0.06987917 0.0398252 0.3506171 0.0398252 0.06987917 0.04304632 0.07046229 0.03933813 0.05671537 0.03623503 0.07042171 0.03611726 0.05675732 0.03956565 0.0575744 0.03410275 0.0447065 0.03077213 0.05753262 0.03077213 0.04475232 0.03442452 0.04555745 0.02466932 0.03433647 0.02832103 0.03443218 0.02415756 0.04547351 0.02832103 0.03572849 0.01827813 0.02647147 0.02170245 0.02704456 0.01690487 0.03523452 0.0224133 0.0291329 0.01413657 0.02163274 0.01690553 0.02359682 0.01165211 0.02744088 0.0186623 0.03865175 0.006474457 0.0288454 0.007594225 0.03054522 0.003071416 0.03718662 0.0103728 0.05029104 0.001861394 0.03851299 0.00113813 0.04013069 -0.00269941 0.04887219 0.005227234 0.06277863 0.01197654 0.05034207 0.007285292 0.05248377 0.004326379 0.06082562 0.01467478 -0.06062093 0.04968636 -0.04800321 0.0434094 -0.04725352 0.04665482 -0.06134592 0.04654788 -0.3506171 0.04022254 -0.06987917 0.03700142 -0.06987917 0.04022254 -0.3506171 0.03700142 -0.3631535 0.04130413 -0.3508275 0.03813633 -0.350843 0.04135742 -0.3631379 0.03807107 -0.3634275 0.03672956 -0.3757653 0.0398758 -0.3757375 0.03660689 -0.363455 0.03996254 -0.3759702 0.03410165 -0.3883057 0.03730633 -0.3882802 0.03397751 -0.3759952 0.03737058 -0.3885063 0.03016983 -0.4008282 0.03349872 -0.4008166 0.030086 -0.3885176 0.03349872 -0.4010569 0.02549151 -0.4133521 0.02901199 -0.4133675 0.02549151 -0.401042 0.02890422 -0.4135705 0.02471706 -0.4259396 0.02133837 -0.4136298 0.02119705 -0.4258781 0.02499007 -0.4136167 0.02011494 -0.4260329 0.01691395 -0.4137264 0.01659614 -0.4259191 0.0205644 -0.4135225 0.01421948 -0.4013736 0.01022319 -0.4012259 0.01363273 -0.4136749 0.01070227 -0.4011633 0.01073157 -0.3890867 0.006600181 -0.3888793 0.009922622 -0.401376 0.007325463 -0.3878626 0.03041405 -0.3761299 0.02543643 -0.3756756 0.02867374 -0.3883252 0.02711743 0.3716651 0.06292609 0.3591251 0.06513286 0.3593964 0.06191116 0.3713908 0.0661836 0.3626852 0.04023214 0.3503463 0.04334931 0.350375 0.04012832 0.3626564 0.04346511 0.3506171 0.0398252 0.06987917 0.04304632 0.06987917 0.0398252 0.3506171 0.04304632 0.07062599 0.04140994 0.05684655 0.0384546 0.07055085 0.03818969 0.05692426 0.04178457 0.0577865 0.03802789 0.04483366 0.03504466 0.05765513 0.0346996 0.04497772 0.03869449 0.04547351 0.03029347 0.03443218 0.03445694 0.03433647 0.03029347 0.04555745 0.03394517 0.03515883 0.02471157 0.02620899 0.02887314 0.02639231 0.02404493 0.03500083 0.02887314 0.02756678 0.019415 0.0205982 0.02333399 0.02170774 0.01783627 0.02661093 0.0241512 0.020168 0.01229317 0.02096212 0.01923821 0.01747248 0.01790179 0.02339159 0.01418315 0.03143479 0.01063662 0.02352453 0.01179738 0.02653094 0.007062673 0.02884481 0.01471549 0.04122228 0.006674699 0.031442 0.005346349 0.03420274 0.001381064 0.03884271 0.01009249 0.04953427 0.02040287 0.03971025 0.01386573 0.04303554 0.01135853 0.04661771 0.0226019 -0.02587136 0.0617129 -0.01752951 0.0513645 -0.01538781 0.05432341 -0.02782437 0.05901466 -0.06682818 0.04523734 -0.05339811 0.04096648 -0.05315421 0.04428842 -0.06706404 0.04202486 -0.3506171 0.04304632 -0.06987917 0.0398252 -0.06987917 0.04304632 -0.3506171 0.0398252 -0.3507916 0.0388308 -0.3631113 0.042023 -0.3631021 0.03878991 -0.3508007 0.04205191 -0.3633848 0.0353274 -0.3757102 0.03852191 -0.3756952 0.03525292 -0.3633996 0.03856047 -0.3759484 0.03060811 -0.3882669 0.03387713 -0.3882588 0.03054822 -0.3759563 0.03387713 -0.3885063 0.02842952 -0.4008282 0.02510063 -0.3885176 0.02510063 -0.4008166 0.02851335 -0.4010642 0.02322503 -0.4134213 0.01992826 -0.4011112 0.01981261 -0.4133728 0.02344843 -0.4011267 0.01739742 -0.4135216 0.01424589 -0.4012137 0.01398579 -0.4134318 0.01776525 -0.4010241 0.009764938 -0.3888341 0.005981356 -0.3887219 0.009308378 -0.401139 0.006354135 -0.3886794 0.002991229 -0.376528 -0.0008529577 -0.3763824 0.002412827 -0.3888277 -0.0003343767 -0.3763923 0.007798358 -0.3643979 0.003525921 -0.3641266 0.006747624 -0.3766666 0.004540853 0.3620368 0.04171343 0.3496405 0.04459391 0.3497309 0.04137405 0.3619461 0.04494526 0.3506171 0.03700142 0.06987917 0.04022254 0.06987917 0.03700142 0.3506171 0.04022254 0.0708317 0.03704918 0.05726544 0.04086543 0.05713353 0.03753716 0.07095926 0.04026778 0.05823356 0.03895824 0.04518797 0.03641103 0.05799066 0.03563623 0.04545434 0.04005398 0.04592028 0.03722273 0.03453323 0.03412748 0.04565678 0.03357957 0.03483365 0.0382812 0.03515883 0.03392966 0.02620899 0.02976809 0.03500083 0.02976809 0.02639231 0.0345963 0.02667306 0.02478459 0.02029575 0.02960637 0.02065478 0.02400931 0.02636377 0.02960637 0.02133029 0.01915981 0.01623993 0.02395067 0.0178026 0.01792734 0.01992186 0.02458864 0.01897801 0.005995937 0.01449099 0.01158843 0.0156949 0.005259671 0.01781512 0.01210905 0.02362424 0.008225396 0.02276858 0.01516312 0.01968934 0.01304608 0.02631511 0.01081823 0.03401605 0.01159009 0.02611666 0.01035754 0.03038976 0.006724827 0.03033484 0.01471961 0.04001854 0.02138301 0.03227813 0.01525893 0.03667347 0.0132524 0.03623006 0.0231125 0.0009828967 0.05680484 0.004565066 0.04556147 0.007890356 0.04806868 -0.001933658 0.05460581 -0.04577988 0.05186138 -0.0340641 0.04558313 -0.03324518 0.04914282 -0.04652666 0.04861529 -0.06788135 0.04577047 -0.05431509 0.04195422 -0.05418319 0.04528249 -0.06800891 0.04255187 -0.06987917 0.0398252 -0.3506171 0.04304632 -0.3506171 0.0398252 -0.06987917 0.04304632 -0.3507752 0.03646461 -0.3630908 0.03967288 -0.3630858 0.03643978 -0.3507802 0.03968573 -0.3633691 0.03101008 -0.3756844 0.03424318 -0.3756797 0.03097415 -0.3633738 0.03424318 -0.3759563 0.02472206 -0.3882588 0.02805096 -0.3882669 0.02472206 -0.3759484 0.02799108 -0.3885304 0.02182107 -0.4008764 0.0185823 -0.3885661 0.01849235 -0.4008398 0.02199485 -0.3885971 0.01483236 -0.4009721 0.01170645 -0.3886632 0.01150411 -0.4009044 0.01511851 -0.3884576 0.005560361 -0.3762299 0.001966054 -0.3761513 0.005234138 -0.3885377 0.002232414 -0.3760297 -0.004301601 -0.3638105 -0.00788082 -0.363724 -0.004648875 -0.3761171 -0.007569462 -0.3636185 -0.01362989 -0.3514033 -0.0172011 -0.3513129 -0.01398124 -0.3637092 -0.01686172 0.3506171 0.0315463 0.06987917 0.03476742 0.06987917 0.0315463 0.3506171 0.03476742 0.07151258 0.03185055 0.05808251 0.03612141 0.05783861 0.03279947 0.07174844 0.03506303 0.05868595 0.03278782 0.04638894 0.03783354 0.04593879 0.03420871 0.05909645 0.03609331 0.04665485 0.03739773 0.03510031 0.03500229 0.04616979 0.03377741 0.03565335 0.03912998 0.03572849 0.03671567 0.02647147 0.03329135 0.03523452 0.0325805 0.02704456 0.03808893 0.02636377 0.02911308 0.02065478 0.03471014 0.02029575 0.02911308 0.02667306 0.03393486 0.02010658 0.02437266 0.01590888 0.02996225 0.01642026 0.02376056 0.01964567 0.02996225 0.01764848 0.01476227 0.01365634 0.02071811 0.01431442 0.01430956 0.01701283 0.02095245 0.009468466 0.007030664 0.004981448 0.001438171 0.008264558 0.0007019059 0.006144334 0.007551282 0.02144062 -0.002075389 0.01629379 0.002916549 0.01827437 -0.003213695 0.01952753 0.003845972 0.02972244 0.01086547 0.02273391 0.01102233 0.02792428 0.007589772 0.02504434 0.01395924 0.03425078 0.01996169 0.02763179 0.01547744 0.03304618 0.01401444 0.02958637 0.02122203 0.01800087 0.04542394 0.01755746 0.03556384 0.0219528 0.03757037 0.0142124 0.04369445 -0.02402181 0.0540107 -0.01528032 0.04608406 -0.01366262 0.0499216 -0.02544066 0.05064486 -0.04950461 0.04958009 -0.0372076 0.04453437 -0.03675745 0.0481592 -0.04991511 0.0462746 -0.05458151 0.04438663 -0.06836095 0.04143129 -0.05465922 0.04105666 -0.0682858 0.04465154 -0.06987917 0.04022254 -0.3506171 0.03700142 -0.06987917 0.03700142 -0.3506171 0.04022254 -0.3507692 0.03137567 -0.3630814 0.0345968 -0.3630798 0.0313637 -0.3507708 0.0345968 -0.3633738 0.0243559 -0.3756797 0.02762493 -0.3756844 0.0243559 -0.3633691 0.027589 -0.3759702 0.02050554 -0.3883057 0.01730086 -0.3759952 0.0172366 -0.3882802 0.02062968 -0.37603 0.01242063 -0.3883861 0.009296478 -0.3760763 0.009151928 -0.3883389 0.01262505 -0.3758273 0.001608018 -0.363565 -0.001820524 -0.3635183 0.00141224 -0.3758745 -0.001660672 -0.363227 -0.01113756 -0.3509457 -0.01447436 -0.3509169 -0.01125336 -0.3632558 -0.01437053 -0.3506171 -0.02383159 -0.06987917 -0.02705272 -0.06987917 -0.02383159 -0.3506171 -0.02705272 0.07403854 0.01527419 0.06142082 0.02155114 0.06067113 0.01830572 0.07476352 0.01841266 0.06012282 0.02408012 0.04840704 0.03035837 0.04758812 0.02679868 0.06086959 0.02732621 0.04717764 0.02988646 0.03718834 0.03616812 0.03626429 0.03210736 0.04798811 0.03344808 0.03682147 0.03642269 0.02727161 0.03392901 0.03592167 0.03235649 0.02831554 0.03864657 0.02756678 0.03629155 0.0205982 0.03237256 0.02661093 0.03155535 0.02170774 0.03787028 0.02010658 0.03442524 0.01590888 0.02883565 0.01964567 0.02883565 0.01642026 0.03503733 0.01697389 0.02289667 0.01340624 0.02911609 0.01361639 0.02267727 0.0167709 0.02911609 0.01060519 0.01822675 0.006613048 0.0122709 0.009947108 0.0118182 0.007248704 0.01846109 -0.003449007 0.01080932 -0.002495695 0.003801956 0.000202592 0.009409244 -0.005868225 0.005781965 0.004933548 -0.01071178 0.003680386 -0.003652112 0.001767295 -0.009573473 0.006914125 -0.004581535 0.02616956 -0.006602687 0.02003195 -0.002896061 0.0233404 -0.008423878 0.02297385 -0.001263226 0.03217633 0.01575983 0.02562113 0.01333218 0.03171079 0.01205216 0.02668771 0.01691352 0.02796441 0.03287885 0.0245046 0.02567126 0.02991899 0.02713425 0.02329999 0.03161851 -0.002288814 0.05117936 0.002351154 0.04246793 0.005111897 0.04643321 -0.004668378 0.04776156 -0.03064737 0.05134203 -0.02065806 0.04506037 -0.01973402 0.04912113 -0.03145783 0.04778041 -0.03810766 0.04616402 -0.05115326 0.04361681 -0.03837403 0.04252107 -0.05091035 0.04693883 -0.05476995 0.04097055 -0.06851688 0.03786746 -0.05481191 0.03763993 -0.0684763 0.04108832 -0.06987917 0.0315463 -0.3506171 0.03476742 -0.3506171 0.0315463 -0.06987917 0.03476742 -0.3507692 0.02722335 -0.3630814 0.02400222 -0.3507708 0.02400222 -0.3630798 0.02723532 -0.3633848 0.01927876 -0.3757102 0.01608425 -0.3633996 0.01604569 -0.3756952 0.01935325 -0.3634275 0.01016302 -0.3757653 0.007016774 -0.363455 0.006930035 -0.3757375 0.01028569 -0.3631379 -0.002090012 -0.350843 -0.005376366 -0.3508275 -0.002155279 -0.3631535 -0.005323076 -0.3506171 -0.01438304 -0.06987917 -0.01760417 -0.06987917 -0.01438304 -0.3506171 -0.01760417 -0.06134592 -0.03863002 -0.04725352 -0.03873696 -0.04800321 -0.03549154 -0.06062093 -0.04176849 0.06082562 -0.005151248 0.05248377 0.005197155 0.05034207 0.002238243 0.06277863 -0.002453009 0.04887219 0.01931866 0.04013069 0.0272453 0.03851299 0.02340776 0.05029104 0.0226845 0.03718662 0.02806508 0.03054522 0.03536646 0.0288454 0.03084365 0.03865175 0.03196342 0.0291329 0.03592428 0.02163274 0.03315532 0.02744088 0.03139855 0.02359682 0.03840874 0.02133029 0.03725353 0.01623993 0.03246266 0.01992186 0.03182469 0.0178026 0.03848599 0.0167709 0.02951412 0.01361639 0.03595294 0.01340624 0.02951412 0.01697389 0.03573355 0.01096989 0.02832051 0.007402246 0.02210108 0.01075974 0.02188169 0.007605235 0.02832051 0.00274509 0.01902595 -0.002510872 0.01429448 0.00118057 0.01300311 -0.001108161 0.01969442 -0.01101745 0.01619157 -0.009793175 0.009402399 -0.006794619 0.01410725 -0.01346576 0.01235008 -0.007722462 0.002868928 -0.008438857 -0.004166606 -0.00450097 0.0006516378 -0.01125307 -0.001450991 -0.002413148 -0.02094901 -0.002046598 -0.01378836 -0.005242311 -0.01912782 0.0008952967 -0.0154212 0.03352527 0.002250754 0.02635525 0.002250754 0.03204497 -0.0007707684 0.02802942 0.005169321 0.0316521 0.02423872 0.02662902 0.01937736 0.03271868 0.02065738 0.02616348 0.02308504 0.01840655 0.04169176 0.01835163 0.03369698 0.02262473 0.03732969 0.01472534 0.03856224 -0.01097705 0.05061558 -0.004335648 0.0433142 -0.002635826 0.04783701 -0.01244217 0.04671724 -0.02220714 0.04688228 -0.03376168 0.04448684 -0.02276018 0.0427546 -0.03327662 0.04810717 -0.03874217 0.041999 -0.05169502 0.03901577 -0.03888624 0.03834917 -0.05156365 0.04234406 -0.05485447 0.0350422 -0.06857422 0.03182111 -0.0548678 0.03171135 -0.06856132 0.0350422 -0.06987917 0.02705272 -0.3506171 0.02383159 -0.06987917 0.02383159 -0.3506171 0.02705272 -0.3507752 0.01814104 -0.3630908 0.01493277 -0.3507802 0.01491992 -0.3630858 0.01816587 -0.3507916 0.008060269 -0.3631113 0.004868072 -0.3508007 0.004839158 -0.3631021 0.00810116 -0.3506171 -0.003844559 -0.06987917 -0.007065684 -0.06987917 -0.003844559 -0.3506171 -0.007065684 -0.06706404 -0.01934561 -0.05315421 -0.02160917 -0.05339811 -0.01828723 -0.06682818 -0.02255809 -0.02782437 -0.04949113 -0.01538781 -0.04479988 -0.01752951 -0.04184096 -0.02587136 -0.05218937 0.04661771 -0.009787474 0.04303554 0.001455901 0.03971025 -0.001051307 0.04953427 -0.007588445 0.03884271 0.01746792 0.03420274 0.02617935 0.031442 0.02221406 0.04122228 0.02088571 0.02884481 0.02790588 0.02653094 0.0355587 0.02352453 0.030824 0.03143479 0.03198476 0.02096212 0.03278698 0.020168 0.03973202 0.01747248 0.0341234 0.02339159 0.03784204 0.01764848 0.04013047 0.01365634 0.03417462 0.01701283 0.03394029 0.01431442 0.04058317 0.01075974 0.03674853 0.007605235 0.03030971 0.01096989 0.03030971 0.007402246 0.03652913 0.003639528 0.02835019 -0.0007303437 0.02278995 0.003127505 0.02214855 -0.0002712758 0.02835019 -0.008852461 0.022368 -0.006074316 0.01605344 -0.004259274 0.0213291 -0.01033444 0.01806044 -0.01750008 0.021171 -0.01532466 0.01484134 -0.01267829 0.01854917 -0.01937135 0.01854917 -0.01454375 0.01106031 -0.01508913 0.00418323 -0.0109911 0.007969134 -0.01788977 0.007969134 -0.01711359 -0.00875485 -0.01433778 -0.002250479 -0.01899313 -0.005325315 -0.01192122 -0.005325315 -0.02060607 -0.02231097 -0.01659052 -0.01637088 -0.02208637 -0.01928945 -0.01491634 -0.01928945 0.02462162 0.03096409 0.02060607 0.025024 0.02629579 0.02804553 0.01912577 0.02804553 0.02831664 0.03226413 0.02543671 0.02589466 0.03062708 0.02932722 0.02363855 0.02917036 0.01109009 0.04490312 0.01340396 0.0372503 0.01641037 0.041985 0.008500109 0.04082425 -0.006294292 0.04630528 -0.01584415 0.0438116 -0.007338229 0.04158772 -0.01494435 0.0478778 -0.02339178 0.04249239 -0.03477883 0.03939713 -0.0236922 0.03833867 -0.03451533 0.04304029 -0.03902617 0.03547555 -0.05189407 0.03214493 -0.03907199 0.03182316 -0.05185229 0.03547555 -0.05485447 0.02355728 -0.06857422 0.02677838 -0.06856132 0.02355728 -0.0548678 0.02688813 -0.06987917 0.01760417 -0.3506171 0.01438304 -0.06987917 0.01438304 -0.3506171 0.01760417 -0.06987917 0.007065684 -0.3506171 0.003844559 -0.06987917 0.003844559 -0.3506171 0.007065684 -0.06800891 -0.006542987 -0.05418319 -0.009273605 -0.05431509 -0.005945336 -0.06788135 -0.009761585 -0.04652666 -0.0254061 -0.03324518 -0.02593362 -0.0340641 -0.02237393 -0.04577988 -0.02865219 -0.001933658 -0.04179139 0.007890356 -0.03525425 0.004565066 -0.03274704 0.0009828967 -0.04399042 0.03623006 -0.004535642 0.03667347 0.005324464 0.03227813 0.003317933 0.04001854 -0.002806155 0.03033484 0.02020102 0.03038976 0.02819581 0.02611666 0.0245631 0.03401605 0.02333055 0.02276858 0.03128216 0.02362424 0.03821988 0.01968934 0.0333992 0.02631511 0.03562705 0.01897801 0.04173582 0.01449099 0.03614333 0.01781512 0.03562271 0.0156949 0.04247209 0.01060519 0.03666599 0.006613048 0.04262183 0.007248704 0.03643165 0.009947108 0.04307454 0.003639528 0.03044821 -0.0007303437 0.03600845 -0.0002712758 0.03044821 0.003127505 0.03664985 -0.008037781 0.02876399 -0.003935029 0.0232179 -0.003328569 0.02876399 -0.008532954 0.02423563 -0.01598852 0.02502559 -0.01230285 0.01943874 -0.01066512 0.02368952 -0.01714657 0.02201984 -0.02361331 0.02558403 -0.0202548 0.02000754 -0.01832134 0.02258385 -0.02461414 0.02425043 -0.01985672 0.01802863 -0.0193893 0.01135191 -0.01587533 0.01425077 -0.02234147 0.01597883 -0.01925761 0.007881924 -0.02170307 0.001431233 -0.01671033 0.003921107 -0.02333416 0.00584895 -0.02767845 -0.007133205 -0.02270415 -0.00210645 -0.02816428 -0.003252695 -0.02158846 -0.005854735 -0.0377347 0.006505323 -0.03056467 0.006505323 -0.03606052 0.00942389 -0.03204497 0.003483801 0.009880496 0.04271182 0.009513946 0.03555117 0.01282239 0.04107898 0.006684783 0.03737236 0.02348515 0.03030085 0.02434081 0.03723857 0.02079428 0.03289368 0.02742005 0.03512153 0.01236749 0.04260701 0.004867322 0.03983806 0.01040341 0.0373536 0.006559343 0.04436379 -0.008152307 0.04229333 -0.01740932 0.03886901 -0.008725396 0.03749575 -0.01691536 0.04300418 -0.02392992 0.03579855 -0.0351509 0.03214684 -0.02402563 0.03163508 -0.03506696 0.03579855 -0.03907199 0.02678046 -0.05185229 0.02312808 -0.03902617 0.02312808 -0.05189407 0.0264587 -0.05476995 0.01363937 -0.06851688 0.01674247 -0.0684763 0.0135216 -0.05481191 0.01696999 -0.05458151 0.002517017 -0.06836095 0.00547236 -0.0682858 0.002252112 -0.05465922 0.005846992 -0.04991511 -0.01001757 -0.03675745 -0.01190217 -0.0372076 -0.008277341 -0.04950461 -0.01332306 -0.02544066 -0.02609897 -0.01366262 -0.02537571 -0.01528032 -0.02153817 -0.02402181 -0.02946481 0.0142124 -0.02511759 0.0219528 -0.01899351 0.01755746 -0.01698698 0.01800087 -0.02684708 0.02958637 0.008353246 0.03304618 0.01556083 0.02763179 0.01409784 0.03425078 0.009613591 0.02504434 0.02704466 0.02792428 0.03341413 0.02273391 0.02998158 0.02972244 0.03013843 0.01952753 0.03396594 0.01827437 0.04102561 0.01629379 0.03489536 0.02144062 0.0398873 0.009468466 0.04070109 0.004981448 0.04629359 0.006144334 0.04018048 0.008264558 0.04702985 0.00274509 0.03739188 -0.002510872 0.04212336 -0.001108161 0.03672342 0.00118057 0.04341473 -0.003935029 0.03573042 -0.008037781 0.03018432 -0.003328569 0.03018432 -0.008532954 0.03471269 -0.01541468 0.02914242 -0.01047988 0.02462083 -0.009926181 0.02914242 -0.01580621 0.02594517 -0.02285957 0.02741651 -0.01818533 0.02288569 -0.01697588 0.02587113 -0.02348562 0.02587113 -0.02950976 0.02946208 -0.02497686 0.02494187 -0.02396329 0.02626581 -0.02477272 0.02408841 -0.02297157 0.0178328 -0.02043731 0.01982107 -0.02608455 0.02305921 -0.02286858 0.01599707 -0.02420433 0.009438656 -0.02004295 0.01129181 -0.02581112 0.01468669 -0.0246192 0.007353346 -0.02889112 0.001936477 -0.02338076 0.002809896 -0.02911839 0.006640201 -0.03675447 0.001449637 -0.03017865 0.004051676 -0.03563879 0.005197922 -0.03066448 0.0001711663 -0.03374964 0.02855385 -0.02761203 0.02484722 -0.03080775 0.03018668 -0.0304412 0.02302603 0.003376363 0.04572356 0.004629525 0.03866389 0.006610102 0.04479413 0.001463272 0.0398022 0.02188872 0.03200094 0.0210946 0.03894598 0.01866513 0.03389092 0.02458424 0.03760956 0.009956204 0.04024195 0.00298762 0.03632297 0.008846664 0.03474424 0.003943472 0.04105917 -0.009029267 0.03594115 -0.01797911 0.03177957 -0.009212579 0.03111294 -0.0178211 0.03594115 -0.02392992 0.02281594 -0.0351509 0.02646765 -0.03506696 0.02281594 -0.02402563 0.02697941 -0.03874217 0.01264911 -0.05169502 0.01563234 -0.05156365 0.01230405 -0.03888624 0.01629894 -0.03810766 0.0008520461 -0.05115326 0.003399254 -0.05091035 7.724068e-05 -0.03837403 0.004494994 -0.03145783 -0.01087996 -0.01973402 -0.01222068 -0.02065806 -0.00815992 -0.03064737 -0.01444158 -0.004668378 -0.02020115 0.005111897 -0.0188728 0.002351154 -0.01490752 -0.002288814 -0.02361895 0.02329999 -0.002043229 0.02991899 0.002441023 0.0245046 0.003904016 0.02796441 -0.003303573 0.02668771 0.02059104 0.03171079 0.02545239 0.02562113 0.02417237 0.03217633 0.02174472 0.02297385 0.02762322 0.0233404 0.03478387 0.02003195 0.02925605 0.02616956 0.03296268 0.006914125 0.04239345 0.001767295 0.04738539 0.003680386 0.04146403 0.004933548 0.04852369 -0.002495695 0.0482356 -0.003449007 0.04122823 0.000202592 0.04262831 -0.005868225 0.04625559 -0.006074316 0.04169347 -0.008852461 0.03537891 -0.004259274 0.03641781 -0.01033444 0.03968647 -0.01047988 0.03441591 -0.01541468 0.02989432 -0.009926181 0.02989432 -0.01580621 0.03309157 -0.0225762 0.02939971 -0.0169043 0.02620496 -0.01649294 0.02939971 -0.02278913 0.02774598 -0.02949464 0.02949472 -0.02394723 0.02630008 -0.0233104 0.02784105 -0.02952724 0.02944456 -0.02631872 0.02390517 -0.02499702 0.02492167 -0.02623669 0.02307653 -0.02613448 0.01656758 -0.02316839 0.01782376 -0.02777205 0.02242628 -0.02623706 0.01531682 -0.02932346 0.00937786 -0.02481306 0.01001626 -0.0294264 0.0148654 -0.03426042 0.01019832 -0.02998851 0.004781452 -0.02976123 0.009485176 -0.03549887 0.005654871 -0.04146029 0.01293357 -0.03438837 0.01293357 -0.03904373 0.01600841 -0.03626792 0.009504034 -0.02981802 0.03729605 -0.02467119 0.03230411 -0.02658428 0.03822547 -0.02783744 0.03116581 0.003652908 0.04476281 -0.0008341101 0.03917032 0.002449 0.03843405 0.0003287763 0.04528343 0.02254538 0.03725554 0.01745502 0.03246468 0.02098271 0.03123221 0.01886346 0.03789351 0.0086909 0.03547757 0.002313591 0.03065579 0.008331874 0.02988051 0.002622886 0.03547757 -0.009029267 0.02270009 -0.01797911 0.02686166 -0.0178211 0.02270009 -0.009212579 0.0275283 -0.02339178 0.01225583 -0.03477883 0.01535109 -0.03451533 0.01170793 -0.0236922 0.01640955 -0.02220714 0.0004276027 -0.03376168 0.002823043 -0.03327662 -0.0007972799 -0.02276018 0.004555289 -0.01244217 -0.008279363 -0.002635826 -0.009399131 -0.004335648 -0.004876322 -0.01097705 -0.0121777 0.01472534 -0.003641603 0.02262473 -0.00240905 0.01835163 0.001223659 0.01840655 -0.006771125 0.02616348 0.01441952 0.03271868 0.01684717 0.02662902 0.01812719 0.0316521 0.01326583 0.02802942 0.01127936 0.03204497 0.01721945 0.02635525 0.01419793 0.03352527 0.01419793 0.0008952967 0.04178118 -0.005242311 0.04548781 -0.002046598 0.04014835 -0.002413148 0.047309 -0.008438857 0.05063539 -0.007722462 0.04359986 -0.00450097 0.04581715 -0.01125307 0.04791978 -0.009793175 0.04620223 -0.01101745 0.03941306 -0.006794619 0.04149738 -0.01346576 0.04325455 -0.01230285 0.03907949 -0.01598852 0.03349264 -0.01066512 0.03482871 -0.01714657 0.03649839 -0.0169043 0.03287783 -0.0225762 0.02968308 -0.01649294 0.02968308 -0.02278913 0.0313368 -0.02948592 0.02953372 -0.02330155 0.02788054 -0.02308441 0.02953372 -0.02954241 0.02944687 -0.02787874 0.02326532 -0.0263388 0.02390464 -0.02787651 0.02262928 -0.02949402 0.01632369 -0.02630168 0.01675341 -0.02952898 0.02240685 -0.03278929 0.01642407 -0.0297029 0.01048511 -0.02959996 0.01597265 -0.0342133 0.01112351 -0.03799263 0.01543945 -0.03554716 0.008988756 -0.03391607 0.01340647 -0.0405399 0.01147863 -0.03942268 0.02489714 -0.03870629 0.0178616 -0.03589207 0.02057722 -0.04264418 0.02267984 -0.02312535 0.03461256 -0.02761236 0.04020505 -0.02640846 0.03387629 -0.02428823 0.04072567 0.00212061 0.04183533 -0.00187153 0.03587948 0.001462531 0.03542678 -0.001235873 0.04206966 0.02130348 0.03463467 0.01710579 0.02904508 0.0207921 0.02843298 0.0175667 0.03463467 0.0086909 0.02324188 0.002313591 0.02806366 0.002622886 0.02324188 0.008331874 0.02883894 -0.008152307 0.01270047 -0.01740932 0.01612479 -0.01691536 0.01198962 -0.008725396 0.01749805 -0.006294292 0.001719956 -0.01584415 0.004213638 -0.01494435 0.0001474351 -0.007338229 0.006437518 0.008500109 0.00179713 0.01641037 0.0006363702 0.01340396 0.005371074 0.01109009 -0.002281743 0.02363855 0.01183354 0.03062708 0.01167668 0.02543671 0.01510924 0.02831664 0.008739771 0.01912577 -0.01159684 0.02629579 -0.01159684 0.02060607 -0.008575322 0.02462162 -0.01451541 -0.01491634 0.03573813 -0.02208637 0.03573813 -0.01659052 0.03281956 -0.02060607 0.03875965 -0.01192122 0.04636533 -0.01899313 0.04636533 -0.01433778 0.04329049 -0.01711359 0.04979486 -0.01508913 0.04884014 -0.01454375 0.04196306 -0.0109911 0.04505424 -0.01788977 0.04505424 -0.01532466 0.04276777 -0.01750008 0.03643811 -0.01267829 0.03905994 -0.01937135 0.03905994 -0.01818533 0.03603068 -0.02285957 0.03149986 -0.01697588 0.03304524 -0.02348562 0.03304524 -0.02948592 0.02956865 -0.02308441 0.02956865 -0.02330155 0.03122182 -0.02954738 0.02306691 -0.02789434 0.02328503 -0.02955118 0.02946843 -0.0312053 0.02296887 -0.0295878 0.01666328 -0.02955283 0.02274643 -0.03278013 0.01709299 -0.03557296 0.01899217 -0.0342372 0.01243375 -0.03263041 0.01768179 -0.03839858 0.0142869 -0.04017828 0.02092818 -0.03963289 0.01405109 -0.03683225 0.017837 -0.04373092 0.017837 -0.03865093 0.03048019 -0.03960425 0.02347283 -0.03623172 0.02545284 -0.04230253 0.02908012 -0.02239 0.03338812 -0.02638214 0.03934396 -0.02572406 0.03293542 -0.02302566 0.0395783 0.001364982 0.03635281 -0.002202661 0.03013338 0.001154832 0.02991398 -0.001999672 0.03635281 0.0207921 0.03036491 0.0175667 0.02416323 0.02130348 0.02416323 0.01710579 0.02975282 0.009956204 0.0154646 0.00298762 0.01938358 0.003943472 0.01464738 0.008846664 0.02096231 0.01236749 0.00745384 0.004867322 0.0102228 0.006559343 0.005697064 0.01040341 0.01270725 0.02434081 0.009206704 0.02348515 0.01614443 0.02079428 0.01355159 0.02742005 0.01132374 0.006684783 -0.01101237 0.01282239 -0.01471899 0.009513946 -0.009191177 0.009880496 -0.01635183 -0.03204497 0.01296488 -0.03606052 0.00702479 -0.03056467 0.009943357 -0.0377347 0.009943357 -0.02158846 0.04340475 -0.02816428 0.04080271 -0.02270415 0.03965646 -0.02767845 0.04468322 -0.02170307 0.04925059 -0.01925761 0.0427999 -0.01671033 0.04676072 -0.02333416 0.04483287 -0.0193893 0.04518926 -0.01985672 0.03851254 -0.01587533 0.0422904 -0.02234147 0.04056234 -0.0202548 0.03861946 -0.02361331 0.03304297 -0.01832134 0.03604314 -0.02461414 0.03437656 -0.02949464 0.02959018 -0.0233104 0.03124384 -0.02394723 0.03278481 -0.03120802 0.02332004 -0.02955497 0.02310191 -0.02955118 0.02950343 -0.03267241 0.02400157 -0.03277462 0.01749263 -0.03113706 0.02335133 -0.03574071 0.01874881 -0.03761174 0.02205188 -0.03807916 0.01537517 -0.03512699 0.02000208 -0.04159312 0.01827402 -0.04116429 0.02560135 -0.04238857 0.01881218 -0.03871598 0.02175986 -0.04538712 0.02351703 -0.03632043 0.02757654 -0.04157639 0.03230801 -0.04001187 0.02628516 -0.03772314 0.03297647 -0.02217347 0.02933779 -0.02574111 0.03555722 -0.02553096 0.0291184 -0.02237646 0.03555722 0.001364982 0.02227741 -0.002202661 0.02849683 -0.001999672 0.02227741 0.001154832 0.02871623 0.02254538 0.01915779 0.01745502 0.02394866 0.01886346 0.01851982 0.02098271 0.02518112 0.0210946 0.01307921 0.02188872 0.02002425 0.01866513 0.01813427 0.02458424 0.01441563 0.001463272 -0.001990284 0.006610102 -0.006982221 0.004629525 -0.0008519778 0.003376363 -0.007911644 -0.0304412 0.003333958 -0.03080775 -0.003826695 -0.02761203 0.001512767 -0.03374964 -0.00219386 -0.03066448 0.03737885 -0.03563879 0.03235209 -0.03017865 0.03349834 -0.03675447 0.03610038 -0.02889112 0.04734282 -0.0246192 0.04192595 -0.02338076 0.0464694 -0.02911839 0.04263909 -0.02420433 0.04616108 -0.02286858 0.03960267 -0.02004295 0.04430793 -0.02581112 0.04091304 -0.02297157 0.04045827 -0.02477272 0.03420266 -0.02043731 0.03847 -0.02608455 0.03523186 -0.02950976 0.02959255 -0.02396329 0.03278882 -0.02497686 0.03411276 -0.03274602 0.02400025 -0.03120608 0.02336093 -0.02954241 0.02954249 -0.03384079 0.02534571 -0.03564194 0.0190901 -0.03252896 0.02431651 -0.03817619 0.02107837 -0.03890304 0.02511967 -0.04107846 0.01879001 -0.03703177 0.02249784 -0.04372483 0.02249784 -0.04139345 0.02900089 -0.0441716 0.02268633 -0.03991148 0.02469333 -0.04598664 0.02796199 -0.0365288 0.02745469 -0.04089867 0.03301493 -0.04038665 0.02681329 -0.03698787 0.03301493 -0.02217347 0.02929242 -0.02574111 0.023073 -0.02237646 0.023073 -0.02553096 0.02951182 0.00212061 0.01305741 -0.00187153 0.01901326 -0.001235873 0.01282307 0.001462531 0.01946596 0.003652908 0.002968945 -0.0008341101 0.008561437 0.0003287763 0.002448326 0.002449 0.009297702 -0.02783744 0.006646106 -0.02658428 -0.0004135606 -0.02467119 0.0055078 -0.02981802 0.0005158621 -0.03626792 0.03153598 -0.03904373 0.02503161 -0.03438837 0.02810644 -0.04146029 0.02810644 -0.03549887 0.04362442 -0.02976123 0.03979412 -0.02998851 0.04449784 -0.03426042 0.03908097 -0.02932346 0.04567101 -0.02623706 0.03973205 -0.02481306 0.04503261 -0.0294264 0.04018347 -0.02613448 0.041431 -0.02623669 0.03492205 -0.02316839 0.04017482 -0.02777205 0.0355723 -0.02952724 0.0295751 -0.02499702 0.03409799 -0.02631872 0.03511449 -0.03405746 0.02505221 -0.03273577 0.02403571 -0.02952724 0.0295751 -0.03466435 0.02683412 -0.03802286 0.02125763 -0.03366352 0.02550052 -0.03995632 0.02383394 -0.03953835 0.02787131 -0.04322401 0.02228446 -0.03838029 0.02486556 -0.04486175 0.02653524 -0.04118409 0.03114232 -0.04528684 0.02559623 -0.04068892 0.02661395 -0.0458933 0.03114232 -0.03698787 0.02578347 -0.04038665 0.03198511 -0.04089867 0.02578347 -0.0365288 0.03134371 -0.02239 0.02150462 -0.02638214 0.01554877 -0.02302566 0.01531444 -0.02572406 0.02195732 -0.02312535 0.0131192 -0.02761236 0.00752671 -0.02428823 0.007006092 -0.02640846 0.01385547 -0.03870629 0.02860719 -0.03942268 0.02157165 -0.03589207 0.02589157 -0.04264418 0.02378894 -0.03554716 0.04169307 -0.03799263 0.03524238 -0.03391607 0.03727535 -0.0405399 0.03920319 -0.0342133 0.04392535 -0.02959996 0.03907622 -0.0297029 0.04456376 -0.03278929 0.0386248 -0.02949402 0.04150534 -0.02787651 0.03519975 -0.02630168 0.04107562 -0.02952898 0.03542219 -0.02954241 0.02954249 -0.0263388 0.03508472 -0.02787874 0.03572404 -0.03505622 0.02639627 -0.03404265 0.02507233 -0.02950976 0.02959255 -0.03513186 0.02832715 -0.0398061 0.02379632 -0.0345058 0.02678177 -0.04101555 0.02678177 -0.0396245 0.03017487 -0.04455931 0.02565329 -0.03923298 0.02697763 -0.045113 0.03017487 -0.04528684 0.03335209 -0.04118409 0.027806 -0.04068892 0.03233436 -0.0458933 0.027806 -0.03632043 0.0288413 -0.04157639 0.02410983 -0.03772314 0.02344136 -0.04001187 0.03013268 -0.03960425 0.02856472 -0.03865093 0.02155736 -0.03623172 0.02658471 -0.04230253 0.02295743 -0.03963289 0.03897228 -0.04017828 0.0320952 -0.03683225 0.03518637 -0.04373092 0.03518637 -0.0342372 0.04316599 -0.03557296 0.03660757 -0.03263041 0.03791795 -0.03839858 0.04131283 -0.03278013 0.04073604 -0.02955283 0.0350826 -0.0295878 0.04116576 -0.0312053 0.03486017 -0.02955118 0.02950343 -0.02789434 0.03568683 -0.02954738 0.03590495 -0.03567888 0.02793651 -0.03504205 0.02639554 -0.02949464 0.02959018 -0.03525188 0.02973208 -0.04092377 0.02653734 -0.03503895 0.02807836 -0.04133513 0.02973208 -0.04455931 0.03338345 -0.0396245 0.02886187 -0.03923298 0.03205911 -0.045113 0.02886187 -0.0441716 0.03506058 -0.04139345 0.02874602 -0.03991148 0.03305357 -0.04598664 0.02978492 -0.04238857 0.03679245 -0.04116429 0.03000327 -0.03871598 0.03384477 -0.04538712 0.0320876 -0.03807916 0.04116601 -0.03761174 0.03448929 -0.03512699 0.03653909 -0.04159312 0.03826715 -0.03277462 0.04050595 -0.03267241 0.033997 -0.03113706 0.03464725 -0.03574071 0.03924977 -0.03120802 0.03565182 -0.02955118 0.02946843 -0.02955497 0.03586994 -0.03588744 0.02956865 -0.0356703 0.02791547 -0.02948592 0.02956865 -0.04092377 0.03254545 -0.03525188 0.0293507 -0.03503895 0.03100443 -0.04133513 0.0293507 -0.04322401 0.03623377 -0.03953835 0.03064692 -0.03838029 0.03365267 -0.04486175 0.03198299 -0.04107846 0.0388191 -0.03890304 0.03248944 -0.03703177 0.03511127 -0.04372483 0.03511127 -0.03564194 0.03920097 -0.03384079 0.03294536 -0.03252896 0.03397456 -0.03817619 0.0372127 -0.03274602 0.03498911 -0.02954241 0.02944687 -0.03120608 0.03562843 -0.03588744 0.02953372 -0.02948592 0.02953372 -0.0356703 0.03118689 -0.0398061 0.03512004 -0.03513186 0.03058922 -0.0345058 0.0321346 -0.04101555 0.0321346 -0.03802286 0.03736936 -0.03466435 0.03179287 -0.03366352 0.03312647 -0.03995632 0.03479305 -0.03405746 0.03396745 -0.02952724 0.02944456 -0.03273577 0.03498395 -0.03567888 0.03114838 -0.02949464 0.02949472 -0.03504205 0.03268935 -0.03505622 0.03265835 -0.02950976 0.02946208 -0.03404265 0.03398229</float_array>
                    <technique_common>
                        <accessor count="4272" source="#ID21" stride="2">
                            <param name="S" type="float" />
                            <param name="T" type="float" />
                        </accessor>
                    </technique_common>
                </source>
                <vertices id="ID13">
                    <input semantic="POSITION" source="#ID10" />
                    <input semantic="NORMAL" source="#ID11" />
                </vertices>
                <triangles count="2112" material="Material2">
                    <input offset="0" semantic="VERTEX" source="#ID13" />
                    <input offset="1" semantic="TEXCOORD" source="#ID14" />
                    <p>0 0 1 1 2 2 1 1 0 0 3 3 12 4 3 5 0 6 3 5 12 4 13 7 3 8 18 9 1 10 18 9 3 8 19 11 24 12 1 13 25 14 1 13 24 12 2 15 30 16 2 17 31 18 2 17 30 16 0 19 36 20 13 21 12 22 13 21 36 20 37 23 13 24 19 25 3 26 19 25 13 24 42 27 45 28 0 29 30 30 0 29 45 28 12 31 19 32 48 33 18 34 48 33 19 32 49 35 25 36 18 37 54 38 18 37 25 36 1 39 57 40 25 41 58 42 25 41 57 40 24 43 63 44 2 45 24 46 2 45 63 44 31 47 66 48 31 49 67 50 31 49 66 48 30 51 72 52 37 53 36 54 37 53 72 52 73 55 37 56 42 57 13 58 42 57 37 56 78 59 81 60 12 61 45 62 12 61 81 60 36 63 42 64 49 65 19 66 49 65 42 64 84 67 87 68 30 69 66 70 30 69 87 68 45 71 49 72 90 73 48 74 90 73 49 72 91 75 54 76 48 77 96 78 48 77 54 76 18 79 58 80 54 81 99 82 54 81 58 80 25 83 102 84 58 85 103 86 58 85 102 84 57 87 108 88 24 89 57 90 24 89 108 88 63 91 111 92 31 93 63 94 31 93 111 92 67 95 114 96 67 97 115 98 67 97 114 96 66 99 72 100 120 101 73 102 120 101 72 100 121 103 73 104 78 105 37 106 78 105 73 104 126 107 129 108 36 109 81 110 36 109 129 108 72 111 78 112 84 113 42 114 84 113 78 112 132 115 135 116 45 117 87 118 45 117 135 116 81 119 84 120 91 121 49 122 91 121 84 120 138 123 141 124 66 125 114 126 66 125 141 124 87 127 91 128 144 129 90 130 144 129 91 128 145 131 96 132 90 133 150 134 90 133 96 132 48 135 99 136 96 137 153 138 96 137 99 136 54 139 103 140 99 141 156 142 99 141 103 140 58 143 159 144 103 145 160 146 103 145 159 144 102 147 165 148 57 149 102 150 57 149 165 148 108 151 168 152 63 153 108 154 63 153 168 152 111 155 171 156 67 157 111 158 67 157 171 156 115 159 174 160 115 161 175 162 115 161 174 160 114 163 121 164 180 165 120 166 180 165 121 164 181 167 73 168 186 169 126 170 186 169 73 168 120 171 129 172 121 173 72 174 121 173 129 172 189 175 78 176 192 177 132 178 192 177 78 176 126 179 135 180 129 181 81 182 129 181 135 180 195 183 132 184 138 185 84 186 138 185 132 184 198 187 201 188 87 189 141 190 87 189 201 188 135 191 138 192 145 193 91 194 145 193 138 192 204 195 207 196 114 197 174 198 114 197 207 196 141 199 145 200 210 201 144 202 210 201 145 200 211 203 150 204 144 205 216 206 144 205 150 204 90 207 153 208 150 209 219 210 150 209 153 208 96 211 156 212 153 213 222 214 153 213 156 212 99 215 160 216 156 217 225 218 156 217 160 216 103 219 228 220 160 221 229 222 160 221 228 220 159 223 234 224 102 225 159 226 102 225 234 224 165 227 237 228 108 229 165 230 108 229 237 228 168 231 240 232 111 233 168 234 111 233 240 232 171 235 243 236 115 237 171 238 115 237 243 236 175 239 246 240 174 241 175 242 174 241 246 240 247 243 181 244 252 245 180 246 252 245 181 244 253 247 120 248 258 249 186 250 258 249 120 248 180 251 189 252 181 253 121 254 181 253 189 252 261 255 126 256 264 257 192 258 264 257 126 256 186 259 195 260 189 261 129 262 189 261 195 260 267 263 132 264 270 265 198 266 270 265 132 264 192 267 273 268 135 269 201 270 135 269 273 268 195 271 198 272 204 273 138 274 204 273 198 272 276 275 279 276 141 277 207 278 141 277 279 276 201 279 204 280 211 281 145 282 211 281 204 280 282 283 247 284 207 285 174 286 207 285 247 284 285 287 211 288 288 289 210 290 288 289 211 288 289 291 216 292 210 293 294 294 210 293 216 292 144 295 219 296 216 297 297 298 216 297 219 296 150 299 222 300 219 301 300 302 219 301 222 300 153 303 225 304 222 305 303 306 222 305 225 304 156 307 229 308 225 309 306 310 225 309 229 308 160 311 309 312 229 313 310 314 229 313 309 312 228 315 315 316 159 317 228 318 159 317 315 316 234 319 318 320 165 321 234 322 165 321 318 320 237 323 321 324 168 325 237 326 168 325 321 324 240 327 324 328 171 329 240 330 171 329 324 328 243 331 327 332 175 333 243 334 175 333 327 332 246 335 330 336 247 337 246 338 247 337 330 336 331 339 253 340 336 341 252 342 336 341 253 340 337 343 180 344 342 345 258 346 342 345 180 344 252 347 261 348 253 349 181 350 253 349 261 348 345 351 186 352 348 353 264 354 348 353 186 352 258 355 267 356 261 357 189 358 261 357 267 356 351 359 192 360 354 361 270 362 354 361 192 360 264 363 273 364 267 365 195 366 267 365 273 364 357 367 270 368 276 369 198 370 276 369 270 368 360 371 363 372 201 373 279 374 201 373 363 372 273 375 276 376 282 377 204 378 282 377 276 376 366 379 285 380 279 381 207 382 279 381 285 380 369 383 282 384 289 385 211 386 289 385 282 384 372 387 331 388 285 389 247 390 285 389 331 388 375 391 289 392 378 393 288 394 378 393 289 392 379 395 294 396 288 397 384 398 288 397 294 396 210 399 297 400 294 401 387 402 294 401 297 400 216 403 300 404 297 405 390 406 297 405 300 404 219 407 303 408 300 409 393 410 300 409 303 408 222 411 306 412 303 413 396 414 303 413 306 412 225 415 310 416 306 417 399 418 306 417 310 416 229 419 310 420 402 421 309 422 402 421 310 420 403 423 408 424 228 425 309 426 228 425 408 424 315 427 411 428 234 429 315 430 234 429 411 428 318 431 414 432 237 433 318 434 237 433 414 432 321 435 417 436 240 437 321 438 240 437 417 436 324 439 420 440 243 441 324 442 243 441 420 440 327 443 423 444 246 445 327 446 246 445 423 444 330 447 330 448 426 449 331 450 426 449 330 448 427 451 337 452 432 453 336 454 432 453 337 452 433 455 252 456 438 457 342 458 438 457 252 456 336 459 345 460 337 461 253 462 337 461 345 460 441 463 258 464 444 465 348 466 444 465 258 464 342 467 351 468 345 469 261 470 345 469 351 468 447 471 264 472 450 473 354 474 450 473 264 472 348 475 357 476 351 477 267 478 351 477 357 476 453 479 270 480 456 481 360 482 456 481 270 480 354 483 459 484 273 485 363 486 273 485 459 484 357 487 276 488 462 489 366 490 462 489 276 488 360 491 369 492 363 493 279 494 363 493 369 492 465 495 366 496 372 497 282 498 372 497 366 496 468 499 375 500 369 501 285 502 369 501 375 500 471 503 372 504 379 505 289 506 379 505 372 504 474 507 331 508 477 509 375 510 477 509 331 508 426 511 379 512 480 513 378 514 480 513 379 512 481 515 384 516 378 517 486 518 378 517 384 516 288 519 387 520 384 521 489 522 384 521 387 520 294 523 390 524 387 525 492 526 387 525 390 524 297 527 393 528 390 529 495 530 390 529 393 528 300 531 396 532 393 533 498 534 393 533 396 532 303 535 399 536 396 537 501 538 396 537 399 536 306 539 399 540 403 541 310 542 403 541 399 540 504 543 403 544 507 545 402 546 507 545 403 544 508 547 309 548 513 549 408 550 513 549 309 548 402 551 516 552 315 553 408 554 315 553 516 552 411 555 519 556 318 557 411 558 318 557 519 556 414 559 522 560 321 561 414 562 321 561 522 560 417 563 525 564 324 565 417 566 324 565 525 564 420 567 528 568 327 569 420 570 327 569 528 568 423 571 423 572 427 573 330 574 427 573 423 572 531 575 427 576 534 577 426 578 534 577 427 576 535 579 433 580 540 581 432 582 540 581 433 580 541 583 336 584 546 585 438 586 546 585 336 584 432 587 441 588 433 589 337 590 433 589 441 588 549 591 342 592 552 593 444 594 552 593 342 592 438 595 447 596 441 597 345 598 441 597 447 596 555 599 348 600 558 601 450 602 558 601 348 600 444 603 453 604 447 605 351 606 447 605 453 604 561 607 354 608 564 609 456 610 564 609 354 608 450 611 567 612 357 613 459 614 357 613 567 612 453 615 360 616 570 617 462 618 570 617 360 616 456 619 573 620 363 621 465 622 363 621 573 620 459 623 462 624 468 625 366 626 468 625 462 624 576 627 579 628 369 629 471 630 369 629 579 628 465 631 468 632 474 633 372 634 474 633 468 632 582 635 375 636 585 637 471 638 585 637 375 636 477 639 474 640 481 641 379 642 481 641 474 640 588 643 426 644 591 645 477 646 591 645 426 644 534 647 481 648 594 649 480 650 594 649 481 648 595 651 486 652 480 653 600 654 480 653 486 652 378 655 489 656 486 657 603 658 486 657 489 656 384 659 492 660 489 661 606 662 489 661 492 660 387 663 495 664 492 665 609 666 492 665 495 664 390 667 498 668 495 669 612 670 495 669 498 668 393 671 501 672 498 673 615 674 498 673 501 672 396 675 501 676 504 677 399 678 504 677 501 676 618 679 504 680 508 681 403 682 508 681 504 680 621 683 508 684 624 685 507 686 624 685 508 684 625 687 402 688 630 689 513 690 630 689 402 688 507 691 408 692 633 693 516 694 633 693 408 692 513 695 636 696 411 697 516 698 411 697 636 696 519 699 639 700 414 701 519 702 414 701 639 700 522 703 642 704 417 705 522 706 417 705 642 704 525 707 645 708 420 709 525 710 420 709 645 708 528 711 528 712 531 713 423 714 531 713 528 712 648 715 531 716 535 717 427 718 535 717 531 716 651 719 535 720 654 721 534 722 654 721 535 720 655 723 541 724 660 725 540 726 660 725 541 724 661 727 432 728 666 729 546 730 666 729 432 728 540 731 549 732 541 733 433 734 541 733 549 732 669 735 438 736 672 737 552 738 672 737 438 736 546 739 555 740 549 741 441 742 549 741 555 740 675 743 444 744 678 745 558 746 678 745 444 744 552 747 561 748 555 749 447 750 555 749 561 748 681 751 450 752 684 753 564 754 684 753 450 752 558 755 567 756 561 757 453 758 561 757 567 756 687 759 456 760 690 761 570 762 690 761 456 760 564 763 693 764 459 765 573 766 459 765 693 764 567 767 462 768 696 769 576 770 696 769 462 768 570 771 699 772 465 773 579 774 465 773 699 772 573 775 468 776 702 777 582 778 702 777 468 776 576 779 585 780 579 781 471 782 579 781 585 780 705 783 582 784 588 785 474 786 588 785 582 784 708 787 477 788 711 789 585 790 711 789 477 788 591 791 588 792 595 793 481 794 595 793 588 792 714 795 534 796 717 797 591 798 717 797 534 796 654 799 595 800 720 801 594 802 720 801 595 800 721 803 600 804 594 805 726 806 594 805 600 804 480 807 603 808 600 809 729 810 600 809 603 808 486 811 606 812 603 813 732 814 603 813 606 812 489 815 609 816 606 817 735 818 606 817 609 816 492 819 612 820 609 821 738 822 609 821 612 820 495 823 615 824 612 825 741 826 612 825 615 824 498 827 615 828 618 829 501 830 618 829 615 828 744 831 618 832 621 833 504 834 621 833 618 832 747 835 621 836 625 837 508 838 625 837 621 836 750 839 625 840 753 841 624 842 753 841 625 840 754 843 507 844 759 845 630 846 759 845 507 844 624 847 513 848 762 849 633 850 762 849 513 848 630 851 516 852 765 853 636 854 765 853 516 852 633 855 768 856 519 857 636 858 519 857 768 856 639 859 771 860 522 861 639 862 522 861 771 860 642 863 774 864 525 865 642 866 525 865 774 864 645 867 645 868 648 869 528 870 648 869 645 868 777 871 648 872 651 873 531 874 651 873 648 872 780 875 651 876 655 877 535 878 655 877 651 876 783 879 786 880 654 881 655 882 661 883 789 884 660 885 789 884 661 883 790 886 540 887 795 888 666 889 795 888 540 887 660 890 669 891 661 892 541 893 661 892 669 891 798 894 546 895 801 896 672 897 801 896 546 895 666 898 675 899 669 900 549 901 669 900 675 899 804 902 552 903 807 904 678 905 807 904 552 903 672 906 681 907 675 908 555 909 675 908 681 907 810 910 558 911 813 912 684 913 813 912 558 911 678 914 687 915 681 916 561 917 681 916 687 915 816 918 564 919 819 920 690 921 819 920 564 919 684 922 693 923 687 924 567 925 687 924 693 923 822 926 570 927 825 928 696 929 825 928 570 927 690 930 828 931 573 932 699 933 573 932 828 931 693 934 576 935 831 936 702 937 831 936 576 935 696 938 705 939 699 940 579 941 699 940 705 939 834 942 702 943 708 944 582 945 708 944 702 943 837 946 711 947 705 948 585 949 705 948 711 947 840 950 708 951 714 952 588 953 714 952 708 951 843 954 591 955 846 956 711 957 846 956 591 955 717 958 714 959 721 960 595 961 721 960 714 959 849 962 786 963 717 964 654 965 721 966 852 967 720 968 852 967 721 966 853 969 726 970 720 971 858 972 720 971 726 970 594 973 729 974 726 975 861 976 726 975 729 974 600 977 732 978 729 979 864 980 729 979 732 978 603 981 735 982 732 983 867 984 732 983 735 982 606 985 738 986 735 987 870 988 735 987 738 986 609 989 741 990 738 991 873 992 738 991 741 990 612 993 741 994 744 995 615 996 744 995 741 994 876 997 744 998 747 999 618 1000 747 999 744 998 879 1001 747 1002 750 1003 621 1004 750 1003 747 1002 882 1005 750 1006 754 1007 625 1008 754 1007 750 1006 885 1009 888 1010 753 1011 754 1012 753 1011 888 1010 889 1013 753 1014 759 1015 624 1016 759 1015 753 1014 894 1017 630 1018 897 1019 762 1020 897 1019 630 1018 759 1021 633 1022 900 1023 765 1024 900 1023 633 1022 762 1025 765 1026 768 1027 636 1028 768 1027 765 1026 903 1029 906 1030 639 1031 768 1032 639 1031 906 1030 771 1033 909 1034 642 1035 771 1036 642 1035 909 1034 774 1037 774 1038 777 1039 645 1040 777 1039 774 1038 912 1041 777 1042 780 1043 648 1044 780 1043 777 1042 915 1045 780 1046 783 1047 651 1048 783 1047 780 1046 918 1049 786 1050 655 1051 783 1052 789 1053 889 1054 888 1055 889 1054 789 1053 790 1056 660 1057 921 1058 795 1059 921 1058 660 1057 789 1060 798 1061 790 1062 661 1063 790 1062 798 1061 924 1064 666 1065 927 1066 801 1067 927 1066 666 1065 795 1068 804 1069 798 1070 669 1071 798 1070 804 1069 930 1072 672 1073 933 1074 807 1075 933 1074 672 1073 801 1076 810 1077 804 1078 675 1079 804 1078 810 1077 936 1080 678 1081 939 1082 813 1083 939 1082 678 1081 807 1084 816 1085 810 1086 681 1087 810 1086 816 1085 942 1088 684 1089 945 1090 819 1091 945 1090 684 1089 813 1092 822 1093 816 1094 687 1095 816 1094 822 1093 948 1096 690 1097 951 1098 825 1099 951 1098 690 1097 819 1100 828 1101 822 1102 693 1103 822 1102 828 1101 954 1104 696 1105 957 1106 831 1107 957 1106 696 1105 825 1108 834 1109 828 1110 699 1111 828 1110 834 1109 960 1112 702 1113 963 1114 837 1115 963 1114 702 1113 831 1116 840 1117 834 1118 705 1119 834 1118 840 1117 966 1120 837 1121 843 1122 708 1123 843 1122 837 1121 969 1124 846 1125 840 1126 711 1127 840 1126 846 1125 972 1128 843 1129 849 1130 714 1131 849 1130 843 1129 975 1132 786 1133 846 1134 717 1135 849 1136 853 1137 721 1138 853 1137 849 1136 978 1139 853 1140 981 1141 852 1142 981 1141 853 1140 982 1143 858 1144 852 1145 987 1146 852 1145 858 1144 720 1147 861 1148 858 1149 990 1150 858 1149 861 1148 726 1151 864 1152 861 1153 993 1154 861 1153 864 1152 729 1155 867 1156 864 1157 996 1158 864 1157 867 1156 732 1159 870 1160 867 1161 999 1162 867 1161 870 1160 735 1163 873 1164 870 1165 1002 1166 870 1165 873 1164 738 1167 873 1168 876 1169 741 1170 876 1169 873 1168 1005 1171 876 1172 879 1173 744 1174 879 1173 876 1172 1008 1175 879 1176 882 1177 747 1178 882 1177 879 1176 1011 1179 882 1180 885 1181 750 1182 885 1181 882 1180 1014 1183 1017 1184 754 1185 885 1186 754 1185 1017 1184 888 1187 889 1188 894 1189 753 1190 894 1189 889 1188 1020 1191 759 1192 1023 1193 897 1194 1023 1193 759 1192 894 1195 762 1196 1026 1197 900 1198 1026 1197 762 1196 897 1199 900 1200 903 1201 765 1202 903 1201 900 1200 1029 1203 903 1204 906 1205 768 1206 906 1205 903 1204 1032 1207 1035 1208 771 1209 906 1210 771 1209 1035 1208 909 1211 774 1212 1038 1213 912 1214 1038 1213 774 1212 909 1215 912 1216 915 1217 777 1218 915 1217 912 1216 1041 1219 915 1220 918 1221 780 1222 918 1221 915 1220 1044 1223 786 1224 783 1225 918 1226 921 1227 888 1228 1017 1229 888 1228 921 1227 789 1230 790 1231 1020 1232 889 1233 1020 1232 790 1231 924 1234 795 1235 1047 1236 927 1237 1047 1236 795 1235 921 1238 930 1239 924 1240 798 1241 924 1240 930 1239 1050 1242 801 1243 1053 1244 933 1245 1053 1244 801 1243 927 1246 936 1247 930 1248 804 1249 930 1248 936 1247 1056 1250 807 1251 1059 1252 939 1253 1059 1252 807 1251 933 1254 942 1255 936 1256 810 1257 936 1256 942 1255 1062 1258 813 1259 1065 1260 945 1261 1065 1260 813 1259 939 1262 948 1263 942 1264 816 1265 942 1264 948 1263 1068 1266 819 1267 1071 1268 951 1269 1071 1268 819 1267 945 1270 954 1271 948 1272 822 1273 948 1272 954 1271 1074 1274 825 1275 1077 1276 957 1277 1077 1276 825 1275 951 1278 960 1279 954 1280 828 1281 954 1280 960 1279 1080 1282 831 1283 1083 1284 963 1285 1083 1284 831 1283 957 1286 966 1287 960 1288 834 1289 960 1288 966 1287 1086 1290 837 1291 1089 1292 969 1293 1089 1292 837 1291 963 1294 972 1295 966 1296 840 1297 966 1296 972 1295 1092 1298 843 1299 1095 1300 975 1301 1095 1300 843 1299 969 1302 786 1303 972 1304 846 1305 975 1306 978 1307 849 1308 978 1307 975 1306 1098 1309 978 1310 982 1311 853 1312 982 1311 978 1310 1101 1313 982 1314 1104 1315 981 1316 1104 1315 982 1314 1105 1317 987 1318 981 1319 1110 1320 981 1319 987 1318 852 1321 990 1322 987 1323 1113 1324 987 1323 990 1322 858 1325 993 1326 990 1327 1116 1328 990 1327 993 1326 861 1329 996 1330 993 1331 1119 1332 993 1331 996 1330 864 1333 999 1334 996 1335 1122 1336 996 1335 999 1334 867 1337 1002 1338 999 1339 1125 1340 999 1339 1002 1338 870 1341 1002 1342 1005 1343 873 1344 1005 1343 1002 1342 1128 1345 1005 1346 1008 1347 876 1348 1008 1347 1005 1346 1131 1349 1008 1350 1011 1351 879 1352 1011 1351 1008 1350 1134 1353 1137 1354 882 1355 1011 1356 882 1355 1137 1354 1014 1357 1140 1358 885 1359 1014 1360 885 1359 1140 1358 1017 1361 1020 1362 1023 1363 894 1364 1023 1363 1020 1362 1143 1365 1023 1366 1026 1367 897 1368 1026 1367 1023 1366 1146 1369 1026 1370 1029 1371 900 1372 1029 1371 1026 1370 1149 1373 1029 1374 1032 1375 903 1376 1032 1375 1029 1374 1152 1377 1032 1378 1035 1379 906 1380 1035 1379 1032 1378 1155 1381 909 1382 1158 1383 1038 1384 1158 1383 909 1382 1035 1385 912 1386 1161 1387 1041 1388 1161 1387 912 1386 1038 1389 1041 1390 1044 1391 915 1392 1044 1391 1041 1390 1164 1393 786 1394 918 1395 1044 1396 1047 1397 1017 1398 1140 1399 1017 1398 1047 1397 921 1400 924 1401 1143 1402 1020 1403 1143 1402 924 1401 1050 1404 927 1405 1167 1406 1053 1407 1167 1406 927 1405 1047 1408 1056 1409 1050 1410 930 1411 1050 1410 1056 1409 1170 1412 933 1413 1173 1414 1059 1415 1173 1414 933 1413 1053 1416 1062 1417 1056 1418 936 1419 1056 1418 1062 1417 1176 1420 939 1421 1179 1422 1065 1423 1179 1422 939 1421 1059 1424 1068 1425 1062 1426 942 1427 1062 1426 1068 1425 1182 1428 945 1429 1185 1430 1071 1431 1185 1430 945 1429 1065 1432 1074 1433 1068 1434 948 1435 1068 1434 1074 1433 1188 1436 951 1437 1191 1438 1077 1439 1191 1438 951 1437 1071 1440 1080 1441 1074 1442 954 1443 1074 1442 1080 1441 1194 1444 957 1445 1197 1446 1083 1447 1197 1446 957 1445 1077 1448 1086 1449 1080 1450 960 1451 1080 1450 1086 1449 1200 1452 963 1453 1203 1454 1089 1455 1203 1454 963 1453 1083 1456 1092 1457 1086 1458 966 1459 1086 1458 1092 1457 1206 1460 969 1461 1209 1462 1095 1463 1209 1462 969 1461 1089 1464 786 1465 1092 1466 972 1467 1095 1468 1098 1469 975 1470 1098 1469 1095 1468 1212 1471 1098 1472 1101 1473 978 1474 1101 1473 1098 1472 1215 1475 1101 1476 1105 1477 982 1478 1105 1477 1101 1476 1218 1479 1105 1480 1221 1481 1104 1482 1221 1481 1105 1480 1222 1483 1110 1484 1104 1485 1227 1486 1104 1485 1110 1484 981 1487 1113 1488 1110 1489 1230 1490 1110 1489 1113 1488 987 1491 1116 1492 1113 1493 1233 1494 1113 1493 1116 1492 990 1495 1119 1496 1116 1497 1236 1498 1116 1497 1119 1496 993 1499 1122 1500 1119 1501 1239 1502 1119 1501 1122 1500 996 1503 1125 1504 1122 1505 1242 1506 1122 1505 1125 1504 999 1507 1125 1508 1128 1509 1002 1510 1128 1509 1125 1508 1245 1511 1128 1512 1131 1513 1005 1514 1131 1513 1128 1512 1248 1515 1131 1516 1134 1517 1008 1518 1134 1517 1131 1516 1251 1519 1254 1520 1011 1521 1134 1522 1011 1521 1254 1520 1137 1523 1257 1524 1014 1525 1137 1526 1014 1525 1257 1524 1140 1527 1143 1528 1146 1529 1023 1530 1146 1529 1143 1528 1260 1531 1146 1532 1149 1533 1026 1534 1149 1533 1146 1532 1263 1535 1149 1536 1152 1537 1029 1538 1152 1537 1149 1536 1266 1539 1152 1540 1155 1541 1032 1542 1155 1541 1152 1540 1269 1543 1035 1544 1272 1545 1158 1546 1272 1545 1035 1544 1155 1547 1038 1548 1275 1549 1161 1550 1275 1549 1038 1548 1158 1551 1041 1552 1278 1553 1164 1554 1278 1553 1041 1552 1161 1555 1164 1556 786 1557 1044 1558 1167 1559 1140 1560 1257 1561 1140 1560 1167 1559 1047 1562 1050 1563 1260 1564 1143 1565 1260 1564 1050 1563 1170 1566 1053 1567 1281 1568 1173 1569 1281 1568 1053 1567 1167 1570 1176 1571 1170 1572 1056 1573 1170 1572 1176 1571 1284 1574 1059 1575 1287 1576 1179 1577 1287 1576 1059 1575 1173 1578 1182 1579 1176 1580 1062 1581 1176 1580 1182 1579 1290 1582 1065 1583 1293 1584 1185 1585 1293 1584 1065 1583 1179 1586 1188 1587 1182 1588 1068 1589 1182 1588 1188 1587 1296 1590 1071 1591 1299 1592 1191 1593 1299 1592 1071 1591 1185 1594 1194 1595 1188 1596 1074 1597 1188 1596 1194 1595 1302 1598 1077 1599 1305 1600 1197 1601 1305 1600 1077 1599 1191 1602 1200 1603 1194 1604 1080 1605 1194 1604 1200 1603 1308 1606 1083 1607 1311 1608 1203 1609 1311 1608 1083 1607 1197 1610 1206 1611 1200 1612 1086 1613 1200 1612 1206 1611 1314 1614 1089 1615 1317 1616 1209 1617 1317 1616 1089 1615 1203 1618 786 1619 1206 1620 1092 1621 1095 1622 1320 1623 1212 1624 1320 1623 1095 1622 1209 1625 1098 1626 1323 1627 1215 1628 1323 1627 1098 1626 1212 1629 1215 1630 1218 1631 1101 1632 1218 1631 1215 1630 1326 1633 1218 1634 1222 1635 1105 1636 1222 1635 1218 1634 1329 1637 1222 1638 1332 1639 1221 1640 1332 1639 1222 1638 1333 1641 1227 1642 1221 1643 1338 1644 1221 1643 1227 1642 1104 1645 1230 1646 1227 1647 1341 1648 1227 1647 1230 1646 1110 1649 1233 1650 1230 1651 1344 1652 1230 1651 1233 1650 1113 1653 1236 1654 1233 1655 1347 1656 1233 1655 1236 1654 1116 1657 1239 1658 1236 1659 1350 1660 1236 1659 1239 1658 1119 1661 1242 1662 1239 1663 1353 1664 1239 1663 1242 1662 1122 1665 1242 1666 1245 1667 1125 1668 1245 1667 1242 1666 1356 1669 1245 1670 1248 1671 1128 1672 1248 1671 1245 1670 1359 1673 1248 1674 1251 1675 1131 1676 1251 1675 1248 1674 1362 1677 1251 1678 1254 1679 1134 1680 1254 1679 1251 1678 1365 1681 1368 1682 1137 1683 1254 1684 1137 1683 1368 1682 1257 1685 1260 1686 1263 1687 1146 1688 1263 1687 1260 1686 1371 1689 1263 1690 1266 1691 1149 1692 1266 1691 1263 1690 1374 1693 1266 1694 1269 1695 1152 1696 1269 1695 1266 1694 1377 1697 1155 1698 1380 1699 1272 1700 1380 1699 1155 1698 1269 1701 1158 1702 1383 1703 1275 1704 1383 1703 1158 1702 1272 1705 1161 1706 1386 1707 1278 1708 1386 1707 1161 1706 1275 1709 1278 1710 786 1711 1164 1712 1281 1713 1257 1714 1368 1715 1257 1714 1281 1713 1167 1716 1170 1717 1371 1718 1260 1719 1371 1718 1170 1717 1284 1720 1173 1721 1389 1722 1287 1723 1389 1722 1173 1721 1281 1724 1290 1725 1284 1726 1176 1727 1284 1726 1290 1725 1392 1728 1179 1729 1395 1730 1293 1731 1395 1730 1179 1729 1287 1732 1296 1733 1290 1734 1182 1735 1290 1734 1296 1733 1398 1736 1185 1737 1401 1738 1299 1739 1401 1738 1185 1737 1293 1740 1404 1741 1188 1742 1302 1743 1188 1742 1404 1741 1296 1744 1191 1745 1407 1746 1305 1747 1407 1746 1191 1745 1299 1748 1308 1749 1302 1750 1194 1751 1302 1750 1308 1749 1410 1752 1197 1753 1413 1754 1311 1755 1413 1754 1197 1753 1305 1756 1314 1757 1308 1758 1200 1759 1308 1758 1314 1757 1416 1760 1203 1761 1419 1762 1317 1763 1419 1762 1203 1761 1311 1764 786 1765 1314 1766 1206 1767 1209 1768 1422 1769 1320 1770 1422 1769 1209 1768 1317 1771 1212 1772 1425 1773 1323 1774 1425 1773 1212 1772 1320 1775 1323 1776 1326 1777 1215 1778 1326 1777 1323 1776 1428 1779 1326 1780 1329 1781 1218 1782 1329 1781 1326 1780 1431 1783 1329 1784 1333 1785 1222 1786 1333 1785 1329 1784 1434 1787 1333 1788 1437 1789 1332 1790 1437 1789 1333 1788 1438 1791 1338 1792 1332 1793 1443 1794 1332 1793 1338 1792 1221 1795 1341 1796 1338 1797 1446 1798 1338 1797 1341 1796 1227 1799 1344 1800 1341 1801 1449 1802 1341 1801 1344 1800 1230 1803 1347 1804 1344 1805 1452 1806 1344 1805 1347 1804 1233 1807 1350 1808 1347 1809 1455 1810 1347 1809 1350 1808 1236 1811 1353 1812 1350 1813 1458 1814 1350 1813 1353 1812 1239 1815 1353 1816 1356 1817 1242 1818 1356 1817 1353 1816 1461 1819 1356 1820 1359 1821 1245 1822 1359 1821 1356 1820 1464 1823 1359 1824 1362 1825 1248 1826 1362 1825 1359 1824 1467 1827 1470 1828 1251 1829 1362 1830 1251 1829 1470 1828 1365 1831 1473 1832 1254 1833 1365 1834 1254 1833 1473 1832 1368 1835 1263 1836 1476 1837 1374 1838 1476 1837 1263 1836 1371 1839 1266 1840 1479 1841 1377 1842 1479 1841 1266 1840 1374 1843 1269 1844 1482 1845 1380 1846 1482 1845 1269 1844 1377 1847 1272 1848 1485 1849 1383 1850 1485 1849 1272 1848 1380 1851 1275 1852 1488 1853 1386 1854 1488 1853 1275 1852 1383 1855 1386 1856 786 1857 1278 1858 1389 1859 1368 1860 1473 1861 1368 1860 1389 1859 1281 1862 1371 1863 1392 1864 1476 1865 1392 1864 1371 1863 1284 1866 1287 1867 1491 1868 1395 1869 1491 1868 1287 1867 1389 1870 1398 1871 1392 1872 1290 1873 1392 1872 1398 1871 1494 1874 1293 1875 1497 1876 1401 1877 1497 1876 1293 1875 1395 1878 1500 1879 1296 1880 1404 1881 1296 1880 1500 1879 1398 1882 1299 1883 1503 1884 1407 1885 1503 1884 1299 1883 1401 1886 1506 1887 1302 1888 1410 1889 1302 1888 1506 1887 1404 1890 1305 1891 1509 1892 1413 1893 1509 1892 1305 1891 1407 1894 1416 1895 1410 1896 1308 1897 1410 1896 1416 1895 1512 1898 1311 1899 1515 1900 1419 1901 1515 1900 1311 1899 1413 1902 786 1903 1416 1904 1314 1905 1317 1906 1518 1907 1422 1908 1518 1907 1317 1906 1419 1909 1320 1910 1521 1911 1425 1912 1521 1911 1320 1910 1422 1913 1323 1914 1524 1915 1428 1916 1524 1915 1323 1914 1425 1917 1326 1918 1527 1919 1431 1920 1527 1919 1326 1918 1428 1921 1431 1922 1434 1923 1329 1924 1434 1923 1431 1922 1530 1925 1434 1926 1438 1927 1333 1928 1438 1927 1434 1926 1533 1929 1438 1930 1536 1931 1437 1932 1536 1931 1438 1930 1537 1933 1443 1934 1437 1935 1542 1936 1437 1935 1443 1934 1332 1937 1446 1938 1443 1939 1545 1940 1443 1939 1446 1938 1338 1941 1449 1942 1446 1943 1548 1944 1446 1943 1449 1942 1341 1945 1452 1946 1449 1947 1551 1948 1449 1947 1452 1946 1344 1949 1455 1950 1452 1951 1554 1952 1452 1951 1455 1950 1347 1953 1458 1954 1455 1955 1557 1956 1455 1955 1458 1954 1350 1957 1458 1958 1461 1959 1353 1960 1461 1959 1458 1958 1560 1961 1461 1962 1464 1963 1356 1964 1464 1963 1461 1962 1563 1965 1464 1966 1467 1967 1359 1968 1467 1967 1464 1966 1566 1969 1569 1970 1362 1971 1467 1972 1362 1971 1569 1970 1470 1973 1572 1974 1365 1975 1470 1976 1365 1975 1572 1974 1473 1977 1374 1978 1575 1979 1479 1980 1575 1979 1374 1978 1476 1981 1482 1982 1479 1983 1578 1984 1479 1983 1482 1982 1377 1985 1380 1986 1581 1987 1485 1988 1581 1987 1380 1986 1482 1989 1383 1990 1584 1991 1488 1992 1584 1991 1383 1990 1485 1993 1488 1994 786 1995 1386 1996 1491 1997 1473 1998 1572 1999 1473 1998 1491 1997 1389 2000 1476 2001 1494 2002 1575 2003 1494 2002 1476 2001 1392 2004 1395 2005 1587 2006 1497 2007 1587 2006 1395 2005 1491 2008 1590 2009 1398 2010 1500 2011 1398 2010 1590 2009 1494 2012 1401 2013 1593 2014 1503 2015 1593 2014 1401 2013 1497 2016 1596 2017 1404 2018 1506 2019 1404 2018 1596 2017 1500 2020 1407 2021 1599 2022 1509 2023 1599 2022 1407 2021 1503 2024 1512 2025 1506 2026 1410 2027 1506 2026 1512 2025 1602 2028 1413 2029 1605 2030 1515 2031 1605 2030 1413 2029 1509 2032 1512 2033 1416 2034 786 2035 1419 2036 1608 2037 1518 2038 1608 2037 1419 2036 1515 2039 1422 2040 1611 2041 1521 2042 1611 2041 1422 2040 1518 2043 1425 2044 1614 2045 1524 2046 1614 2045 1425 2044 1521 2047 1428 2048 1617 2049 1527 2050 1617 2049 1428 2048 1524 2051 1527 2052 1530 2053 1431 2054 1530 2053 1527 2052 1620 2055 1530 2056 1533 2057 1434 2058 1533 2057 1530 2056 1623 2059 1533 2060 1537 2061 1438 2062 1537 2061 1533 2060 1626 2063 1537 2064 1629 2065 1536 2066 1629 2065 1537 2064 1630 2067 1542 2068 1536 2069 1635 2070 1536 2069 1542 2068 1437 2071 1545 2072 1542 2073 1638 2074 1542 2073 1545 2072 1443 2075 1548 2076 1545 2077 1641 2078 1545 2077 1548 2076 1446 2079 1551 2080 1548 2081 1644 2082 1548 2081 1551 2080 1449 2083 1554 2084 1551 2085 1647 2086 1551 2085 1554 2084 1452 2087 1557 2088 1554 2089 1650 2090 1554 2089 1557 2088 1455 2091 1557 2092 1560 2093 1458 2094 1560 2093 1557 2092 1653 2095 1560 2096 1563 2097 1461 2098 1563 2097 1560 2096 1656 2099 1563 2100 1566 2101 1464 2102 1566 2101 1563 2100 1659 2103 1662 2104 1467 2105 1566 2106 1467 2105 1662 2104 1569 2107 1665 2108 1470 2109 1569 2110 1470 2109 1665 2108 1572 2111 1578 2112 1575 2113 1668 2114 1575 2113 1578 2112 1479 2115 1581 2116 1578 2117 1671 2118 1578 2117 1581 2116 1482 2119 1485 2120 1674 2121 1584 2122 1674 2121 1485 2120 1581 2123 1584 2124 786 2125 1488 2126 1587 2127 1572 2128 1665 2129 1572 2128 1587 2127 1491 2130 1668 2131 1494 2132 1590 2133 1494 2132 1668 2131 1575 2134 1497 2135 1677 2136 1593 2137 1677 2136 1497 2135 1587 2138 1680 2139 1500 2140 1596 2141 1500 2140 1680 2139 1590 2142 1503 2143 1683 2144 1599 2145 1683 2144 1503 2143 1593 2146 1686 2147 1506 2148 1602 2149 1506 2148 1686 2147 1596 2150 1509 2151 1689 2152 1605 2153 1689 2152 1509 2151 1599 2154 1602 2155 1512 2156 786 2157 1515 2158 1692 2159 1608 2160 1692 2159 1515 2158 1605 2161 1518 2162 1695 2163 1611 2164 1695 2163 1518 2162 1608 2165 1521 2166 1698 2167 1614 2168 1698 2167 1521 2166 1611 2169 1524 2170 1701 2171 1617 2172 1701 2171 1524 2170 1614 2173 1527 2174 1704 2175 1620 2176 1704 2175 1527 2174 1617 2177 1620 2178 1623 2179 1530 2180 1623 2179 1620 2178 1707 2181 1623 2182 1626 2183 1533 2184 1626 2183 1623 2182 1710 2185 1626 2186 1630 2187 1537 2188 1630 2187 1626 2186 1713 2189 1630 2190 1716 2191 1629 2192 1716 2191 1630 2190 1717 2193 1635 2194 1629 2195 1722 2196 1629 2195 1635 2194 1536 2197 1638 2198 1635 2199 1725 2200 1635 2199 1638 2198 1542 2201 1641 2202 1638 2203 1728 2204 1638 2203 1641 2202 1545 2205 1644 2206 1641 2207 1731 2208 1641 2207 1644 2206 1548 2209 1647 2210 1644 2211 1734 2212 1644 2211 1647 2210 1551 2213 1650 2214 1647 2215 1737 2216 1647 2215 1650 2214 1554 2217 1650 2218 1653 2219 1557 2220 1653 2219 1650 2218 1740 2221 1653 2222 1656 2223 1560 2224 1656 2223 1653 2222 1743 2225 1656 2226 1659 2227 1563 2228 1659 2227 1656 2226 1746 2229 1659 2230 1662 2231 1566 2232 1662 2231 1659 2230 1749 2233 1752 2234 1569 2235 1662 2236 1569 2235 1752 2234 1665 2237 1671 2238 1668 2239 1755 2240 1668 2239 1671 2238 1578 2241 1674 2242 1671 2243 1758 2244 1671 2243 1674 2242 1581 2245 1674 2246 786 2247 1584 2248 1677 2249 1665 2250 1752 2251 1665 2250 1677 2249 1587 2252 1755 2253 1590 2254 1680 2255 1590 2254 1755 2253 1668 2256 1593 2257 1761 2258 1683 2259 1761 2258 1593 2257 1677 2260 1764 2261 1596 2262 1686 2263 1596 2262 1764 2261 1680 2264 1599 2265 1767 2266 1689 2267 1767 2266 1599 2265 1683 2268 1686 2269 1602 2270 786 2271 1605 2272 1770 2273 1692 2274 1770 2273 1605 2272 1689 2275 1608 2276 1773 2277 1695 2278 1773 2277 1608 2276 1692 2279 1611 2280 1776 2281 1698 2282 1776 2281 1611 2280 1695 2283 1614 2284 1779 2285 1701 2286 1779 2285 1614 2284 1698 2287 1617 2288 1782 2289 1704 2290 1782 2289 1617 2288 1701 2291 1620 2292 1785 2293 1707 2294 1785 2293 1620 2292 1704 2295 1707 2296 1710 2297 1623 2298 1710 2297 1707 2296 1788 2299 1710 2300 1713 2301 1626 2302 1713 2301 1710 2300 1791 2303 1713 2304 1717 2305 1630 2306 1717 2305 1713 2304 1794 2307 1717 2308 1797 2309 1716 2310 1797 2309 1717 2308 1798 2311 1722 2312 1716 2313 1803 2314 1716 2313 1722 2312 1629 2315 1725 2316 1722 2317 1806 2318 1722 2317 1725 2316 1635 2319 1728 2320 1725 2321 1809 2322 1725 2321 1728 2320 1638 2323 1731 2324 1728 2325 1812 2326 1728 2325 1731 2324 1641 2327 1734 2328 1731 2329 1815 2330 1731 2329 1734 2328 1644 2331 1737 2332 1734 2333 1818 2334 1734 2333 1737 2332 1647 2335 1737 2336 1740 2337 1650 2338 1740 2337 1737 2336 1821 2339 1740 2340 1743 2341 1653 2342 1743 2341 1740 2340 1824 2343 1743 2344 1746 2345 1656 2346 1746 2345 1743 2344 1827 2347 1830 2348 1659 2349 1746 2350 1659 2349 1830 2348 1749 2351 1833 2352 1662 2353 1749 2354 1662 2353 1833 2352 1752 2355 1758 2356 1755 2357 1836 2358 1755 2357 1758 2356 1671 2359 1674 2360 1758 2361 786 2362 1761 2363 1752 2364 1833 2365 1752 2364 1761 2363 1677 2366 1836 2367 1680 2368 1764 2369 1680 2368 1836 2367 1755 2370 1683 2371 1839 2372 1767 2373 1839 2372 1683 2371 1761 2374 1764 2375 1686 2376 786 2377 1689 2378 1842 2379 1770 2380 1842 2379 1689 2378 1767 2381 1692 2382 1845 2383 1773 2384 1845 2383 1692 2382 1770 2385 1695 2386 1848 2387 1776 2388 1848 2387 1695 2386 1773 2389 1698 2390 1851 2391 1779 2392 1851 2391 1698 2390 1776 2393 1701 2394 1854 2395 1782 2396 1854 2395 1701 2394 1779 2397 1704 2398 1857 2399 1785 2400 1857 2399 1704 2398 1782 2401 1707 2402 1860 2403 1788 2404 1860 2403 1707 2402 1785 2405 1710 2406 1863 2407 1791 2408 1863 2407 1710 2406 1788 2409 1791 2410 1794 2411 1713 2412 1794 2411 1791 2410 1866 2413 1794 2414 1798 2415 1717 2416 1798 2415 1794 2414 1869 2417 1798 2418 1872 2419 1797 2420 1872 2419 1798 2418 1873 2421 1803 2422 1797 2423 1878 2424 1797 2423 1803 2422 1716 2425 1806 2426 1803 2427 1881 2428 1803 2427 1806 2426 1722 2429 1809 2430 1806 2431 1884 2432 1806 2431 1809 2430 1725 2433 1812 2434 1809 2435 1887 2436 1809 2435 1812 2434 1728 2437 1815 2438 1812 2439 1890 2440 1812 2439 1815 2438 1731 2441 1818 2442 1815 2443 1893 2444 1815 2443 1818 2442 1734 2445 1818 2446 1821 2447 1737 2448 1821 2447 1818 2446 1896 2449 1821 2450 1824 2451 1740 2452 1824 2451 1821 2450 1899 2453 1824 2454 1827 2455 1743 2456 1827 2455 1824 2454 1902 2457 1905 2458 1746 2459 1827 2460 1746 2459 1905 2458 1830 2461 1908 2462 1749 2463 1830 2464 1749 2463 1908 2462 1833 2465 1758 2466 1836 2467 786 2468 1839 2469 1833 2470 1908 2471 1833 2470 1839 2469 1761 2472 1836 2473 1764 2474 786 2475 1767 2476 1911 2477 1842 2478 1911 2477 1767 2476 1839 2479 1770 2480 1914 2481 1845 2482 1914 2481 1770 2480 1842 2483 1773 2484 1917 2485 1848 2486 1917 2485 1773 2484 1845 2487 1776 2488 1920 2489 1851 2490 1920 2489 1776 2488 1848 2491 1779 2492 1923 2493 1854 2494 1923 2493 1779 2492 1851 2495 1782 2496 1926 2497 1857 2498 1926 2497 1782 2496 1854 2499 1785 2500 1929 2501 1860 2502 1929 2501 1785 2500 1857 2503 1788 2504 1932 2505 1863 2506 1932 2505 1788 2504 1860 2507 1863 2508 1866 2509 1791 2510 1866 2509 1863 2508 1935 2511 1866 2512 1869 2513 1794 2514 1869 2513 1866 2512 1938 2515 1869 2516 1873 2517 1798 2518 1873 2517 1869 2516 1941 2519 1872 2520 1944 2521 1945 2522 1944 2521 1872 2520 1873 2523 1878 2524 1872 2525 1950 2526 1872 2525 1878 2524 1797 2527 1881 2528 1878 2529 1953 2530 1878 2529 1881 2528 1803 2531 1884 2532 1881 2533 1956 2534 1881 2533 1884 2532 1806 2535 1887 2536 1884 2537 1959 2538 1884 2537 1887 2536 1809 2539 1890 2540 1887 2541 1962 2542 1887 2541 1890 2540 1812 2543 1893 2544 1890 2545 1965 2546 1890 2545 1893 2544 1815 2547 1893 2548 1896 2549 1818 2550 1896 2549 1893 2548 1968 2551 1896 2552 1899 2553 1821 2554 1899 2553 1896 2552 1971 2555 1899 2556 1902 2557 1824 2558 1902 2557 1899 2556 1974 2559 1902 2560 1905 2561 1827 2562 1905 2561 1902 2560 1977 2563 1980 2564 1830 2565 1905 2566 1830 2565 1980 2564 1908 2567 1911 2568 1908 2569 1980 2570 1908 2569 1911 2568 1839 2571 1842 2572 1983 2573 1914 2574 1983 2573 1842 2572 1911 2575 1845 2576 1986 2577 1917 2578 1986 2577 1845 2576 1914 2579 1848 2580 1989 2581 1920 2582 1989 2581 1848 2580 1917 2583 1851 2584 1992 2585 1923 2586 1992 2585 1851 2584 1920 2587 1854 2588 1995 2589 1926 2590 1995 2589 1854 2588 1923 2591 1857 2592 1998 2593 1929 2594 1998 2593 1857 2592 1926 2595 1860 2596 2001 2597 1932 2598 2001 2597 1860 2596 1929 2599 1863 2600 2004 2601 1935 2602 2004 2601 1863 2600 1932 2603 1866 2604 2007 2605 1938 2606 2007 2605 1866 2604 1935 2607 1938 2608 1941 2609 1869 2610 1941 2609 1938 2608 2010 2611 1873 2612 2013 2613 1944 2614 2013 2613 1873 2612 1941 2615 1945 2616 2016 2617 2017 2618 2016 2617 1945 2616 1944 2619 1950 2620 1945 2621 2022 2622 1945 2621 1950 2620 1872 2623 1953 2624 1950 2625 2025 2626 1950 2625 1953 2624 1878 2627 1956 2628 1953 2629 2028 2630 1953 2629 1956 2628 1881 2631 1959 2632 1956 2633 2031 2634 1956 2633 1959 2632 1884 2635 1962 2636 1959 2637 2034 2638 1959 2637 1962 2636 1887 2639 1965 2640 1962 2641 2037 2642 1962 2641 1965 2640 1890 2643 1965 2644 1968 2645 1893 2646 1968 2645 1965 2644 2040 2647 1968 2648 1971 2649 1896 2650 1971 2649 1968 2648 2043 2651 1971 2652 1974 2653 1899 2654 1974 2653 1971 2652 2046 2655 2049 2656 1902 2657 1974 2658 1902 2657 2049 2656 1977 2659 2052 2660 1905 2661 1977 2662 1905 2661 2052 2660 1980 2663 1983 2664 1980 2665 2052 2666 1980 2665 1983 2664 1911 2667 1914 2668 2055 2669 1986 2670 2055 2669 1914 2668 1983 2671 1917 2672 2058 2673 1989 2674 2058 2673 1917 2672 1986 2675 1920 2676 2061 2677 1992 2678 2061 2677 1920 2676 1989 2679 1923 2680 2064 2681 1995 2682 2064 2681 1923 2680 1992 2683 1926 2684 2067 2685 1998 2686 2067 2685 1926 2684 1995 2687 1929 2688 2070 2689 2001 2690 2070 2689 1929 2688 1998 2691 1932 2692 2073 2693 2004 2694 2073 2693 1932 2692 2001 2695 1935 2696 2076 2697 2007 2698 2076 2697 1935 2696 2004 2699 2007 2700 2010 2701 1938 2702 2010 2701 2007 2700 2079 2703 1941 2704 2082 2705 2013 2706 2082 2705 1941 2704 2010 2707 1944 2708 2085 2709 2016 2710 2085 2709 1944 2708 2013 2711 2017 2712 2088 2713 2089 2714 2088 2713 2017 2712 2016 2715 2022 2716 2017 2717 2094 2718 2017 2717 2022 2716 1945 2719 2025 2720 2022 2721 2097 2722 2022 2721 2025 2720 1950 2723 2028 2724 2025 2725 2100 2726 2025 2725 2028 2724 1953 2727 2031 2728 2028 2729 2103 2730 2028 2729 2031 2728 1956 2731 2034 2732 2031 2733 2106 2734 2031 2733 2034 2732 1959 2735 2037 2736 2034 2737 2109 2738 2034 2737 2037 2736 1962 2739 2037 2740 2040 2741 1965 2742 2040 2741 2037 2740 2112 2743 2040 2744 2043 2745 1968 2746 2043 2745 2040 2744 2115 2747 2043 2748 2046 2749 1971 2750 2046 2749 2043 2748 2118 2751 2046 2752 2049 2753 1974 2754 2049 2753 2046 2752 2121 2755 2124 2756 1977 2757 2049 2758 1977 2757 2124 2756 2052 2759 2055 2760 2052 2761 2124 2762 2052 2761 2055 2760 1983 2763 1986 2764 2127 2765 2058 2766 2127 2765 1986 2764 2055 2767 1989 2768 2130 2769 2061 2770 2130 2769 1989 2768 2058 2771 1992 2772 2133 2773 2064 2774 2133 2773 1992 2772 2061 2775 1995 2776 2136 2777 2067 2778 2136 2777 1995 2776 2064 2779 1998 2780 2139 2781 2070 2782 2139 2781 1998 2780 2067 2783 2001 2784 2142 2785 2073 2786 2142 2785 2001 2784 2070 2787 2004 2788 2145 2789 2076 2790 2145 2789 2004 2788 2073 2791 2076 2792 2079 2793 2007 2794 2079 2793 2076 2792 2148 2795 2079 2796 2082 2797 2010 2798 2082 2797 2079 2796 2151 2799 2013 2800 2154 2801 2085 2802 2154 2801 2013 2800 2082 2803 2016 2804 2157 2805 2088 2806 2157 2805 2016 2804 2085 2807 2089 2808 2160 2809 2161 2810 2160 2809 2089 2808 2088 2811 2094 2812 2089 2813 2166 2814 2089 2813 2094 2812 2017 2815 2097 2816 2094 2817 2169 2818 2094 2817 2097 2816 2022 2819 2100 2820 2097 2821 2172 2822 2097 2821 2100 2820 2025 2823 2103 2824 2100 2825 2175 2826 2100 2825 2103 2824 2028 2827 2106 2828 2103 2829 2178 2830 2103 2829 2106 2828 2031 2831 2109 2832 2106 2833 2181 2834 2106 2833 2109 2832 2034 2835 2109 2836 2112 2837 2037 2838 2112 2837 2109 2836 2184 2839 2112 2840 2115 2841 2040 2842 2115 2841 2112 2840 2187 2843 2115 2844 2118 2845 2043 2846 2118 2845 2115 2844 2190 2847 2193 2848 2046 2849 2118 2850 2046 2849 2193 2848 2121 2851 2196 2852 2049 2853 2121 2854 2049 2853 2196 2852 2124 2855 2127 2856 2124 2857 2196 2858 2124 2857 2127 2856 2055 2859 2058 2860 2199 2861 2130 2862 2199 2861 2058 2860 2127 2863 2061 2864 2202 2865 2133 2866 2202 2865 2061 2864 2130 2867 2064 2868 2205 2869 2136 2870 2205 2869 2064 2868 2133 2871 2067 2872 2208 2873 2139 2874 2208 2873 2067 2872 2136 2875 2070 2876 2211 2877 2142 2878 2211 2877 2070 2876 2139 2879 2073 2880 2214 2881 2145 2882 2214 2881 2073 2880 2142 2883 2145 2884 2148 2885 2076 2886 2148 2885 2145 2884 2217 2887 2148 2888 2151 2889 2079 2890 2151 2889 2148 2888 2220 2891 2151 2892 2154 2893 2082 2894 2154 2893 2151 2892 2223 2895 2085 2896 2226 2897 2157 2898 2226 2897 2085 2896 2154 2899 2088 2900 2229 2901 2160 2902 2229 2901 2088 2900 2157 2903 2161 2904 2232 2905 2233 2906 2232 2905 2161 2904 2160 2907 2166 2908 2161 2909 2238 2910 2161 2909 2166 2908 2089 2911 2169 2912 2166 2913 2241 2914 2166 2913 2169 2912 2094 2915 2172 2916 2169 2917 2244 2918 2169 2917 2172 2916 2097 2919 2175 2920 2172 2921 2247 2922 2172 2921 2175 2920 2100 2923 2178 2924 2175 2925 2250 2926 2175 2925 2178 2924 2103 2927 2181 2928 2178 2929 2253 2930 2178 2929 2181 2928 2106 2931 2181 2932 2184 2933 2109 2934 2184 2933 2181 2932 2256 2935 2184 2936 2187 2937 2112 2938 2187 2937 2184 2936 2259 2939 2187 2940 2190 2941 2115 2942 2190 2941 2187 2940 2262 2943 2190 2944 2193 2945 2118 2946 2193 2945 2190 2944 2265 2947 2268 2948 2121 2949 2193 2950 2121 2949 2268 2948 2196 2951 2199 2952 2196 2953 2268 2954 2196 2953 2199 2952 2127 2955 2130 2956 2271 2957 2202 2958 2271 2957 2130 2956 2199 2959 2133 2960 2274 2961 2205 2962 2274 2961 2133 2960 2202 2963 2136 2964 2277 2965 2208 2966 2277 2965 2136 2964 2205 2967 2139 2968 2280 2969 2211 2970 2280 2969 2139 2968 2208 2971 2142 2972 2283 2973 2214 2974 2283 2973 2142 2972 2211 2975 2145 2976 2286 2977 2217 2978 2286 2977 2145 2976 2214 2979 2217 2980 2220 2981 2148 2982 2220 2981 2217 2980 2289 2983 2220 2984 2223 2985 2151 2986 2223 2985 2220 2984 2292 2987 2154 2988 2295 2989 2226 2990 2295 2989 2154 2988 2223 2991 2157 2992 2298 2993 2229 2994 2298 2993 2157 2992 2226 2995 2160 2996 2301 2997 2232 2998 2301 2997 2160 2996 2229 2999 2304 3000 2232 3001 2305 3002 2232 3001 2304 3000 2233 3003 2238 3004 2233 3005 2310 3006 2233 3005 2238 3004 2161 3007 2241 3008 2238 3009 2313 3010 2238 3009 2241 3008 2166 3011 2244 3012 2241 3013 2316 3014 2241 3013 2244 3012 2169 3015 2247 3016 2244 3017 2319 3018 2244 3017 2247 3016 2172 3019 2250 3020 2247 3021 2322 3022 2247 3021 2250 3020 2175 3023 2253 3024 2250 3025 2325 3026 2250 3025 2253 3024 2178 3027 2253 3028 2256 3029 2181 3030 2256 3029 2253 3028 2328 3031 2256 3032 2259 3033 2184 3034 2259 3033 2256 3032 2331 3035 2259 3036 2262 3037 2187 3038 2262 3037 2259 3036 2334 3039 2337 3040 2190 3041 2262 3042 2190 3041 2337 3040 2265 3043 2340 3044 2193 3045 2265 3046 2193 3045 2340 3044 2268 3047 2271 3048 2268 3049 2340 3050 2268 3049 2271 3048 2199 3051 2202 3052 2343 3053 2274 3054 2343 3053 2202 3052 2271 3055 2205 3056 2346 3057 2277 3058 2346 3057 2205 3056 2274 3059 2208 3060 2349 3061 2280 3062 2349 3061 2208 3060 2277 3063 2211 3064 2352 3065 2283 3066 2352 3065 2211 3064 2280 3067 2214 3068 2355 3069 2286 3070 2355 3069 2214 3068 2283 3071 2217 3072 2358 3073 2289 3074 2358 3073 2217 3072 2286 3075 2289 3076 2292 3077 2220 3078 2292 3077 2289 3076 2361 3079 2292 3080 2295 3081 2223 3082 2295 3081 2292 3080 2364 3083 2295 3084 2298 3085 2226 3086 2298 3085 2295 3084 2367 3087 2229 3088 2370 3089 2301 3090 2370 3089 2229 3088 2298 3091 2232 3092 2373 3093 2305 3094 2373 3093 2232 3092 2301 3095 2304 3096 2376 3097 2377 3098 2376 3097 2304 3096 2305 3099 2382 3100 2233 3101 2304 3102 2233 3101 2382 3100 2310 3103 2313 3104 2310 3105 2385 3106 2310 3105 2313 3104 2238 3107 2316 3108 2313 3109 2388 3110 2313 3109 2316 3108 2241 3111 2319 3112 2316 3113 2391 3114 2316 3113 2319 3112 2244 3115 2322 3116 2319 3117 2394 3118 2319 3117 2322 3116 2247 3119 2325 3120 2322 3121 2397 3122 2322 3121 2325 3120 2250 3123 2325 3124 2328 3125 2253 3126 2328 3125 2325 3124 2400 3127 2328 3128 2331 3129 2256 3130 2331 3129 2328 3128 2403 3131 2331 3132 2334 3133 2259 3134 2334 3133 2331 3132 2406 3135 2334 3136 2337 3137 2262 3138 2337 3137 2334 3136 2409 3139 2412 3140 2265 3141 2337 3142 2265 3141 2412 3140 2340 3143 2343 3144 2340 3145 2412 3146 2340 3145 2343 3144 2271 3147 2274 3148 2415 3149 2346 3150 2415 3149 2274 3148 2343 3151 2277 3152 2418 3153 2349 3154 2418 3153 2277 3152 2346 3155 2280 3156 2421 3157 2352 3158 2421 3157 2280 3156 2349 3159 2283 3160 2424 3161 2355 3162 2424 3161 2283 3160 2352 3163 2286 3164 2427 3165 2358 3166 2427 3165 2286 3164 2355 3167 2289 3168 2430 3169 2361 3170 2430 3169 2289 3168 2358 3171 2361 3172 2364 3173 2292 3174 2364 3173 2361 3172 2433 3175 2364 3176 2367 3177 2295 3178 2367 3177 2364 3176 2436 3179 2298 3180 2439 3181 2370 3182 2439 3181 2298 3180 2367 3183 2301 3184 2442 3185 2373 3186 2442 3185 2301 3184 2370 3187 2305 3188 2445 3189 2376 3190 2445 3189 2305 3188 2373 3191 2376 3192 2448 3193 2377 3194 2448 3193 2376 3192 2449 3195 2382 3196 2377 3197 2454 3198 2377 3197 2382 3196 2304 3199 2385 3200 2382 3201 2457 3202 2382 3201 2385 3200 2310 3203 2388 3204 2385 3205 2460 3206 2385 3205 2388 3204 2313 3207 2391 3208 2388 3209 2463 3210 2388 3209 2391 3208 2316 3211 2394 3212 2391 3213 2466 3214 2391 3213 2394 3212 2319 3215 2397 3216 2394 3217 2469 3218 2394 3217 2397 3216 2322 3219 2472 3220 2325 3221 2397 3222 2325 3221 2472 3220 2400 3223 2475 3224 2328 3225 2400 3226 2328 3225 2475 3224 2403 3227 2403 3228 2406 3229 2331 3230 2406 3229 2403 3228 2478 3231 2406 3232 2409 3233 2334 3234 2409 3233 2406 3232 2481 3235 2484 3236 2337 3237 2409 3238 2337 3237 2484 3236 2412 3239 2415 3240 2412 3241 2484 3242 2412 3241 2415 3240 2343 3243 2346 3244 2487 3245 2418 3246 2487 3245 2346 3244 2415 3247 2349 3248 2490 3249 2421 3250 2490 3249 2349 3248 2418 3251 2352 3252 2493 3253 2424 3254 2493 3253 2352 3252 2421 3255 2355 3256 2496 3257 2427 3258 2496 3257 2355 3256 2424 3259 2358 3260 2499 3261 2430 3262 2499 3261 2358 3260 2427 3263 2361 3264 2502 3265 2433 3266 2502 3265 2361 3264 2430 3267 2433 3268 2436 3269 2364 3270 2436 3269 2433 3268 2505 3271 2436 3272 2439 3273 2367 3274 2439 3273 2436 3272 2508 3275 2439 3276 2442 3277 2370 3278 2442 3277 2439 3276 2511 3279 2373 3280 2514 3281 2445 3282 2514 3281 2373 3280 2442 3283 2445 3284 2449 3285 2376 3286 2449 3285 2445 3284 2517 3287 2520 3288 2448 3289 2449 3290 2448 3289 2520 3288 2521 3291 2454 3292 2448 3293 2526 3294 2448 3293 2454 3292 2377 3295 2457 3296 2454 3297 2529 3298 2454 3297 2457 3296 2382 3299 2460 3300 2457 3301 2532 3302 2457 3301 2460 3300 2385 3303 2463 3304 2460 3305 2535 3306 2460 3305 2463 3304 2388 3307 2466 3308 2463 3309 2538 3310 2463 3309 2466 3308 2391 3311 2469 3312 2466 3313 2541 3314 2466 3313 2469 3312 2394 3315 2544 3316 2397 3317 2469 3318 2397 3317 2544 3316 2472 3319 2547 3320 2400 3321 2472 3322 2400 3321 2547 3320 2475 3323 2475 3324 2478 3325 2403 3326 2478 3325 2475 3324 2550 3327 2553 3328 2406 3329 2478 3330 2406 3329 2553 3328 2481 3331 2556 3332 2409 3333 2481 3334 2409 3333 2556 3332 2484 3335 2487 3336 2484 3337 2556 3338 2484 3337 2487 3336 2415 3339 2418 3340 2559 3341 2490 3342 2559 3341 2418 3340 2487 3343 2421 3344 2562 3345 2493 3346 2562 3345 2421 3344 2490 3347 2424 3348 2565 3349 2496 3350 2565 3349 2424 3348 2493 3351 2427 3352 2568 3353 2499 3354 2568 3353 2427 3352 2496 3355 2430 3356 2571 3357 2502 3358 2571 3357 2430 3356 2499 3359 2433 3360 2574 3361 2505 3362 2574 3361 2433 3360 2502 3363 2505 3364 2508 3365 2436 3366 2508 3365 2505 3364 2577 3367 2508 3368 2511 3369 2439 3370 2511 3369 2508 3368 2580 3371 2442 3372 2583 3373 2514 3374 2583 3373 2442 3372 2511 3375 2514 3376 2517 3377 2445 3378 2517 3377 2514 3376 2586 3379 2517 3380 2520 3381 2449 3382 2520 3381 2517 3380 2589 3383 2592 3384 2521 3385 2520 3386 2521 3385 2592 3384 2593 3387 2521 3388 2526 3389 2448 3390 2526 3389 2521 3388 2598 3391 2529 3392 2526 3393 2601 3394 2526 3393 2529 3392 2454 3395 2532 3396 2529 3397 2604 3398 2529 3397 2532 3396 2457 3399 2535 3400 2532 3401 2607 3402 2532 3401 2535 3400 2460 3403 2538 3404 2535 3405 2610 3406 2535 3405 2538 3404 2463 3407 2541 3408 2538 3409 2613 3410 2538 3409 2541 3408 2466 3411 2616 3412 2469 3413 2541 3414 2469 3413 2616 3412 2544 3415 2619 3416 2472 3417 2544 3418 2472 3417 2619 3416 2547 3419 2622 3420 2475 3421 2547 3422 2475 3421 2622 3420 2550 3423 2625 3424 2478 3425 2550 3426 2478 3425 2625 3424 2553 3427 2628 3428 2481 3429 2553 3430 2481 3429 2628 3428 2556 3431 2559 3432 2556 3433 2628 3434 2556 3433 2559 3432 2487 3435 2490 3436 2631 3437 2562 3438 2631 3437 2490 3436 2559 3439 2493 3440 2634 3441 2565 3442 2634 3441 2493 3440 2562 3443 2496 3444 2637 3445 2568 3446 2637 3445 2496 3444 2565 3447 2499 3448 2640 3449 2571 3450 2640 3449 2499 3448 2568 3451 2502 3452 2643 3453 2574 3454 2643 3453 2502 3452 2571 3455 2505 3456 2646 3457 2577 3458 2646 3457 2505 3456 2574 3459 2508 3460 2649 3461 2580 3462 2649 3461 2508 3460 2577 3463 2580 3464 2583 3465 2511 3466 2583 3465 2580 3464 2652 3467 2583 3468 2586 3469 2514 3470 2586 3469 2583 3468 2655 3471 2586 3472 2589 3473 2517 3474 2589 3473 2586 3472 2658 3475 2661 3476 2520 3477 2589 3478 2520 3477 2661 3476 2592 3479 2664 3480 2593 3481 2592 3482 2593 3481 2664 3480 2665 3483 2593 3484 2598 3485 2521 3486 2598 3485 2593 3484 2670 3487 2601 3488 2598 3489 2673 3490 2598 3489 2601 3488 2526 3491 2604 3492 2601 3493 2676 3494 2601 3493 2604 3492 2529 3495 2607 3496 2604 3497 2679 3498 2604 3497 2607 3496 2532 3499 2610 3500 2607 3501 2682 3502 2607 3501 2610 3500 2535 3503 2613 3504 2610 3505 2685 3506 2610 3505 2613 3504 2538 3507 2688 3508 2541 3509 2613 3510 2541 3509 2688 3508 2616 3511 2691 3512 2544 3513 2616 3514 2544 3513 2691 3512 2619 3515 2694 3516 2547 3517 2619 3518 2547 3517 2694 3516 2622 3519 2622 3520 2625 3521 2550 3522 2625 3521 2622 3520 2697 3523 2700 3524 2553 3525 2625 3526 2553 3525 2700 3524 2628 3527 2631 3528 2628 3529 2700 3530 2628 3529 2631 3528 2559 3531 2562 3532 2703 3533 2634 3534 2703 3533 2562 3532 2631 3535 2565 3536 2706 3537 2637 3538 2706 3537 2565 3536 2634 3539 2568 3540 2709 3541 2640 3542 2709 3541 2568 3540 2637 3543 2571 3544 2712 3545 2643 3546 2712 3545 2571 3544 2640 3547 2574 3548 2715 3549 2646 3550 2715 3549 2574 3548 2643 3551 2577 3552 2718 3553 2649 3554 2718 3553 2577 3552 2646 3555 2649 3556 2652 3557 2580 3558 2652 3557 2649 3556 2721 3559 2583 3560 2724 3561 2655 3562 2724 3561 2583 3560 2652 3563 2586 3564 2727 3565 2658 3566 2727 3565 2586 3564 2655 3567 2730 3568 2589 3569 2658 3570 2589 3569 2730 3568 2661 3571 2733 3572 2592 3573 2661 3574 2592 3573 2733 3572 2664 3575 2736 3576 2665 3577 2664 3578 2665 3577 2736 3576 2737 3579 2665 3580 2670 3581 2593 3582 2670 3581 2665 3580 2742 3583 2670 3584 2673 3585 2598 3586 2673 3585 2670 3584 2745 3587 2676 3588 2673 3589 2748 3590 2673 3589 2676 3588 2601 3591 2679 3592 2676 3593 2751 3594 2676 3593 2679 3592 2604 3595 2682 3596 2679 3597 2754 3598 2679 3597 2682 3596 2607 3599 2682 3600 2685 3601 2610 3602 2685 3601 2682 3600 2757 3603 2760 3604 2613 3605 2685 3606 2613 3605 2760 3604 2688 3607 2763 3608 2616 3609 2688 3610 2616 3609 2763 3608 2691 3611 2766 3612 2619 3613 2691 3614 2619 3613 2766 3612 2694 3615 2769 3616 2622 3617 2694 3618 2622 3617 2769 3616 2697 3619 2697 3620 2700 3621 2625 3622 2700 3621 2697 3620 2772 3623 2772 3624 2631 3625 2700 3626 2631 3625 2772 3624 2703 3627 2634 3628 2775 3629 2706 3630 2775 3629 2634 3628 2703 3631 2637 3632 2778 3633 2709 3634 2778 3633 2637 3632 2706 3635 2640 3636 2781 3637 2712 3638 2781 3637 2640 3636 2709 3639 2643 3640 2784 3641 2715 3642 2784 3641 2643 3640 2712 3643 2646 3644 2787 3645 2718 3646 2787 3645 2646 3644 2715 3647 2649 3648 2790 3649 2721 3650 2790 3649 2649 3648 2718 3651 2652 3652 2793 3653 2724 3654 2793 3653 2652 3652 2721 3655 2655 3656 2796 3657 2727 3658 2796 3657 2655 3656 2724 3659 2727 3660 2730 3661 2658 3662 2730 3661 2727 3660 2799 3663 2802 3664 2661 3665 2730 3666 2661 3665 2802 3664 2733 3667 2805 3668 2664 3669 2733 3670 2664 3669 2805 3668 2736 3671 2808 3672 2737 3673 2736 3674 2737 3675 2742 3676 2665 3677 2742 3676 2737 3675 2811 3678 2742 3679 2745 3680 2670 3681 2745 3680 2742 3679 2814 3682 2745 3683 2748 3684 2673 3685 2748 3684 2745 3683 2817 3686 2751 3687 2748 3688 2820 3689 2748 3688 2751 3687 2676 3690 2754 3691 2751 3692 2823 3693 2751 3692 2754 3691 2679 3694 2757 3695 2754 3696 2826 3697 2754 3696 2757 3695 2682 3698 2757 3699 2760 3700 2685 3701 2760 3700 2757 3699 2829 3702 2832 3703 2688 3704 2760 3705 2688 3704 2832 3703 2763 3706 2835 3707 2691 3708 2763 3709 2691 3708 2835 3707 2766 3710 2766 3711 2769 3712 2694 3713 2769 3712 2766 3711 2838 3714 2769 3715 2772 3716 2697 3717 2772 3716 2769 3715 2841 3718 2841 3719 2703 3720 2772 3721 2703 3720 2841 3719 2775 3722 2706 3723 2844 3724 2778 3725 2844 3724 2706 3723 2775 3726 2709 3727 2847 3728 2781 3729 2847 3728 2709 3727 2778 3730 2712 3731 2850 3732 2784 3733 2850 3732 2712 3731 2781 3734 2715 3735 2853 3736 2787 3737 2853 3736 2715 3735 2784 3738 2718 3739 2856 3740 2790 3741 2856 3740 2718 3739 2787 3742 2721 3743 2859 3744 2793 3745 2859 3744 2721 3743 2790 3746 2793 3747 2796 3748 2724 3749 2796 3748 2793 3747 2862 3750 2796 3751 2799 3752 2727 3753 2799 3752 2796 3751 2865 3754 2799 3755 2802 3756 2730 3757 2802 3756 2799 3755 2868 3758 2871 3759 2733 3760 2802 3761 2733 3760 2871 3759 2805 3762 2808 3763 2736 3764 2805 3765 2808 3766 2811 3767 2737 3768 2811 3769 2814 3770 2742 3771 2814 3770 2811 3769 2874 3772 2814 3773 2817 3774 2745 3775 2817 3774 2814 3773 2877 3776 2880 3777 2748 3778 2817 3779 2748 3778 2880 3777 2820 3780 2823 3781 2820 3782 2883 3783 2820 3782 2823 3781 2751 3784 2826 3785 2823 3786 2886 3787 2823 3786 2826 3785 2754 3788 2889 3789 2757 3790 2826 3791 2757 3790 2889 3789 2829 3792 2892 3793 2760 3794 2829 3795 2760 3794 2892 3793 2832 3796 2895 3797 2763 3798 2832 3799 2763 3798 2895 3797 2835 3800 2835 3801 2838 3802 2766 3803 2838 3802 2835 3801 2898 3804 2838 3805 2841 3806 2769 3807 2841 3806 2838 3805 2901 3808 2901 3809 2775 3810 2841 3811 2775 3810 2901 3809 2844 3812 2778 3813 2904 3814 2847 3815 2904 3814 2778 3813 2844 3816 2781 3817 2907 3818 2850 3819 2907 3818 2781 3817 2847 3820 2784 3821 2910 3822 2853 3823 2910 3822 2784 3821 2850 3824 2787 3825 2913 3826 2856 3827 2913 3826 2787 3825 2853 3828 2790 3829 2916 3830 2859 3831 2916 3830 2790 3829 2856 3832 2859 3833 2862 3834 2793 3835 2862 3834 2859 3833 2919 3836 2862 3837 2865 3838 2796 3839 2865 3838 2862 3837 2922 3840 2865 3841 2868 3842 2799 3843 2868 3842 2865 3841 2925 3844 2868 3845 2871 3846 2802 3847 2871 3846 2868 3845 2928 3848 2808 3849 2805 3850 2871 3851 2808 3852 2874 3853 2811 3854 2874 3855 2877 3856 2814 3857 2877 3856 2874 3855 2931 3858 2934 3859 2817 3860 2877 3861 2817 3860 2934 3859 2880 3862 2937 3863 2820 3864 2880 3865 2820 3864 2937 3863 2883 3866 2940 3867 2823 3868 2883 3869 2823 3868 2940 3867 2886 3870 2886 3871 2889 3872 2826 3873 2889 3872 2886 3871 2943 3874 2946 3875 2829 3876 2889 3877 2829 3876 2946 3875 2892 3878 2949 3879 2832 3880 2892 3881 2832 3880 2949 3879 2895 3882 2895 3883 2898 3884 2835 3885 2898 3884 2895 3883 2952 3886 2898 3887 2901 3888 2838 3889 2901 3888 2898 3887 2955 3890 2955 3891 2844 3892 2901 3893 2844 3892 2955 3891 2904 3894 2847 3895 2958 3896 2907 3897 2958 3896 2847 3895 2904 3898 2850 3899 2961 3900 2910 3901 2961 3900 2850 3899 2907 3902 2853 3903 2964 3904 2913 3905 2964 3904 2853 3903 2910 3906 2856 3907 2967 3908 2916 3909 2967 3908 2856 3907 2913 3910 2859 3911 2970 3912 2919 3913 2970 3912 2859 3911 2916 3914 2919 3915 2922 3916 2862 3917 2922 3916 2919 3915 2973 3918 2922 3919 2925 3920 2865 3921 2925 3920 2922 3919 2976 3922 2925 3923 2928 3924 2868 3925 2928 3924 2925 3923 2979 3926 2808 3927 2871 3928 2928 3929 2931 3930 2874 3931 2808 3932 2982 3933 2877 3934 2931 3935 2877 3934 2982 3933 2934 3936 2985 3937 2880 3938 2934 3939 2880 3938 2985 3937 2937 3940 2988 3941 2883 3942 2937 3943 2883 3942 2988 3941 2940 3944 2991 3945 2886 3946 2940 3947 2886 3946 2991 3945 2943 3948 2943 3949 2946 3950 2889 3951 2946 3950 2943 3949 2994 3952 2997 3953 2892 3954 2946 3955 2892 3954 2997 3953 2949 3956 3000 3957 2895 3958 2949 3959 2895 3958 3000 3957 2952 3960 2952 3961 2955 3962 2898 3963 2955 3962 2952 3961 3003 3964 3003 3965 2904 3966 2955 3967 2904 3966 3003 3965 2958 3968 2958 3969 2961 3970 2907 3971 2961 3970 2958 3969 3006 3972 2910 3973 3009 3974 2964 3975 3009 3974 2910 3973 2961 3976 2913 3977 3012 3978 2967 3979 3012 3978 2913 3977 2964 3980 2916 3981 3015 3982 2970 3983 3015 3982 2916 3981 2967 3984 2970 3985 2973 3986 2919 3987 2973 3986 2970 3985 3018 3988 2973 3989 2976 3990 2922 3991 2976 3990 2973 3989 3021 3992 2976 3993 2979 3994 2925 3995 2979 3994 2976 3993 3024 3996 2808 3997 2928 3998 2979 3999 2982 4000 2931 4001 2808 4002 3027 4003 2934 4004 2982 4005 2934 4004 3027 4003 2985 4006 3030 4007 2937 4008 2985 4009 2937 4008 3030 4007 2988 4010 3033 4011 2940 4012 2988 4013 2940 4012 3033 4011 2991 4014 2991 4015 2994 4016 2943 4017 2994 4016 2991 4015 3036 4018 2994 4019 2997 4020 2946 4021 2997 4020 2994 4019 3039 4022 2997 4023 3000 4024 2949 4025 3000 4024 2997 4023 3042 4026 3000 4027 3003 4028 2952 4029 3003 4028 3000 4027 3045 4030 3003 4031 3006 4032 2958 4033 3006 4032 3003 4031 3045 4034 2961 4035 3048 4036 3009 4037 3048 4036 2961 4035 3006 4038 2964 4039 3051 4040 3012 4041 3051 4040 2964 4039 3009 4042 2967 4043 3054 4044 3015 4045 3054 4044 2967 4043 3012 4046 3015 4047 3018 4048 2970 4049 3018 4048 3015 4047 3057 4050 3018 4051 3021 4052 2973 4053 3021 4052 3018 4051 3060 4054 3021 4055 3024 4056 2976 4057 3024 4056 3021 4055 3063 4058 2808 4059 2979 4060 3024 4061 3027 4062 2982 4063 2808 4064 3066 4065 2985 4066 3027 4067 2985 4066 3066 4065 3030 4068 3069 4069 2988 4070 3030 4071 2988 4070 3069 4069 3033 4072 3072 4073 2991 4074 3033 4075 2991 4074 3072 4073 3036 4076 3036 4077 3039 4078 2994 4079 3039 4078 3036 4077 3075 4080 3078 4081 2997 4082 3039 4083 2997 4082 3078 4081 3042 4084 3042 4085 3045 4086 3000 4087 3045 4086 3042 4085 3081 4088 3081 4089 3006 4090 3045 4091 3006 4090 3081 4089 3048 4092 3009 4093 3084 4094 3051 4095 3084 4094 3009 4093 3048 4096 3012 4097 3087 4098 3054 4099 3087 4098 3012 4097 3051 4100 3054 4101 3057 4102 3015 4103 3057 4102 3054 4101 3090 4104 3057 4105 3060 4106 3018 4107 3060 4106 3057 4105 3093 4108 3060 4109 3063 4110 3021 4111 3063 4110 3060 4109 3096 4112 2808 4113 3024 4114 3063 4115 3066 4116 3027 4117 2808 4118 3099 4119 3030 4120 3066 4121 3030 4120 3099 4119 3069 4122 3102 4123 3033 4124 3069 4125 3033 4124 3102 4123 3072 4126 3105 4127 3036 4128 3072 4129 3036 4128 3105 4127 3075 4130 3075 4131 3078 4132 3039 4133 3078 4132 3075 4131 3108 4134 3111 4135 3042 4136 3078 4137 3042 4136 3111 4135 3081 4138 3084 4139 3081 4140 3111 4141 3081 4140 3084 4139 3048 4142 3051 4143 3114 4144 3087 4145 3114 4144 3051 4143 3084 4146 3054 4147 3117 4148 3090 4149 3117 4148 3054 4147 3087 4150 3090 4151 3093 4152 3057 4153 3093 4152 3090 4151 3120 4154 3093 4155 3096 4156 3060 4157 3096 4156 3093 4155 3123 4158 2808 4159 3063 4160 3096 4161 3099 4162 3066 4163 2808 4164 3126 4165 3069 4166 3099 4167 3069 4166 3126 4165 3102 4168 3129 4169 3072 4170 3102 4171 3072 4170 3129 4169 3105 4172 3108 4173 3105 4174 3132 4175 3105 4174 3108 4173 3075 4176 3135 4177 3078 4178 3108 4179 3078 4178 3135 4177 3111 4180 3084 4181 3135 4182 3114 4183 3135 4182 3084 4181 3111 4184 3087 4185 3138 4186 3117 4187 3138 4186 3087 4185 3114 4188 3090 4189 3141 4190 3120 4191 3141 4190 3090 4189 3117 4192 3120 4193 3123 4194 3093 4195 3123 4194 3120 4193 3144 4196 2808 4197 3096 4198 3123 4199 3126 4200 3099 4201 2808 4202 3147 4203 3102 4204 3126 4205 3102 4204 3147 4203 3129 4206 3132 4207 3129 4208 3150 4209 3129 4208 3132 4207 3105 4210 3135 4211 3132 4212 3153 4213 3132 4212 3135 4211 3108 4214 3114 4215 3153 4216 3138 4217 3153 4216 3114 4215 3135 4218 3117 4219 3156 4220 3141 4221 3156 4220 3117 4219 3138 4222 3120 4223 3159 4224 3144 4225 3159 4224 3120 4223 3141 4226 3144 4227 2808 4228 3123 4229 3147 4230 3126 4231 2808 4232 3150 4233 3147 4234 3162 4235 3147 4234 3150 4233 3129 4236 3153 4237 3150 4238 3165 4239 3150 4238 3153 4237 3132 4240 3138 4241 3165 4242 3156 4243 3165 4242 3138 4241 3153 4244 3141 4245 3168 4246 3159 4247 3168 4246 3141 4245 3156 4248 3159 4249 2808 4250 3144 4251 3147 4252 2808 4253 3162 4254 3165 4255 3162 4256 3171 4257 3162 4256 3165 4255 3150 4258 3156 4259 3171 4260 3168 4261 3171 4260 3156 4259 3165 4262 3168 4263 2808 4264 3159 4265 3162 4266 2808 4267 3171 4268 3171 4269 2808 4270 3168 4271</p>
                </triangles>
                <triangles count="2112" material="Material3">
                    <input offset="0" semantic="VERTEX" source="#ID13" />
                    <p>4 5 6 7 6 5 14 15 4 5 4 15 20 4 21 6 21 4 7 26 6 27 6 26 5 32 7 33 7 32 38 39 14 15 14 39 43 14 20 4 20 14 15 46 5 32 5 46 50 20 51 21 51 20 6 27 21 55 21 27 26 59 27 60 27 59 33 64 7 26 7 64 32 68 33 69 33 68 74 75 38 39 38 75 79 38 43 14 43 38 39 82 15 46 15 82 85 43 50 20 50 43 46 88 32 68 32 88 92 50 93 51 93 50 21 55 51 97 51 55 27 60 55 100 55 60 59 104 60 105 60 104 64 109 26 59 26 109 69 112 33 64 33 112 68 116 69 117 69 116 122 75 123 74 123 75 127 74 79 38 79 74 75 130 39 82 39 130 133 79 85 43 85 79 82 136 46 88 46 136 139 85 92 50 92 85 88 142 68 116 68 142 146 92 147 93 147 92 51 97 93 151 93 97 55 100 97 154 97 100 60 105 100 157 100 105 104 161 105 162 105 161 109 166 59 104 59 166 112 169 64 109 64 169 117 172 69 112 69 172 116 176 117 177 117 176 182 122 183 123 183 122 123 74 187 127 187 74 190 130 122 75 122 130 127 79 193 133 193 79 196 136 130 82 130 136 199 133 139 85 139 133 136 202 88 142 88 202 205 139 146 92 146 139 142 208 116 176 116 208 212 146 213 147 213 146 93 151 147 217 147 151 97 154 151 220 151 154 100 157 154 223 154 157 105 162 157 226 157 162 161 230 162 231 162 230 166 235 104 161 104 235 169 238 109 166 109 238 172 241 112 169 112 241 177 244 117 172 117 244 248 249 176 177 176 249 254 182 255 183 255 182 183 123 259 187 259 123 262 190 182 122 182 190 187 127 265 193 265 127 268 196 190 130 190 196 193 133 271 199 271 133 196 274 136 202 136 274 277 199 205 139 205 199 202 280 142 208 142 280 283 205 212 146 212 205 286 248 208 176 208 248 290 212 291 213 291 212 147 217 213 295 213 217 151 220 217 298 217 220 154 223 220 301 220 223 157 226 223 304 223 226 162 231 226 307 226 231 230 311 231 312 231 311 235 316 161 230 161 316 238 319 166 235 166 319 241 322 169 238 169 322 244 325 172 241 172 325 249 328 177 244 177 328 332 333 248 249 248 333 338 254 339 255 339 254 255 183 343 259 343 183 346 262 254 182 254 262 259 187 349 265 349 187 352 268 262 190 262 268 265 193 355 271 355 193 358 274 268 196 268 274 361 271 277 199 277 271 274 364 202 280 202 364 367 277 283 205 283 277 370 286 280 208 280 286 373 283 290 212 290 283 376 332 286 248 286 332 380 290 381 291 381 290 213 295 291 385 291 295 217 298 295 388 295 298 220 301 298 391 298 301 223 304 301 394 301 304 226 307 304 397 304 307 231 312 307 400 307 312 404 312 405 311 405 312 316 409 230 311 230 409 319 412 235 316 235 412 322 415 238 319 238 415 325 418 241 322 241 418 328 421 244 325 244 421 333 424 249 328 249 424 428 333 429 332 429 333 434 338 435 339 435 338 339 255 439 343 439 255 442 346 338 254 338 346 343 259 445 349 445 259 448 352 346 262 346 352 349 265 451 355 451 265 454 358 352 268 352 358 355 271 457 361 457 271 358 460 274 364 274 460 361 277 463 367 463 277 466 370 364 280 364 370 469 367 373 283 373 367 472 376 370 286 370 376 475 373 380 290 380 373 429 332 478 376 478 332 482 380 483 381 483 380 291 385 381 487 381 385 295 388 385 490 385 388 298 391 388 493 388 391 301 394 391 496 391 394 304 397 394 499 394 397 307 400 397 502 397 400 505 400 404 312 404 400 509 404 510 405 510 404 405 311 514 409 514 311 412 517 316 409 316 517 415 520 319 412 319 520 418 523 322 415 322 523 421 526 325 418 325 526 424 529 328 421 328 529 532 424 428 333 428 424 536 428 537 429 537 428 542 434 543 435 543 434 435 339 547 439 547 339 550 442 434 338 434 442 439 343 553 445 553 343 556 448 442 346 442 448 445 349 559 451 559 349 562 454 448 352 448 454 451 355 565 457 565 355 454 568 358 460 358 568 457 361 571 463 571 361 460 574 364 466 364 574 577 463 469 367 469 463 466 580 370 472 370 580 583 469 475 373 475 469 478 376 586 472 586 376 589 475 482 380 482 475 537 429 592 478 592 429 596 482 597 483 597 482 381 487 483 601 483 487 385 490 487 604 487 490 388 493 490 607 490 493 391 496 493 610 493 496 394 499 496 613 496 499 397 502 499 616 499 502 619 502 505 400 505 502 622 505 509 404 509 505 626 509 627 510 627 509 510 405 631 514 631 405 514 409 634 517 634 409 520 637 412 517 412 637 523 640 415 520 415 640 526 643 418 523 418 643 529 646 421 526 421 646 649 529 532 424 532 529 652 532 536 428 536 532 656 536 657 537 657 536 662 542 663 543 663 542 543 435 667 547 667 435 670 550 542 434 542 550 547 439 673 553 673 439 676 556 550 442 550 556 553 445 679 559 679 445 682 562 556 448 556 562 559 451 685 565 685 451 688 568 562 454 562 568 565 457 691 571 691 457 568 694 460 574 460 694 571 463 697 577 697 463 574 700 466 580 466 700 577 469 703 583 703 469 706 586 580 472 580 586 709 583 589 475 589 583 592 478 712 586 712 478 715 589 596 482 596 589 657 537 718 592 718 537 722 596 723 597 723 596 483 601 597 727 597 601 487 604 601 730 601 604 490 607 604 733 604 607 493 610 607 736 607 610 496 613 610 739 610 613 499 616 613 742 613 616 745 616 619 502 619 616 748 619 622 505 622 619 751 622 626 509 626 622 755 626 756 627 756 626 627 510 760 631 760 510 631 514 763 634 763 514 634 517 766 637 766 517 640 769 520 637 520 769 643 772 523 640 523 772 646 775 526 643 526 775 778 646 649 529 649 646 781 649 652 532 652 649 784 652 656 536 656 652 656 657 787 791 662 792 663 792 662 663 543 796 667 796 543 799 670 662 542 662 670 667 547 802 673 802 547 805 676 670 550 670 676 673 553 808 679 808 553 811 682 676 556 676 682 679 559 814 685 814 559 817 688 682 562 682 688 685 565 820 691 820 565 823 694 688 568 688 694 691 571 826 697 826 571 694 829 574 700 574 829 697 577 832 703 832 577 835 706 700 580 700 706 838 703 709 583 709 703 841 712 706 586 706 712 844 709 715 589 715 709 718 592 847 712 847 592 850 715 722 596 722 715 657 718 787 854 722 855 723 855 722 597 727 723 859 723 727 601 730 727 862 727 730 604 733 730 865 730 733 607 736 733 868 733 736 610 739 736 871 736 739 613 742 739 874 739 742 877 742 745 616 745 742 880 745 748 619 748 745 883 748 751 622 751 748 886 751 755 626 755 751 890 891 756 755 756 891 895 756 760 627 760 756 760 631 898 763 898 631 763 634 901 766 901 634 904 766 769 637 769 766 772 907 640 769 640 907 775 910 643 772 643 910 913 775 778 646 778 775 916 778 781 649 781 778 919 781 784 652 784 781 784 656 787 791 792 890 891 890 792 792 663 922 796 922 663 925 799 791 662 791 799 796 667 928 802 928 667 931 805 799 670 799 805 802 673 934 808 934 673 937 811 805 676 805 811 808 679 940 814 940 679 943 817 811 682 811 817 814 685 946 820 946 685 949 823 817 688 817 823 820 691 952 826 952 691 955 829 823 694 823 829 826 697 958 832 958 697 961 835 829 700 829 835 832 703 964 838 964 703 967 841 835 706 835 841 970 838 844 709 844 838 973 847 841 712 841 847 976 844 850 715 850 844 718 847 787 979 850 854 722 854 850 983 854 984 855 984 854 723 859 855 988 855 859 727 862 859 991 859 862 730 865 862 994 862 865 733 868 865 997 865 868 736 871 868 1000 868 871 739 874 871 1003 871 874 1006 874 877 742 877 874 1009 877 880 745 880 877 1012 880 883 748 883 880 1015 883 886 751 886 883 891 1018 755 886 755 1018 1021 890 895 756 895 890 895 760 1024 898 1024 760 898 763 1027 901 1027 763 1030 901 904 766 904 901 1033 904 907 769 907 904 910 1036 772 907 772 1036 910 775 1039 913 1039 775 1042 913 916 778 916 913 1045 916 919 781 919 916 919 784 787 792 922 891 1018 891 922 925 791 1021 890 1021 791 922 796 1048 928 1048 796 1051 931 925 799 925 931 928 802 1054 934 1054 802 1057 937 931 805 931 937 934 808 1060 940 1060 808 1063 943 937 811 937 943 940 814 1066 946 1066 814 1069 949 943 817 943 949 946 820 1072 952 1072 820 1075 955 949 823 949 955 952 826 1078 958 1078 826 1081 961 955 829 955 961 958 832 1084 964 1084 832 1087 967 961 835 961 967 964 838 1090 970 1090 838 1093 973 967 841 967 973 970 844 1096 976 1096 844 847 973 787 1099 976 979 850 979 976 1102 979 983 854 983 979 1106 983 1107 984 1107 983 855 988 984 1111 984 988 859 991 988 1114 988 991 862 994 991 1117 991 994 865 997 994 1120 994 997 868 1000 997 1123 997 1000 871 1003 1000 1126 1000 1003 1129 1003 1006 874 1006 1003 1132 1006 1009 877 1009 1006 1135 1009 1012 880 1012 1009 1015 1138 883 1012 883 1138 1018 1141 886 1015 886 1141 1144 1021 1024 895 1024 1021 1147 1024 1027 898 1027 1024 1150 1027 1030 901 1030 1027 1153 1030 1033 904 1033 1030 1156 1033 1036 907 1036 1033 1036 910 1159 1039 1159 910 1039 913 1162 1042 1162 913 1165 1042 1045 916 1045 1042 1045 919 787 922 1048 1018 1141 1018 1048 1051 925 1144 1021 1144 925 1048 928 1168 1054 1168 928 1171 1057 1051 931 1051 1057 1054 934 1174 1060 1174 934 1177 1063 1057 937 1057 1063 1060 940 1180 1066 1180 940 1183 1069 1063 943 1063 1069 1066 946 1186 1072 1186 946 1189 1075 1069 949 1069 1075 1072 952 1192 1078 1192 952 1195 1081 1075 955 1075 1081 1078 958 1198 1084 1198 958 1201 1087 1081 961 1081 1087 1084 964 1204 1090 1204 964 1207 1093 1087 967 1087 1093 1090 970 1210 1096 1210 970 973 1093 787 1213 1096 1099 976 1099 1096 1216 1099 1102 979 1102 1099 1219 1102 1106 983 1106 1102 1223 1106 1224 1107 1224 1106 984 1111 1107 1228 1107 1111 988 1114 1111 1231 1111 1114 991 1117 1114 1234 1114 1117 994 1120 1117 1237 1117 1120 997 1123 1120 1240 1120 1123 1000 1126 1123 1243 1123 1126 1246 1126 1129 1003 1129 1126 1249 1129 1132 1006 1132 1129 1252 1132 1135 1009 1135 1132 1138 1255 1012 1135 1012 1255 1141 1258 1015 1138 1015 1258 1261 1144 1147 1024 1147 1144 1264 1147 1150 1027 1150 1147 1267 1150 1153 1030 1153 1150 1270 1153 1156 1033 1156 1153 1156 1036 1273 1159 1273 1036 1159 1039 1276 1162 1276 1039 1162 1042 1279 1165 1279 1042 1045 787 1165 1048 1168 1141 1258 1141 1168 1171 1051 1261 1144 1261 1051 1168 1054 1282 1174 1282 1054 1285 1177 1171 1057 1171 1177 1174 1060 1288 1180 1288 1060 1291 1183 1177 1063 1177 1183 1180 1066 1294 1186 1294 1066 1297 1189 1183 1069 1183 1189 1186 1072 1300 1192 1300 1072 1303 1195 1189 1075 1189 1195 1192 1078 1306 1198 1306 1078 1309 1201 1195 1081 1195 1201 1198 1084 1312 1204 1312 1084 1315 1207 1201 1087 1201 1207 1204 1090 1318 1210 1318 1090 1093 1207 787 1210 1096 1321 1213 1321 1096 1213 1099 1324 1216 1324 1099 1327 1216 1219 1102 1219 1216 1330 1219 1223 1106 1223 1219 1334 1223 1335 1224 1335 1223 1107 1228 1224 1339 1224 1228 1111 1231 1228 1342 1228 1231 1114 1234 1231 1345 1231 1234 1117 1237 1234 1348 1234 1237 1120 1240 1237 1351 1237 1240 1123 1243 1240 1354 1240 1243 1357 1243 1246 1126 1246 1243 1360 1246 1249 1129 1249 1246 1363 1249 1252 1132 1252 1249 1366 1252 1255 1135 1255 1252 1258 1369 1138 1255 1138 1369 1372 1261 1264 1147 1264 1261 1375 1264 1267 1150 1267 1264 1378 1267 1270 1153 1270 1267 1270 1156 1381 1273 1381 1156 1273 1159 1384 1276 1384 1159 1276 1162 1387 1279 1387 1162 1165 787 1279 1168 1282 1258 1369 1258 1282 1285 1171 1372 1261 1372 1171 1282 1174 1390 1288 1390 1174 1393 1291 1285 1177 1285 1291 1288 1180 1396 1294 1396 1180 1399 1297 1291 1183 1291 1297 1294 1186 1402 1300 1402 1186 1297 1405 1189 1303 1189 1405 1300 1192 1408 1306 1408 1192 1411 1309 1303 1195 1303 1309 1306 1198 1414 1312 1414 1198 1417 1315 1309 1201 1309 1315 1312 1204 1420 1318 1420 1204 1207 1315 787 1318 1210 1423 1321 1423 1210 1321 1213 1426 1324 1426 1213 1429 1324 1327 1216 1327 1324 1432 1327 1330 1219 1330 1327 1435 1330 1334 1223 1334 1330 1439 1334 1440 1335 1440 1334 1224 1339 1335 1444 1335 1339 1228 1342 1339 1447 1339 1342 1231 1345 1342 1450 1342 1345 1234 1348 1345 1453 1345 1348 1237 1351 1348 1456 1348 1351 1240 1354 1351 1459 1351 1354 1462 1354 1357 1243 1357 1354 1465 1357 1360 1246 1360 1357 1468 1360 1363 1249 1363 1360 1366 1471 1252 1363 1252 1471 1369 1474 1255 1366 1255 1474 1372 1264 1477 1375 1477 1264 1375 1267 1480 1378 1480 1267 1378 1270 1483 1381 1483 1270 1381 1273 1486 1384 1486 1273 1384 1276 1489 1387 1489 1276 1279 787 1387 1282 1390 1369 1474 1369 1390 1285 1372 1393 1477 1393 1372 1390 1288 1492 1396 1492 1288 1495 1399 1393 1291 1393 1399 1396 1294 1498 1402 1498 1294 1399 1501 1297 1405 1297 1501 1402 1300 1504 1408 1504 1300 1405 1507 1303 1411 1303 1507 1408 1306 1510 1414 1510 1306 1513 1417 1411 1309 1411 1417 1414 1312 1516 1420 1516 1312 1315 1417 787 1420 1318 1519 1423 1519 1318 1423 1321 1522 1426 1522 1321 1426 1324 1525 1429 1525 1324 1429 1327 1528 1432 1528 1327 1531 1432 1435 1330 1435 1432 1534 1435 1439 1334 1439 1435 1538 1439 1539 1440 1539 1439 1335 1444 1440 1543 1440 1444 1339 1447 1444 1546 1444 1447 1342 1450 1447 1549 1447 1450 1345 1453 1450 1552 1450 1453 1348 1456 1453 1555 1453 1456 1351 1459 1456 1558 1456 1459 1561 1459 1462 1354 1462 1459 1564 1462 1465 1357 1465 1462 1567 1465 1468 1360 1468 1465 1471 1570 1363 1468 1363 1570 1474 1573 1366 1471 1366 1573 1477 1375 1576 1480 1576 1375 1378 1483 1480 1579 1480 1483 1483 1381 1582 1486 1582 1381 1486 1384 1585 1489 1585 1384 1387 787 1489 1390 1492 1474 1573 1474 1492 1393 1477 1495 1576 1495 1477 1492 1396 1588 1498 1588 1396 1495 1591 1399 1501 1399 1591 1498 1402 1594 1504 1594 1402 1501 1597 1405 1507 1405 1597 1504 1408 1600 1510 1600 1408 1603 1513 1507 1411 1507 1513 1510 1414 1606 1516 1606 1414 787 1417 1513 1516 1420 1609 1519 1609 1420 1519 1423 1612 1522 1612 1423 1522 1426 1615 1525 1615 1426 1525 1429 1618 1528 1618 1429 1621 1528 1531 1432 1531 1528 1624 1531 1534 1435 1534 1531 1627 1534 1538 1439 1538 1534 1631 1538 1632 1539 1632 1538 1440 1543 1539 1636 1539 1543 1444 1546 1543 1639 1543 1546 1447 1549 1546 1642 1546 1549 1450 1552 1549 1645 1549 1552 1453 1555 1552 1648 1552 1555 1456 1558 1555 1651 1555 1558 1654 1558 1561 1459 1561 1558 1657 1561 1564 1462 1564 1561 1660 1564 1567 1465 1567 1564 1570 1663 1468 1567 1468 1663 1573 1666 1471 1570 1471 1666 1480 1579 1576 1669 1576 1579 1483 1582 1579 1672 1579 1582 1582 1486 1675 1585 1675 1486 1489 787 1585 1492 1588 1573 1666 1573 1588 1576 1669 1495 1591 1495 1669 1588 1498 1678 1594 1678 1498 1591 1681 1501 1597 1501 1681 1594 1504 1684 1600 1684 1504 1597 1687 1507 1603 1507 1687 1600 1510 1690 1606 1690 1510 787 1513 1603 1606 1516 1693 1609 1693 1516 1609 1519 1696 1612 1696 1519 1612 1522 1699 1615 1699 1522 1615 1525 1702 1618 1702 1525 1618 1528 1705 1621 1705 1528 1708 1621 1624 1531 1624 1621 1711 1624 1627 1534 1627 1624 1714 1627 1631 1538 1631 1627 1718 1631 1719 1632 1719 1631 1539 1636 1632 1723 1632 1636 1543 1639 1636 1726 1636 1639 1546 1642 1639 1729 1639 1642 1549 1645 1642 1732 1642 1645 1552 1648 1645 1735 1645 1648 1555 1651 1648 1738 1648 1651 1741 1651 1654 1558 1654 1651 1744 1654 1657 1561 1657 1654 1747 1657 1660 1564 1660 1657 1750 1660 1663 1567 1663 1660 1666 1753 1570 1663 1570 1753 1579 1672 1669 1756 1669 1672 1582 1675 1672 1759 1672 1675 1585 787 1675 1588 1678 1666 1753 1666 1678 1669 1756 1591 1681 1591 1756 1678 1594 1762 1684 1762 1594 1681 1765 1597 1687 1597 1765 1684 1600 1768 1690 1768 1600 787 1603 1687 1690 1606 1771 1693 1771 1606 1693 1609 1774 1696 1774 1609 1696 1612 1777 1699 1777 1612 1699 1615 1780 1702 1780 1615 1702 1618 1783 1705 1783 1618 1705 1621 1786 1708 1786 1621 1789 1708 1711 1624 1711 1708 1792 1711 1714 1627 1714 1711 1795 1714 1718 1631 1718 1714 1799 1718 1800 1719 1800 1718 1632 1723 1719 1804 1719 1723 1636 1726 1723 1807 1723 1726 1639 1729 1726 1810 1726 1729 1642 1732 1729 1813 1729 1732 1645 1735 1732 1816 1732 1735 1648 1738 1735 1819 1735 1738 1822 1738 1741 1651 1741 1738 1825 1741 1744 1654 1744 1741 1828 1744 1747 1657 1747 1744 1750 1831 1660 1747 1660 1831 1753 1834 1663 1750 1663 1834 1672 1759 1756 1837 1756 1759 787 1759 1675 1678 1762 1753 1834 1753 1762 1756 1837 1681 1765 1681 1837 1762 1684 1840 1768 1840 1684 787 1687 1765 1768 1690 1843 1771 1843 1690 1771 1693 1846 1774 1846 1693 1774 1696 1849 1777 1849 1696 1777 1699 1852 1780 1852 1699 1780 1702 1855 1783 1855 1702 1783 1705 1858 1786 1858 1705 1786 1708 1861 1789 1861 1708 1789 1711 1864 1792 1864 1711 1867 1792 1795 1714 1795 1792 1870 1795 1799 1718 1799 1795 1874 1799 1875 1800 1875 1799 1719 1804 1800 1879 1800 1804 1723 1807 1804 1882 1804 1807 1726 1810 1807 1885 1807 1810 1729 1813 1810 1888 1810 1813 1732 1816 1813 1891 1813 1816 1735 1819 1816 1894 1816 1819 1897 1819 1822 1738 1822 1819 1900 1822 1825 1741 1825 1822 1903 1825 1828 1744 1828 1825 1831 1906 1747 1828 1747 1906 1834 1909 1750 1831 1750 1909 787 1837 1759 1762 1840 1834 1909 1834 1840 787 1765 1837 1840 1768 1912 1843 1912 1768 1843 1771 1915 1846 1915 1771 1846 1774 1918 1849 1918 1774 1849 1777 1921 1852 1921 1777 1852 1780 1924 1855 1924 1780 1855 1783 1927 1858 1927 1783 1858 1786 1930 1861 1930 1786 1861 1789 1933 1864 1933 1789 1936 1864 1867 1792 1867 1864 1939 1867 1870 1795 1870 1867 1942 1870 1874 1799 1874 1870 1874 1875 1946 1947 1946 1875 1800 1879 1875 1951 1875 1879 1804 1882 1879 1954 1879 1882 1807 1885 1882 1957 1882 1885 1810 1888 1885 1960 1885 1888 1813 1891 1888 1963 1888 1891 1816 1894 1891 1966 1891 1894 1969 1894 1897 1819 1897 1894 1972 1897 1900 1822 1900 1897 1975 1900 1903 1825 1903 1900 1978 1903 1906 1828 1906 1903 1909 1981 1831 1906 1831 1981 1840 1912 1909 1981 1909 1912 1912 1843 1984 1915 1984 1843 1915 1846 1987 1918 1987 1846 1918 1849 1990 1921 1990 1849 1921 1852 1993 1924 1993 1852 1924 1855 1996 1927 1996 1855 1927 1858 1999 1930 1999 1858 1930 1861 2002 1933 2002 1861 1933 1864 2005 1936 2005 1864 1936 1867 2008 1939 2008 1867 2011 1939 1942 1870 1942 1939 1942 1874 2014 1946 2014 1874 1946 1947 2018 2019 2018 1947 1875 1951 1947 2023 1947 1951 1879 1954 1951 2026 1951 1954 1882 1957 1954 2029 1954 1957 1885 1960 1957 2032 1957 1960 1888 1963 1960 2035 1960 1963 1891 1966 1963 2038 1963 1966 2041 1966 1969 1894 1969 1966 2044 1969 1972 1897 1972 1969 2047 1972 1975 1900 1975 1972 1978 2050 1903 1975 1903 2050 1981 2053 1906 1978 1906 2053 1912 1984 1981 2053 1981 1984 1984 1915 2056 1987 2056 1915 1987 1918 2059 1990 2059 1918 1990 1921 2062 1993 2062 1921 1993 1924 2065 1996 2065 1924 1996 1927 2068 1999 2068 1927 1999 1930 2071 2002 2071 1930 2002 1933 2074 2005 2074 1933 2005 1936 2077 2008 2077 1936 2080 2008 2011 1939 2011 2008 2011 1942 2083 2014 2083 1942 2014 1946 2086 2018 2086 1946 2018 2019 2090 2091 2090 2019 1947 2023 2019 2095 2019 2023 1951 2026 2023 2098 2023 2026 1954 2029 2026 2101 2026 2029 1957 2032 2029 2104 2029 2032 1960 2035 2032 2107 2032 2035 1963 2038 2035 2110 2035 2038 2113 2038 2041 1966 2041 2038 2116 2041 2044 1969 2044 2041 2119 2044 2047 1972 2047 2044 2122 2047 2050 1975 2050 2047 2053 2125 1978 2050 1978 2125 1984 2056 2053 2125 2053 2056 2056 1987 2128 2059 2128 1987 2059 1990 2131 2062 2131 1990 2062 1993 2134 2065 2134 1993 2065 1996 2137 2068 2137 1996 2068 1999 2140 2071 2140 1999 2071 2002 2143 2074 2143 2002 2074 2005 2146 2077 2146 2005 2149 2077 2080 2008 2080 2077 2152 2080 2083 2011 2083 2080 2083 2014 2155 2086 2155 2014 2086 2018 2158 2090 2158 2018 2090 2091 2162 2163 2162 2091 2019 2095 2091 2167 2091 2095 2023 2098 2095 2170 2095 2098 2026 2101 2098 2173 2098 2101 2029 2104 2101 2176 2101 2104 2032 2107 2104 2179 2104 2107 2035 2110 2107 2182 2107 2110 2185 2110 2113 2038 2113 2110 2188 2113 2116 2041 2116 2113 2191 2116 2119 2044 2119 2116 2122 2194 2047 2119 2047 2194 2125 2197 2050 2122 2050 2197 2056 2128 2125 2197 2125 2128 2128 2059 2200 2131 2200 2059 2131 2062 2203 2134 2203 2062 2134 2065 2206 2137 2206 2065 2137 2068 2209 2140 2209 2068 2140 2071 2212 2143 2212 2071 2143 2074 2215 2146 2215 2074 2218 2146 2149 2077 2149 2146 2221 2149 2152 2080 2152 2149 2224 2152 2155 2083 2155 2152 2155 2086 2227 2158 2227 2086 2158 2090 2230 2162 2230 2090 2162 2163 2234 2235 2234 2163 2091 2167 2163 2239 2163 2167 2095 2170 2167 2242 2167 2170 2098 2173 2170 2245 2170 2173 2101 2176 2173 2248 2173 2176 2104 2179 2176 2251 2176 2179 2107 2182 2179 2254 2179 2182 2257 2182 2185 2110 2185 2182 2260 2185 2188 2113 2188 2185 2263 2188 2191 2116 2191 2188 2266 2191 2194 2119 2194 2191 2197 2269 2122 2194 2122 2269 2128 2200 2197 2269 2197 2200 2200 2131 2272 2203 2272 2131 2203 2134 2275 2206 2275 2134 2206 2137 2278 2209 2278 2137 2209 2140 2281 2212 2281 2140 2212 2143 2284 2215 2284 2143 2215 2146 2287 2218 2287 2146 2290 2218 2221 2149 2221 2218 2293 2221 2224 2152 2224 2221 2224 2155 2296 2227 2296 2155 2227 2158 2299 2230 2299 2158 2230 2162 2302 2234 2302 2162 2235 2306 2234 2307 2234 2306 2163 2239 2235 2311 2235 2239 2167 2242 2239 2314 2239 2242 2170 2245 2242 2317 2242 2245 2173 2248 2245 2320 2245 2248 2176 2251 2248 2323 2248 2251 2179 2254 2251 2326 2251 2254 2329 2254 2257 2182 2257 2254 2332 2257 2260 2185 2260 2257 2335 2260 2263 2188 2263 2260 2266 2338 2191 2263 2191 2338 2269 2341 2194 2266 2194 2341 2200 2272 2269 2341 2269 2272 2272 2203 2344 2275 2344 2203 2275 2206 2347 2278 2347 2206 2278 2209 2350 2281 2350 2209 2281 2212 2353 2284 2353 2212 2284 2215 2356 2287 2356 2215 2287 2218 2359 2290 2359 2218 2362 2290 2293 2221 2293 2290 2365 2293 2296 2224 2296 2293 2368 2296 2299 2227 2299 2296 2299 2230 2371 2302 2371 2230 2302 2234 2374 2307 2374 2234 2307 2306 2378 2379 2378 2306 2311 2383 2235 2306 2235 2383 2239 2314 2311 2386 2311 2314 2242 2317 2314 2389 2314 2317 2245 2320 2317 2392 2317 2320 2248 2323 2320 2395 2320 2323 2251 2326 2323 2398 2323 2326 2401 2326 2329 2254 2329 2326 2404 2329 2332 2257 2332 2329 2407 2332 2335 2260 2335 2332 2410 2335 2338 2263 2338 2335 2341 2413 2266 2338 2266 2413 2272 2344 2341 2413 2341 2344 2344 2275 2416 2347 2416 2275 2347 2278 2419 2350 2419 2278 2350 2281 2422 2353 2422 2281 2353 2284 2425 2356 2425 2284 2356 2287 2428 2359 2428 2287 2359 2290 2431 2362 2431 2290 2434 2362 2365 2293 2365 2362 2437 2365 2368 2296 2368 2365 2368 2299 2440 2371 2440 2299 2371 2302 2443 2374 2443 2302 2374 2307 2446 2378 2446 2307 2450 2378 2451 2379 2451 2378 2306 2383 2379 2455 2379 2383 2311 2386 2383 2458 2383 2386 2314 2389 2386 2461 2386 2389 2317 2392 2389 2464 2389 2392 2320 2395 2392 2467 2392 2395 2323 2398 2395 2470 2395 2398 2401 2473 2326 2398 2326 2473 2404 2476 2329 2401 2329 2476 2479 2404 2407 2332 2407 2404 2482 2407 2410 2335 2410 2407 2413 2485 2338 2410 2338 2485 2344 2416 2413 2485 2413 2416 2416 2347 2488 2419 2488 2347 2419 2350 2491 2422 2491 2350 2422 2353 2494 2425 2494 2353 2425 2356 2497 2428 2497 2356 2428 2359 2500 2431 2500 2359 2431 2362 2503 2434 2503 2362 2506 2434 2437 2365 2437 2434 2509 2437 2440 2368 2440 2437 2512 2440 2443 2371 2443 2440 2443 2374 2515 2446 2515 2374 2518 2446 2450 2378 2450 2446 2522 2523 2451 2450 2451 2523 2379 2455 2451 2527 2451 2455 2383 2458 2455 2530 2455 2458 2386 2461 2458 2533 2458 2461 2389 2464 2461 2536 2461 2464 2392 2467 2464 2539 2464 2467 2395 2470 2467 2542 2467 2470 2473 2545 2398 2470 2398 2545 2476 2548 2401 2473 2401 2548 2551 2476 2479 2404 2479 2476 2482 2554 2407 2479 2407 2554 2485 2557 2410 2482 2410 2557 2416 2488 2485 2557 2485 2488 2488 2419 2560 2491 2560 2419 2491 2422 2563 2494 2563 2422 2494 2425 2566 2497 2566 2425 2497 2428 2569 2500 2569 2428 2500 2431 2572 2503 2572 2431 2503 2434 2575 2506 2575 2434 2578 2506 2509 2437 2509 2506 2581 2509 2512 2440 2512 2509 2512 2443 2584 2515 2584 2443 2587 2515 2518 2446 2518 2515 2590 2518 2523 2450 2523 2518 2594 2595 2522 2523 2522 2595 2599 2522 2527 2451 2527 2522 2455 2530 2527 2602 2527 2530 2458 2533 2530 2605 2530 2533 2461 2536 2533 2608 2533 2536 2464 2539 2536 2611 2536 2539 2467 2542 2539 2614 2539 2542 2545 2617 2470 2542 2470 2617 2548 2620 2473 2545 2473 2620 2551 2623 2476 2548 2476 2623 2554 2626 2479 2551 2479 2626 2557 2629 2482 2554 2482 2629 2488 2560 2557 2629 2557 2560 2560 2491 2632 2563 2632 2491 2563 2494 2635 2566 2635 2494 2566 2497 2638 2569 2638 2497 2569 2500 2641 2572 2641 2500 2572 2503 2644 2575 2644 2503 2575 2506 2647 2578 2647 2506 2578 2509 2650 2581 2650 2509 2653 2581 2584 2512 2584 2581 2656 2584 2587 2515 2587 2584 2659 2587 2590 2518 2590 2587 2595 2662 2523 2590 2523 2662 2666 2667 2594 2595 2594 2667 2671 2594 2599 2522 2599 2594 2527 2602 2599 2674 2599 2602 2530 2605 2602 2677 2602 2605 2533 2608 2605 2680 2605 2608 2536 2611 2608 2683 2608 2611 2539 2614 2611 2686 2611 2614 2617 2689 2542 2614 2542 2689 2620 2692 2545 2617 2545 2692 2623 2695 2548 2620 2548 2695 2698 2623 2626 2551 2626 2623 2629 2701 2554 2626 2554 2701 2560 2632 2629 2701 2629 2632 2632 2563 2704 2635 2704 2563 2635 2566 2707 2638 2707 2566 2638 2569 2710 2641 2710 2569 2641 2572 2713 2644 2713 2572 2644 2575 2716 2647 2716 2575 2647 2578 2719 2650 2719 2578 2722 2650 2653 2581 2653 2650 2653 2584 2725 2656 2725 2584 2656 2587 2728 2659 2728 2587 2662 2731 2590 2659 2590 2731 2667 2734 2595 2662 2595 2734 2738 2739 2666 2667 2666 2739 2743 2666 2671 2594 2671 2666 2746 2671 2674 2599 2674 2671 2602 2677 2674 2749 2674 2677 2605 2680 2677 2752 2677 2680 2608 2683 2680 2755 2680 2683 2758 2683 2686 2611 2686 2683 2689 2761 2614 2686 2614 2761 2692 2764 2617 2689 2617 2764 2695 2767 2620 2692 2620 2767 2698 2770 2623 2695 2623 2770 2773 2698 2701 2626 2701 2698 2704 2773 2632 2701 2632 2773 2704 2635 2776 2707 2776 2635 2707 2638 2779 2710 2779 2638 2710 2641 2782 2713 2782 2641 2713 2644 2785 2716 2785 2644 2716 2647 2788 2719 2788 2647 2719 2650 2791 2722 2791 2650 2722 2653 2794 2725 2794 2653 2725 2656 2797 2728 2797 2656 2800 2728 2731 2659 2731 2728 2734 2803 2662 2731 2662 2803 2739 2806 2667 2734 2667 2806 2739 2738 2809 2812 2738 2743 2666 2743 2738 2815 2743 2746 2671 2746 2743 2818 2746 2749 2674 2749 2746 2677 2752 2749 2821 2749 2752 2680 2755 2752 2824 2752 2755 2683 2758 2755 2827 2755 2758 2830 2758 2761 2686 2761 2758 2764 2833 2689 2761 2689 2833 2767 2836 2692 2764 2692 2836 2839 2767 2770 2695 2770 2767 2842 2770 2773 2698 2773 2770 2776 2842 2704 2773 2704 2842 2776 2707 2845 2779 2845 2707 2779 2710 2848 2782 2848 2710 2782 2713 2851 2785 2851 2713 2785 2716 2854 2788 2854 2716 2788 2719 2857 2791 2857 2719 2791 2722 2860 2794 2860 2722 2863 2794 2797 2725 2797 2794 2866 2797 2800 2728 2800 2797 2869 2800 2803 2731 2803 2800 2806 2872 2734 2803 2734 2872 2806 2739 2809 2738 2812 2809 2875 2812 2815 2743 2815 2812 2878 2815 2818 2746 2818 2815 2821 2881 2749 2818 2749 2881 2752 2824 2821 2884 2821 2824 2755 2827 2824 2887 2824 2827 2830 2890 2758 2827 2758 2890 2833 2893 2761 2830 2761 2893 2836 2896 2764 2833 2764 2896 2899 2836 2839 2767 2839 2836 2902 2839 2842 2770 2842 2839 2845 2902 2776 2842 2776 2902 2845 2779 2905 2848 2905 2779 2848 2782 2908 2851 2908 2782 2851 2785 2911 2854 2911 2785 2854 2788 2914 2857 2914 2788 2857 2791 2917 2860 2917 2791 2920 2860 2863 2794 2863 2860 2923 2863 2866 2797 2866 2863 2926 2866 2869 2800 2869 2866 2929 2869 2872 2803 2872 2869 2872 2806 2809 2812 2875 2809 2932 2875 2878 2815 2878 2875 2881 2935 2818 2878 2818 2935 2884 2938 2821 2881 2821 2938 2887 2941 2824 2884 2824 2941 2944 2887 2890 2827 2890 2887 2893 2947 2830 2890 2830 2947 2896 2950 2833 2893 2833 2950 2953 2896 2899 2836 2899 2896 2956 2899 2902 2839 2902 2899 2905 2956 2845 2902 2845 2956 2905 2848 2959 2908 2959 2848 2908 2851 2962 2911 2962 2851 2911 2854 2965 2914 2965 2854 2914 2857 2968 2917 2968 2857 2917 2860 2971 2920 2971 2860 2974 2920 2923 2863 2923 2920 2977 2923 2926 2866 2926 2923 2980 2926 2929 2869 2929 2926 2929 2872 2809 2809 2875 2932 2935 2983 2878 2932 2878 2983 2938 2986 2881 2935 2881 2986 2941 2989 2884 2938 2884 2989 2944 2992 2887 2941 2887 2992 2995 2944 2947 2890 2947 2944 2950 2998 2893 2947 2893 2998 2953 3001 2896 2950 2896 3001 3004 2953 2956 2899 2956 2953 2959 3004 2905 2956 2905 3004 3007 2959 2962 2908 2962 2959 2962 2911 3010 2965 3010 2911 2965 2914 3013 2968 3013 2914 2968 2917 3016 2971 3016 2917 3019 2971 2974 2920 2974 2971 3022 2974 2977 2923 2977 2974 3025 2977 2980 2926 2980 2977 2980 2929 2809 2809 2932 2983 2986 3028 2935 2983 2935 3028 2989 3031 2938 2986 2938 3031 2992 3034 2941 2989 2941 3034 3037 2992 2995 2944 2995 2992 3040 2995 2998 2947 2998 2995 3043 2998 3001 2950 3001 2998 3046 3001 3004 2953 3004 3001 3046 3004 3007 2959 3007 3004 3007 2962 3049 3010 3049 2962 3010 2965 3052 3013 3052 2965 3013 2968 3055 3016 3055 2968 3058 3016 3019 2971 3019 3016 3061 3019 3022 2974 3022 3019 3064 3022 3025 2977 3025 3022 3025 2980 2809 2809 2983 3028 3031 3067 2986 3028 2986 3067 3034 3070 2989 3031 2989 3070 3037 3073 2992 3034 2992 3073 3076 3037 3040 2995 3040 3037 3043 3079 2998 3040 2998 3079 3082 3043 3046 3001 3046 3043 3049 3082 3007 3046 3007 3082 3049 3010 3085 3052 3085 3010 3052 3013 3088 3055 3088 3013 3091 3055 3058 3016 3058 3055 3094 3058 3061 3019 3061 3058 3097 3061 3064 3022 3064 3061 3064 3025 2809 2809 3028 3067 3070 3100 3031 3067 3031 3100 3073 3103 3034 3070 3034 3103 3076 3106 3037 3073 3037 3106 3109 3076 3079 3040 3079 3076 3082 3112 3043 3079 3043 3112 3049 3085 3082 3112 3082 3085 3085 3052 3115 3088 3115 3052 3088 3055 3118 3091 3118 3055 3121 3091 3094 3058 3094 3091 3124 3094 3097 3061 3097 3094 3097 3064 2809 2809 3067 3100 3103 3127 3070 3100 3070 3127 3106 3130 3073 3103 3073 3130 3076 3109 3106 3133 3106 3109 3112 3136 3079 3109 3079 3136 3112 3085 3136 3115 3136 3085 3115 3088 3139 3118 3139 3088 3118 3091 3142 3121 3142 3091 3145 3121 3124 3094 3124 3121 3124 3097 2809 2809 3100 3127 3130 3148 3103 3127 3103 3148 3106 3133 3130 3151 3130 3133 3109 3136 3133 3154 3133 3136 3136 3115 3154 3139 3154 3115 3139 3118 3157 3142 3157 3118 3142 3121 3160 3145 3160 3121 3124 2809 3145 2809 3127 3148 3130 3151 3148 3163 3148 3151 3133 3154 3151 3166 3151 3154 3154 3139 3166 3157 3166 3139 3157 3142 3169 3160 3169 3142 3145 2809 3160 3163 2809 3148 3151 3166 3163 3172 3163 3166 3166 3157 3172 3169 3172 3157 3160 2809 3169 3172 2809 3163 3169 2809 3172</p>
                </triangles>
                
            </mesh>
        </geometry>
    </library_geometries>
    <library_materials>
        <material id="ID5" name="Wood_Bamboo_Light">
            <instance_effect url="#ID6" />
        </material>
        <material id="ID16" name="material">
            <instance_effect url="#ID15" />
        </material>
        <material id="ID17" name="edge_color000255">
            <instance_effect url="#ID18" />
        </material>
    </library_materials>
    <library_effects>
        <effect id="ID6">
            <profile_COMMON>
                <newparam sid="ID8">
                    <surface type="2D">
                        <init_from>ID7</init_from>
                    </surface>
                </newparam>
                <newparam sid="ID9">
                    <sampler2D>
                        <source>ID8</source>
                    </sampler2D>
                </newparam>
                <technique sid="COMMON">
                    <lambert>
                        <diffuse>
                            <texture texture="ID9" texcoord="UVSET0" />
                        </diffuse>
                    </lambert>
                </technique>
            </profile_COMMON>
        </effect>
        <effect id="ID15">
            <profile_COMMON>
                <technique sid="COMMON">
                    <lambert>
                        <diffuse>
                            <color>0.6705882 0.6901961 0.8 1</color>
                        </diffuse>
                    </lambert>
                </technique>
            </profile_COMMON>
        </effect>
        <effect id="ID18">
            <profile_COMMON>
                <technique sid="COMMON">
                    <constant>
                        <transparent opaque="A_ONE">
                            <color>0 0 0 1</color>
                        </transparent>
                        <transparency>
                            <float>1</float>
                        </transparency>
                    </constant>
                </technique>
            </profile_COMMON>
        </effect>
    </library_effects>
    <library_images>
        <image id="ID7">
            <init_from>model/Wood_Bamboo_Light.jpg</init_from>
        </image>
    </library_images>
    <scene>
        <instance_visual_scene url="#ID2" />
    </scene>
</COLLADA>
